/* Auto-generated from Bramble logo - do not edit manually */
/* Source: bramble/webapp/public/favicon.svg (MIT license) */

#include "lvgl.h"

static const uint8_t img_bramble_logo_map[] = {
  /* RGB565 pixel data */
  0x00, 0x00,  0x00, 0x00,  0x00, 0x00,  0x00, 0x00,  0x00, 0x00,  0x00, 0x00,  0x00, 0x00,  0x00, 0x00,
  0x00, 0x00,  0x00, 0x00,  0x82, 0x10,  0x82, 0x08,  0x82, 0x08,  0x82, 0x08,  0x82, 0x08,  0x82, 0x08,
  0x82, 0x08,  0x82, 0x08,  0x82, 0x08,  0x82, 0x08,  0x82, 0x08,  0x82, 0x08,  0x82, 0x08,  0x82, 0x08,
  0x82, 0x08,  0x82, 0x08,  0x82, 0x08,  0x82, 0x08,  0x82, 0x08,  0x82, 0x08,  0x82, 0x08,  0x82, 0x08,
  0x82, 0x08,  0x82, 0x08,  0x82, 0x08,  0x82, 0x08,  0x82, 0x08,  0x82, 0x08,  0x82, 0x08,  0x82, 0x08,
  0x82, 0x08,  0x82, 0x08,  0x82, 0x08,  0x82, 0x08,  0x82, 0x08,  0x82, 0x08,  0x82, 0x08,  0x82, 0x08,
  0x82, 0x08,  0x82, 0x08,  0x82, 0x08,  0x82, 0x08,  0x82, 0x08,  0x82, 0x08,  0x82, 0x08,  0x82, 0x08,
  0x82, 0x08,  0x82, 0x08,  0x82, 0x08,  0x82, 0x08,  0x82, 0x08,  0x82, 0x08,  0x82, 0x08,  0x82, 0x08,
  0x82, 0x08,  0x82, 0x08,  0x82, 0x08,  0x82, 0x08,  0x82, 0x08,  0x00, 0x00,  0x00, 0x00,  0x00, 0x00,
  0x00, 0x00,  0x00, 0x00,  0x00, 0x00,  0x00, 0x00,  0x00, 0x00,  0x00, 0x00,  0x00, 0x00,  0x00, 0x00,
  0x00, 0x00,  0x00, 0x00,  0x00, 0x00,  0x00, 0x00,  0x00, 0x00,  0x00, 0x00,  0x00, 0x00,  0x00, 0x00,
  0xa2, 0x08,  0x82, 0x08,  0x82, 0x08,  0x82, 0x08,  0x82, 0x08,  0x82, 0x08,  0x82, 0x08,  0x82, 0x08,
  0x82, 0x08,  0x82, 0x08,  0x82, 0x08,  0x82, 0x08,  0x82, 0x08,  0x82, 0x08,  0x82, 0x08,  0x82, 0x08,
  0x82, 0x08,  0x82, 0x08,  0x82, 0x08,  0x82, 0x08,  0x82, 0x08,  0x82, 0x08,  0x82, 0x08,  0x82, 0x08,
  0x82, 0x08,  0x82, 0x08,  0x82, 0x08,  0x82, 0x08,  0x82, 0x08,  0x82, 0x08,  0x82, 0x08,  0x82, 0x08,
  0x82, 0x08,  0x82, 0x08,  0x82, 0x08,  0x82, 0x08,  0x82, 0x08,  0x82, 0x08,  0x82, 0x08,  0x82, 0x08,
  0x82, 0x08,  0x82, 0x08,  0x82, 0x08,  0x82, 0x08,  0x82, 0x08,  0x82, 0x08,  0x82, 0x08,  0x82, 0x08,
  0x82, 0x08,  0x82, 0x08,  0x82, 0x08,  0x82, 0x08,  0x82, 0x08,  0x82, 0x08,  0x82, 0x08,  0x82, 0x08,
  0x82, 0x08,  0x82, 0x08,  0x82, 0x08,  0x82, 0x08,  0x82, 0x08,  0x82, 0x08,  0x82, 0x08,  0x00, 0x00,
  0x00, 0x00,  0x00, 0x00,  0x00, 0x00,  0x00, 0x00,  0x00, 0x00,  0x00, 0x00,  0x00, 0x00,  0x00, 0x00,
  0x00, 0x00,  0x00, 0x00,  0x00, 0x00,  0x00, 0x00,  0x00, 0x00,  0x00, 0x00,  0xe3, 0x00,  0x83, 0x08,
  0x82, 0x08,  0x82, 0x08,  0x82, 0x08,  0x82, 0x08,  0x82, 0x08,  0x82, 0x08,  0x82, 0x08,  0x82, 0x08,
  0x82, 0x08,  0x82, 0x08,  0x82, 0x08,  0x82, 0x08,  0x82, 0x08,  0x82, 0x08,  0x82, 0x08,  0x82, 0x08,
  0x82, 0x08,  0x82, 0x08,  0x82, 0x08,  0x82, 0x08,  0x82, 0x08,  0x82, 0x08,  0x82, 0x08,  0x82, 0x08,
  0x82, 0x08,  0x82, 0x08,  0x82, 0x08,  0x82, 0x08,  0x82, 0x08,  0x82, 0x08,  0x82, 0x08,  0x82, 0x08,
  0x82, 0x08,  0x82, 0x08,  0x82, 0x08,  0x82, 0x08,  0x82, 0x08,  0x82, 0x08,  0x82, 0x08,  0x82, 0x08,
  0x82, 0x08,  0x82, 0x08,  0x82, 0x08,  0x82, 0x08,  0x82, 0x08,  0x82, 0x08,  0x82, 0x08,  0x82, 0x08,
  0x82, 0x08,  0x82, 0x08,  0x82, 0x08,  0x82, 0x08,  0x82, 0x08,  0x82, 0x08,  0x82, 0x08,  0x82, 0x08,
  0x82, 0x08,  0x82, 0x08,  0x82, 0x08,  0x82, 0x08,  0x82, 0x08,  0x82, 0x08,  0x82, 0x08,  0x82, 0x08,
  0x83, 0x08,  0x00, 0x00,  0x00, 0x00,  0x00, 0x00,  0x00, 0x00,  0x00, 0x00,  0x00, 0x00,  0x00, 0x00,
  0x00, 0x00,  0x00, 0x00,  0x00, 0x00,  0x00, 0x00,  0x00, 0x00,  0x62, 0x08,  0x82, 0x08,  0x82, 0x08,
  0x82, 0x08,  0x82, 0x08,  0x82, 0x08,  0x82, 0x08,  0x82, 0x08,  0x82, 0x08,  0x82, 0x08,  0x82, 0x08,
  0x82, 0x08,  0x82, 0x08,  0x82, 0x08,  0x82, 0x08,  0x82, 0x08,  0x82, 0x08,  0x82, 0x08,  0x82, 0x08,
  0x82, 0x08,  0x82, 0x08,  0x82, 0x08,  0x82, 0x08,  0x82, 0x08,  0x82, 0x08,  0x82, 0x08,  0x82, 0x08,
  0x82, 0x08,  0x82, 0x08,  0x82, 0x08,  0x82, 0x08,  0x82, 0x08,  0x82, 0x08,  0x82, 0x08,  0x82, 0x08,
  0x82, 0x08,  0x82, 0x08,  0x82, 0x08,  0x82, 0x08,  0x82, 0x08,  0x82, 0x08,  0x82, 0x08,  0x82, 0x08,
  0x82, 0x08,  0x82, 0x08,  0x82, 0x08,  0x82, 0x08,  0x82, 0x08,  0x82, 0x08,  0x82, 0x08,  0x82, 0x08,
  0x82, 0x08,  0x82, 0x08,  0x82, 0x08,  0x82, 0x08,  0x82, 0x08,  0x82, 0x08,  0x82, 0x08,  0x82, 0x08,
  0x82, 0x08,  0x82, 0x08,  0x82, 0x08,  0x82, 0x08,  0x82, 0x08,  0x82, 0x08,  0x82, 0x08,  0x82, 0x08,
  0x82, 0x08,  0x83, 0x08,  0x00, 0x00,  0x00, 0x00,  0x00, 0x00,  0x00, 0x00,  0x00, 0x00,  0x00, 0x00,
  0x00, 0x00,  0x00, 0x00,  0x00, 0x00,  0x00, 0x00,  0x82, 0x08,  0x82, 0x08,  0x82, 0x08,  0x82, 0x08,
  0x82, 0x08,  0x82, 0x08,  0x82, 0x08,  0x82, 0x08,  0x82, 0x08,  0x82, 0x08,  0x82, 0x08,  0x82, 0x08,
  0x82, 0x08,  0x82, 0x08,  0x82, 0x08,  0x82, 0x08,  0x82, 0x08,  0x82, 0x08,  0x82, 0x08,  0x82, 0x08,
  0x82, 0x08,  0x82, 0x08,  0x82, 0x08,  0x82, 0x08,  0x82, 0x08,  0x82, 0x08,  0x82, 0x08,  0x82, 0x08,
  0x82, 0x08,  0x82, 0x08,  0x82, 0x08,  0x82, 0x08,  0x82, 0x08,  0x82, 0x08,  0x82, 0x08,  0x82, 0x08,
  0x82, 0x08,  0x82, 0x08,  0x82, 0x08,  0x82, 0x08,  0x82, 0x08,  0x82, 0x08,  0x82, 0x08,  0x82, 0x08,
  0x82, 0x08,  0x82, 0x08,  0x82, 0x08,  0x82, 0x08,  0x82, 0x08,  0x82, 0x08,  0x82, 0x08,  0x82, 0x08,
  0x82, 0x08,  0x82, 0x08,  0x82, 0x08,  0x82, 0x08,  0x82, 0x08,  0x82, 0x08,  0x82, 0x08,  0x82, 0x08,
  0x82, 0x08,  0x82, 0x08,  0x82, 0x08,  0x82, 0x08,  0x82, 0x08,  0x82, 0x08,  0x82, 0x08,  0x82, 0x08,
  0x82, 0x08,  0x82, 0x08,  0x83, 0x08,  0x00, 0x00,  0x00, 0x00,  0x00, 0x00,  0x00, 0x00,  0x00, 0x00,
  0x00, 0x00,  0x00, 0x00,  0x00, 0x00,  0x62, 0x08,  0x82, 0x08,  0x82, 0x08,  0x82, 0x08,  0x82, 0x08,
  0x82, 0x08,  0x82, 0x08,  0x82, 0x08,  0x82, 0x08,  0x82, 0x08,  0x82, 0x08,  0x82, 0x08,  0x82, 0x08,
  0x82, 0x08,  0x82, 0x08,  0x82, 0x08,  0x82, 0x08,  0x82, 0x08,  0x82, 0x08,  0x82, 0x08,  0x82, 0x08,
  0x82, 0x08,  0x82, 0x08,  0x82, 0x08,  0x82, 0x08,  0x82, 0x08,  0x82, 0x08,  0x82, 0x08,  0x82, 0x08,
  0x82, 0x08,  0x82, 0x08,  0x82, 0x08,  0x82, 0x08,  0x82, 0x08,  0x82, 0x08,  0x82, 0x08,  0x82, 0x08,
  0x82, 0x08,  0x82, 0x08,  0x82, 0x08,  0x82, 0x08,  0x82, 0x08,  0x82, 0x08,  0x82, 0x08,  0x82, 0x08,
  0x82, 0x08,  0x82, 0x08,  0x82, 0x08,  0x82, 0x08,  0x82, 0x08,  0x82, 0x08,  0x82, 0x08,  0x82, 0x08,
  0x82, 0x08,  0x82, 0x08,  0x82, 0x08,  0x82, 0x08,  0x82, 0x08,  0x82, 0x08,  0x82, 0x08,  0x82, 0x08,
  0x82, 0x08,  0x82, 0x08,  0x82, 0x08,  0x82, 0x08,  0x82, 0x08,  0x82, 0x08,  0x82, 0x08,  0x82, 0x08,
  0x82, 0x08,  0x82, 0x08,  0x82, 0x08,  0x82, 0x08,  0x00, 0x00,  0x00, 0x00,  0x00, 0x00,  0x00, 0x00,
  0x00, 0x00,  0x00, 0x00,  0x04, 0x01,  0x82, 0x08,  0x82, 0x08,  0x82, 0x08,  0x82, 0x08,  0x82, 0x08,
  0x82, 0x08,  0x82, 0x08,  0x82, 0x08,  0x82, 0x08,  0x82, 0x08,  0x82, 0x08,  0x82, 0x08,  0x82, 0x08,
  0x82, 0x08,  0x82, 0x08,  0x82, 0x08,  0x82, 0x08,  0x82, 0x08,  0x82, 0x08,  0x82, 0x08,  0x82, 0x08,
  0x82, 0x08,  0x82, 0x08,  0x82, 0x08,  0x82, 0x08,  0x82, 0x08,  0x82, 0x08,  0x82, 0x08,  0x82, 0x08,
  0x82, 0x08,  0x82, 0x08,  0x82, 0x08,  0x82, 0x08,  0x82, 0x08,  0x82, 0x08,  0x82, 0x08,  0x82, 0x08,
  0x82, 0x08,  0x82, 0x08,  0x82, 0x08,  0x82, 0x08,  0x82, 0x08,  0x82, 0x08,  0x82, 0x08,  0x82, 0x08,
  0x82, 0x08,  0x82, 0x08,  0x82, 0x08,  0x82, 0x08,  0x82, 0x08,  0x82, 0x08,  0x82, 0x08,  0x82, 0x08,
  0x82, 0x08,  0x82, 0x08,  0x82, 0x08,  0x82, 0x08,  0x82, 0x08,  0x82, 0x08,  0x82, 0x08,  0x82, 0x08,
  0x82, 0x08,  0x82, 0x08,  0x82, 0x08,  0x82, 0x08,  0x82, 0x08,  0x82, 0x08,  0x82, 0x08,  0x82, 0x08,
  0x82, 0x08,  0x82, 0x08,  0x82, 0x08,  0x82, 0x08,  0x82, 0x08,  0x00, 0x00,  0x00, 0x00,  0x00, 0x00,
  0x00, 0x00,  0x00, 0x00,  0x83, 0x08,  0x82, 0x08,  0x82, 0x08,  0x82, 0x08,  0x82, 0x08,  0x82, 0x08,
  0x82, 0x08,  0x82, 0x08,  0x82, 0x08,  0x82, 0x08,  0x82, 0x08,  0x82, 0x08,  0x82, 0x08,  0x82, 0x08,
  0x82, 0x08,  0x82, 0x08,  0x82, 0x08,  0x82, 0x08,  0x82, 0x08,  0x82, 0x08,  0x82, 0x08,  0x82, 0x08,
  0x82, 0x08,  0x82, 0x08,  0x82, 0x08,  0x82, 0x08,  0x82, 0x08,  0x82, 0x08,  0x82, 0x08,  0x82, 0x08,
  0x82, 0x08,  0x82, 0x08,  0x82, 0x08,  0x82, 0x08,  0x82, 0x08,  0x82, 0x08,  0x82, 0x08,  0x82, 0x08,
  0x82, 0x08,  0x82, 0x08,  0x82, 0x08,  0x82, 0x08,  0x82, 0x08,  0x82, 0x08,  0x82, 0x08,  0x82, 0x08,
  0x82, 0x08,  0x82, 0x08,  0x82, 0x08,  0x82, 0x08,  0x82, 0x08,  0x82, 0x08,  0x82, 0x08,  0x82, 0x08,
  0x82, 0x08,  0x82, 0x08,  0x82, 0x08,  0x82, 0x08,  0x82, 0x08,  0x82, 0x08,  0x82, 0x08,  0x82, 0x08,
  0x82, 0x08,  0x82, 0x08,  0x82, 0x08,  0x82, 0x08,  0x82, 0x08,  0x82, 0x08,  0x82, 0x08,  0x82, 0x08,
  0x82, 0x08,  0x82, 0x08,  0x82, 0x08,  0x82, 0x08,  0x82, 0x08,  0x83, 0x08,  0x00, 0x00,  0x00, 0x00,
  0x00, 0x00,  0xa2, 0x08,  0x82, 0x08,  0x82, 0x08,  0x82, 0x08,  0x82, 0x08,  0x82, 0x08,  0x82, 0x08,
  0x82, 0x08,  0x82, 0x08,  0x82, 0x08,  0x82, 0x08,  0x82, 0x08,  0x82, 0x08,  0x82, 0x08,  0x82, 0x08,
  0x82, 0x08,  0x82, 0x08,  0x82, 0x08,  0x82, 0x08,  0x82, 0x08,  0x82, 0x08,  0x82, 0x08,  0x82, 0x08,
  0x82, 0x08,  0x82, 0x08,  0x82, 0x08,  0x82, 0x08,  0x82, 0x08,  0x82, 0x08,  0x82, 0x08,  0x82, 0x08,
  0x82, 0x08,  0x82, 0x08,  0x82, 0x08,  0x82, 0x08,  0x82, 0x08,  0x82, 0x08,  0x82, 0x08,  0x82, 0x08,
  0x82, 0x08,  0x82, 0x08,  0x82, 0x08,  0x82, 0x08,  0x82, 0x08,  0x82, 0x08,  0x82, 0x08,  0x82, 0x08,
  0x82, 0x08,  0x82, 0x08,  0x82, 0x08,  0x82, 0x08,  0x82, 0x08,  0x82, 0x08,  0x82, 0x08,  0x82, 0x08,
  0x82, 0x08,  0x82, 0x08,  0x82, 0x08,  0x82, 0x08,  0x82, 0x08,  0x82, 0x08,  0x82, 0x08,  0x82, 0x08,
  0x82, 0x08,  0x82, 0x08,  0x82, 0x08,  0x82, 0x08,  0x82, 0x08,  0x82, 0x08,  0x82, 0x08,  0x82, 0x08,
  0x82, 0x08,  0x82, 0x08,  0x82, 0x08,  0x82, 0x08,  0x82, 0x08,  0x82, 0x08,  0x00, 0x00,  0x00, 0x00,
  0x00, 0x00,  0x82, 0x08,  0x82, 0x08,  0x82, 0x08,  0x82, 0x08,  0x82, 0x08,  0x82, 0x08,  0x82, 0x08,
  0x82, 0x08,  0x82, 0x08,  0x82, 0x08,  0x82, 0x08,  0x82, 0x08,  0x82, 0x08,  0x82, 0x08,  0x82, 0x08,
  0x82, 0x08,  0x82, 0x08,  0x82, 0x08,  0x82, 0x08,  0x82, 0x08,  0x82, 0x08,  0x82, 0x08,  0x82, 0x08,
  0x82, 0x08,  0x82, 0x08,  0x82, 0x08,  0x82, 0x08,  0x82, 0x08,  0x82, 0x08,  0x82, 0x08,  0x82, 0x08,
  0x82, 0x08,  0x82, 0x08,  0x82, 0x08,  0x82, 0x08,  0x82, 0x08,  0x82, 0x08,  0x82, 0x08,  0x82, 0x08,
  0x82, 0x08,  0x82, 0x08,  0x82, 0x08,  0x82, 0x08,  0x82, 0x08,  0x82, 0x08,  0x82, 0x08,  0x82, 0x08,
  0x82, 0x08,  0x82, 0x08,  0x82, 0x08,  0x82, 0x08,  0x82, 0x08,  0x82, 0x08,  0x82, 0x08,  0x82, 0x08,
  0x82, 0x08,  0x82, 0x08,  0x82, 0x08,  0x82, 0x08,  0x82, 0x08,  0x82, 0x08,  0x82, 0x08,  0x82, 0x08,
  0x82, 0x08,  0x82, 0x08,  0x82, 0x08,  0x82, 0x08,  0x82, 0x08,  0x82, 0x08,  0x82, 0x08,  0x82, 0x08,
  0x82, 0x08,  0x82, 0x08,  0x82, 0x08,  0x82, 0x08,  0x82, 0x08,  0x82, 0x08,  0x83, 0x08,  0x00, 0x00,
  0x82, 0x10,  0x82, 0x08,  0x82, 0x08,  0x82, 0x08,  0x82, 0x08,  0x82, 0x08,  0x82, 0x08,  0x82, 0x08,
  0x82, 0x08,  0x82, 0x08,  0x82, 0x08,  0x82, 0x08,  0x82, 0x08,  0x82, 0x08,  0x82, 0x08,  0x82, 0x08,
  0x82, 0x08,  0x82, 0x08,  0x82, 0x08,  0x82, 0x08,  0x82, 0x08,  0x82, 0x08,  0x82, 0x08,  0x82, 0x08,
  0x82, 0x08,  0x82, 0x08,  0x82, 0x08,  0x82, 0x08,  0x82, 0x08,  0x82, 0x08,  0x82, 0x08,  0x82, 0x08,
  0x82, 0x08,  0x82, 0x08,  0x82, 0x08,  0x82, 0x08,  0x82, 0x08,  0x82, 0x08,  0x82, 0x08,  0x82, 0x08,
  0x82, 0x08,  0x82, 0x08,  0x82, 0x08,  0x82, 0x08,  0x82, 0x08,  0x82, 0x08,  0x82, 0x08,  0x82, 0x08,
  0x82, 0x08,  0x82, 0x08,  0x82, 0x08,  0x82, 0x08,  0x82, 0x08,  0x82, 0x08,  0x82, 0x08,  0x82, 0x08,
  0x82, 0x08,  0x82, 0x08,  0x82, 0x08,  0x82, 0x08,  0x82, 0x08,  0x82, 0x08,  0x82, 0x08,  0x82, 0x08,
  0x82, 0x08,  0x82, 0x08,  0x82, 0x08,  0x82, 0x08,  0x82, 0x08,  0x82, 0x08,  0x82, 0x08,  0x82, 0x08,
  0x82, 0x08,  0x82, 0x08,  0x82, 0x08,  0x82, 0x08,  0x82, 0x08,  0x82, 0x08,  0x83, 0x08,  0x00, 0x00,
  0x82, 0x08,  0x82, 0x08,  0x82, 0x08,  0x82, 0x08,  0x82, 0x08,  0x82, 0x08,  0x82, 0x08,  0x82, 0x08,
  0x82, 0x08,  0x82, 0x08,  0x82, 0x08,  0x82, 0x08,  0x82, 0x08,  0x82, 0x08,  0x82, 0x08,  0x82, 0x08,
  0x82, 0x08,  0x82, 0x08,  0x82, 0x08,  0x82, 0x08,  0x82, 0x08,  0x82, 0x08,  0x82, 0x08,  0x82, 0x08,
  0x82, 0x08,  0x82, 0x08,  0x82, 0x08,  0x82, 0x08,  0x82, 0x08,  0x82, 0x08,  0x82, 0x08,  0x82, 0x08,
  0x82, 0x08,  0x82, 0x08,  0x82, 0x08,  0x82, 0x08,  0x82, 0x08,  0x82, 0x08,  0x82, 0x08,  0x82, 0x08,
  0x82, 0x08,  0x82, 0x08,  0x82, 0x08,  0x82, 0x08,  0x82, 0x08,  0x82, 0x08,  0x82, 0x08,  0x82, 0x08,
  0x82, 0x08,  0x82, 0x08,  0x82, 0x08,  0x82, 0x08,  0x82, 0x08,  0x82, 0x08,  0x82, 0x08,  0x82, 0x08,
  0x82, 0x08,  0x82, 0x08,  0x82, 0x08,  0x82, 0x08,  0x82, 0x08,  0x82, 0x08,  0x82, 0x08,  0x82, 0x08,
  0x82, 0x08,  0x82, 0x08,  0x82, 0x08,  0x82, 0x08,  0x82, 0x08,  0x82, 0x08,  0x82, 0x08,  0x82, 0x08,
  0x82, 0x08,  0x82, 0x08,  0x82, 0x08,  0x82, 0x08,  0x82, 0x08,  0x82, 0x08,  0x82, 0x08,  0xa2, 0x08,
  0x82, 0x08,  0x82, 0x08,  0x82, 0x08,  0x82, 0x08,  0x82, 0x08,  0x82, 0x08,  0x82, 0x08,  0x82, 0x08,
  0x82, 0x08,  0x82, 0x08,  0x82, 0x08,  0x82, 0x08,  0x82, 0x08,  0x82, 0x08,  0x82, 0x08,  0x82, 0x08,
  0x82, 0x08,  0x82, 0x08,  0x82, 0x08,  0x82, 0x08,  0x82, 0x08,  0x82, 0x08,  0x82, 0x08,  0x82, 0x08,
  0x82, 0x08,  0x82, 0x08,  0x82, 0x08,  0x82, 0x08,  0x82, 0x08,  0x82, 0x08,  0x82, 0x08,  0x82, 0x08,
  0x82, 0x08,  0x82, 0x08,  0x82, 0x08,  0x82, 0x08,  0x82, 0x08,  0x82, 0x08,  0x82, 0x08,  0x82, 0x08,
  0x82, 0x08,  0x82, 0x08,  0x82, 0x08,  0x82, 0x08,  0x82, 0x08,  0x82, 0x08,  0x82, 0x08,  0x82, 0x08,
  0x82, 0x08,  0x82, 0x08,  0x82, 0x08,  0x82, 0x08,  0x82, 0x08,  0x82, 0x08,  0x82, 0x08,  0x82, 0x08,
  0x82, 0x08,  0x82, 0x08,  0x82, 0x08,  0x82, 0x08,  0x82, 0x08,  0x82, 0x08,  0x82, 0x08,  0x82, 0x08,
  0x82, 0x08,  0x82, 0x08,  0x82, 0x08,  0x82, 0x08,  0x82, 0x08,  0x82, 0x08,  0x82, 0x08,  0x82, 0x08,
  0x82, 0x08,  0x82, 0x08,  0x82, 0x08,  0x82, 0x08,  0x82, 0x08,  0x82, 0x08,  0x82, 0x08,  0x83, 0x08,
  0x82, 0x08,  0x82, 0x08,  0x82, 0x08,  0x82, 0x08,  0x82, 0x08,  0x82, 0x08,  0x82, 0x08,  0x82, 0x08,
  0x82, 0x08,  0x82, 0x08,  0x82, 0x08,  0x82, 0x08,  0x82, 0x08,  0x82, 0x08,  0x82, 0x08,  0x82, 0x08,
  0x82, 0x08,  0x82, 0x08,  0x82, 0x08,  0x82, 0x08,  0x82, 0x08,  0x82, 0x08,  0x82, 0x08,  0x82, 0x08,
  0x82, 0x08,  0x82, 0x08,  0x82, 0x08,  0x82, 0x08,  0x82, 0x08,  0x82, 0x08,  0x82, 0x08,  0x82, 0x08,
  0x82, 0x08,  0x82, 0x08,  0x82, 0x08,  0x82, 0x08,  0x82, 0x08,  0x82, 0x08,  0x82, 0x08,  0x82, 0x08,
  0x82, 0x08,  0x82, 0x08,  0x82, 0x08,  0x82, 0x08,  0x82, 0x08,  0x82, 0x08,  0x82, 0x08,  0x82, 0x08,
  0x82, 0x08,  0x82, 0x08,  0x82, 0x08,  0x82, 0x08,  0x82, 0x08,  0x82, 0x08,  0x82, 0x08,  0x82, 0x08,
  0x82, 0x08,  0x82, 0x08,  0x82, 0x08,  0x82, 0x08,  0x82, 0x08,  0x82, 0x08,  0x82, 0x08,  0x82, 0x08,
  0x82, 0x08,  0x82, 0x08,  0x82, 0x08,  0x82, 0x08,  0x82, 0x08,  0x82, 0x08,  0x82, 0x08,  0x82, 0x08,
  0x82, 0x08,  0x82, 0x08,  0x82, 0x08,  0x82, 0x08,  0x82, 0x08,  0x82, 0x08,  0x82, 0x08,  0x82, 0x08,
  0x82, 0x08,  0x82, 0x08,  0x82, 0x08,  0x82, 0x08,  0x82, 0x08,  0x82, 0x08,  0x82, 0x08,  0x82, 0x08,
  0x82, 0x08,  0x82, 0x08,  0x82, 0x08,  0x82, 0x08,  0x82, 0x08,  0x82, 0x08,  0x82, 0x08,  0x82, 0x08,
  0x82, 0x08,  0x82, 0x08,  0x82, 0x08,  0x82, 0x08,  0x82, 0x08,  0x82, 0x08,  0x82, 0x08,  0x82, 0x08,
  0x82, 0x08,  0x82, 0x08,  0x82, 0x08,  0x82, 0x08,  0x82, 0x08,  0x82, 0x08,  0x82, 0x08,  0x82, 0x08,
  0x82, 0x08,  0x82, 0x08,  0x82, 0x08,  0x82, 0x08,  0x82, 0x08,  0x82, 0x08,  0x82, 0x08,  0x82, 0x08,
  0x82, 0x08,  0x82, 0x08,  0x82, 0x08,  0x82, 0x08,  0x82, 0x08,  0x82, 0x08,  0x82, 0x08,  0x82, 0x08,
  0x82, 0x08,  0x82, 0x08,  0x82, 0x08,  0x82, 0x08,  0x82, 0x08,  0x82, 0x08,  0x82, 0x08,  0x82, 0x08,
  0x82, 0x08,  0x82, 0x08,  0x82, 0x08,  0x82, 0x08,  0x82, 0x08,  0x82, 0x08,  0x82, 0x08,  0x82, 0x08,
  0x82, 0x08,  0x82, 0x08,  0x82, 0x08,  0x82, 0x08,  0x82, 0x08,  0x82, 0x08,  0x82, 0x08,  0x82, 0x08,
  0x82, 0x08,  0x82, 0x08,  0x82, 0x08,  0x82, 0x08,  0x82, 0x08,  0x82, 0x08,  0x82, 0x08,  0x82, 0x08,
  0x82, 0x08,  0x82, 0x08,  0x82, 0x08,  0x82, 0x08,  0x82, 0x08,  0x82, 0x08,  0x82, 0x08,  0x82, 0x08,
  0x82, 0x08,  0x82, 0x08,  0x82, 0x08,  0x82, 0x08,  0x82, 0x08,  0x82, 0x08,  0x82, 0x08,  0x82, 0x08,
  0x82, 0x08,  0x82, 0x08,  0x82, 0x08,  0x82, 0x08,  0x82, 0x08,  0x82, 0x08,  0x82, 0x08,  0x82, 0x08,
  0x82, 0x08,  0x82, 0x08,  0x82, 0x08,  0x82, 0x08,  0x82, 0x08,  0x82, 0x08,  0x82, 0x08,  0x82, 0x08,
  0x82, 0x08,  0x82, 0x08,  0x82, 0x08,  0x82, 0x08,  0x82, 0x08,  0x82, 0x08,  0x82, 0x08,  0x82, 0x08,
  0x82, 0x08,  0x82, 0x08,  0x82, 0x08,  0x82, 0x08,  0x82, 0x08,  0x82, 0x08,  0x82, 0x08,  0x82, 0x08,
  0x82, 0x08,  0x82, 0x08,  0x82, 0x08,  0x82, 0x08,  0x82, 0x08,  0x82, 0x08,  0x82, 0x08,  0x82, 0x08,
  0x82, 0x08,  0x82, 0x08,  0x82, 0x08,  0x82, 0x08,  0x82, 0x08,  0x82, 0x08,  0x82, 0x08,  0x82, 0x08,
  0x82, 0x08,  0x82, 0x08,  0x82, 0x08,  0x82, 0x08,  0x82, 0x08,  0x82, 0x08,  0x82, 0x08,  0x82, 0x08,
  0x82, 0x08,  0x82, 0x08,  0x82, 0x08,  0x82, 0x08,  0x82, 0x08,  0x82, 0x08,  0x82, 0x08,  0x82, 0x08,
  0x82, 0x08,  0x82, 0x08,  0x82, 0x08,  0x82, 0x08,  0x82, 0x08,  0x82, 0x08,  0x82, 0x08,  0x82, 0x08,
  0x82, 0x08,  0x82, 0x08,  0x82, 0x08,  0x82, 0x08,  0x82, 0x08,  0x82, 0x08,  0x82, 0x08,  0x82, 0x08,
  0x82, 0x08,  0x82, 0x08,  0x82, 0x08,  0x82, 0x08,  0x82, 0x08,  0x82, 0x08,  0x82, 0x08,  0x82, 0x08,
  0x82, 0x08,  0x82, 0x08,  0x82, 0x08,  0x82, 0x08,  0x82, 0x08,  0x82, 0x08,  0x82, 0x08,  0x82, 0x08,
  0x82, 0x08,  0x82, 0x08,  0x82, 0x08,  0x82, 0x08,  0x82, 0x08,  0x82, 0x08,  0x82, 0x08,  0x82, 0x08,
  0x82, 0x08,  0x82, 0x08,  0x82, 0x08,  0x82, 0x08,  0x82, 0x08,  0x82, 0x08,  0x82, 0x08,  0x82, 0x08,
  0x82, 0x08,  0x82, 0x08,  0x82, 0x08,  0x82, 0x08,  0x82, 0x08,  0x82, 0x08,  0x82, 0x08,  0x82, 0x08,
  0x82, 0x08,  0x82, 0x08,  0x82, 0x08,  0x82, 0x08,  0x82, 0x08,  0x82, 0x08,  0x82, 0x08,  0x82, 0x08,
  0x82, 0x08,  0x82, 0x08,  0x82, 0x08,  0x82, 0x08,  0x82, 0x08,  0x82, 0x08,  0x82, 0x08,  0x82, 0x08,
  0x82, 0x08,  0x82, 0x08,  0x82, 0x08,  0x82, 0x08,  0x82, 0x08,  0x82, 0x08,  0x82, 0x08,  0x82, 0x08,
  0x82, 0x08,  0x82, 0x08,  0x82, 0x08,  0x82, 0x08,  0x82, 0x08,  0x82, 0x08,  0x82, 0x08,  0x82, 0x08,
  0x82, 0x08,  0x82, 0x08,  0x82, 0x08,  0x82, 0x08,  0x82, 0x08,  0x82, 0x08,  0x82, 0x08,  0x82, 0x08,
  0x82, 0x08,  0x82, 0x08,  0x82, 0x08,  0x82, 0x08,  0x82, 0x08,  0x82, 0x08,  0x82, 0x08,  0x82, 0x08,
  0x82, 0x08,  0x82, 0x08,  0x82, 0x08,  0x82, 0x08,  0x82, 0x08,  0x82, 0x08,  0x82, 0x08,  0x82, 0x08,
  0x82, 0x08,  0x82, 0x08,  0x82, 0x08,  0x82, 0x08,  0x82, 0x08,  0x82, 0x08,  0x82, 0x08,  0x82, 0x08,
  0x82, 0x08,  0x82, 0x08,  0x82, 0x08,  0x82, 0x08,  0x82, 0x08,  0x82, 0x08,  0x82, 0x08,  0x82, 0x08,
  0x82, 0x08,  0x82, 0x08,  0x82, 0x08,  0x82, 0x08,  0x82, 0x08,  0x82, 0x08,  0x82, 0x08,  0x82, 0x08,
  0x82, 0x08,  0x82, 0x08,  0x82, 0x08,  0x82, 0x08,  0x82, 0x08,  0x82, 0x08,  0x82, 0x08,  0x82, 0x08,
  0x82, 0x08,  0x82, 0x08,  0x82, 0x08,  0x82, 0x08,  0x82, 0x08,  0x82, 0x08,  0x82, 0x08,  0x82, 0x08,
  0x82, 0x08,  0x82, 0x08,  0x82, 0x08,  0x82, 0x08,  0x82, 0x08,  0x82, 0x08,  0x82, 0x08,  0x82, 0x08,
  0x82, 0x08,  0x82, 0x08,  0x82, 0x08,  0x82, 0x08,  0x82, 0x08,  0x82, 0x08,  0x82, 0x08,  0x82, 0x08,
  0x82, 0x08,  0x82, 0x08,  0x82, 0x08,  0x82, 0x08,  0x82, 0x08,  0x82, 0x08,  0x82, 0x08,  0x82, 0x08,
  0x82, 0x08,  0x82, 0x08,  0x82, 0x08,  0x82, 0x08,  0x82, 0x08,  0x82, 0x08,  0x82, 0x08,  0x82, 0x08,
  0x82, 0x08,  0x82, 0x08,  0x82, 0x08,  0x82, 0x08,  0x82, 0x08,  0x82, 0x08,  0x82, 0x08,  0x82, 0x08,
  0x82, 0x08,  0x82, 0x08,  0x82, 0x08,  0x82, 0x08,  0x82, 0x08,  0x82, 0x08,  0x82, 0x08,  0x82, 0x08,
  0x82, 0x08,  0x82, 0x08,  0x82, 0x08,  0x82, 0x08,  0x82, 0x08,  0x82, 0x08,  0x82, 0x08,  0x82, 0x08,
  0x82, 0x08,  0x82, 0x08,  0x82, 0x08,  0x82, 0x08,  0x82, 0x08,  0x82, 0x08,  0x82, 0x08,  0x82, 0x08,
  0x82, 0x08,  0x82, 0x08,  0x82, 0x08,  0x82, 0x08,  0x82, 0x08,  0x82, 0x08,  0x82, 0x08,  0x82, 0x08,
  0x82, 0x08,  0x82, 0x08,  0x82, 0x08,  0x82, 0x08,  0x82, 0x08,  0x82, 0x08,  0x82, 0x08,  0x82, 0x08,
  0x82, 0x08,  0x82, 0x08,  0x82, 0x08,  0x82, 0x08,  0x82, 0x08,  0x82, 0x08,  0x82, 0x08,  0x82, 0x08,
  0x82, 0x08,  0x82, 0x08,  0x82, 0x08,  0x82, 0x08,  0x82, 0x08,  0x82, 0x08,  0x82, 0x08,  0x82, 0x08,
  0x82, 0x08,  0x82, 0x08,  0x82, 0x08,  0x82, 0x08,  0x82, 0x08,  0x82, 0x08,  0x82, 0x08,  0x82, 0x08,
  0x82, 0x08,  0x82, 0x08,  0x82, 0x08,  0x82, 0x08,  0x82, 0x08,  0x82, 0x08,  0x82, 0x08,  0x82, 0x08,
  0x82, 0x08,  0x82, 0x08,  0x82, 0x08,  0x82, 0x08,  0x82, 0x08,  0x82, 0x08,  0x82, 0x08,  0x82, 0x08,
  0x82, 0x08,  0x82, 0x08,  0x82, 0x08,  0x82, 0x08,  0x82, 0x08,  0x82, 0x08,  0x82, 0x08,  0x82, 0x08,
  0x82, 0x08,  0x82, 0x08,  0x82, 0x08,  0x82, 0x08,  0x82, 0x08,  0x82, 0x08,  0x82, 0x08,  0x82, 0x08,
  0x82, 0x08,  0x82, 0x08,  0x82, 0x08,  0x82, 0x08,  0x82, 0x08,  0x82, 0x08,  0x82, 0x08,  0x82, 0x08,
  0x82, 0x08,  0x82, 0x08,  0x82, 0x08,  0x82, 0x08,  0x82, 0x08,  0x82, 0x08,  0x82, 0x08,  0x82, 0x08,
  0x82, 0x08,  0x82, 0x08,  0x82, 0x08,  0x82, 0x08,  0x82, 0x08,  0x82, 0x08,  0x82, 0x08,  0x82, 0x08,
  0x82, 0x08,  0x82, 0x08,  0x82, 0x08,  0x82, 0x08,  0x82, 0x08,  0x82, 0x08,  0x82, 0x08,  0x82, 0x08,
  0x82, 0x08,  0x82, 0x08,  0x82, 0x08,  0x82, 0x08,  0x82, 0x08,  0x82, 0x08,  0x82, 0x08,  0x82, 0x08,
  0x82, 0x08,  0x82, 0x08,  0x82, 0x08,  0x82, 0x08,  0x82, 0x08,  0x82, 0x08,  0x82, 0x08,  0x82, 0x08,
  0x82, 0x08,  0x03, 0x11,  0x85, 0x1a,  0x25, 0x1b,  0x25, 0x1b,  0x85, 0x1a,  0x03, 0x11,  0x82, 0x08,
  0x82, 0x08,  0x82, 0x08,  0x82, 0x08,  0x82, 0x08,  0x82, 0x08,  0x82, 0x08,  0x82, 0x08,  0x82, 0x08,
  0x82, 0x08,  0x82, 0x08,  0x82, 0x08,  0x82, 0x08,  0x82, 0x08,  0x82, 0x08,  0x82, 0x08,  0x82, 0x08,
  0x82, 0x08,  0x82, 0x08,  0x82, 0x08,  0x82, 0x08,  0x82, 0x08,  0x82, 0x08,  0x82, 0x08,  0x82, 0x08,
  0x82, 0x08,  0x82, 0x08,  0x82, 0x08,  0x82, 0x08,  0x82, 0x08,  0x82, 0x08,  0x82, 0x08,  0x82, 0x08,
  0x82, 0x08,  0x03, 0x11,  0x85, 0x1a,  0x25, 0x1b,  0x25, 0x1b,  0x85, 0x1a,  0x03, 0x11,  0x82, 0x08,
  0x82, 0x08,  0x82, 0x08,  0x82, 0x08,  0x82, 0x08,  0x82, 0x08,  0x82, 0x08,  0x82, 0x08,  0x82, 0x08,
  0x82, 0x08,  0x82, 0x08,  0x82, 0x08,  0x82, 0x08,  0x82, 0x08,  0x82, 0x08,  0x82, 0x08,  0x82, 0x08,
  0x82, 0x08,  0x82, 0x08,  0x82, 0x08,  0x82, 0x08,  0x82, 0x08,  0x82, 0x08,  0x82, 0x08,  0x82, 0x08,
  0x82, 0x08,  0x82, 0x08,  0x82, 0x08,  0x82, 0x08,  0x82, 0x08,  0x82, 0x08,  0x82, 0x08,  0x82, 0x08,
  0x23, 0x11,  0x65, 0x1b,  0x66, 0x1b,  0x66, 0x1b,  0x66, 0x1b,  0x66, 0x1b,  0x65, 0x1b,  0x23, 0x11,
  0x82, 0x08,  0x82, 0x08,  0x82, 0x08,  0x82, 0x08,  0x82, 0x08,  0x82, 0x08,  0x82, 0x08,  0x82, 0x08,
  0x82, 0x08,  0x82, 0x08,  0x82, 0x08,  0x82, 0x08,  0x82, 0x08,  0x82, 0x08,  0x82, 0x08,  0x82, 0x08,
  0x82, 0x08,  0x82, 0x08,  0x82, 0x08,  0x82, 0x08,  0x82, 0x08,  0x82, 0x08,  0x82, 0x08,  0x82, 0x08,
  0x82, 0x08,  0x82, 0x08,  0x82, 0x08,  0x82, 0x08,  0x82, 0x08,  0x82, 0x08,  0x82, 0x08,  0x82, 0x08,
  0x23, 0x11,  0x65, 0x1b,  0x66, 0x1b,  0x66, 0x1b,  0x66, 0x1b,  0x66, 0x1b,  0x65, 0x1b,  0x23, 0x11,
  0x82, 0x08,  0x82, 0x08,  0x82, 0x08,  0x82, 0x08,  0x82, 0x08,  0x82, 0x08,  0x82, 0x08,  0x82, 0x08,
  0x82, 0x08,  0x82, 0x08,  0x82, 0x08,  0x82, 0x08,  0x82, 0x08,  0x82, 0x08,  0x82, 0x08,  0x82, 0x08,
  0x82, 0x08,  0x82, 0x08,  0x82, 0x08,  0x82, 0x08,  0x82, 0x08,  0x82, 0x08,  0x82, 0x08,  0x82, 0x08,
  0x82, 0x08,  0x82, 0x08,  0x82, 0x08,  0x82, 0x08,  0x82, 0x08,  0x82, 0x08,  0x82, 0x08,  0x82, 0x08,
  0xa5, 0x1a,  0x66, 0x1b,  0x66, 0x1b,  0x86, 0x1b,  0x86, 0x1b,  0x66, 0x1b,  0x66, 0x1b,  0xa5, 0x1a,
  0x82, 0x08,  0x82, 0x08,  0x82, 0x08,  0x82, 0x08,  0x82, 0x08,  0x82, 0x08,  0x82, 0x08,  0x82, 0x08,
  0x82, 0x08,  0x82, 0x08,  0x82, 0x08,  0x82, 0x08,  0x82, 0x08,  0x82, 0x08,  0x82, 0x08,  0x82, 0x08,
  0x82, 0x08,  0x82, 0x08,  0x82, 0x08,  0x82, 0x08,  0x82, 0x08,  0x82, 0x08,  0x82, 0x08,  0x82, 0x08,
  0x82, 0x08,  0x82, 0x08,  0x82, 0x08,  0x82, 0x08,  0x82, 0x08,  0x82, 0x08,  0x82, 0x08,  0x82, 0x08,
  0xa5, 0x1a,  0x66, 0x1b,  0x66, 0x1b,  0x86, 0x1b,  0x86, 0x1b,  0x66, 0x1b,  0x66, 0x1b,  0xa5, 0x1a,
  0x82, 0x08,  0x82, 0x08,  0x82, 0x08,  0x82, 0x08,  0x82, 0x08,  0x82, 0x08,  0x82, 0x08,  0x82, 0x08,
  0x82, 0x08,  0x82, 0x08,  0x82, 0x08,  0x82, 0x08,  0x82, 0x08,  0x82, 0x08,  0x82, 0x08,  0x82, 0x08,
  0x82, 0x08,  0x82, 0x08,  0x82, 0x08,  0x82, 0x08,  0x82, 0x08,  0x82, 0x08,  0x82, 0x08,  0x82, 0x08,
  0x82, 0x08,  0x82, 0x08,  0x82, 0x08,  0x82, 0x08,  0x82, 0x08,  0x82, 0x08,  0x82, 0x08,  0x82, 0x08,
  0x45, 0x1b,  0x66, 0x1b,  0x86, 0x1b,  0x26, 0x24,  0x26, 0x24,  0xa6, 0x23,  0x66, 0x1b,  0x45, 0x1b,
  0x82, 0x08,  0x82, 0x08,  0x82, 0x08,  0x82, 0x08,  0x82, 0x08,  0x82, 0x08,  0x82, 0x08,  0x82, 0x08,
  0x82, 0x08,  0x82, 0x08,  0x82, 0x08,  0x82, 0x08,  0x82, 0x08,  0x82, 0x08,  0x82, 0x08,  0x82, 0x08,
  0x82, 0x08,  0x82, 0x08,  0x82, 0x08,  0x82, 0x08,  0x82, 0x08,  0x82, 0x08,  0x82, 0x08,  0x82, 0x08,
  0x82, 0x08,  0x82, 0x08,  0x82, 0x08,  0x82, 0x08,  0x82, 0x08,  0x82, 0x08,  0x82, 0x08,  0x82, 0x08,
  0x45, 0x1b,  0x66, 0x1b,  0xa6, 0x23,  0x26, 0x24,  0x26, 0x24,  0x86, 0x1b,  0x66, 0x1b,  0x45, 0x1b,
  0x82, 0x08,  0x82, 0x08,  0x82, 0x08,  0x82, 0x08,  0x82, 0x08,  0x82, 0x08,  0x82, 0x08,  0x82, 0x08,
  0x82, 0x08,  0x82, 0x08,  0x82, 0x08,  0x82, 0x08,  0x82, 0x08,  0x82, 0x08,  0x82, 0x08,  0x82, 0x08,
  0x82, 0x08,  0x82, 0x08,  0x82, 0x08,  0x82, 0x08,  0x82, 0x08,  0x82, 0x08,  0x82, 0x08,  0x82, 0x08,
  0x82, 0x08,  0x82, 0x08,  0x82, 0x08,  0x82, 0x08,  0x82, 0x08,  0x82, 0x08,  0x82, 0x08,  0x82, 0x08,
  0x45, 0x1b,  0x66, 0x1b,  0x86, 0x1b,  0x26, 0x24,  0x26, 0x24,  0x26, 0x24,  0xc6, 0x23,  0x45, 0x1b,
  0x82, 0x08,  0x82, 0x08,  0x82, 0x08,  0x82, 0x08,  0x82, 0x08,  0x82, 0x08,  0x82, 0x08,  0x82, 0x08,
  0x82, 0x08,  0x82, 0x08,  0x82, 0x08,  0x82, 0x08,  0x82, 0x08,  0x82, 0x08,  0x82, 0x08,  0x82, 0x08,
  0x82, 0x08,  0x82, 0x08,  0x82, 0x08,  0x82, 0x08,  0x82, 0x08,  0x82, 0x08,  0x82, 0x08,  0x82, 0x08,
  0x82, 0x08,  0x82, 0x08,  0x82, 0x08,  0x82, 0x08,  0x82, 0x08,  0x82, 0x08,  0x82, 0x08,  0x82, 0x08,
  0x45, 0x1b,  0xc6, 0x23,  0x26, 0x24,  0x26, 0x24,  0x26, 0x24,  0x86, 0x1b,  0x66, 0x1b,  0x45, 0x1b,
  0x82, 0x08,  0x82, 0x08,  0x82, 0x08,  0x82, 0x08,  0x82, 0x08,  0x82, 0x08,  0x82, 0x08,  0x82, 0x08,
  0x82, 0x08,  0x82, 0x08,  0x82, 0x08,  0x82, 0x08,  0x82, 0x08,  0x82, 0x08,  0x82, 0x08,  0x82, 0x08,
  0x82, 0x08,  0x82, 0x08,  0x82, 0x08,  0x82, 0x08,  0x82, 0x08,  0x82, 0x08,  0x82, 0x08,  0x82, 0x08,
  0x82, 0x08,  0x82, 0x08,  0x82, 0x08,  0x82, 0x08,  0x82, 0x08,  0x82, 0x08,  0x82, 0x08,  0x82, 0x08,
  0xa5, 0x1a,  0x66, 0x1b,  0x66, 0x1b,  0x86, 0x1b,  0x06, 0x24,  0x26, 0x24,  0x26, 0x24,  0xc6, 0x23,
  0xe3, 0x08,  0x82, 0x08,  0x82, 0x08,  0x82, 0x08,  0x82, 0x08,  0x82, 0x08,  0x82, 0x08,  0x82, 0x08,
  0x82, 0x08,  0x82, 0x08,  0x82, 0x08,  0x82, 0x08,  0x82, 0x08,  0x82, 0x08,  0x82, 0x08,  0x82, 0x08,
  0x82, 0x08,  0x82, 0x08,  0x82, 0x08,  0x82, 0x08,  0x82, 0x08,  0x82, 0x08,  0x82, 0x08,  0x82, 0x08,
  0x82, 0x08,  0x82, 0x08,  0x82, 0x08,  0x82, 0x08,  0x82, 0x08,  0x82, 0x08,  0x82, 0x08,  0xc3, 0x08,
  0xc6, 0x23,  0x26, 0x24,  0x26, 0x24,  0x06, 0x24,  0x86, 0x1b,  0x66, 0x1b,  0x66, 0x1b,  0xa5, 0x1a,
  0x82, 0x08,  0x82, 0x08,  0x82, 0x08,  0x82, 0x08,  0x82, 0x08,  0x82, 0x08,  0x82, 0x08,  0x82, 0x08,
  0x82, 0x08,  0x82, 0x08,  0x82, 0x08,  0x82, 0x08,  0x82, 0x08,  0x82, 0x08,  0x82, 0x08,  0x82, 0x08,
  0x82, 0x08,  0x82, 0x08,  0x82, 0x08,  0x82, 0x08,  0x82, 0x08,  0x82, 0x08,  0x82, 0x08,  0x82, 0x08,
  0x82, 0x08,  0x82, 0x08,  0x82, 0x08,  0x82, 0x08,  0x82, 0x08,  0x82, 0x08,  0x82, 0x08,  0x82, 0x08,
  0x03, 0x11,  0x45, 0x1b,  0x66, 0x1b,  0x66, 0x1b,  0x86, 0x1b,  0xe6, 0x23,  0x26, 0x24,  0x26, 0x24,
  0xc6, 0x23,  0x43, 0x11,  0x82, 0x08,  0x82, 0x08,  0x82, 0x08,  0x82, 0x08,  0x82, 0x08,  0x82, 0x08,
  0x82, 0x08,  0x82, 0x08,  0x82, 0x08,  0x82, 0x08,  0x82, 0x08,  0x82, 0x08,  0x82, 0x08,  0x82, 0x08,
  0x82, 0x08,  0x82, 0x08,  0x82, 0x08,  0x82, 0x08,  0x82, 0x08,  0x82, 0x08,  0x82, 0x08,  0x82, 0x08,
  0x82, 0x08,  0x82, 0x08,  0x82, 0x08,  0x82, 0x08,  0x82, 0x08,  0x82, 0x08,  0x23, 0x11,  0xa6, 0x23,
  0x26, 0x24,  0x26, 0x24,  0x06, 0x24,  0x86, 0x1b,  0x66, 0x1b,  0x66, 0x1b,  0x45, 0x1b,  0x03, 0x11,
  0x82, 0x08,  0x82, 0x08,  0x82, 0x08,  0x82, 0x08,  0x82, 0x08,  0x82, 0x08,  0x82, 0x08,  0x82, 0x08,
  0x82, 0x08,  0x82, 0x08,  0x82, 0x08,  0x82, 0x08,  0x82, 0x08,  0x82, 0x08,  0x82, 0x08,  0x82, 0x08,
  0x82, 0x08,  0x82, 0x08,  0x82, 0x08,  0x82, 0x08,  0x82, 0x08,  0x82, 0x08,  0x82, 0x08,  0x82, 0x08,
  0x82, 0x08,  0x82, 0x08,  0x82, 0x08,  0x82, 0x08,  0x82, 0x08,  0x82, 0x08,  0x82, 0x08,  0x82, 0x08,
  0x82, 0x08,  0x03, 0x09,  0x85, 0x1a,  0x25, 0x1b,  0x25, 0x1b,  0x85, 0x1a,  0xa5, 0x1a,  0x26, 0x24,
  0x26, 0x24,  0x06, 0x24,  0xe4, 0x11,  0x82, 0x08,  0x82, 0x08,  0x82, 0x08,  0x82, 0x08,  0x82, 0x08,
  0x82, 0x08,  0x82, 0x08,  0x82, 0x08,  0x82, 0x08,  0x82, 0x08,  0x82, 0x08,  0x82, 0x08,  0x82, 0x08,
  0x82, 0x08,  0x82, 0x08,  0x82, 0x08,  0x82, 0x08,  0x82, 0x08,  0x82, 0x08,  0x82, 0x08,  0x82, 0x08,
  0x82, 0x08,  0x82, 0x08,  0x82, 0x08,  0x82, 0x08,  0x82, 0x08,  0xc4, 0x11,  0x06, 0x24,  0x26, 0x24,
  0x26, 0x24,  0xe5, 0x1a,  0x85, 0x1a,  0x25, 0x1b,  0x25, 0x1b,  0x85, 0x1a,  0x03, 0x09,  0x82, 0x08,
  0x82, 0x08,  0x82, 0x08,  0x82, 0x08,  0x82, 0x08,  0x82, 0x08,  0x82, 0x08,  0x82, 0x08,  0x82, 0x08,
  0x82, 0x08,  0x82, 0x08,  0x82, 0x08,  0x82, 0x08,  0x82, 0x08,  0x82, 0x08,  0x82, 0x08,  0x82, 0x08,
  0x82, 0x08,  0x82, 0x08,  0x82, 0x08,  0x82, 0x08,  0x82, 0x08,  0x82, 0x08,  0x82, 0x08,  0x82, 0x08,
  0x82, 0x08,  0x82, 0x08,  0x82, 0x08,  0x82, 0x08,  0x82, 0x08,  0x82, 0x08,  0x82, 0x08,  0x82, 0x08,
  0x82, 0x08,  0x82, 0x08,  0x82, 0x08,  0x82, 0x08,  0x82, 0x08,  0x82, 0x08,  0x82, 0x08,  0xc4, 0x11,
  0x06, 0x24,  0x26, 0x24,  0x26, 0x24,  0xa5, 0x1a,  0x83, 0x08,  0x82, 0x08,  0x82, 0x08,  0x82, 0x08,
  0x82, 0x08,  0x82, 0x08,  0x82, 0x08,  0x82, 0x08,  0x82, 0x08,  0x82, 0x08,  0x82, 0x08,  0x82, 0x08,
  0x82, 0x08,  0x82, 0x08,  0x82, 0x08,  0x82, 0x08,  0x82, 0x08,  0x82, 0x08,  0x82, 0x08,  0x82, 0x08,
  0x82, 0x08,  0x82, 0x08,  0x82, 0x08,  0x83, 0x08,  0x65, 0x1a,  0x26, 0x24,  0x26, 0x24,  0x06, 0x24,
  0xe4, 0x11,  0x82, 0x08,  0x82, 0x08,  0x82, 0x08,  0x82, 0x08,  0x82, 0x08,  0x82, 0x08,  0x82, 0x08,
  0x82, 0x08,  0x82, 0x08,  0x82, 0x08,  0x82, 0x08,  0x82, 0x08,  0x82, 0x08,  0x82, 0x08,  0x82, 0x08,
  0x82, 0x08,  0x82, 0x08,  0x82, 0x08,  0x82, 0x08,  0x82, 0x08,  0x82, 0x08,  0x82, 0x08,  0x82, 0x08,
  0x82, 0x08,  0x82, 0x08,  0x82, 0x08,  0x82, 0x08,  0x82, 0x08,  0x82, 0x08,  0x82, 0x08,  0x82, 0x08,
  0x82, 0x08,  0x82, 0x08,  0x82, 0x08,  0x82, 0x08,  0x82, 0x08,  0x82, 0x08,  0x82, 0x08,  0x82, 0x08,
  0x82, 0x08,  0x82, 0x08,  0x82, 0x08,  0x82, 0x08,  0x82, 0x08,  0x82, 0x08,  0x82, 0x08,  0x82, 0x08,
  0x23, 0x11,  0xa6, 0x23,  0x26, 0x24,  0x26, 0x24,  0x45, 0x1b,  0xe3, 0x08,  0x82, 0x08,  0x82, 0x08,
  0x82, 0x08,  0x82, 0x08,  0x82, 0x08,  0x82, 0x08,  0x82, 0x08,  0x82, 0x08,  0x82, 0x08,  0x82, 0x08,
  0x82, 0x08,  0x82, 0x08,  0x82, 0x08,  0x82, 0x08,  0x82, 0x08,  0x82, 0x08,  0x82, 0x08,  0x82, 0x08,
  0x82, 0x08,  0x82, 0x08,  0xc3, 0x08,  0x25, 0x1b,  0x26, 0x24,  0x26, 0x24,  0xc6, 0x23,  0x43, 0x11,
  0x82, 0x08,  0x82, 0x08,  0x82, 0x08,  0x82, 0x08,  0x82, 0x08,  0x82, 0x08,  0x82, 0x08,  0x82, 0x08,
  0x82, 0x08,  0x82, 0x08,  0x82, 0x08,  0x82, 0x08,  0x82, 0x08,  0x82, 0x08,  0x82, 0x08,  0x82, 0x08,
  0x82, 0x08,  0x82, 0x08,  0x82, 0x08,  0x82, 0x08,  0x82, 0x08,  0x82, 0x08,  0x82, 0x08,  0x82, 0x08,
  0x82, 0x08,  0x82, 0x08,  0x82, 0x08,  0x82, 0x08,  0x82, 0x08,  0x82, 0x08,  0x82, 0x08,  0x82, 0x08,
  0x82, 0x08,  0x82, 0x08,  0x82, 0x08,  0x82, 0x08,  0x82, 0x08,  0x82, 0x08,  0x82, 0x08,  0x82, 0x08,
  0x82, 0x08,  0x82, 0x08,  0x82, 0x08,  0x82, 0x08,  0x82, 0x08,  0x82, 0x08,  0x82, 0x08,  0x82, 0x08,
  0x82, 0x08,  0xc3, 0x08,  0x25, 0x1b,  0x26, 0x24,  0x26, 0x24,  0xc6, 0x23,  0x43, 0x11,  0x82, 0x08,
  0x82, 0x08,  0x82, 0x08,  0x82, 0x08,  0x82, 0x08,  0x82, 0x08,  0x82, 0x08,  0x82, 0x08,  0x82, 0x08,
  0x82, 0x08,  0x82, 0x08,  0x82, 0x08,  0x82, 0x08,  0x82, 0x08,  0x82, 0x08,  0x82, 0x08,  0x82, 0x08,
  0x82, 0x08,  0x23, 0x11,  0xa6, 0x23,  0x26, 0x24,  0x26, 0x24,  0x45, 0x1b,  0xc3, 0x08,  0x82, 0x08,
  0x82, 0x08,  0x82, 0x08,  0x82, 0x08,  0x82, 0x08,  0x82, 0x08,  0x82, 0x08,  0x82, 0x08,  0x82, 0x08,
  0x82, 0x08,  0x82, 0x08,  0x82, 0x08,  0x82, 0x08,  0x82, 0x08,  0x82, 0x08,  0x82, 0x08,  0x82, 0x08,
  0x82, 0x08,  0x82, 0x08,  0x82, 0x08,  0x82, 0x08,  0x82, 0x08,  0x82, 0x08,  0x82, 0x08,  0x82, 0x08,
  0x82, 0x08,  0x82, 0x08,  0x82, 0x08,  0x82, 0x08,  0x82, 0x08,  0x82, 0x08,  0x82, 0x08,  0x82, 0x08,
  0x82, 0x08,  0x82, 0x08,  0x82, 0x08,  0x82, 0x08,  0x82, 0x08,  0x82, 0x08,  0x82, 0x08,  0x82, 0x08,
  0x82, 0x08,  0x82, 0x08,  0x82, 0x08,  0x82, 0x08,  0x82, 0x08,  0x82, 0x08,  0x82, 0x08,  0x82, 0x08,
  0x82, 0x08,  0x82, 0x08,  0x83, 0x08,  0x65, 0x1a,  0x26, 0x24,  0x26, 0x24,  0x06, 0x24,  0xe4, 0x11,
  0x82, 0x08,  0x82, 0x08,  0x82, 0x08,  0x82, 0x08,  0x82, 0x08,  0x82, 0x08,  0x82, 0x08,  0x82, 0x08,
  0x82, 0x08,  0x82, 0x08,  0x82, 0x08,  0x82, 0x08,  0x82, 0x08,  0x82, 0x08,  0x82, 0x08,  0x82, 0x08,
  0xc4, 0x11,  0x06, 0x24,  0x26, 0x24,  0x26, 0x24,  0xa5, 0x1a,  0x83, 0x08,  0x82, 0x08,  0x82, 0x08,
  0x82, 0x08,  0x82, 0x08,  0x82, 0x08,  0x82, 0x08,  0x82, 0x08,  0x82, 0x08,  0x82, 0x08,  0x82, 0x08,
  0x82, 0x08,  0x82, 0x08,  0x82, 0x08,  0x82, 0x08,  0x82, 0x08,  0x82, 0x08,  0x82, 0x08,  0x82, 0x08,
  0x82, 0x08,  0x82, 0x08,  0x82, 0x08,  0x82, 0x08,  0x82, 0x08,  0x82, 0x08,  0x82, 0x08,  0x82, 0x08,
  0x82, 0x08,  0x82, 0x08,  0x82, 0x08,  0x82, 0x08,  0x82, 0x08,  0x82, 0x08,  0x82, 0x08,  0x82, 0x08,
  0x82, 0x08,  0x82, 0x08,  0x82, 0x08,  0x82, 0x08,  0x82, 0x08,  0x82, 0x08,  0x82, 0x08,  0x82, 0x08,
  0x82, 0x08,  0x82, 0x08,  0x82, 0x08,  0x82, 0x08,  0x82, 0x08,  0x82, 0x08,  0x82, 0x08,  0x82, 0x08,
  0x82, 0x08,  0x82, 0x08,  0x82, 0x08,  0x82, 0x08,  0xc4, 0x11,  0x06, 0x24,  0x26, 0x24,  0x26, 0x24,
  0xa5, 0x1a,  0x83, 0x08,  0x82, 0x08,  0x82, 0x08,  0x82, 0x08,  0x82, 0x08,  0x82, 0x08,  0x82, 0x08,
  0x82, 0x08,  0x82, 0x08,  0x82, 0x08,  0x82, 0x08,  0x82, 0x08,  0x82, 0x08,  0x83, 0x08,  0x65, 0x1a,
  0x26, 0x24,  0x26, 0x24,  0x06, 0x24,  0xe4, 0x11,  0x82, 0x08,  0x82, 0x08,  0x82, 0x08,  0x82, 0x08,
  0x82, 0x08,  0x82, 0x08,  0x82, 0x08,  0x82, 0x08,  0x82, 0x08,  0x82, 0x08,  0x82, 0x08,  0x82, 0x08,
  0x82, 0x08,  0x82, 0x08,  0x82, 0x08,  0x82, 0x08,  0x82, 0x08,  0x82, 0x08,  0x82, 0x08,  0x82, 0x08,
  0x82, 0x08,  0x82, 0x08,  0x82, 0x08,  0x82, 0x08,  0x82, 0x08,  0x82, 0x08,  0x82, 0x08,  0x82, 0x08,
  0x82, 0x08,  0x82, 0x08,  0x82, 0x08,  0x82, 0x08,  0x82, 0x08,  0x82, 0x08,  0x82, 0x08,  0x82, 0x08,
  0x82, 0x08,  0x82, 0x08,  0x82, 0x08,  0x82, 0x08,  0x82, 0x08,  0x82, 0x08,  0x82, 0x08,  0x82, 0x08,
  0x82, 0x08,  0x82, 0x08,  0x82, 0x08,  0x82, 0x08,  0x82, 0x08,  0x82, 0x08,  0x82, 0x08,  0x82, 0x08,
  0x82, 0x08,  0x82, 0x08,  0x82, 0x08,  0x82, 0x08,  0x82, 0x08,  0x23, 0x11,  0xa6, 0x23,  0x26, 0x24,
  0x26, 0x24,  0x45, 0x1b,  0xe3, 0x08,  0x82, 0x08,  0x82, 0x08,  0x82, 0x08,  0x43, 0x11,  0xc4, 0x11,
  0xc4, 0x11,  0x43, 0x11,  0x82, 0x08,  0x82, 0x08,  0x82, 0x08,  0xc3, 0x08,  0x25, 0x1b,  0x26, 0x24,
  0x26, 0x24,  0xc6, 0x23,  0x43, 0x11,  0x82, 0x08,  0x82, 0x08,  0x82, 0x08,  0x82, 0x08,  0x82, 0x08,
  0x82, 0x08,  0x82, 0x08,  0x82, 0x08,  0x82, 0x08,  0x82, 0x08,  0x82, 0x08,  0x82, 0x08,  0x82, 0x08,
  0x82, 0x08,  0x82, 0x08,  0x82, 0x08,  0x82, 0x08,  0x82, 0x08,  0x82, 0x08,  0x82, 0x08,  0x82, 0x08,
  0x82, 0x08,  0x82, 0x08,  0x82, 0x08,  0x82, 0x08,  0x82, 0x08,  0x82, 0x08,  0x82, 0x08,  0x82, 0x08,
  0x82, 0x08,  0x82, 0x08,  0x82, 0x08,  0x82, 0x08,  0x82, 0x08,  0x82, 0x08,  0x82, 0x08,  0x82, 0x08,
  0x82, 0x08,  0x82, 0x08,  0x82, 0x08,  0x82, 0x08,  0x82, 0x08,  0x82, 0x08,  0x82, 0x08,  0x82, 0x08,
  0x82, 0x08,  0x82, 0x08,  0x82, 0x08,  0x82, 0x08,  0x82, 0x08,  0x82, 0x08,  0x82, 0x08,  0x82, 0x08,
  0x82, 0x08,  0x82, 0x08,  0x82, 0x08,  0x82, 0x08,  0x82, 0x08,  0x82, 0x08,  0xc3, 0x08,  0x25, 0x1b,
  0x26, 0x24,  0x26, 0x24,  0xc6, 0x23,  0x43, 0x11,  0xa4, 0x11,  0xa6, 0x23,  0x26, 0x24,  0x26, 0x24,
  0x26, 0x24,  0x26, 0x24,  0xa6, 0x23,  0xa4, 0x11,  0x23, 0x11,  0xa6, 0x23,  0x26, 0x24,  0x26, 0x24,
  0x45, 0x1b,  0xc3, 0x08,  0x82, 0x08,  0x82, 0x08,  0x82, 0x08,  0x82, 0x08,  0x82, 0x08,  0x82, 0x08,
  0x82, 0x08,  0x82, 0x08,  0x82, 0x08,  0x82, 0x08,  0x82, 0x08,  0x82, 0x08,  0x82, 0x08,  0x82, 0x08,
  0x82, 0x08,  0x82, 0x08,  0x82, 0x08,  0x82, 0x08,  0x82, 0x08,  0x82, 0x08,  0x82, 0x08,  0x82, 0x08,
  0x82, 0x08,  0x82, 0x08,  0x82, 0x08,  0x82, 0x08,  0x82, 0x08,  0x82, 0x08,  0x82, 0x08,  0x82, 0x08,
  0x82, 0x08,  0x82, 0x08,  0x82, 0x08,  0x82, 0x08,  0x82, 0x08,  0x82, 0x08,  0x82, 0x08,  0x82, 0x08,
  0x82, 0x08,  0x82, 0x08,  0x82, 0x08,  0x82, 0x08,  0x82, 0x08,  0x82, 0x08,  0x82, 0x08,  0x82, 0x08,
  0x82, 0x08,  0x82, 0x08,  0x82, 0x08,  0x82, 0x08,  0x82, 0x08,  0x82, 0x08,  0x82, 0x08,  0x82, 0x08,
  0x82, 0x08,  0x82, 0x08,  0x82, 0x08,  0x82, 0x08,  0x82, 0x08,  0x82, 0x08,  0x82, 0x08,  0x83, 0x08,
  0x65, 0x1a,  0x26, 0x24,  0x26, 0x24,  0x26, 0x24,  0x26, 0x24,  0x26, 0x24,  0x26, 0x24,  0x26, 0x24,
  0x26, 0x24,  0x26, 0x24,  0x26, 0x24,  0x26, 0x24,  0x06, 0x24,  0x26, 0x24,  0x26, 0x24,  0xa5, 0x1a,
  0x83, 0x08,  0x82, 0x08,  0x82, 0x08,  0x82, 0x08,  0x82, 0x08,  0x82, 0x08,  0x82, 0x08,  0x82, 0x08,
  0x82, 0x08,  0x82, 0x08,  0x82, 0x08,  0x82, 0x08,  0x82, 0x08,  0x82, 0x08,  0x82, 0x08,  0x82, 0x08,
  0x82, 0x08,  0x82, 0x08,  0x82, 0x08,  0x82, 0x08,  0x82, 0x08,  0x82, 0x08,  0x82, 0x08,  0x82, 0x08,
  0x82, 0x08,  0x82, 0x08,  0x82, 0x08,  0x82, 0x08,  0x82, 0x08,  0x82, 0x08,  0x82, 0x08,  0x82, 0x08,
  0x82, 0x08,  0x82, 0x08,  0x82, 0x08,  0x82, 0x08,  0x82, 0x08,  0x82, 0x08,  0x82, 0x08,  0x82, 0x08,
  0x82, 0x08,  0x82, 0x08,  0x82, 0x08,  0x82, 0x08,  0x82, 0x08,  0x82, 0x08,  0x82, 0x08,  0x82, 0x08,
  0x82, 0x08,  0x82, 0x08,  0x82, 0x08,  0x82, 0x08,  0x82, 0x08,  0x82, 0x08,  0x82, 0x08,  0x82, 0x08,
  0x82, 0x08,  0x82, 0x08,  0x82, 0x08,  0x82, 0x08,  0x82, 0x08,  0x82, 0x08,  0x82, 0x08,  0x82, 0x08,
  0x82, 0x08,  0xc4, 0x11,  0x06, 0x24,  0x26, 0x24,  0x26, 0x24,  0x26, 0x24,  0x26, 0x24,  0x26, 0x24,
  0x26, 0x24,  0x26, 0x24,  0x26, 0x24,  0x26, 0x24,  0x26, 0x24,  0x26, 0x24,  0xe4, 0x11,  0x82, 0x08,
  0x82, 0x08,  0x82, 0x08,  0x82, 0x08,  0x82, 0x08,  0x82, 0x08,  0x82, 0x08,  0x82, 0x08,  0x82, 0x08,
  0x82, 0x08,  0x82, 0x08,  0x82, 0x08,  0x82, 0x08,  0x82, 0x08,  0x82, 0x08,  0x82, 0x08,  0x82, 0x08,
  0x82, 0x08,  0x82, 0x08,  0x82, 0x08,  0x82, 0x08,  0x82, 0x08,  0x82, 0x08,  0x82, 0x08,  0x82, 0x08,
  0x82, 0x08,  0x82, 0x08,  0x82, 0x08,  0x82, 0x08,  0x82, 0x08,  0x82, 0x08,  0x82, 0x08,  0x82, 0x08,
  0x82, 0x08,  0x82, 0x08,  0x82, 0x08,  0x82, 0x08,  0x82, 0x08,  0x82, 0x08,  0x82, 0x08,  0x82, 0x08,
  0x82, 0x08,  0x82, 0x08,  0x82, 0x08,  0x82, 0x08,  0x82, 0x08,  0x82, 0x08,  0x82, 0x08,  0x82, 0x08,
  0x82, 0x08,  0x82, 0x08,  0x82, 0x08,  0x82, 0x08,  0x82, 0x08,  0x82, 0x08,  0x82, 0x08,  0x82, 0x08,
  0x82, 0x08,  0x82, 0x08,  0x82, 0x08,  0x82, 0x08,  0x82, 0x08,  0x82, 0x08,  0x82, 0x08,  0x82, 0x08,
  0x82, 0x08,  0x82, 0x08,  0xc6, 0x23,  0x26, 0x24,  0x26, 0x24,  0x26, 0x24,  0x26, 0x24,  0x26, 0x24,
  0x26, 0x24,  0x26, 0x24,  0x26, 0x24,  0x26, 0x24,  0x26, 0x24,  0xc6, 0x23,  0x82, 0x08,  0x82, 0x08,
  0x82, 0x08,  0x82, 0x08,  0x82, 0x08,  0x82, 0x08,  0x82, 0x08,  0x82, 0x08,  0x82, 0x08,  0x82, 0x08,
  0x82, 0x08,  0x82, 0x08,  0x82, 0x08,  0x82, 0x08,  0x82, 0x08,  0x82, 0x08,  0x82, 0x08,  0x82, 0x08,
  0x82, 0x08,  0x82, 0x08,  0x82, 0x08,  0x82, 0x08,  0x82, 0x08,  0x82, 0x08,  0x82, 0x08,  0x82, 0x08,
  0x82, 0x08,  0x82, 0x08,  0x82, 0x08,  0x82, 0x08,  0x82, 0x08,  0x82, 0x08,  0x82, 0x08,  0x82, 0x08,
  0x82, 0x08,  0x82, 0x08,  0x82, 0x08,  0x82, 0x08,  0x82, 0x08,  0x82, 0x08,  0x82, 0x08,  0x82, 0x08,
  0x82, 0x08,  0x82, 0x08,  0x82, 0x08,  0x82, 0x08,  0x82, 0x08,  0x82, 0x08,  0x82, 0x08,  0x82, 0x08,
  0x82, 0x08,  0x82, 0x08,  0x82, 0x08,  0x82, 0x08,  0x82, 0x08,  0x82, 0x08,  0x82, 0x08,  0x82, 0x08,
  0x82, 0x08,  0x82, 0x08,  0x82, 0x08,  0x82, 0x08,  0x82, 0x08,  0x82, 0x08,  0x82, 0x08,  0x82, 0x08,
  0x82, 0x08,  0x43, 0x11,  0x26, 0x24,  0x26, 0x24,  0x26, 0x24,  0x26, 0x24,  0x26, 0x24,  0x26, 0x24,
  0x26, 0x24,  0x26, 0x24,  0x26, 0x24,  0x26, 0x24,  0x26, 0x24,  0x26, 0x24,  0x43, 0x11,  0x82, 0x08,
  0x82, 0x08,  0x82, 0x08,  0x82, 0x08,  0x82, 0x08,  0x82, 0x08,  0x82, 0x08,  0x82, 0x08,  0x82, 0x08,
  0x82, 0x08,  0x82, 0x08,  0x82, 0x08,  0x82, 0x08,  0x82, 0x08,  0x82, 0x08,  0x82, 0x08,  0x82, 0x08,
  0x82, 0x08,  0x82, 0x08,  0x82, 0x08,  0x82, 0x08,  0x82, 0x08,  0x82, 0x08,  0x82, 0x08,  0x82, 0x08,
  0x82, 0x08,  0x82, 0x08,  0x82, 0x08,  0x82, 0x08,  0x82, 0x08,  0x82, 0x08,  0x82, 0x08,  0x82, 0x08,
  0x82, 0x08,  0x82, 0x08,  0x82, 0x08,  0x82, 0x08,  0x82, 0x08,  0x82, 0x08,  0x82, 0x08,  0x82, 0x08,
  0x82, 0x08,  0x82, 0x08,  0x82, 0x08,  0x82, 0x08,  0x82, 0x08,  0x82, 0x08,  0x82, 0x08,  0x82, 0x08,
  0x82, 0x08,  0x82, 0x08,  0x82, 0x08,  0x82, 0x08,  0x82, 0x08,  0x82, 0x08,  0x82, 0x08,  0x82, 0x08,
  0x82, 0x08,  0x82, 0x08,  0x82, 0x08,  0x82, 0x08,  0x82, 0x08,  0x82, 0x08,  0x82, 0x08,  0x82, 0x08,
  0x82, 0x08,  0xc4, 0x11,  0x26, 0x24,  0x26, 0x24,  0x26, 0x24,  0x26, 0x24,  0x26, 0x24,  0x26, 0x24,
  0x26, 0x24,  0x26, 0x24,  0x26, 0x24,  0x26, 0x24,  0x26, 0x24,  0x26, 0x24,  0xc4, 0x11,  0x82, 0x08,
  0x82, 0x08,  0x82, 0x08,  0x82, 0x08,  0x82, 0x08,  0x82, 0x08,  0x82, 0x08,  0x82, 0x08,  0x82, 0x08,
  0x82, 0x08,  0x82, 0x08,  0x82, 0x08,  0x82, 0x08,  0x82, 0x08,  0x82, 0x08,  0x82, 0x08,  0x82, 0x08,
  0x82, 0x08,  0x82, 0x08,  0x82, 0x08,  0x82, 0x08,  0x82, 0x08,  0x82, 0x08,  0x82, 0x08,  0x82, 0x08,
  0x82, 0x08,  0x82, 0x08,  0x82, 0x08,  0x82, 0x08,  0x82, 0x08,  0x82, 0x08,  0x82, 0x08,  0x82, 0x08,
  0x82, 0x08,  0x82, 0x08,  0x82, 0x08,  0x82, 0x08,  0x82, 0x08,  0x82, 0x08,  0x82, 0x08,  0x82, 0x08,
  0x82, 0x08,  0x82, 0x08,  0x82, 0x08,  0x82, 0x08,  0x82, 0x08,  0x82, 0x08,  0x82, 0x08,  0x82, 0x08,
  0x82, 0x08,  0x82, 0x08,  0x82, 0x08,  0x82, 0x08,  0x82, 0x08,  0x82, 0x08,  0x82, 0x08,  0x82, 0x08,
  0x82, 0x08,  0x82, 0x08,  0x82, 0x08,  0x82, 0x08,  0x82, 0x08,  0x82, 0x08,  0x82, 0x08,  0x82, 0x08,
  0x82, 0x08,  0x04, 0x12,  0x26, 0x24,  0x26, 0x24,  0x26, 0x24,  0x26, 0x24,  0x26, 0x24,  0x26, 0x24,
  0x26, 0x24,  0x26, 0x24,  0x26, 0x24,  0x26, 0x24,  0x26, 0x24,  0x26, 0x24,  0x04, 0x12,  0x82, 0x08,
  0x82, 0x08,  0x82, 0x08,  0x82, 0x08,  0x82, 0x08,  0x82, 0x08,  0x82, 0x08,  0x82, 0x08,  0x82, 0x08,
  0x82, 0x08,  0x82, 0x08,  0x82, 0x08,  0x82, 0x08,  0x82, 0x08,  0x82, 0x08,  0x82, 0x08,  0x82, 0x08,
  0x82, 0x08,  0x82, 0x08,  0x82, 0x08,  0x82, 0x08,  0x82, 0x08,  0x82, 0x08,  0x82, 0x08,  0x82, 0x08,
  0x82, 0x08,  0x82, 0x08,  0x82, 0x08,  0x82, 0x08,  0x82, 0x08,  0x82, 0x08,  0x82, 0x08,  0x82, 0x08,
  0x82, 0x08,  0x82, 0x08,  0x82, 0x08,  0x82, 0x08,  0x82, 0x08,  0x82, 0x08,  0x82, 0x08,  0x82, 0x08,
  0x82, 0x08,  0x82, 0x08,  0x82, 0x08,  0x82, 0x08,  0x82, 0x08,  0x82, 0x08,  0x82, 0x08,  0x82, 0x08,
  0x82, 0x08,  0x82, 0x08,  0x82, 0x08,  0x82, 0x08,  0x82, 0x08,  0x82, 0x08,  0x82, 0x08,  0x82, 0x08,
  0x82, 0x08,  0x82, 0x08,  0x82, 0x08,  0x82, 0x08,  0x82, 0x08,  0x82, 0x08,  0xe3, 0x10,  0x24, 0x12,
  0x45, 0x1b,  0x26, 0x24,  0x26, 0x24,  0x26, 0x24,  0x26, 0x24,  0x26, 0x24,  0x26, 0x24,  0x26, 0x24,
  0x26, 0x24,  0x26, 0x24,  0x26, 0x24,  0x26, 0x24,  0x26, 0x24,  0x26, 0x24,  0x26, 0x24,  0x45, 0x1b,
  0x24, 0x12,  0xe3, 0x10,  0x82, 0x08,  0x82, 0x08,  0x82, 0x08,  0x82, 0x08,  0x82, 0x08,  0x82, 0x08,
  0x82, 0x08,  0x82, 0x08,  0x82, 0x08,  0x82, 0x08,  0x82, 0x08,  0x82, 0x08,  0x82, 0x08,  0x82, 0x08,
  0x82, 0x08,  0x82, 0x08,  0x82, 0x08,  0x82, 0x08,  0x82, 0x08,  0x82, 0x08,  0x82, 0x08,  0x82, 0x08,
  0x82, 0x08,  0x82, 0x08,  0x82, 0x08,  0x82, 0x08,  0x82, 0x08,  0x82, 0x08,  0x82, 0x08,  0x82, 0x08,
  0x82, 0x08,  0x82, 0x08,  0x82, 0x08,  0x82, 0x08,  0x82, 0x08,  0x82, 0x08,  0x82, 0x08,  0x82, 0x08,
  0x82, 0x08,  0x82, 0x08,  0x82, 0x08,  0x82, 0x08,  0x82, 0x08,  0x82, 0x08,  0x82, 0x08,  0x82, 0x08,
  0x82, 0x08,  0x82, 0x08,  0x82, 0x08,  0x82, 0x08,  0x82, 0x08,  0x82, 0x08,  0x82, 0x08,  0x82, 0x08,
  0x82, 0x08,  0x82, 0x08,  0x82, 0x08,  0xc3, 0x08,  0xe4, 0x11,  0x05, 0x1b,  0x26, 0x24,  0x26, 0x24,
  0x26, 0x24,  0x26, 0x24,  0x26, 0x24,  0x26, 0x24,  0x26, 0x24,  0x26, 0x24,  0x26, 0x24,  0x26, 0x24,
  0x26, 0x24,  0x26, 0x24,  0x26, 0x24,  0x26, 0x24,  0x26, 0x24,  0x26, 0x24,  0x26, 0x24,  0x26, 0x24,
  0x26, 0x24,  0x26, 0x24,  0x45, 0x1b,  0x24, 0x12,  0xe3, 0x10,  0x82, 0x08,  0x82, 0x08,  0x82, 0x08,
  0x82, 0x08,  0x82, 0x08,  0x82, 0x08,  0x82, 0x08,  0x82, 0x08,  0x82, 0x08,  0x82, 0x08,  0x82, 0x08,
  0x82, 0x08,  0x82, 0x08,  0x82, 0x08,  0x82, 0x08,  0x82, 0x08,  0x82, 0x08,  0x82, 0x08,  0x82, 0x08,
  0x82, 0x08,  0x82, 0x08,  0x82, 0x08,  0x82, 0x08,  0x82, 0x08,  0x82, 0x08,  0x82, 0x08,  0x82, 0x08,
  0x82, 0x08,  0x82, 0x08,  0x82, 0x08,  0x82, 0x08,  0x82, 0x08,  0x82, 0x08,  0x82, 0x08,  0x82, 0x08,
  0x82, 0x08,  0x82, 0x08,  0x82, 0x08,  0x82, 0x08,  0x82, 0x08,  0x82, 0x08,  0x82, 0x08,  0x82, 0x08,
  0x82, 0x08,  0x82, 0x08,  0x82, 0x08,  0x82, 0x08,  0x82, 0x08,  0x82, 0x08,  0x82, 0x08,  0x82, 0x08,
  0xc3, 0x08,  0xe4, 0x11,  0x05, 0x1b,  0x26, 0x24,  0x26, 0x24,  0x26, 0x24,  0x26, 0x24,  0x26, 0x24,
  0x45, 0x1b,  0x24, 0x12,  0xe4, 0x11,  0x26, 0x24,  0x26, 0x24,  0x26, 0x24,  0x26, 0x24,  0x26, 0x24,
  0x26, 0x24,  0x26, 0x24,  0x26, 0x24,  0x26, 0x24,  0x26, 0x24,  0xe4, 0x11,  0xe4, 0x11,  0x05, 0x1b,
  0x26, 0x24,  0x26, 0x24,  0x26, 0x24,  0x26, 0x24,  0x26, 0x24,  0x45, 0x1b,  0x24, 0x12,  0xe3, 0x10,
  0x82, 0x08,  0x82, 0x08,  0x82, 0x08,  0x82, 0x08,  0x82, 0x08,  0x82, 0x08,  0x82, 0x08,  0x82, 0x08,
  0x82, 0x08,  0x82, 0x08,  0x82, 0x08,  0x82, 0x08,  0x82, 0x08,  0x82, 0x08,  0x82, 0x08,  0x82, 0x08,
  0x82, 0x08,  0x82, 0x08,  0x82, 0x08,  0x82, 0x08,  0x82, 0x08,  0x82, 0x08,  0x82, 0x08,  0x82, 0x08,
  0x82, 0x08,  0x82, 0x08,  0x82, 0x08,  0x82, 0x08,  0x82, 0x08,  0x82, 0x08,  0x82, 0x08,  0x82, 0x08,
  0x82, 0x08,  0x82, 0x08,  0x82, 0x08,  0x82, 0x08,  0x82, 0x08,  0x03, 0x11,  0x85, 0x1a,  0x25, 0x1b,
  0x25, 0x1b,  0x85, 0x1a,  0x03, 0x11,  0x82, 0x08,  0x82, 0x08,  0xc3, 0x08,  0xe4, 0x11,  0x05, 0x1b,
  0x26, 0x24,  0x26, 0x24,  0x26, 0x24,  0x26, 0x24,  0x26, 0x24,  0x45, 0x1b,  0x24, 0x12,  0xe3, 0x10,
  0x82, 0x08,  0x82, 0x08,  0x82, 0x08,  0x64, 0x1a,  0x26, 0x24,  0x26, 0x24,  0x26, 0x24,  0x26, 0x24,
  0x26, 0x24,  0x26, 0x24,  0x26, 0x24,  0x26, 0x24,  0x44, 0x1a,  0x82, 0x08,  0x82, 0x08,  0x82, 0x08,
  0xc3, 0x08,  0xe4, 0x11,  0x05, 0x1b,  0x26, 0x24,  0x26, 0x24,  0x26, 0x24,  0x26, 0x24,  0x26, 0x24,
  0x45, 0x1b,  0x24, 0x12,  0xe3, 0x10,  0x82, 0x08,  0x82, 0x08,  0x03, 0x11,  0x85, 0x1a,  0x25, 0x1b,
  0x25, 0x1b,  0x85, 0x1a,  0x03, 0x11,  0x82, 0x08,  0x82, 0x08,  0x82, 0x08,  0x82, 0x08,  0x82, 0x08,
  0x82, 0x08,  0x82, 0x08,  0x82, 0x08,  0x82, 0x08,  0x82, 0x08,  0x82, 0x08,  0x82, 0x08,  0x82, 0x08,
  0x82, 0x08,  0x82, 0x08,  0x82, 0x08,  0x82, 0x08,  0x82, 0x08,  0x82, 0x08,  0x82, 0x08,  0x82, 0x08,
  0x82, 0x08,  0x82, 0x08,  0x82, 0x08,  0x82, 0x08,  0x23, 0x11,  0x65, 0x1b,  0x66, 0x1b,  0x66, 0x1b,
  0x66, 0x1b,  0x66, 0x1b,  0x66, 0x1b,  0x44, 0x12,  0x05, 0x1b,  0x26, 0x24,  0x26, 0x24,  0x26, 0x24,
  0x26, 0x24,  0x26, 0x24,  0x45, 0x1b,  0x24, 0x12,  0xe3, 0x10,  0x82, 0x08,  0x82, 0x08,  0x82, 0x08,
  0x82, 0x08,  0x82, 0x08,  0x82, 0x08,  0x82, 0x08,  0xa4, 0x11,  0xa6, 0x23,  0x26, 0x24,  0x26, 0x24,
  0x26, 0x24,  0x26, 0x24,  0xa6, 0x23,  0xa4, 0x11,  0x82, 0x08,  0x82, 0x08,  0x82, 0x08,  0x82, 0x08,
  0x82, 0x08,  0x82, 0x08,  0x82, 0x08,  0xc3, 0x08,  0xe4, 0x11,  0x05, 0x1b,  0x26, 0x24,  0x26, 0x24,
  0x26, 0x24,  0x26, 0x24,  0x26, 0x24,  0x45, 0x1b,  0x85, 0x1a,  0x66, 0x1b,  0x66, 0x1b,  0x66, 0x1b,
  0x66, 0x1b,  0x66, 0x1b,  0x65, 0x1b,  0x23, 0x11,  0x82, 0x08,  0x82, 0x08,  0x82, 0x08,  0x82, 0x08,
  0x82, 0x08,  0x82, 0x08,  0x82, 0x08,  0x82, 0x08,  0x82, 0x08,  0x82, 0x08,  0x82, 0x08,  0x82, 0x08,
  0x82, 0x08,  0x82, 0x08,  0x82, 0x08,  0x82, 0x08,  0x82, 0x08,  0x82, 0x08,  0x82, 0x08,  0x82, 0x08,
  0x82, 0x08,  0x82, 0x08,  0x82, 0x08,  0x82, 0x08,  0xa5, 0x1a,  0x66, 0x1b,  0x66, 0x1b,  0x86, 0x1b,
  0xc6, 0x23,  0x06, 0x24,  0x26, 0x24,  0x26, 0x24,  0x26, 0x24,  0x26, 0x24,  0x26, 0x24,  0x45, 0x1b,
  0x24, 0x12,  0xe3, 0x10,  0x82, 0x08,  0x82, 0x08,  0x82, 0x08,  0x82, 0x08,  0x82, 0x08,  0x82, 0x08,
  0x82, 0x08,  0x82, 0x08,  0x82, 0x08,  0x82, 0x08,  0x82, 0x08,  0x82, 0x08,  0xc4, 0x11,  0x26, 0x24,
  0x26, 0x24,  0xc4, 0x11,  0x82, 0x08,  0x82, 0x08,  0x82, 0x08,  0x82, 0x08,  0x82, 0x08,  0x82, 0x08,
  0x82, 0x08,  0x82, 0x08,  0x82, 0x08,  0x82, 0x08,  0x82, 0x08,  0x82, 0x08,  0xe3, 0x10,  0x24, 0x12,
  0x45, 0x1b,  0x26, 0x24,  0x26, 0x24,  0x26, 0x24,  0x26, 0x24,  0x26, 0x24,  0x06, 0x24,  0xc6, 0x23,
  0x86, 0x1b,  0x66, 0x1b,  0x66, 0x1b,  0xa5, 0x1a,  0x82, 0x08,  0x82, 0x08,  0x82, 0x08,  0x82, 0x08,
  0x82, 0x08,  0x82, 0x08,  0x82, 0x08,  0x82, 0x08,  0x82, 0x08,  0x82, 0x08,  0x82, 0x08,  0x82, 0x08,
  0x82, 0x08,  0x82, 0x08,  0x82, 0x08,  0x82, 0x08,  0x82, 0x08,  0x82, 0x08,  0x82, 0x08,  0x82, 0x08,
  0x82, 0x08,  0x82, 0x08,  0x82, 0x08,  0x82, 0x08,  0x45, 0x1b,  0x66, 0x1b,  0x86, 0x1b,  0x26, 0x24,
  0x26, 0x24,  0x26, 0x24,  0x26, 0x24,  0x26, 0x24,  0x45, 0x1b,  0x24, 0x12,  0xe3, 0x10,  0x82, 0x08,
  0x82, 0x08,  0x82, 0x08,  0x82, 0x08,  0x82, 0x08,  0x82, 0x08,  0x82, 0x08,  0x82, 0x08,  0x82, 0x08,
  0x82, 0x08,  0x82, 0x08,  0x82, 0x08,  0x82, 0x08,  0x82, 0x08,  0x82, 0x08,  0x43, 0x11,  0x26, 0x24,
  0x26, 0x24,  0x43, 0x11,  0x82, 0x08,  0x82, 0x08,  0x82, 0x08,  0x82, 0x08,  0x82, 0x08,  0x82, 0x08,
  0x82, 0x08,  0x82, 0x08,  0x82, 0x08,  0x82, 0x08,  0x82, 0x08,  0x82, 0x08,  0x82, 0x08,  0x82, 0x08,
  0x82, 0x08,  0xe3, 0x10,  0x24, 0x12,  0x45, 0x1b,  0x26, 0x24,  0x26, 0x24,  0x26, 0x24,  0x26, 0x24,
  0x26, 0x24,  0x86, 0x1b,  0x66, 0x1b,  0x45, 0x1b,  0x82, 0x08,  0x82, 0x08,  0x82, 0x08,  0x82, 0x08,
  0x82, 0x08,  0x82, 0x08,  0x82, 0x08,  0x82, 0x08,  0x82, 0x08,  0x82, 0x08,  0x82, 0x08,  0x82, 0x08,
  0x82, 0x08,  0x82, 0x08,  0x82, 0x08,  0x82, 0x08,  0x82, 0x08,  0x82, 0x08,  0x82, 0x08,  0x82, 0x08,
  0x82, 0x08,  0x82, 0x08,  0x82, 0x08,  0x82, 0x08,  0x45, 0x1b,  0x66, 0x1b,  0x86, 0x1b,  0x26, 0x24,
  0x26, 0x24,  0x06, 0x24,  0xc6, 0x23,  0x65, 0x1b,  0x82, 0x08,  0x82, 0x08,  0x82, 0x08,  0x82, 0x08,
  0x82, 0x08,  0x82, 0x08,  0x82, 0x08,  0x82, 0x08,  0x82, 0x08,  0x82, 0x08,  0x82, 0x08,  0x82, 0x08,
  0x82, 0x08,  0x82, 0x08,  0x82, 0x08,  0x82, 0x08,  0x82, 0x08,  0x82, 0x08,  0x43, 0x11,  0x26, 0x24,
  0x26, 0x24,  0x43, 0x11,  0x82, 0x08,  0x82, 0x08,  0x82, 0x08,  0x82, 0x08,  0x82, 0x08,  0x82, 0x08,
  0x82, 0x08,  0x82, 0x08,  0x82, 0x08,  0x82, 0x08,  0x82, 0x08,  0x82, 0x08,  0x82, 0x08,  0x82, 0x08,
  0x82, 0x08,  0x82, 0x08,  0x82, 0x08,  0x82, 0x08,  0x65, 0x1b,  0xc6, 0x23,  0x06, 0x24,  0x26, 0x24,
  0x26, 0x24,  0x86, 0x1b,  0x66, 0x1b,  0x45, 0x1b,  0x82, 0x08,  0x82, 0x08,  0x82, 0x08,  0x82, 0x08,
  0x82, 0x08,  0x82, 0x08,  0x82, 0x08,  0x82, 0x08,  0x82, 0x08,  0x82, 0x08,  0x82, 0x08,  0x82, 0x08,
  0x82, 0x08,  0x82, 0x08,  0x82, 0x08,  0x82, 0x08,  0x82, 0x08,  0x82, 0x08,  0x82, 0x08,  0x82, 0x08,
  0x82, 0x08,  0x82, 0x08,  0x82, 0x08,  0x82, 0x08,  0xa5, 0x1a,  0x66, 0x1b,  0x66, 0x1b,  0x86, 0x1b,
  0x86, 0x1b,  0x66, 0x1b,  0x66, 0x1b,  0xa5, 0x1a,  0x82, 0x08,  0x82, 0x08,  0x82, 0x08,  0x82, 0x08,
  0x82, 0x08,  0x82, 0x08,  0x82, 0x08,  0x82, 0x08,  0x82, 0x08,  0x82, 0x08,  0x82, 0x08,  0x82, 0x08,
  0x82, 0x08,  0x82, 0x08,  0x82, 0x08,  0x82, 0x08,  0x82, 0x08,  0x82, 0x08,  0x43, 0x11,  0x26, 0x24,
  0x26, 0x24,  0x43, 0x11,  0x82, 0x08,  0x82, 0x08,  0x82, 0x08,  0x82, 0x08,  0x82, 0x08,  0x82, 0x08,
  0x82, 0x08,  0x82, 0x08,  0x82, 0x08,  0x82, 0x08,  0x82, 0x08,  0x82, 0x08,  0x82, 0x08,  0x82, 0x08,
  0x82, 0x08,  0x82, 0x08,  0x82, 0x08,  0x82, 0x08,  0xa5, 0x1a,  0x66, 0x1b,  0x66, 0x1b,  0x86, 0x1b,
  0x86, 0x1b,  0x66, 0x1b,  0x66, 0x1b,  0xa5, 0x1a,  0x82, 0x08,  0x82, 0x08,  0x82, 0x08,  0x82, 0x08,
  0x82, 0x08,  0x82, 0x08,  0x82, 0x08,  0x82, 0x08,  0x82, 0x08,  0x82, 0x08,  0x82, 0x08,  0x82, 0x08,
  0x82, 0x08,  0x82, 0x08,  0x82, 0x08,  0x82, 0x08,  0x82, 0x08,  0x82, 0x08,  0x82, 0x08,  0x82, 0x08,
  0x82, 0x08,  0x82, 0x08,  0x82, 0x08,  0x82, 0x08,  0x03, 0x11,  0x45, 0x1b,  0x66, 0x1b,  0x66, 0x1b,
  0x66, 0x1b,  0x66, 0x1b,  0x45, 0x1b,  0x03, 0x11,  0x82, 0x08,  0x82, 0x08,  0x82, 0x08,  0x82, 0x08,
  0x82, 0x08,  0x82, 0x08,  0x82, 0x08,  0x82, 0x08,  0x82, 0x08,  0x82, 0x08,  0x82, 0x08,  0x82, 0x08,
  0x82, 0x08,  0x82, 0x08,  0x82, 0x08,  0x82, 0x08,  0x82, 0x08,  0x82, 0x08,  0x43, 0x11,  0x26, 0x24,
  0x26, 0x24,  0x43, 0x11,  0x82, 0x08,  0x82, 0x08,  0x82, 0x08,  0x82, 0x08,  0x82, 0x08,  0x82, 0x08,
  0x82, 0x08,  0x82, 0x08,  0x82, 0x08,  0x82, 0x08,  0x82, 0x08,  0x82, 0x08,  0x82, 0x08,  0x82, 0x08,
  0x82, 0x08,  0x82, 0x08,  0x82, 0x08,  0x82, 0x08,  0x03, 0x11,  0x45, 0x1b,  0x66, 0x1b,  0x66, 0x1b,
  0x66, 0x1b,  0x66, 0x1b,  0x45, 0x1b,  0x03, 0x11,  0x82, 0x08,  0x82, 0x08,  0x82, 0x08,  0x82, 0x08,
  0x82, 0x08,  0x82, 0x08,  0x82, 0x08,  0x82, 0x08,  0x82, 0x08,  0x82, 0x08,  0x82, 0x08,  0x82, 0x08,
  0x82, 0x08,  0x82, 0x08,  0x82, 0x08,  0x82, 0x08,  0x82, 0x08,  0x82, 0x08,  0x82, 0x08,  0x82, 0x08,
  0x82, 0x08,  0x82, 0x08,  0x82, 0x08,  0x82, 0x08,  0x82, 0x08,  0x03, 0x09,  0x85, 0x1a,  0x25, 0x1b,
  0x25, 0x1b,  0x85, 0x1a,  0x03, 0x09,  0x82, 0x08,  0x82, 0x08,  0x82, 0x08,  0x82, 0x08,  0x82, 0x08,
  0x82, 0x08,  0x82, 0x08,  0x82, 0x08,  0x82, 0x08,  0x82, 0x08,  0x82, 0x08,  0x82, 0x08,  0x82, 0x08,
  0x82, 0x08,  0x82, 0x08,  0x82, 0x08,  0x82, 0x08,  0x82, 0x08,  0x82, 0x08,  0x43, 0x11,  0x26, 0x24,
  0x26, 0x24,  0x43, 0x11,  0x82, 0x08,  0x82, 0x08,  0x82, 0x08,  0x82, 0x08,  0x82, 0x08,  0x82, 0x08,
  0x82, 0x08,  0x82, 0x08,  0x82, 0x08,  0x82, 0x08,  0x82, 0x08,  0x82, 0x08,  0x82, 0x08,  0x82, 0x08,
  0x82, 0x08,  0x82, 0x08,  0x82, 0x08,  0x82, 0x08,  0x82, 0x08,  0x03, 0x09,  0x85, 0x1a,  0x25, 0x1b,
  0x25, 0x1b,  0x85, 0x1a,  0x03, 0x09,  0x82, 0x08,  0x82, 0x08,  0x82, 0x08,  0x82, 0x08,  0x82, 0x08,
  0x82, 0x08,  0x82, 0x08,  0x82, 0x08,  0x82, 0x08,  0x82, 0x08,  0x82, 0x08,  0x82, 0x08,  0x82, 0x08,
  0x82, 0x08,  0x82, 0x08,  0x82, 0x08,  0x82, 0x08,  0x82, 0x08,  0x82, 0x08,  0x82, 0x08,  0x82, 0x08,
  0x82, 0x08,  0x82, 0x08,  0x82, 0x08,  0x82, 0x08,  0x82, 0x08,  0x82, 0x08,  0x82, 0x08,  0x82, 0x08,
  0x82, 0x08,  0x82, 0x08,  0x82, 0x08,  0x82, 0x08,  0x82, 0x08,  0x82, 0x08,  0x82, 0x08,  0x82, 0x08,
  0x82, 0x08,  0x82, 0x08,  0x82, 0x08,  0x82, 0x08,  0x82, 0x08,  0x82, 0x08,  0x82, 0x08,  0x82, 0x08,
  0x82, 0x08,  0x82, 0x08,  0x82, 0x08,  0x82, 0x08,  0x82, 0x08,  0x82, 0x08,  0x43, 0x11,  0x26, 0x24,
  0x26, 0x24,  0x43, 0x11,  0x82, 0x08,  0x82, 0x08,  0x82, 0x08,  0x82, 0x08,  0x82, 0x08,  0x82, 0x08,
  0x82, 0x08,  0x82, 0x08,  0x82, 0x08,  0x82, 0x08,  0x82, 0x08,  0x82, 0x08,  0x82, 0x08,  0x82, 0x08,
  0x82, 0x08,  0x82, 0x08,  0x82, 0x08,  0x82, 0x08,  0x82, 0x08,  0x82, 0x08,  0x82, 0x08,  0x82, 0x08,
  0x82, 0x08,  0x82, 0x08,  0x82, 0x08,  0x82, 0x08,  0x82, 0x08,  0x82, 0x08,  0x82, 0x08,  0x82, 0x08,
  0x82, 0x08,  0x82, 0x08,  0x82, 0x08,  0x82, 0x08,  0x82, 0x08,  0x82, 0x08,  0x82, 0x08,  0x82, 0x08,
  0x82, 0x08,  0x82, 0x08,  0x82, 0x08,  0x82, 0x08,  0x82, 0x08,  0x82, 0x08,  0x82, 0x08,  0x82, 0x08,
  0x82, 0x08,  0x82, 0x08,  0x82, 0x08,  0x82, 0x08,  0x82, 0x08,  0x82, 0x08,  0x82, 0x08,  0x82, 0x08,
  0x82, 0x08,  0x82, 0x08,  0x82, 0x08,  0x82, 0x08,  0x82, 0x08,  0x82, 0x08,  0x82, 0x08,  0x82, 0x08,
  0x82, 0x08,  0x82, 0x08,  0x82, 0x08,  0x82, 0x08,  0x82, 0x08,  0x82, 0x08,  0x82, 0x08,  0x82, 0x08,
  0x82, 0x08,  0x82, 0x08,  0x82, 0x08,  0x82, 0x08,  0x82, 0x08,  0x82, 0x08,  0x43, 0x11,  0x26, 0x24,
  0x26, 0x24,  0x43, 0x11,  0x82, 0x08,  0x82, 0x08,  0x82, 0x08,  0x82, 0x08,  0x82, 0x08,  0x82, 0x08,
  0x82, 0x08,  0x82, 0x08,  0x82, 0x08,  0x82, 0x08,  0x82, 0x08,  0x82, 0x08,  0x82, 0x08,  0x82, 0x08,
  0x82, 0x08,  0x82, 0x08,  0x82, 0x08,  0x82, 0x08,  0x82, 0x08,  0x82, 0x08,  0x82, 0x08,  0x82, 0x08,
  0x82, 0x08,  0x82, 0x08,  0x82, 0x08,  0x82, 0x08,  0x82, 0x08,  0x82, 0x08,  0x82, 0x08,  0x82, 0x08,
  0x82, 0x08,  0x82, 0x08,  0x82, 0x08,  0x82, 0x08,  0x82, 0x08,  0x82, 0x08,  0x82, 0x08,  0x82, 0x08,
  0x82, 0x08,  0x82, 0x08,  0x82, 0x08,  0x82, 0x08,  0x82, 0x08,  0x82, 0x08,  0x82, 0x08,  0x82, 0x08,
  0x82, 0x08,  0x82, 0x08,  0x82, 0x08,  0x82, 0x08,  0x82, 0x08,  0x82, 0x08,  0x82, 0x08,  0x82, 0x08,
  0x82, 0x08,  0x82, 0x08,  0x82, 0x08,  0x82, 0x08,  0x82, 0x08,  0x82, 0x08,  0x82, 0x08,  0x82, 0x08,
  0x82, 0x08,  0x82, 0x08,  0x82, 0x08,  0x82, 0x08,  0x82, 0x08,  0x82, 0x08,  0x82, 0x08,  0x82, 0x08,
  0x82, 0x08,  0x82, 0x08,  0x82, 0x08,  0x82, 0x08,  0x82, 0x08,  0x82, 0x08,  0x43, 0x11,  0x26, 0x24,
  0x26, 0x24,  0x43, 0x11,  0x82, 0x08,  0x82, 0x08,  0x82, 0x08,  0x82, 0x08,  0x82, 0x08,  0x82, 0x08,
  0x82, 0x08,  0x82, 0x08,  0x82, 0x08,  0x82, 0x08,  0x82, 0x08,  0x82, 0x08,  0x82, 0x08,  0x82, 0x08,
  0x82, 0x08,  0x82, 0x08,  0x82, 0x08,  0x82, 0x08,  0x82, 0x08,  0x82, 0x08,  0x82, 0x08,  0x82, 0x08,
  0x82, 0x08,  0x82, 0x08,  0x82, 0x08,  0x82, 0x08,  0x82, 0x08,  0x82, 0x08,  0x82, 0x08,  0x82, 0x08,
  0x82, 0x08,  0x82, 0x08,  0x82, 0x08,  0x82, 0x08,  0x82, 0x08,  0x82, 0x08,  0x82, 0x08,  0x82, 0x08,
  0x82, 0x08,  0x82, 0x08,  0x82, 0x08,  0x82, 0x08,  0x82, 0x08,  0x82, 0x08,  0x82, 0x08,  0x82, 0x08,
  0x82, 0x08,  0x82, 0x08,  0x82, 0x08,  0x82, 0x08,  0x82, 0x08,  0x82, 0x08,  0x82, 0x08,  0x82, 0x08,
  0x82, 0x08,  0x82, 0x08,  0x82, 0x08,  0x82, 0x08,  0x82, 0x08,  0x82, 0x08,  0x82, 0x08,  0x82, 0x08,
  0x82, 0x08,  0x82, 0x08,  0x82, 0x08,  0x82, 0x08,  0x82, 0x08,  0x82, 0x08,  0x82, 0x08,  0x82, 0x08,
  0x82, 0x08,  0x82, 0x08,  0x82, 0x08,  0x82, 0x08,  0x82, 0x08,  0x82, 0x08,  0x43, 0x11,  0x26, 0x24,
  0x26, 0x24,  0x43, 0x11,  0x82, 0x08,  0x82, 0x08,  0x82, 0x08,  0x82, 0x08,  0x82, 0x08,  0x82, 0x08,
  0x82, 0x08,  0x82, 0x08,  0x82, 0x08,  0x82, 0x08,  0x82, 0x08,  0x82, 0x08,  0x82, 0x08,  0x82, 0x08,
  0x82, 0x08,  0x82, 0x08,  0x82, 0x08,  0x82, 0x08,  0x82, 0x08,  0x82, 0x08,  0x82, 0x08,  0x82, 0x08,
  0x82, 0x08,  0x82, 0x08,  0x82, 0x08,  0x82, 0x08,  0x82, 0x08,  0x82, 0x08,  0x82, 0x08,  0x82, 0x08,
  0x82, 0x08,  0x82, 0x08,  0x82, 0x08,  0x82, 0x08,  0x82, 0x08,  0x82, 0x08,  0x82, 0x08,  0x82, 0x08,
  0x82, 0x08,  0x82, 0x08,  0x82, 0x08,  0x82, 0x08,  0x82, 0x08,  0x82, 0x08,  0x82, 0x08,  0x82, 0x08,
  0x82, 0x08,  0x82, 0x08,  0x82, 0x08,  0x82, 0x08,  0x82, 0x08,  0x82, 0x08,  0x82, 0x08,  0x82, 0x08,
  0x82, 0x08,  0x82, 0x08,  0x82, 0x08,  0x82, 0x08,  0x82, 0x08,  0x82, 0x08,  0x82, 0x08,  0x82, 0x08,
  0x82, 0x08,  0x82, 0x08,  0x82, 0x08,  0x82, 0x08,  0x82, 0x08,  0x82, 0x08,  0x82, 0x08,  0x82, 0x08,
  0x82, 0x08,  0x82, 0x08,  0x82, 0x08,  0x82, 0x08,  0x82, 0x08,  0x82, 0x08,  0x43, 0x11,  0x26, 0x24,
  0x26, 0x24,  0x43, 0x11,  0x82, 0x08,  0x82, 0x08,  0x82, 0x08,  0x82, 0x08,  0x82, 0x08,  0x82, 0x08,
  0x82, 0x08,  0x82, 0x08,  0x82, 0x08,  0x82, 0x08,  0x82, 0x08,  0x82, 0x08,  0x82, 0x08,  0x82, 0x08,
  0x82, 0x08,  0x82, 0x08,  0x82, 0x08,  0x82, 0x08,  0x82, 0x08,  0x82, 0x08,  0x82, 0x08,  0x82, 0x08,
  0x82, 0x08,  0x82, 0x08,  0x82, 0x08,  0x82, 0x08,  0x82, 0x08,  0x82, 0x08,  0x82, 0x08,  0x82, 0x08,
  0x82, 0x08,  0x82, 0x08,  0x82, 0x08,  0x82, 0x08,  0x82, 0x08,  0x82, 0x08,  0x82, 0x08,  0x82, 0x08,
  0x82, 0x08,  0x82, 0x08,  0x82, 0x08,  0x82, 0x08,  0x82, 0x08,  0x82, 0x08,  0x82, 0x08,  0x82, 0x08,
  0x82, 0x08,  0x82, 0x08,  0x82, 0x08,  0x82, 0x08,  0x82, 0x08,  0x82, 0x08,  0x82, 0x08,  0x82, 0x08,
  0x82, 0x08,  0x82, 0x08,  0x82, 0x08,  0x82, 0x08,  0x82, 0x08,  0x82, 0x08,  0x82, 0x08,  0x82, 0x08,
  0x82, 0x08,  0x82, 0x08,  0x82, 0x08,  0x82, 0x08,  0x82, 0x08,  0x82, 0x08,  0x82, 0x08,  0x82, 0x08,
  0x82, 0x08,  0x82, 0x08,  0x82, 0x08,  0x82, 0x08,  0x82, 0x08,  0x82, 0x08,  0x43, 0x11,  0x26, 0x24,
  0x26, 0x24,  0x43, 0x11,  0x82, 0x08,  0x82, 0x08,  0x82, 0x08,  0x82, 0x08,  0x82, 0x08,  0x82, 0x08,
  0x82, 0x08,  0x82, 0x08,  0x82, 0x08,  0x82, 0x08,  0x82, 0x08,  0x82, 0x08,  0x82, 0x08,  0x82, 0x08,
  0x82, 0x08,  0x82, 0x08,  0x82, 0x08,  0x82, 0x08,  0x82, 0x08,  0x82, 0x08,  0x82, 0x08,  0x82, 0x08,
  0x82, 0x08,  0x82, 0x08,  0x82, 0x08,  0x82, 0x08,  0x82, 0x08,  0x82, 0x08,  0x82, 0x08,  0x82, 0x08,
  0x82, 0x08,  0x82, 0x08,  0x82, 0x08,  0x82, 0x08,  0x82, 0x08,  0x82, 0x08,  0x82, 0x08,  0x82, 0x08,
  0x82, 0x08,  0x82, 0x08,  0x82, 0x08,  0x82, 0x08,  0x82, 0x08,  0x82, 0x08,  0x82, 0x08,  0x82, 0x08,
  0x82, 0x08,  0x82, 0x08,  0x82, 0x08,  0x82, 0x08,  0x82, 0x08,  0x82, 0x08,  0x82, 0x08,  0x82, 0x08,
  0x82, 0x08,  0x82, 0x08,  0x82, 0x08,  0x82, 0x08,  0x82, 0x08,  0x82, 0x08,  0x82, 0x08,  0x82, 0x08,
  0x82, 0x08,  0x82, 0x08,  0x82, 0x08,  0x82, 0x08,  0x82, 0x08,  0x82, 0x08,  0x82, 0x08,  0x82, 0x08,
  0x82, 0x08,  0x82, 0x08,  0x82, 0x08,  0x82, 0x08,  0x82, 0x08,  0x82, 0x08,  0x43, 0x11,  0x26, 0x24,
  0x26, 0x24,  0x43, 0x11,  0x82, 0x08,  0x82, 0x08,  0x82, 0x08,  0x82, 0x08,  0x82, 0x08,  0x82, 0x08,
  0x82, 0x08,  0x82, 0x08,  0x82, 0x08,  0x82, 0x08,  0x82, 0x08,  0x82, 0x08,  0x82, 0x08,  0x82, 0x08,
  0x82, 0x08,  0x82, 0x08,  0x82, 0x08,  0x82, 0x08,  0x82, 0x08,  0x82, 0x08,  0x82, 0x08,  0x82, 0x08,
  0x82, 0x08,  0x82, 0x08,  0x82, 0x08,  0x82, 0x08,  0x82, 0x08,  0x82, 0x08,  0x82, 0x08,  0x82, 0x08,
  0x82, 0x08,  0x82, 0x08,  0x82, 0x08,  0x82, 0x08,  0x82, 0x08,  0x82, 0x08,  0x82, 0x08,  0x82, 0x08,
  0x82, 0x08,  0x82, 0x08,  0x82, 0x08,  0x82, 0x08,  0x82, 0x08,  0x82, 0x08,  0x82, 0x08,  0x82, 0x08,
  0x82, 0x08,  0x82, 0x08,  0x82, 0x08,  0x82, 0x08,  0x82, 0x08,  0x82, 0x08,  0x82, 0x08,  0x82, 0x08,
  0x82, 0x08,  0x82, 0x08,  0x82, 0x08,  0x82, 0x08,  0x82, 0x08,  0x82, 0x08,  0x82, 0x08,  0x82, 0x08,
  0x82, 0x08,  0x82, 0x08,  0x82, 0x08,  0x82, 0x08,  0x82, 0x08,  0x82, 0x08,  0x82, 0x08,  0x82, 0x08,
  0x82, 0x08,  0x82, 0x08,  0x82, 0x08,  0x82, 0x08,  0x82, 0x08,  0x82, 0x08,  0x43, 0x11,  0x26, 0x24,
  0x26, 0x24,  0x43, 0x11,  0x82, 0x08,  0x82, 0x08,  0x82, 0x08,  0x82, 0x08,  0x82, 0x08,  0x82, 0x08,
  0x82, 0x08,  0x82, 0x08,  0x82, 0x08,  0x82, 0x08,  0x82, 0x08,  0x82, 0x08,  0x82, 0x08,  0x82, 0x08,
  0x82, 0x08,  0x82, 0x08,  0x82, 0x08,  0x82, 0x08,  0x82, 0x08,  0x82, 0x08,  0x82, 0x08,  0x82, 0x08,
  0x82, 0x08,  0x82, 0x08,  0x82, 0x08,  0x82, 0x08,  0x82, 0x08,  0x82, 0x08,  0x82, 0x08,  0x82, 0x08,
  0x82, 0x08,  0x82, 0x08,  0x82, 0x08,  0x82, 0x08,  0x82, 0x08,  0x82, 0x08,  0x82, 0x08,  0x82, 0x08,
  0x82, 0x08,  0x82, 0x08,  0x82, 0x08,  0x82, 0x08,  0x82, 0x08,  0x82, 0x08,  0x82, 0x08,  0x82, 0x08,
  0x82, 0x08,  0x82, 0x08,  0x82, 0x08,  0x82, 0x08,  0x82, 0x08,  0x82, 0x08,  0x82, 0x08,  0x82, 0x08,
  0x82, 0x08,  0x82, 0x08,  0x82, 0x08,  0x82, 0x08,  0x82, 0x08,  0x82, 0x08,  0x82, 0x08,  0x82, 0x08,
  0x82, 0x08,  0x82, 0x08,  0x82, 0x08,  0x82, 0x08,  0x82, 0x08,  0x82, 0x08,  0x82, 0x08,  0x82, 0x08,
  0x82, 0x08,  0x82, 0x08,  0x82, 0x08,  0x82, 0x08,  0x82, 0x08,  0x03, 0x11,  0xe5, 0x1a,  0x26, 0x24,
  0x26, 0x24,  0xe5, 0x1a,  0x03, 0x11,  0x82, 0x08,  0x82, 0x08,  0x82, 0x08,  0x82, 0x08,  0x82, 0x08,
  0x82, 0x08,  0x82, 0x08,  0x82, 0x08,  0x82, 0x08,  0x82, 0x08,  0x82, 0x08,  0x82, 0x08,  0x82, 0x08,
  0x82, 0x08,  0x82, 0x08,  0x82, 0x08,  0x82, 0x08,  0x82, 0x08,  0x82, 0x08,  0x82, 0x08,  0x82, 0x08,
  0x82, 0x08,  0x82, 0x08,  0x82, 0x08,  0x82, 0x08,  0x82, 0x08,  0x82, 0x08,  0x82, 0x08,  0x82, 0x08,
  0x82, 0x08,  0x82, 0x08,  0x82, 0x08,  0x82, 0x08,  0x82, 0x08,  0x82, 0x08,  0x82, 0x08,  0x82, 0x08,
  0x82, 0x08,  0x82, 0x08,  0x82, 0x08,  0x82, 0x08,  0x82, 0x08,  0x82, 0x08,  0x82, 0x08,  0x82, 0x08,
  0x82, 0x08,  0x82, 0x08,  0x82, 0x08,  0x82, 0x08,  0x82, 0x08,  0x82, 0x08,  0x82, 0x08,  0x82, 0x08,
  0x82, 0x08,  0x82, 0x08,  0x82, 0x08,  0x82, 0x08,  0x82, 0x08,  0x82, 0x08,  0x82, 0x08,  0x82, 0x08,
  0x82, 0x08,  0x82, 0x08,  0x82, 0x08,  0x82, 0x08,  0x82, 0x08,  0x82, 0x08,  0x82, 0x08,  0x82, 0x08,
  0x82, 0x08,  0x82, 0x08,  0x82, 0x08,  0x82, 0x08,  0x23, 0x11,  0x65, 0x1b,  0x86, 0x1b,  0x26, 0x24,
  0x26, 0x24,  0x86, 0x1b,  0x65, 0x1b,  0x23, 0x11,  0x82, 0x08,  0x82, 0x08,  0x82, 0x08,  0x82, 0x08,
  0x82, 0x08,  0x82, 0x08,  0x82, 0x08,  0x82, 0x08,  0x82, 0x08,  0x82, 0x08,  0x82, 0x08,  0x82, 0x08,
  0x82, 0x08,  0x82, 0x08,  0x82, 0x08,  0x82, 0x08,  0x82, 0x08,  0x82, 0x08,  0x82, 0x08,  0x82, 0x08,
  0x82, 0x08,  0x82, 0x08,  0x82, 0x08,  0x82, 0x08,  0x82, 0x08,  0x82, 0x08,  0x82, 0x08,  0x82, 0x08,
  0x82, 0x08,  0x82, 0x08,  0x82, 0x08,  0x82, 0x08,  0x82, 0x08,  0x82, 0x08,  0x82, 0x08,  0x82, 0x08,
  0x82, 0x08,  0x82, 0x08,  0x82, 0x08,  0x82, 0x08,  0x82, 0x08,  0x82, 0x08,  0x82, 0x08,  0x82, 0x08,
  0x82, 0x08,  0x82, 0x08,  0x82, 0x08,  0x82, 0x08,  0x82, 0x08,  0x82, 0x08,  0x82, 0x08,  0x82, 0x08,
  0x82, 0x08,  0x82, 0x08,  0x82, 0x08,  0x82, 0x08,  0x82, 0x08,  0x82, 0x08,  0x82, 0x08,  0x82, 0x08,
  0x82, 0x08,  0x82, 0x08,  0x82, 0x08,  0x82, 0x08,  0x82, 0x08,  0x82, 0x08,  0x82, 0x08,  0x82, 0x08,
  0x82, 0x08,  0x82, 0x08,  0x82, 0x08,  0x82, 0x08,  0xa5, 0x1a,  0x66, 0x1b,  0x86, 0x1b,  0x26, 0x24,
  0x26, 0x24,  0x86, 0x1b,  0x66, 0x1b,  0xa5, 0x1a,  0x82, 0x08,  0x82, 0x08,  0x82, 0x08,  0x82, 0x08,
  0x82, 0x08,  0x82, 0x08,  0x82, 0x08,  0x82, 0x08,  0x82, 0x08,  0x82, 0x08,  0x82, 0x08,  0x82, 0x08,
  0x82, 0x08,  0x82, 0x08,  0x82, 0x08,  0x82, 0x08,  0x82, 0x08,  0x82, 0x08,  0x82, 0x08,  0x82, 0x08,
  0x82, 0x08,  0x82, 0x08,  0x82, 0x08,  0x82, 0x08,  0x82, 0x08,  0x82, 0x08,  0x82, 0x08,  0x82, 0x08,
  0x82, 0x08,  0x82, 0x08,  0x82, 0x08,  0x82, 0x08,  0x82, 0x08,  0x82, 0x08,  0x82, 0x08,  0x82, 0x08,
  0x82, 0x08,  0x82, 0x08,  0x82, 0x08,  0x82, 0x08,  0x82, 0x08,  0x82, 0x08,  0x82, 0x08,  0x82, 0x08,
  0x82, 0x08,  0x82, 0x08,  0x82, 0x08,  0x82, 0x08,  0x82, 0x08,  0x82, 0x08,  0x82, 0x08,  0x82, 0x08,
  0x82, 0x08,  0x82, 0x08,  0x82, 0x08,  0x82, 0x08,  0x82, 0x08,  0x82, 0x08,  0x82, 0x08,  0x82, 0x08,
  0x82, 0x08,  0x82, 0x08,  0x82, 0x08,  0x82, 0x08,  0x82, 0x08,  0x82, 0x08,  0x82, 0x08,  0x82, 0x08,
  0x82, 0x08,  0x82, 0x08,  0x82, 0x08,  0x82, 0x08,  0x45, 0x1b,  0x66, 0x1b,  0x86, 0x1b,  0x26, 0x24,
  0x26, 0x24,  0x86, 0x1b,  0x66, 0x1b,  0x45, 0x1b,  0x82, 0x08,  0x82, 0x08,  0x82, 0x08,  0x82, 0x08,
  0x82, 0x08,  0x82, 0x08,  0x82, 0x08,  0x82, 0x08,  0x82, 0x08,  0x82, 0x08,  0x82, 0x08,  0x82, 0x08,
  0x82, 0x08,  0x82, 0x08,  0x82, 0x08,  0x82, 0x08,  0x82, 0x08,  0x82, 0x08,  0x82, 0x08,  0x82, 0x08,
  0x82, 0x08,  0x82, 0x08,  0x82, 0x08,  0x82, 0x08,  0x82, 0x08,  0x82, 0x08,  0x82, 0x08,  0x82, 0x08,
  0x82, 0x08,  0x82, 0x08,  0x82, 0x08,  0x82, 0x08,  0x82, 0x08,  0x82, 0x08,  0x82, 0x08,  0x82, 0x08,
  0x82, 0x08,  0x82, 0x08,  0x82, 0x08,  0x82, 0x08,  0x82, 0x08,  0x82, 0x08,  0x82, 0x08,  0x82, 0x08,
  0x82, 0x08,  0x82, 0x08,  0x82, 0x08,  0x82, 0x08,  0x82, 0x08,  0x82, 0x08,  0x82, 0x08,  0x82, 0x08,
  0x82, 0x08,  0x82, 0x08,  0x82, 0x08,  0x82, 0x08,  0x82, 0x08,  0x82, 0x08,  0x82, 0x08,  0x82, 0x08,
  0x82, 0x08,  0x82, 0x08,  0x82, 0x08,  0x82, 0x08,  0x82, 0x08,  0x82, 0x08,  0x82, 0x08,  0x82, 0x08,
  0x82, 0x08,  0x82, 0x08,  0x82, 0x08,  0x82, 0x08,  0x45, 0x1b,  0x66, 0x1b,  0x86, 0x1b,  0x26, 0x24,
  0x26, 0x24,  0x86, 0x1b,  0x66, 0x1b,  0x45, 0x1b,  0x82, 0x08,  0x82, 0x08,  0x82, 0x08,  0x82, 0x08,
  0x82, 0x08,  0x82, 0x08,  0x82, 0x08,  0x82, 0x08,  0x82, 0x08,  0x82, 0x08,  0x82, 0x08,  0x82, 0x08,
  0x82, 0x08,  0x82, 0x08,  0x82, 0x08,  0x82, 0x08,  0x82, 0x08,  0x82, 0x08,  0x82, 0x08,  0x82, 0x08,
  0x82, 0x08,  0x82, 0x08,  0x82, 0x08,  0x82, 0x08,  0x82, 0x08,  0x82, 0x08,  0x82, 0x08,  0x82, 0x08,
  0x82, 0x08,  0x82, 0x08,  0x82, 0x08,  0x82, 0x08,  0x82, 0x08,  0x82, 0x08,  0x82, 0x08,  0x82, 0x08,
  0x82, 0x08,  0x82, 0x08,  0x82, 0x08,  0x82, 0x08,  0x82, 0x08,  0x82, 0x08,  0x82, 0x08,  0x82, 0x08,
  0x82, 0x08,  0x82, 0x08,  0x82, 0x08,  0x82, 0x08,  0x82, 0x08,  0x82, 0x08,  0x82, 0x08,  0x82, 0x08,
  0x82, 0x08,  0x82, 0x08,  0x82, 0x08,  0x82, 0x08,  0x82, 0x08,  0x82, 0x08,  0x82, 0x08,  0x82, 0x08,
  0x82, 0x08,  0x82, 0x08,  0x82, 0x08,  0x82, 0x08,  0x82, 0x08,  0x82, 0x08,  0x82, 0x08,  0x82, 0x08,
  0x82, 0x08,  0x82, 0x08,  0x82, 0x08,  0x82, 0x08,  0xa5, 0x1a,  0x66, 0x1b,  0x66, 0x1b,  0x86, 0x1b,
  0x86, 0x1b,  0x66, 0x1b,  0x66, 0x1b,  0xa5, 0x1a,  0x82, 0x08,  0x82, 0x08,  0x82, 0x08,  0x82, 0x08,
  0x82, 0x08,  0x82, 0x08,  0x82, 0x08,  0x82, 0x08,  0x82, 0x08,  0x82, 0x08,  0x82, 0x08,  0x82, 0x08,
  0x82, 0x08,  0x82, 0x08,  0x82, 0x08,  0x82, 0x08,  0x82, 0x08,  0x82, 0x08,  0x82, 0x08,  0x82, 0x08,
  0x82, 0x08,  0x82, 0x08,  0x82, 0x08,  0x82, 0x08,  0x82, 0x08,  0x82, 0x08,  0x82, 0x08,  0x82, 0x08,
  0x82, 0x08,  0x82, 0x08,  0x82, 0x08,  0x82, 0x08,  0x82, 0x08,  0x82, 0x08,  0x82, 0x08,  0x82, 0x08,
  0x83, 0x08,  0x82, 0x08,  0x82, 0x08,  0x82, 0x08,  0x82, 0x08,  0x82, 0x08,  0x82, 0x08,  0x82, 0x08,
  0x82, 0x08,  0x82, 0x08,  0x82, 0x08,  0x82, 0x08,  0x82, 0x08,  0x82, 0x08,  0x82, 0x08,  0x82, 0x08,
  0x82, 0x08,  0x82, 0x08,  0x82, 0x08,  0x82, 0x08,  0x82, 0x08,  0x82, 0x08,  0x82, 0x08,  0x82, 0x08,
  0x82, 0x08,  0x82, 0x08,  0x82, 0x08,  0x82, 0x08,  0x82, 0x08,  0x82, 0x08,  0x82, 0x08,  0x82, 0x08,
  0x82, 0x08,  0x82, 0x08,  0x82, 0x08,  0x82, 0x08,  0x03, 0x11,  0x45, 0x1b,  0x66, 0x1b,  0x66, 0x1b,
  0x66, 0x1b,  0x66, 0x1b,  0x45, 0x1b,  0x03, 0x11,  0x82, 0x08,  0x82, 0x08,  0x82, 0x08,  0x82, 0x08,
  0x82, 0x08,  0x82, 0x08,  0x82, 0x08,  0x82, 0x08,  0x82, 0x08,  0x82, 0x08,  0x82, 0x08,  0x82, 0x08,
  0x82, 0x08,  0x82, 0x08,  0x82, 0x08,  0x82, 0x08,  0x82, 0x08,  0x82, 0x08,  0x82, 0x08,  0x82, 0x08,
  0x82, 0x08,  0x82, 0x08,  0x82, 0x08,  0x82, 0x08,  0x82, 0x08,  0x82, 0x08,  0x82, 0x08,  0x82, 0x08,
  0x82, 0x08,  0x82, 0x08,  0x82, 0x08,  0x82, 0x08,  0x82, 0x08,  0x82, 0x08,  0x82, 0x08,  0x82, 0x08,
  0x83, 0x08,  0x82, 0x08,  0x82, 0x08,  0x82, 0x08,  0x82, 0x08,  0x82, 0x08,  0x82, 0x08,  0x82, 0x08,
  0x82, 0x08,  0x82, 0x08,  0x82, 0x08,  0x82, 0x08,  0x82, 0x08,  0x82, 0x08,  0x82, 0x08,  0x82, 0x08,
  0x82, 0x08,  0x82, 0x08,  0x82, 0x08,  0x82, 0x08,  0x82, 0x08,  0x82, 0x08,  0x82, 0x08,  0x82, 0x08,
  0x82, 0x08,  0x82, 0x08,  0x82, 0x08,  0x82, 0x08,  0x82, 0x08,  0x82, 0x08,  0x82, 0x08,  0x82, 0x08,
  0x82, 0x08,  0x82, 0x08,  0x82, 0x08,  0x82, 0x08,  0x82, 0x08,  0x03, 0x09,  0x85, 0x1a,  0x25, 0x1b,
  0x25, 0x1b,  0x85, 0x1a,  0x03, 0x09,  0x82, 0x08,  0x82, 0x08,  0x82, 0x08,  0x82, 0x08,  0x82, 0x08,
  0x82, 0x08,  0x82, 0x08,  0x82, 0x08,  0x82, 0x08,  0x82, 0x08,  0x82, 0x08,  0x82, 0x08,  0x82, 0x08,
  0x82, 0x08,  0x82, 0x08,  0x82, 0x08,  0x82, 0x08,  0x82, 0x08,  0x82, 0x08,  0x82, 0x08,  0x82, 0x08,
  0x82, 0x08,  0x82, 0x08,  0x82, 0x08,  0x82, 0x08,  0x82, 0x08,  0x82, 0x08,  0x82, 0x08,  0x82, 0x08,
  0x82, 0x08,  0x82, 0x08,  0x82, 0x08,  0x82, 0x08,  0x82, 0x08,  0x82, 0x08,  0x82, 0x08,  0x82, 0x08,
  0xa2, 0x08,  0x82, 0x08,  0x82, 0x08,  0x82, 0x08,  0x82, 0x08,  0x82, 0x08,  0x82, 0x08,  0x82, 0x08,
  0x82, 0x08,  0x82, 0x08,  0x82, 0x08,  0x82, 0x08,  0x82, 0x08,  0x82, 0x08,  0x82, 0x08,  0x82, 0x08,
  0x82, 0x08,  0x82, 0x08,  0x82, 0x08,  0x82, 0x08,  0x82, 0x08,  0x82, 0x08,  0x82, 0x08,  0x82, 0x08,
  0x82, 0x08,  0x82, 0x08,  0x82, 0x08,  0x82, 0x08,  0x82, 0x08,  0x82, 0x08,  0x82, 0x08,  0x82, 0x08,
  0x82, 0x08,  0x82, 0x08,  0x82, 0x08,  0x82, 0x08,  0x82, 0x08,  0x82, 0x08,  0x82, 0x08,  0x82, 0x08,
  0x82, 0x08,  0x82, 0x08,  0x82, 0x08,  0x82, 0x08,  0x82, 0x08,  0x82, 0x08,  0x82, 0x08,  0x82, 0x08,
  0x82, 0x08,  0x82, 0x08,  0x82, 0x08,  0x82, 0x08,  0x82, 0x08,  0x82, 0x08,  0x82, 0x08,  0x82, 0x08,
  0x82, 0x08,  0x82, 0x08,  0x82, 0x08,  0x82, 0x08,  0x82, 0x08,  0x82, 0x08,  0x82, 0x08,  0x82, 0x08,
  0x82, 0x08,  0x82, 0x08,  0x82, 0x08,  0x82, 0x08,  0x82, 0x08,  0x82, 0x08,  0x82, 0x08,  0x82, 0x08,
  0x82, 0x08,  0x82, 0x08,  0x82, 0x08,  0x82, 0x08,  0x82, 0x08,  0x82, 0x08,  0x82, 0x08,  0x83, 0x08,
  0x00, 0x00,  0x82, 0x08,  0x82, 0x08,  0x82, 0x08,  0x82, 0x08,  0x82, 0x08,  0x82, 0x08,  0x82, 0x08,
  0x82, 0x08,  0x82, 0x08,  0x82, 0x08,  0x82, 0x08,  0x82, 0x08,  0x82, 0x08,  0x82, 0x08,  0x82, 0x08,
  0x82, 0x08,  0x82, 0x08,  0x82, 0x08,  0x82, 0x08,  0x82, 0x08,  0x82, 0x08,  0x82, 0x08,  0x82, 0x08,
  0x82, 0x08,  0x82, 0x08,  0x82, 0x08,  0x82, 0x08,  0x82, 0x08,  0x82, 0x08,  0x82, 0x08,  0x82, 0x08,
  0x82, 0x08,  0x82, 0x08,  0x82, 0x08,  0x82, 0x08,  0x82, 0x08,  0x82, 0x08,  0x82, 0x08,  0x82, 0x08,
  0x82, 0x08,  0x82, 0x08,  0x82, 0x08,  0x82, 0x08,  0x82, 0x08,  0x82, 0x08,  0x82, 0x08,  0x82, 0x08,
  0x82, 0x08,  0x82, 0x08,  0x82, 0x08,  0x82, 0x08,  0x82, 0x08,  0x82, 0x08,  0x82, 0x08,  0x82, 0x08,
  0x82, 0x08,  0x82, 0x08,  0x82, 0x08,  0x82, 0x08,  0x82, 0x08,  0x82, 0x08,  0x82, 0x08,  0x82, 0x08,
  0x82, 0x08,  0x82, 0x08,  0x82, 0x08,  0x82, 0x08,  0x82, 0x08,  0x82, 0x08,  0x82, 0x08,  0x82, 0x08,
  0x82, 0x08,  0x82, 0x08,  0x82, 0x08,  0x82, 0x08,  0x82, 0x08,  0x82, 0x08,  0x82, 0x08,  0xa2, 0x10,
  0x00, 0x00,  0x83, 0x08,  0x82, 0x08,  0x82, 0x08,  0x82, 0x08,  0x82, 0x08,  0x82, 0x08,  0x82, 0x08,
  0x82, 0x08,  0x82, 0x08,  0x82, 0x08,  0x82, 0x08,  0x82, 0x08,  0x82, 0x08,  0x82, 0x08,  0x82, 0x08,
  0x82, 0x08,  0x82, 0x08,  0x82, 0x08,  0x82, 0x08,  0x82, 0x08,  0x82, 0x08,  0x82, 0x08,  0x82, 0x08,
  0x82, 0x08,  0x82, 0x08,  0x82, 0x08,  0x82, 0x08,  0x82, 0x08,  0x82, 0x08,  0x82, 0x08,  0x82, 0x08,
  0x82, 0x08,  0x82, 0x08,  0x82, 0x08,  0x82, 0x08,  0x82, 0x08,  0x82, 0x08,  0x82, 0x08,  0x82, 0x08,
  0x82, 0x08,  0x82, 0x08,  0x82, 0x08,  0x82, 0x08,  0x82, 0x08,  0x82, 0x08,  0x82, 0x08,  0x82, 0x08,
  0x82, 0x08,  0x82, 0x08,  0x82, 0x08,  0x82, 0x08,  0x82, 0x08,  0x82, 0x08,  0x82, 0x08,  0x82, 0x08,
  0x82, 0x08,  0x82, 0x08,  0x82, 0x08,  0x82, 0x08,  0x82, 0x08,  0x82, 0x08,  0x82, 0x08,  0x82, 0x08,
  0x82, 0x08,  0x82, 0x08,  0x82, 0x08,  0x82, 0x08,  0x82, 0x08,  0x82, 0x08,  0x82, 0x08,  0x82, 0x08,
  0x82, 0x08,  0x82, 0x08,  0x82, 0x08,  0x82, 0x08,  0x82, 0x08,  0x82, 0x08,  0x82, 0x08,  0x00, 0x00,
  0x00, 0x00,  0x00, 0x00,  0x82, 0x08,  0x82, 0x08,  0x82, 0x08,  0x82, 0x08,  0x82, 0x08,  0x82, 0x08,
  0x82, 0x08,  0x82, 0x08,  0x82, 0x08,  0x82, 0x08,  0x82, 0x08,  0x82, 0x08,  0x82, 0x08,  0x82, 0x08,
  0x82, 0x08,  0x82, 0x08,  0x82, 0x08,  0x82, 0x08,  0x82, 0x08,  0x82, 0x08,  0x82, 0x08,  0x82, 0x08,
  0x82, 0x08,  0x82, 0x08,  0x82, 0x08,  0x82, 0x08,  0x82, 0x08,  0x82, 0x08,  0x82, 0x08,  0x82, 0x08,
  0x82, 0x08,  0x82, 0x08,  0x82, 0x08,  0x82, 0x08,  0x82, 0x08,  0x82, 0x08,  0x82, 0x08,  0x82, 0x08,
  0x82, 0x08,  0x82, 0x08,  0x82, 0x08,  0x82, 0x08,  0x82, 0x08,  0x82, 0x08,  0x82, 0x08,  0x82, 0x08,
  0x82, 0x08,  0x82, 0x08,  0x82, 0x08,  0x82, 0x08,  0x82, 0x08,  0x82, 0x08,  0x82, 0x08,  0x82, 0x08,
  0x82, 0x08,  0x82, 0x08,  0x82, 0x08,  0x82, 0x08,  0x82, 0x08,  0x82, 0x08,  0x82, 0x08,  0x82, 0x08,
  0x82, 0x08,  0x82, 0x08,  0x82, 0x08,  0x82, 0x08,  0x82, 0x08,  0x82, 0x08,  0x82, 0x08,  0x82, 0x08,
  0x82, 0x08,  0x82, 0x08,  0x82, 0x08,  0x82, 0x08,  0x82, 0x08,  0x82, 0x08,  0x62, 0x08,  0x00, 0x00,
  0x00, 0x00,  0x00, 0x00,  0x83, 0x08,  0x82, 0x08,  0x82, 0x08,  0x82, 0x08,  0x82, 0x08,  0x82, 0x08,
  0x82, 0x08,  0x82, 0x08,  0x82, 0x08,  0x82, 0x08,  0x82, 0x08,  0x82, 0x08,  0x82, 0x08,  0x82, 0x08,
  0x82, 0x08,  0x82, 0x08,  0x82, 0x08,  0x82, 0x08,  0x82, 0x08,  0x82, 0x08,  0x82, 0x08,  0x82, 0x08,
  0x82, 0x08,  0x82, 0x08,  0x82, 0x08,  0x82, 0x08,  0x82, 0x08,  0x82, 0x08,  0x82, 0x08,  0x82, 0x08,
  0x82, 0x08,  0x82, 0x08,  0x82, 0x08,  0x82, 0x08,  0x82, 0x08,  0x82, 0x08,  0x82, 0x08,  0x82, 0x08,
  0x82, 0x08,  0x82, 0x08,  0x82, 0x08,  0x82, 0x08,  0x82, 0x08,  0x82, 0x08,  0x82, 0x08,  0x82, 0x08,
  0x82, 0x08,  0x82, 0x08,  0x82, 0x08,  0x82, 0x08,  0x82, 0x08,  0x82, 0x08,  0x82, 0x08,  0x82, 0x08,
  0x82, 0x08,  0x82, 0x08,  0x82, 0x08,  0x82, 0x08,  0x82, 0x08,  0x82, 0x08,  0x82, 0x08,  0x82, 0x08,
  0x82, 0x08,  0x82, 0x08,  0x82, 0x08,  0x82, 0x08,  0x82, 0x08,  0x82, 0x08,  0x82, 0x08,  0x82, 0x08,
  0x82, 0x08,  0x82, 0x08,  0x82, 0x08,  0x82, 0x08,  0x82, 0x08,  0x82, 0x08,  0x00, 0x00,  0x00, 0x00,
  0x00, 0x00,  0x00, 0x00,  0x00, 0x00,  0x62, 0x08,  0x82, 0x08,  0x82, 0x08,  0x82, 0x08,  0x82, 0x08,
  0x82, 0x08,  0x82, 0x08,  0x82, 0x08,  0x82, 0x08,  0x82, 0x08,  0x82, 0x08,  0x82, 0x08,  0x82, 0x08,
  0x82, 0x08,  0x82, 0x08,  0x82, 0x08,  0x82, 0x08,  0x82, 0x08,  0x82, 0x08,  0x82, 0x08,  0x82, 0x08,
  0x82, 0x08,  0x82, 0x08,  0x82, 0x08,  0x82, 0x08,  0x82, 0x08,  0x82, 0x08,  0x82, 0x08,  0x82, 0x08,
  0x82, 0x08,  0x82, 0x08,  0x82, 0x08,  0x82, 0x08,  0x82, 0x08,  0x82, 0x08,  0x82, 0x08,  0x82, 0x08,
  0x82, 0x08,  0x82, 0x08,  0x82, 0x08,  0x82, 0x08,  0x82, 0x08,  0x82, 0x08,  0x82, 0x08,  0x82, 0x08,
  0x82, 0x08,  0x82, 0x08,  0x82, 0x08,  0x82, 0x08,  0x82, 0x08,  0x82, 0x08,  0x82, 0x08,  0x82, 0x08,
  0x82, 0x08,  0x82, 0x08,  0x82, 0x08,  0x82, 0x08,  0x82, 0x08,  0x82, 0x08,  0x82, 0x08,  0x82, 0x08,
  0x82, 0x08,  0x82, 0x08,  0x82, 0x08,  0x82, 0x08,  0x82, 0x08,  0x82, 0x08,  0x82, 0x08,  0x82, 0x08,
  0x82, 0x08,  0x82, 0x08,  0x82, 0x08,  0x82, 0x08,  0x82, 0x08,  0x04, 0x00,  0x00, 0x00,  0x00, 0x00,
  0x00, 0x00,  0x00, 0x00,  0x00, 0x00,  0x00, 0x00,  0x82, 0x08,  0x82, 0x08,  0x82, 0x08,  0x82, 0x08,
  0x82, 0x08,  0x82, 0x08,  0x82, 0x08,  0x82, 0x08,  0x82, 0x08,  0x82, 0x08,  0x82, 0x08,  0x82, 0x08,
  0x82, 0x08,  0x82, 0x08,  0x82, 0x08,  0x82, 0x08,  0x82, 0x08,  0x82, 0x08,  0x82, 0x08,  0x82, 0x08,
  0x82, 0x08,  0x82, 0x08,  0x82, 0x08,  0x82, 0x08,  0x82, 0x08,  0x82, 0x08,  0x82, 0x08,  0x82, 0x08,
  0x82, 0x08,  0x82, 0x08,  0x82, 0x08,  0x82, 0x08,  0x82, 0x08,  0x82, 0x08,  0x82, 0x08,  0x82, 0x08,
  0x82, 0x08,  0x82, 0x08,  0x82, 0x08,  0x82, 0x08,  0x82, 0x08,  0x82, 0x08,  0x82, 0x08,  0x82, 0x08,
  0x82, 0x08,  0x82, 0x08,  0x82, 0x08,  0x82, 0x08,  0x82, 0x08,  0x82, 0x08,  0x82, 0x08,  0x82, 0x08,
  0x82, 0x08,  0x82, 0x08,  0x82, 0x08,  0x82, 0x08,  0x82, 0x08,  0x82, 0x08,  0x82, 0x08,  0x82, 0x08,
  0x82, 0x08,  0x82, 0x08,  0x82, 0x08,  0x82, 0x08,  0x82, 0x08,  0x82, 0x08,  0x82, 0x08,  0x82, 0x08,
  0x82, 0x08,  0x82, 0x08,  0x82, 0x08,  0x82, 0x08,  0xa2, 0x08,  0x00, 0x00,  0x00, 0x00,  0x00, 0x00,
  0x00, 0x00,  0x00, 0x00,  0x00, 0x00,  0x00, 0x00,  0x00, 0x00,  0x83, 0x08,  0x82, 0x08,  0x82, 0x08,
  0x82, 0x08,  0x82, 0x08,  0x82, 0x08,  0x82, 0x08,  0x82, 0x08,  0x82, 0x08,  0x82, 0x08,  0x82, 0x08,
  0x82, 0x08,  0x82, 0x08,  0x82, 0x08,  0x82, 0x08,  0x82, 0x08,  0x82, 0x08,  0x82, 0x08,  0x82, 0x08,
  0x82, 0x08,  0x82, 0x08,  0x82, 0x08,  0x82, 0x08,  0x82, 0x08,  0x82, 0x08,  0x82, 0x08,  0x82, 0x08,
  0x82, 0x08,  0x82, 0x08,  0x82, 0x08,  0x82, 0x08,  0x82, 0x08,  0x82, 0x08,  0x82, 0x08,  0x82, 0x08,
  0x82, 0x08,  0x82, 0x08,  0x82, 0x08,  0x82, 0x08,  0x82, 0x08,  0x82, 0x08,  0x82, 0x08,  0x82, 0x08,
  0x82, 0x08,  0x82, 0x08,  0x82, 0x08,  0x82, 0x08,  0x82, 0x08,  0x82, 0x08,  0x82, 0x08,  0x82, 0x08,
  0x82, 0x08,  0x82, 0x08,  0x82, 0x08,  0x82, 0x08,  0x82, 0x08,  0x82, 0x08,  0x82, 0x08,  0x82, 0x08,
  0x82, 0x08,  0x82, 0x08,  0x82, 0x08,  0x82, 0x08,  0x82, 0x08,  0x82, 0x08,  0x82, 0x08,  0x82, 0x08,
  0x82, 0x08,  0x82, 0x08,  0x82, 0x08,  0x82, 0x08,  0x00, 0x00,  0x00, 0x00,  0x00, 0x00,  0x00, 0x00,
  0x00, 0x00,  0x00, 0x00,  0x00, 0x00,  0x00, 0x00,  0x00, 0x00,  0x00, 0x00,  0x83, 0x08,  0x82, 0x08,
  0x82, 0x08,  0x82, 0x08,  0x82, 0x08,  0x82, 0x08,  0x82, 0x08,  0x82, 0x08,  0x82, 0x08,  0x82, 0x08,
  0x82, 0x08,  0x82, 0x08,  0x82, 0x08,  0x82, 0x08,  0x82, 0x08,  0x82, 0x08,  0x82, 0x08,  0x82, 0x08,
  0x82, 0x08,  0x82, 0x08,  0x82, 0x08,  0x82, 0x08,  0x82, 0x08,  0x82, 0x08,  0x82, 0x08,  0x82, 0x08,
  0x82, 0x08,  0x82, 0x08,  0x82, 0x08,  0x82, 0x08,  0x82, 0x08,  0x82, 0x08,  0x82, 0x08,  0x82, 0x08,
  0x82, 0x08,  0x82, 0x08,  0x82, 0x08,  0x82, 0x08,  0x82, 0x08,  0x82, 0x08,  0x82, 0x08,  0x82, 0x08,
  0x82, 0x08,  0x82, 0x08,  0x82, 0x08,  0x82, 0x08,  0x82, 0x08,  0x82, 0x08,  0x82, 0x08,  0x82, 0x08,
  0x82, 0x08,  0x82, 0x08,  0x82, 0x08,  0x82, 0x08,  0x82, 0x08,  0x82, 0x08,  0x82, 0x08,  0x82, 0x08,
  0x82, 0x08,  0x82, 0x08,  0x82, 0x08,  0x82, 0x08,  0x82, 0x08,  0x82, 0x08,  0x82, 0x08,  0x82, 0x08,
  0x82, 0x08,  0x82, 0x08,  0xa2, 0x08,  0x00, 0x00,  0x00, 0x00,  0x00, 0x00,  0x00, 0x00,  0x00, 0x00,
  0x00, 0x00,  0x00, 0x00,  0x00, 0x00,  0x00, 0x00,  0x00, 0x00,  0x00, 0x00,  0x00, 0x00,  0x83, 0x08,
  0x82, 0x08,  0x82, 0x08,  0x82, 0x08,  0x82, 0x08,  0x82, 0x08,  0x82, 0x08,  0x82, 0x08,  0x82, 0x08,
  0x82, 0x08,  0x82, 0x08,  0x82, 0x08,  0x82, 0x08,  0x82, 0x08,  0x82, 0x08,  0x82, 0x08,  0x82, 0x08,
  0x82, 0x08,  0x82, 0x08,  0x82, 0x08,  0x82, 0x08,  0x82, 0x08,  0x82, 0x08,  0x82, 0x08,  0x82, 0x08,
  0x82, 0x08,  0x82, 0x08,  0x82, 0x08,  0x82, 0x08,  0x82, 0x08,  0x82, 0x08,  0x82, 0x08,  0x82, 0x08,
  0x82, 0x08,  0x82, 0x08,  0x82, 0x08,  0x82, 0x08,  0x82, 0x08,  0x82, 0x08,  0x82, 0x08,  0x82, 0x08,
  0x82, 0x08,  0x82, 0x08,  0x82, 0x08,  0x82, 0x08,  0x82, 0x08,  0x82, 0x08,  0x82, 0x08,  0x82, 0x08,
  0x82, 0x08,  0x82, 0x08,  0x82, 0x08,  0x82, 0x08,  0x82, 0x08,  0x82, 0x08,  0x82, 0x08,  0x82, 0x08,
  0x82, 0x08,  0x82, 0x08,  0x82, 0x08,  0x82, 0x08,  0x82, 0x08,  0x82, 0x08,  0x82, 0x08,  0x82, 0x08,
  0x82, 0x08,  0x04, 0x00,  0x00, 0x00,  0x00, 0x00,  0x00, 0x00,  0x00, 0x00,  0x00, 0x00,  0x00, 0x00,
  0x00, 0x00,  0x00, 0x00,  0x00, 0x00,  0x00, 0x00,  0x00, 0x00,  0x00, 0x00,  0x00, 0x00,  0x00, 0x00,
  0x00, 0x00,  0x82, 0x08,  0x82, 0x08,  0x82, 0x08,  0x82, 0x08,  0x82, 0x08,  0x82, 0x08,  0x82, 0x08,
  0x82, 0x08,  0x82, 0x08,  0x82, 0x08,  0x82, 0x08,  0x82, 0x08,  0x82, 0x08,  0x82, 0x08,  0x82, 0x08,
  0x82, 0x08,  0x82, 0x08,  0x82, 0x08,  0x82, 0x08,  0x82, 0x08,  0x82, 0x08,  0x82, 0x08,  0x82, 0x08,
  0x82, 0x08,  0x82, 0x08,  0x82, 0x08,  0x82, 0x08,  0x82, 0x08,  0x82, 0x08,  0x82, 0x08,  0x82, 0x08,
  0x82, 0x08,  0x82, 0x08,  0x82, 0x08,  0x82, 0x08,  0x82, 0x08,  0x82, 0x08,  0x82, 0x08,  0x82, 0x08,
  0x82, 0x08,  0x82, 0x08,  0x82, 0x08,  0x82, 0x08,  0x82, 0x08,  0x82, 0x08,  0x82, 0x08,  0x82, 0x08,
  0x82, 0x08,  0x82, 0x08,  0x82, 0x08,  0x82, 0x08,  0x82, 0x08,  0x82, 0x08,  0x82, 0x08,  0x82, 0x08,
  0x82, 0x08,  0x82, 0x08,  0x82, 0x08,  0x82, 0x08,  0x82, 0x08,  0x82, 0x08,  0x82, 0x08,  0x62, 0x08,
  0x00, 0x00,  0x00, 0x00,  0x00, 0x00,  0x00, 0x00,  0x00, 0x00,  0x00, 0x00,  0x00, 0x00,  0x00, 0x00,
  0x00, 0x00,  0x00, 0x00,  0x00, 0x00,  0x00, 0x00,  0x00, 0x00,  0x00, 0x00,  0x00, 0x00,  0x00, 0x00,
  0x00, 0x00,  0x00, 0x00,  0x00, 0x00,  0x83, 0x08,  0x82, 0x08,  0x82, 0x08,  0x82, 0x08,  0x82, 0x08,
  0x82, 0x08,  0x82, 0x08,  0x82, 0x08,  0x82, 0x08,  0x82, 0x08,  0x82, 0x08,  0x82, 0x08,  0x82, 0x08,
  0x82, 0x08,  0x82, 0x08,  0x82, 0x08,  0x82, 0x08,  0x82, 0x08,  0x82, 0x08,  0x82, 0x08,  0x82, 0x08,
  0x82, 0x08,  0x82, 0x08,  0x82, 0x08,  0x82, 0x08,  0x82, 0x08,  0x82, 0x08,  0x82, 0x08,  0x82, 0x08,
  0x82, 0x08,  0x82, 0x08,  0x82, 0x08,  0x82, 0x08,  0x82, 0x08,  0x82, 0x08,  0x82, 0x08,  0x82, 0x08,
  0x82, 0x08,  0x82, 0x08,  0x82, 0x08,  0x82, 0x08,  0x82, 0x08,  0x82, 0x08,  0x82, 0x08,  0x82, 0x08,
  0x82, 0x08,  0x82, 0x08,  0x82, 0x08,  0x82, 0x08,  0x82, 0x08,  0x82, 0x08,  0x82, 0x08,  0x82, 0x08,
  0x82, 0x08,  0x82, 0x08,  0x82, 0x08,  0x83, 0x08,  0x83, 0x08,  0xa2, 0x10,  0x00, 0x00,  0x00, 0x00,
  0x00, 0x00,  0x00, 0x00,  0x00, 0x00,  0x00, 0x00,  0x00, 0x00,  0x00, 0x00,  0x00, 0x00,  0x00, 0x00,
  /* Alpha data */
  0x00, 0x00, 0x00, 0x00, 0x00, 0x00, 0x00, 0x00, 0x00, 0x00, 0x0e, 0x59, 0x9b, 0xca, 0xea, 0xfa,
  0xff, 0xff, 0xff, 0xff, 0xff, 0xff, 0xff, 0xff, 0xff, 0xff, 0xff, 0xff, 0xff, 0xff, 0xff, 0xff,
  0xff, 0xff, 0xff, 0xff, 0xff, 0xff, 0xff, 0xff, 0xff, 0xff, 0xff, 0xff, 0xff, 0xff, 0xff, 0xff,
  0xff, 0xff, 0xff, 0xff, 0xff, 0xff, 0xff, 0xff, 0xff, 0xff, 0xff, 0xff, 0xff, 0xff, 0xff, 0xff,
  0xf7, 0xe8, 0xbd, 0x85, 0x37, 0x00, 0x00, 0x00, 0x00, 0x00, 0x00, 0x00, 0x00, 0x00, 0x00, 0x00,
  0x00, 0x00, 0x00, 0x00, 0x00, 0x00, 0x00, 0x00, 0x26, 0x9d, 0xf5, 0xff, 0xff, 0xff, 0xff, 0xff,
  0xff, 0xff, 0xff, 0xff, 0xff, 0xff, 0xff, 0xff, 0xff, 0xff, 0xff, 0xff, 0xff, 0xff, 0xff, 0xff,
  0xff, 0xff, 0xff, 0xff, 0xff, 0xff, 0xff, 0xff, 0xff, 0xff, 0xff, 0xff, 0xff, 0xff, 0xff, 0xff,
  0xff, 0xff, 0xff, 0xff, 0xff, 0xff, 0xff, 0xff, 0xff, 0xff, 0xff, 0xff, 0xff, 0xff, 0xff, 0xff,
  0xff, 0xff, 0xff, 0xff, 0xff, 0xd2, 0x5b, 0x02, 0x00, 0x00, 0x00, 0x00, 0x00, 0x00, 0x00, 0x00,
  0x00, 0x00, 0x00, 0x00, 0x00, 0x00, 0x09, 0x8c, 0xfb, 0xff, 0xff, 0xff, 0xff, 0xff, 0xff, 0xff,
  0xff, 0xff, 0xff, 0xff, 0xff, 0xff, 0xff, 0xff, 0xff, 0xff, 0xff, 0xff, 0xff, 0xff, 0xff, 0xff,
  0xff, 0xff, 0xff, 0xff, 0xff, 0xff, 0xff, 0xff, 0xff, 0xff, 0xff, 0xff, 0xff, 0xff, 0xff, 0xff,
  0xff, 0xff, 0xff, 0xff, 0xff, 0xff, 0xff, 0xff, 0xff, 0xff, 0xff, 0xff, 0xff, 0xff, 0xff, 0xff,
  0xff, 0xff, 0xff, 0xff, 0xff, 0xff, 0xff, 0xca, 0x2b, 0x00, 0x00, 0x00, 0x00, 0x00, 0x00, 0x00,
  0x00, 0x00, 0x00, 0x00, 0x00, 0x25, 0xd3, 0xff, 0xff, 0xff, 0xff, 0xff, 0xff, 0xff, 0xff, 0xff,
  0xff, 0xff, 0xff, 0xff, 0xff, 0xff, 0xff, 0xff, 0xff, 0xff, 0xff, 0xff, 0xff, 0xff, 0xff, 0xff,
  0xff, 0xff, 0xff, 0xff, 0xff, 0xff, 0xff, 0xff, 0xff, 0xff, 0xff, 0xff, 0xff, 0xff, 0xff, 0xff,
  0xff, 0xff, 0xff, 0xff, 0xff, 0xff, 0xff, 0xff, 0xff, 0xff, 0xff, 0xff, 0xff, 0xff, 0xff, 0xff,
  0xff, 0xff, 0xff, 0xff, 0xff, 0xff, 0xff, 0xff, 0xf7, 0x55, 0x00, 0x00, 0x00, 0x00, 0x00, 0x00,
  0x00, 0x00, 0x00, 0x00, 0x31, 0xea, 0xff, 0xff, 0xff, 0xff, 0xff, 0xff, 0xff, 0xff, 0xff, 0xff,
  0xff, 0xff, 0xff, 0xff, 0xff, 0xff, 0xff, 0xff, 0xff, 0xff, 0xff, 0xff, 0xff, 0xff, 0xff, 0xff,
  0xff, 0xff, 0xff, 0xff, 0xff, 0xff, 0xff, 0xff, 0xff, 0xff, 0xff, 0xff, 0xff, 0xff, 0xff, 0xff,
  0xff, 0xff, 0xff, 0xff, 0xff, 0xff, 0xff, 0xff, 0xff, 0xff, 0xff, 0xff, 0xff, 0xff, 0xff, 0xff,
  0xff, 0xff, 0xff, 0xff, 0xff, 0xff, 0xff, 0xff, 0xff, 0xfd, 0x6c, 0x00, 0x00, 0x00, 0x00, 0x00,
  0x00, 0x00, 0x00, 0x25, 0xea, 0xff, 0xff, 0xff, 0xff, 0xff, 0xff, 0xff, 0xff, 0xff, 0xff, 0xff,
  0xff, 0xff, 0xff, 0xff, 0xff, 0xff, 0xff, 0xff, 0xff, 0xff, 0xff, 0xff, 0xff, 0xff, 0xff, 0xff,
  0xff, 0xff, 0xff, 0xff, 0xff, 0xff, 0xff, 0xff, 0xff, 0xff, 0xff, 0xff, 0xff, 0xff, 0xff, 0xff,
  0xff, 0xff, 0xff, 0xff, 0xff, 0xff, 0xff, 0xff, 0xff, 0xff, 0xff, 0xff, 0xff, 0xff, 0xff, 0xff,
  0xff, 0xff, 0xff, 0xff, 0xff, 0xff, 0xff, 0xff, 0xff, 0xff, 0xff, 0x71, 0x00, 0x00, 0x00, 0x00,
  0x00, 0x00, 0x08, 0xd0, 0xff, 0xff, 0xff, 0xff, 0xff, 0xff, 0xff, 0xff, 0xff, 0xff, 0xff, 0xff,
  0xff, 0xff, 0xff, 0xff, 0xff, 0xff, 0xff, 0xff, 0xff, 0xff, 0xff, 0xff, 0xff, 0xff, 0xff, 0xff,
  0xff, 0xff, 0xff, 0xff, 0xff, 0xff, 0xff, 0xff, 0xff, 0xff, 0xff, 0xff, 0xff, 0xff, 0xff, 0xff,
  0xff, 0xff, 0xff, 0xff, 0xff, 0xff, 0xff, 0xff, 0xff, 0xff, 0xff, 0xff, 0xff, 0xff, 0xff, 0xff,
  0xff, 0xff, 0xff, 0xff, 0xff, 0xff, 0xff, 0xff, 0xff, 0xff, 0xff, 0xfd, 0x47, 0x00, 0x00, 0x00,
  0x00, 0x00, 0x8c, 0xff, 0xff, 0xff, 0xff, 0xff, 0xff, 0xff, 0xff, 0xff, 0xff, 0xff, 0xff, 0xff,
  0xff, 0xff, 0xff, 0xff, 0xff, 0xff, 0xff, 0xff, 0xff, 0xff, 0xff, 0xff, 0xff, 0xff, 0xff, 0xff,
  0xff, 0xff, 0xff, 0xff, 0xff, 0xff, 0xff, 0xff, 0xff, 0xff, 0xff, 0xff, 0xff, 0xff, 0xff, 0xff,
  0xff, 0xff, 0xff, 0xff, 0xff, 0xff, 0xff, 0xff, 0xff, 0xff, 0xff, 0xff, 0xff, 0xff, 0xff, 0xff,
  0xff, 0xff, 0xff, 0xff, 0xff, 0xff, 0xff, 0xff, 0xff, 0xff, 0xff, 0xff, 0xea, 0x1d, 0x00, 0x00,
  0x00, 0x26, 0xfb, 0xff, 0xff, 0xff, 0xff, 0xff, 0xff, 0xff, 0xff, 0xff, 0xff, 0xff, 0xff, 0xff,
  0xff, 0xff, 0xff, 0xff, 0xff, 0xff, 0xff, 0xff, 0xff, 0xff, 0xff, 0xff, 0xff, 0xff, 0xff, 0xff,
  0xff, 0xff, 0xff, 0xff, 0xff, 0xff, 0xff, 0xff, 0xff, 0xff, 0xff, 0xff, 0xff, 0xff, 0xff, 0xff,
  0xff, 0xff, 0xff, 0xff, 0xff, 0xff, 0xff, 0xff, 0xff, 0xff, 0xff, 0xff, 0xff, 0xff, 0xff, 0xff,
  0xff, 0xff, 0xff, 0xff, 0xff, 0xff, 0xff, 0xff, 0xff, 0xff, 0xff, 0xff, 0xff, 0xa7, 0x00, 0x00,
  0x00, 0x9d, 0xff, 0xff, 0xff, 0xff, 0xff, 0xff, 0xff, 0xff, 0xff, 0xff, 0xff, 0xff, 0xff, 0xff,
  0xff, 0xff, 0xff, 0xff, 0xff, 0xff, 0xff, 0xff, 0xff, 0xff, 0xff, 0xff, 0xff, 0xff, 0xff, 0xff,
  0xff, 0xff, 0xff, 0xff, 0xff, 0xff, 0xff, 0xff, 0xff, 0xff, 0xff, 0xff, 0xff, 0xff, 0xff, 0xff,
  0xff, 0xff, 0xff, 0xff, 0xff, 0xff, 0xff, 0xff, 0xff, 0xff, 0xff, 0xff, 0xff, 0xff, 0xff, 0xff,
  0xff, 0xff, 0xff, 0xff, 0xff, 0xff, 0xff, 0xff, 0xff, 0xff, 0xff, 0xff, 0xff, 0xfe, 0x35, 0x00,
  0x0e, 0xf5, 0xff, 0xff, 0xff, 0xff, 0xff, 0xff, 0xff, 0xff, 0xff, 0xff, 0xff, 0xff, 0xff, 0xff,
  0xff, 0xff, 0xff, 0xff, 0xff, 0xff, 0xff, 0xff, 0xff, 0xff, 0xff, 0xff, 0xff, 0xff, 0xff, 0xff,
  0xff, 0xff, 0xff, 0xff, 0xff, 0xff, 0xff, 0xff, 0xff, 0xff, 0xff, 0xff, 0xff, 0xff, 0xff, 0xff,
  0xff, 0xff, 0xff, 0xff, 0xff, 0xff, 0xff, 0xff, 0xff, 0xff, 0xff, 0xff, 0xff, 0xff, 0xff, 0xff,
  0xff, 0xff, 0xff, 0xff, 0xff, 0xff, 0xff, 0xff, 0xff, 0xff, 0xff, 0xff, 0xff, 0xff, 0xb8, 0x00,
  0x59, 0xff, 0xff, 0xff, 0xff, 0xff, 0xff, 0xff, 0xff, 0xff, 0xff, 0xff, 0xff, 0xff, 0xff, 0xff,
  0xff, 0xff, 0xff, 0xff, 0xff, 0xff, 0xff, 0xff, 0xff, 0xff, 0xff, 0xff, 0xff, 0xff, 0xff, 0xff,
  0xff, 0xff, 0xff, 0xff, 0xff, 0xff, 0xff, 0xff, 0xff, 0xff, 0xff, 0xff, 0xff, 0xff, 0xff, 0xff,
  0xff, 0xff, 0xff, 0xff, 0xff, 0xff, 0xff, 0xff, 0xff, 0xff, 0xff, 0xff, 0xff, 0xff, 0xff, 0xff,
  0xff, 0xff, 0xff, 0xff, 0xff, 0xff, 0xff, 0xff, 0xff, 0xff, 0xff, 0xff, 0xff, 0xff, 0xfc, 0x18,
  0x9b, 0xff, 0xff, 0xff, 0xff, 0xff, 0xff, 0xff, 0xff, 0xff, 0xff, 0xff, 0xff, 0xff, 0xff, 0xff,
  0xff, 0xff, 0xff, 0xff, 0xff, 0xff, 0xff, 0xff, 0xff, 0xff, 0xff, 0xff, 0xff, 0xff, 0xff, 0xff,
  0xff, 0xff, 0xff, 0xff, 0xff, 0xff, 0xff, 0xff, 0xff, 0xff, 0xff, 0xff, 0xff, 0xff, 0xff, 0xff,
  0xff, 0xff, 0xff, 0xff, 0xff, 0xff, 0xff, 0xff, 0xff, 0xff, 0xff, 0xff, 0xff, 0xff, 0xff, 0xff,
  0xff, 0xff, 0xff, 0xff, 0xff, 0xff, 0xff, 0xff, 0xff, 0xff, 0xff, 0xff, 0xff, 0xff, 0xff, 0x6b,
  0xca, 0xff, 0xff, 0xff, 0xff, 0xff, 0xff, 0xff, 0xff, 0xff, 0xff, 0xff, 0xff, 0xff, 0xff, 0xff,
  0xff, 0xff, 0xff, 0xff, 0xff, 0xff, 0xff, 0xff, 0xff, 0xff, 0xff, 0xff, 0xff, 0xff, 0xff, 0xff,
  0xff, 0xff, 0xff, 0xff, 0xff, 0xff, 0xff, 0xff, 0xff, 0xff, 0xff, 0xff, 0xff, 0xff, 0xff, 0xff,
  0xff, 0xff, 0xff, 0xff, 0xff, 0xff, 0xff, 0xff, 0xff, 0xff, 0xff, 0xff, 0xff, 0xff, 0xff, 0xff,
  0xff, 0xff, 0xff, 0xff, 0xff, 0xff, 0xff, 0xff, 0xff, 0xff, 0xff, 0xff, 0xff, 0xff, 0xff, 0xb5,
  0xeb, 0xff, 0xff, 0xff, 0xff, 0xff, 0xff, 0xff, 0xff, 0xff, 0xff, 0xff, 0xff, 0xff, 0xff, 0xff,
  0xff, 0xff, 0xff, 0xff, 0xff, 0xff, 0xff, 0xff, 0xff, 0xff, 0xff, 0xff, 0xff, 0xff, 0xff, 0xff,
  0xff, 0xff, 0xff, 0xff, 0xff, 0xff, 0xff, 0xff, 0xff, 0xff, 0xff, 0xff, 0xff, 0xff, 0xff, 0xff,
  0xff, 0xff, 0xff, 0xff, 0xff, 0xff, 0xff, 0xff, 0xff, 0xff, 0xff, 0xff, 0xff, 0xff, 0xff, 0xff,
  0xff, 0xff, 0xff, 0xff, 0xff, 0xff, 0xff, 0xff, 0xff, 0xff, 0xff, 0xff, 0xff, 0xff, 0xff, 0xe1,
  0xf9, 0xff, 0xff, 0xff, 0xff, 0xff, 0xff, 0xff, 0xff, 0xff, 0xff, 0xff, 0xff, 0xff, 0xff, 0xff,
  0xff, 0xff, 0xff, 0xff, 0xff, 0xff, 0xff, 0xff, 0xff, 0xff, 0xff, 0xff, 0xff, 0xff, 0xff, 0xff,
  0xff, 0xff, 0xff, 0xff, 0xff, 0xff, 0xff, 0xff, 0xff, 0xff, 0xff, 0xff, 0xff, 0xff, 0xff, 0xff,
  0xff, 0xff, 0xff, 0xff, 0xff, 0xff, 0xff, 0xff, 0xff, 0xff, 0xff, 0xff, 0xff, 0xff, 0xff, 0xff,
  0xff, 0xff, 0xff, 0xff, 0xff, 0xff, 0xff, 0xff, 0xff, 0xff, 0xff, 0xff, 0xff, 0xff, 0xff, 0xf8,
  0xff, 0xff, 0xff, 0xff, 0xff, 0xff, 0xff, 0xff, 0xff, 0xff, 0xff, 0xff, 0xff, 0xff, 0xff, 0xff,
  0xff, 0xff, 0xff, 0xff, 0xff, 0xff, 0xff, 0xff, 0xff, 0xff, 0xff, 0xff, 0xff, 0xff, 0xff, 0xff,
  0xff, 0xff, 0xff, 0xff, 0xff, 0xff, 0xff, 0xff, 0xff, 0xff, 0xff, 0xff, 0xff, 0xff, 0xff, 0xff,
  0xff, 0xff, 0xff, 0xff, 0xff, 0xff, 0xff, 0xff, 0xff, 0xff, 0xff, 0xff, 0xff, 0xff, 0xff, 0xff,
  0xff, 0xff, 0xff, 0xff, 0xff, 0xff, 0xff, 0xff, 0xff, 0xff, 0xff, 0xff, 0xff, 0xff, 0xff, 0xff,
  0xff, 0xff, 0xff, 0xff, 0xff, 0xff, 0xff, 0xff, 0xff, 0xff, 0xff, 0xff, 0xff, 0xff, 0xff, 0xff,
  0xff, 0xff, 0xff, 0xff, 0xff, 0xff, 0xff, 0xff, 0xff, 0xff, 0xff, 0xff, 0xff, 0xff, 0xff, 0xff,
  0xff, 0xff, 0xff, 0xff, 0xff, 0xff, 0xff, 0xff, 0xff, 0xff, 0xff, 0xff, 0xff, 0xff, 0xff, 0xff,
  0xff, 0xff, 0xff, 0xff, 0xff, 0xff, 0xff, 0xff, 0xff, 0xff, 0xff, 0xff, 0xff, 0xff, 0xff, 0xff,
  0xff, 0xff, 0xff, 0xff, 0xff, 0xff, 0xff, 0xff, 0xff, 0xff, 0xff, 0xff, 0xff, 0xff, 0xff, 0xff,
  0xff, 0xff, 0xff, 0xff, 0xff, 0xff, 0xff, 0xff, 0xff, 0xff, 0xff, 0xff, 0xff, 0xff, 0xff, 0xff,
  0xff, 0xff, 0xff, 0xff, 0xff, 0xff, 0xff, 0xff, 0xff, 0xff, 0xff, 0xff, 0xff, 0xff, 0xff, 0xff,
  0xff, 0xff, 0xff, 0xff, 0xff, 0xff, 0xff, 0xff, 0xff, 0xff, 0xff, 0xff, 0xff, 0xff, 0xff, 0xff,
  0xff, 0xff, 0xff, 0xff, 0xff, 0xff, 0xff, 0xff, 0xff, 0xff, 0xff, 0xff, 0xff, 0xff, 0xff, 0xff,
  0xff, 0xff, 0xff, 0xff, 0xff, 0xff, 0xff, 0xff, 0xff, 0xff, 0xff, 0xff, 0xff, 0xff, 0xff, 0xff,
  0xff, 0xff, 0xff, 0xff, 0xff, 0xff, 0xff, 0xff, 0xff, 0xff, 0xff, 0xff, 0xff, 0xff, 0xff, 0xff,
  0xff, 0xff, 0xff, 0xff, 0xff, 0xff, 0xff, 0xff, 0xff, 0xff, 0xff, 0xff, 0xff, 0xff, 0xff, 0xff,
  0xff, 0xff, 0xff, 0xff, 0xff, 0xff, 0xff, 0xff, 0xff, 0xff, 0xff, 0xff, 0xff, 0xff, 0xff, 0xff,
  0xff, 0xff, 0xff, 0xff, 0xff, 0xff, 0xff, 0xff, 0xff, 0xff, 0xff, 0xff, 0xff, 0xff, 0xff, 0xff,
  0xff, 0xff, 0xff, 0xff, 0xff, 0xff, 0xff, 0xff, 0xff, 0xff, 0xff, 0xff, 0xff, 0xff, 0xff, 0xff,
  0xff, 0xff, 0xff, 0xff, 0xff, 0xff, 0xff, 0xff, 0xff, 0xff, 0xff, 0xff, 0xff, 0xff, 0xff, 0xff,
  0xff, 0xff, 0xff, 0xff, 0xff, 0xff, 0xff, 0xff, 0xff, 0xff, 0xff, 0xff, 0xff, 0xff, 0xff, 0xff,
  0xff, 0xff, 0xff, 0xff, 0xff, 0xff, 0xff, 0xff, 0xff, 0xff, 0xff, 0xff, 0xff, 0xff, 0xff, 0xff,
  0xff, 0xff, 0xff, 0xff, 0xff, 0xff, 0xff, 0xff, 0xff, 0xff, 0xff, 0xff, 0xff, 0xff, 0xff, 0xff,
  0xff, 0xff, 0xff, 0xff, 0xff, 0xff, 0xff, 0xff, 0xff, 0xff, 0xff, 0xff, 0xff, 0xff, 0xff, 0xff,
  0xff, 0xff, 0xff, 0xff, 0xff, 0xff, 0xff, 0xff, 0xff, 0xff, 0xff, 0xff, 0xff, 0xff, 0xff, 0xff,
  0xff, 0xff, 0xff, 0xff, 0xff, 0xff, 0xff, 0xff, 0xff, 0xff, 0xff, 0xff, 0xff, 0xff, 0xff, 0xff,
  0xff, 0xff, 0xff, 0xff, 0xff, 0xff, 0xff, 0xff, 0xff, 0xff, 0xff, 0xff, 0xff, 0xff, 0xff, 0xff,
  0xff, 0xff, 0xff, 0xff, 0xff, 0xff, 0xff, 0xff, 0xff, 0xff, 0xff, 0xff, 0xff, 0xff, 0xff, 0xff,
  0xff, 0xff, 0xff, 0xff, 0xff, 0xff, 0xff, 0xff, 0xff, 0xff, 0xff, 0xff, 0xff, 0xff, 0xff, 0xff,
  0xff, 0xff, 0xff, 0xff, 0xff, 0xff, 0xff, 0xff, 0xff, 0xff, 0xff, 0xff, 0xff, 0xff, 0xff, 0xff,
  0xff, 0xff, 0xff, 0xff, 0xff, 0xff, 0xff, 0xff, 0xff, 0xff, 0xff, 0xff, 0xff, 0xff, 0xff, 0xff,
  0xff, 0xff, 0xff, 0xff, 0xff, 0xff, 0xff, 0xff, 0xff, 0xff, 0xff, 0xff, 0xff, 0xff, 0xff, 0xff,
  0xff, 0xff, 0xff, 0xff, 0xff, 0xff, 0xff, 0xff, 0xff, 0xff, 0xff, 0xff, 0xff, 0xff, 0xff, 0xff,
  0xff, 0xff, 0xff, 0xff, 0xff, 0xff, 0xff, 0xff, 0xff, 0xff, 0xff, 0xff, 0xff, 0xff, 0xff, 0xff,
  0xff, 0xff, 0xff, 0xff, 0xff, 0xff, 0xff, 0xff, 0xff, 0xff, 0xff, 0xff, 0xff, 0xff, 0xff, 0xff,
  0xff, 0xff, 0xff, 0xff, 0xff, 0xff, 0xff, 0xff, 0xff, 0xff, 0xff, 0xff, 0xff, 0xff, 0xff, 0xff,
  0xff, 0xff, 0xff, 0xff, 0xff, 0xff, 0xff, 0xff, 0xff, 0xff, 0xff, 0xff, 0xff, 0xff, 0xff, 0xff,
  0xff, 0xff, 0xff, 0xff, 0xff, 0xff, 0xff, 0xff, 0xff, 0xff, 0xff, 0xff, 0xff, 0xff, 0xff, 0xff,
  0xff, 0xff, 0xff, 0xff, 0xff, 0xff, 0xff, 0xff, 0xff, 0xff, 0xff, 0xff, 0xff, 0xff, 0xff, 0xff,
  0xff, 0xff, 0xff, 0xff, 0xff, 0xff, 0xff, 0xff, 0xff, 0xff, 0xff, 0xff, 0xff, 0xff, 0xff, 0xff,
  0xff, 0xff, 0xff, 0xff, 0xff, 0xff, 0xff, 0xff, 0xff, 0xff, 0xff, 0xff, 0xff, 0xff, 0xff, 0xff,
  0xff, 0xff, 0xff, 0xff, 0xff, 0xff, 0xff, 0xff, 0xff, 0xff, 0xff, 0xff, 0xff, 0xff, 0xff, 0xff,
  0xff, 0xff, 0xff, 0xff, 0xff, 0xff, 0xff, 0xff, 0xff, 0xff, 0xff, 0xff, 0xff, 0xff, 0xff, 0xff,
  0xff, 0xff, 0xff, 0xff, 0xff, 0xff, 0xff, 0xff, 0xff, 0xff, 0xff, 0xff, 0xff, 0xff, 0xff, 0xff,
  0xff, 0xff, 0xff, 0xff, 0xff, 0xff, 0xff, 0xff, 0xff, 0xff, 0xff, 0xff, 0xff, 0xff, 0xff, 0xff,
  0xff, 0xff, 0xff, 0xff, 0xff, 0xff, 0xff, 0xff, 0xff, 0xff, 0xff, 0xff, 0xff, 0xff, 0xff, 0xff,
  0xff, 0xff, 0xff, 0xff, 0xff, 0xff, 0xff, 0xff, 0xff, 0xff, 0xff, 0xff, 0xff, 0xff, 0xff, 0xff,
  0xff, 0xff, 0xff, 0xff, 0xff, 0xff, 0xff, 0xff, 0xff, 0xff, 0xff, 0xff, 0xff, 0xff, 0xff, 0xff,
  0xff, 0xff, 0xff, 0xff, 0xff, 0xff, 0xff, 0xff, 0xff, 0xff, 0xff, 0xff, 0xff, 0xff, 0xff, 0xff,
  0xff, 0xff, 0xff, 0xff, 0xff, 0xff, 0xff, 0xff, 0xff, 0xff, 0xff, 0xff, 0xff, 0xff, 0xff, 0xff,
  0xff, 0xff, 0xff, 0xff, 0xff, 0xff, 0xff, 0xff, 0xff, 0xff, 0xff, 0xff, 0xff, 0xff, 0xff, 0xff,
  0xff, 0xff, 0xff, 0xff, 0xff, 0xff, 0xff, 0xff, 0xff, 0xff, 0xff, 0xff, 0xff, 0xff, 0xff, 0xff,
  0xff, 0xff, 0xff, 0xff, 0xff, 0xff, 0xff, 0xff, 0xff, 0xff, 0xff, 0xff, 0xff, 0xff, 0xff, 0xff,
  0xff, 0xff, 0xff, 0xff, 0xff, 0xff, 0xff, 0xff, 0xff, 0xff, 0xff, 0xff, 0xff, 0xff, 0xff, 0xff,
  0xff, 0xff, 0xff, 0xff, 0xff, 0xff, 0xff, 0xff, 0xff, 0xff, 0xff, 0xff, 0xff, 0xff, 0xff, 0xff,
  0xff, 0xff, 0xff, 0xff, 0xff, 0xff, 0xff, 0xff, 0xff, 0xff, 0xff, 0xff, 0xff, 0xff, 0xff, 0xff,
  0xff, 0xff, 0xff, 0xff, 0xff, 0xff, 0xff, 0xff, 0xff, 0xff, 0xff, 0xff, 0xff, 0xff, 0xff, 0xff,
  0xff, 0xff, 0xff, 0xff, 0xff, 0xff, 0xff, 0xff, 0xff, 0xff, 0xff, 0xff, 0xff, 0xff, 0xff, 0xff,
  0xff, 0xff, 0xff, 0xff, 0xff, 0xff, 0xff, 0xff, 0xff, 0xff, 0xff, 0xff, 0xff, 0xff, 0xff, 0xff,
  0xff, 0xff, 0xff, 0xff, 0xff, 0xff, 0xff, 0xff, 0xff, 0xff, 0xff, 0xff, 0xff, 0xff, 0xff, 0xff,
  0xff, 0xff, 0xff, 0xff, 0xff, 0xff, 0xff, 0xff, 0xff, 0xff, 0xff, 0xff, 0xff, 0xff, 0xff, 0xff,
  0xff, 0xff, 0xff, 0xff, 0xff, 0xff, 0xff, 0xff, 0xff, 0xff, 0xff, 0xff, 0xff, 0xff, 0xff, 0xff,
  0xff, 0xff, 0xff, 0xff, 0xff, 0xff, 0xff, 0xff, 0xff, 0xff, 0xff, 0xff, 0xff, 0xff, 0xff, 0xff,
  0xff, 0xff, 0xff, 0xff, 0xff, 0xff, 0xff, 0xff, 0xff, 0xff, 0xff, 0xff, 0xff, 0xff, 0xff, 0xff,
  0xff, 0xff, 0xff, 0xff, 0xff, 0xff, 0xff, 0xff, 0xff, 0xff, 0xff, 0xff, 0xff, 0xff, 0xff, 0xff,
  0xff, 0xff, 0xff, 0xff, 0xff, 0xff, 0xff, 0xff, 0xff, 0xff, 0xff, 0xff, 0xff, 0xff, 0xff, 0xff,
  0xff, 0xff, 0xff, 0xff, 0xff, 0xff, 0xff, 0xff, 0xff, 0xff, 0xff, 0xff, 0xff, 0xff, 0xff, 0xff,
  0xff, 0xff, 0xff, 0xff, 0xff, 0xff, 0xff, 0xff, 0xff, 0xff, 0xff, 0xff, 0xff, 0xff, 0xff, 0xff,
  0xff, 0xff, 0xff, 0xff, 0xff, 0xff, 0xff, 0xff, 0xff, 0xff, 0xff, 0xff, 0xff, 0xff, 0xff, 0xff,
  0xff, 0xff, 0xff, 0xff, 0xff, 0xff, 0xff, 0xff, 0xff, 0xff, 0xff, 0xff, 0xff, 0xff, 0xff, 0xff,
  0xff, 0xff, 0xff, 0xff, 0xff, 0xff, 0xff, 0xff, 0xff, 0xff, 0xff, 0xff, 0xff, 0xff, 0xff, 0xff,
  0xff, 0xff, 0xff, 0xff, 0xff, 0xff, 0xff, 0xff, 0xff, 0xff, 0xff, 0xff, 0xff, 0xff, 0xff, 0xff,
  0xff, 0xff, 0xff, 0xff, 0xff, 0xff, 0xff, 0xff, 0xff, 0xff, 0xff, 0xff, 0xff, 0xff, 0xff, 0xff,
  0xff, 0xff, 0xff, 0xff, 0xff, 0xff, 0xff, 0xff, 0xff, 0xff, 0xff, 0xff, 0xff, 0xff, 0xff, 0xff,
  0xff, 0xff, 0xff, 0xff, 0xff, 0xff, 0xff, 0xff, 0xff, 0xff, 0xff, 0xff, 0xff, 0xff, 0xff, 0xff,
  0xff, 0xff, 0xff, 0xff, 0xff, 0xff, 0xff, 0xff, 0xff, 0xff, 0xff, 0xff, 0xff, 0xff, 0xff, 0xff,
  0xff, 0xff, 0xff, 0xff, 0xff, 0xff, 0xff, 0xff, 0xff, 0xff, 0xff, 0xff, 0xff, 0xff, 0xff, 0xff,
  0xff, 0xff, 0xff, 0xff, 0xff, 0xff, 0xff, 0xff, 0xff, 0xff, 0xff, 0xff, 0xff, 0xff, 0xff, 0xff,
  0xff, 0xff, 0xff, 0xff, 0xff, 0xff, 0xff, 0xff, 0xff, 0xff, 0xff, 0xff, 0xff, 0xff, 0xff, 0xff,
  0xff, 0xff, 0xff, 0xff, 0xff, 0xff, 0xff, 0xff, 0xff, 0xff, 0xff, 0xff, 0xff, 0xff, 0xff, 0xff,
  0xff, 0xff, 0xff, 0xff, 0xff, 0xff, 0xff, 0xff, 0xff, 0xff, 0xff, 0xff, 0xff, 0xff, 0xff, 0xff,
  0xff, 0xff, 0xff, 0xff, 0xff, 0xff, 0xff, 0xff, 0xff, 0xff, 0xff, 0xff, 0xff, 0xff, 0xff, 0xff,
  0xff, 0xff, 0xff, 0xff, 0xff, 0xff, 0xff, 0xff, 0xff, 0xff, 0xff, 0xff, 0xff, 0xff, 0xff, 0xff,
  0xff, 0xff, 0xff, 0xff, 0xff, 0xff, 0xff, 0xff, 0xff, 0xff, 0xff, 0xff, 0xff, 0xff, 0xff, 0xff,
  0xff, 0xff, 0xff, 0xff, 0xff, 0xff, 0xff, 0xff, 0xff, 0xff, 0xff, 0xff, 0xff, 0xff, 0xff, 0xff,
  0xff, 0xff, 0xff, 0xff, 0xff, 0xff, 0xff, 0xff, 0xff, 0xff, 0xff, 0xff, 0xff, 0xff, 0xff, 0xff,
  0xff, 0xff, 0xff, 0xff, 0xff, 0xff, 0xff, 0xff, 0xff, 0xff, 0xff, 0xff, 0xff, 0xff, 0xff, 0xff,
  0xff, 0xff, 0xff, 0xff, 0xff, 0xff, 0xff, 0xff, 0xff, 0xff, 0xff, 0xff, 0xff, 0xff, 0xff, 0xff,
  0xff, 0xff, 0xff, 0xff, 0xff, 0xff, 0xff, 0xff, 0xff, 0xff, 0xff, 0xff, 0xff, 0xff, 0xff, 0xff,
  0xff, 0xff, 0xff, 0xff, 0xff, 0xff, 0xff, 0xff, 0xff, 0xff, 0xff, 0xff, 0xff, 0xff, 0xff, 0xff,
  0xff, 0xff, 0xff, 0xff, 0xff, 0xff, 0xff, 0xff, 0xff, 0xff, 0xff, 0xff, 0xff, 0xff, 0xff, 0xff,
  0xff, 0xff, 0xff, 0xff, 0xff, 0xff, 0xff, 0xff, 0xff, 0xff, 0xff, 0xff, 0xff, 0xff, 0xff, 0xff,
  0xff, 0xff, 0xff, 0xff, 0xff, 0xff, 0xff, 0xff, 0xff, 0xff, 0xff, 0xff, 0xff, 0xff, 0xff, 0xff,
  0xff, 0xff, 0xff, 0xff, 0xff, 0xff, 0xff, 0xff, 0xff, 0xff, 0xff, 0xff, 0xff, 0xff, 0xff, 0xff,
  0xff, 0xff, 0xff, 0xff, 0xff, 0xff, 0xff, 0xff, 0xff, 0xff, 0xff, 0xff, 0xff, 0xff, 0xff, 0xff,
  0xff, 0xff, 0xff, 0xff, 0xff, 0xff, 0xff, 0xff, 0xff, 0xff, 0xff, 0xff, 0xff, 0xff, 0xff, 0xff,
  0xff, 0xff, 0xff, 0xff, 0xff, 0xff, 0xff, 0xff, 0xff, 0xff, 0xff, 0xff, 0xff, 0xff, 0xff, 0xff,
  0xff, 0xff, 0xff, 0xff, 0xff, 0xff, 0xff, 0xff, 0xff, 0xff, 0xff, 0xff, 0xff, 0xff, 0xff, 0xff,
  0xff, 0xff, 0xff, 0xff, 0xff, 0xff, 0xff, 0xff, 0xff, 0xff, 0xff, 0xff, 0xff, 0xff, 0xff, 0xff,
  0xff, 0xff, 0xff, 0xff, 0xff, 0xff, 0xff, 0xff, 0xff, 0xff, 0xff, 0xff, 0xff, 0xff, 0xff, 0xff,
  0xff, 0xff, 0xff, 0xff, 0xff, 0xff, 0xff, 0xff, 0xff, 0xff, 0xff, 0xff, 0xff, 0xff, 0xff, 0xff,
  0xff, 0xff, 0xff, 0xff, 0xff, 0xff, 0xff, 0xff, 0xff, 0xff, 0xff, 0xff, 0xff, 0xff, 0xff, 0xff,
  0xff, 0xff, 0xff, 0xff, 0xff, 0xff, 0xff, 0xff, 0xff, 0xff, 0xff, 0xff, 0xff, 0xff, 0xff, 0xff,
  0xff, 0xff, 0xff, 0xff, 0xff, 0xff, 0xff, 0xff, 0xff, 0xff, 0xff, 0xff, 0xff, 0xff, 0xff, 0xff,
  0xff, 0xff, 0xff, 0xff, 0xff, 0xff, 0xff, 0xff, 0xff, 0xff, 0xff, 0xff, 0xff, 0xff, 0xff, 0xff,
  0xff, 0xff, 0xff, 0xff, 0xff, 0xff, 0xff, 0xff, 0xff, 0xff, 0xff, 0xff, 0xff, 0xff, 0xff, 0xff,
  0xff, 0xff, 0xff, 0xff, 0xff, 0xff, 0xff, 0xff, 0xff, 0xff, 0xff, 0xff, 0xff, 0xff, 0xff, 0xff,
  0xff, 0xff, 0xff, 0xff, 0xff, 0xff, 0xff, 0xff, 0xff, 0xff, 0xff, 0xff, 0xff, 0xff, 0xff, 0xff,
  0xff, 0xff, 0xff, 0xff, 0xff, 0xff, 0xff, 0xff, 0xff, 0xff, 0xff, 0xff, 0xff, 0xff, 0xff, 0xff,
  0xff, 0xff, 0xff, 0xff, 0xff, 0xff, 0xff, 0xff, 0xff, 0xff, 0xff, 0xff, 0xff, 0xff, 0xff, 0xff,
  0xff, 0xff, 0xff, 0xff, 0xff, 0xff, 0xff, 0xff, 0xff, 0xff, 0xff, 0xff, 0xff, 0xff, 0xff, 0xff,
  0xff, 0xff, 0xff, 0xff, 0xff, 0xff, 0xff, 0xff, 0xff, 0xff, 0xff, 0xff, 0xff, 0xff, 0xff, 0xff,
  0xff, 0xff, 0xff, 0xff, 0xff, 0xff, 0xff, 0xff, 0xff, 0xff, 0xff, 0xff, 0xff, 0xff, 0xff, 0xff,
  0xff, 0xff, 0xff, 0xff, 0xff, 0xff, 0xff, 0xff, 0xff, 0xff, 0xff, 0xff, 0xff, 0xff, 0xff, 0xff,
  0xff, 0xff, 0xff, 0xff, 0xff, 0xff, 0xff, 0xff, 0xff, 0xff, 0xff, 0xff, 0xff, 0xff, 0xff, 0xff,
  0xff, 0xff, 0xff, 0xff, 0xff, 0xff, 0xff, 0xff, 0xff, 0xff, 0xff, 0xff, 0xff, 0xff, 0xff, 0xff,
  0xff, 0xff, 0xff, 0xff, 0xff, 0xff, 0xff, 0xff, 0xff, 0xff, 0xff, 0xff, 0xff, 0xff, 0xff, 0xff,
  0xff, 0xff, 0xff, 0xff, 0xff, 0xff, 0xff, 0xff, 0xff, 0xff, 0xff, 0xff, 0xff, 0xff, 0xff, 0xff,
  0xff, 0xff, 0xff, 0xff, 0xff, 0xff, 0xff, 0xff, 0xff, 0xff, 0xff, 0xff, 0xff, 0xff, 0xff, 0xff,
  0xff, 0xff, 0xff, 0xff, 0xff, 0xff, 0xff, 0xff, 0xff, 0xff, 0xff, 0xff, 0xff, 0xff, 0xff, 0xff,
  0xff, 0xff, 0xff, 0xff, 0xff, 0xff, 0xff, 0xff, 0xff, 0xff, 0xff, 0xff, 0xff, 0xff, 0xff, 0xff,
  0xff, 0xff, 0xff, 0xff, 0xff, 0xff, 0xff, 0xff, 0xff, 0xff, 0xff, 0xff, 0xff, 0xff, 0xff, 0xff,
  0xff, 0xff, 0xff, 0xff, 0xff, 0xff, 0xff, 0xff, 0xff, 0xff, 0xff, 0xff, 0xff, 0xff, 0xff, 0xff,
  0xff, 0xff, 0xff, 0xff, 0xff, 0xff, 0xff, 0xff, 0xff, 0xff, 0xff, 0xff, 0xff, 0xff, 0xff, 0xff,
  0xff, 0xff, 0xff, 0xff, 0xff, 0xff, 0xff, 0xff, 0xff, 0xff, 0xff, 0xff, 0xff, 0xff, 0xff, 0xff,
  0xff, 0xff, 0xff, 0xff, 0xff, 0xff, 0xff, 0xff, 0xff, 0xff, 0xff, 0xff, 0xff, 0xff, 0xff, 0xff,
  0xff, 0xff, 0xff, 0xff, 0xff, 0xff, 0xff, 0xff, 0xff, 0xff, 0xff, 0xff, 0xff, 0xff, 0xff, 0xff,
  0xff, 0xff, 0xff, 0xff, 0xff, 0xff, 0xff, 0xff, 0xff, 0xff, 0xff, 0xff, 0xff, 0xff, 0xff, 0xff,
  0xff, 0xff, 0xff, 0xff, 0xff, 0xff, 0xff, 0xff, 0xff, 0xff, 0xff, 0xff, 0xff, 0xff, 0xff, 0xff,
  0xff, 0xff, 0xff, 0xff, 0xff, 0xff, 0xff, 0xff, 0xff, 0xff, 0xff, 0xff, 0xff, 0xff, 0xff, 0xff,
  0xff, 0xff, 0xff, 0xff, 0xff, 0xff, 0xff, 0xff, 0xff, 0xff, 0xff, 0xff, 0xff, 0xff, 0xff, 0xff,
  0xff, 0xff, 0xff, 0xff, 0xff, 0xff, 0xff, 0xff, 0xff, 0xff, 0xff, 0xff, 0xff, 0xff, 0xff, 0xff,
  0xff, 0xff, 0xff, 0xff, 0xff, 0xff, 0xff, 0xff, 0xff, 0xff, 0xff, 0xff, 0xff, 0xff, 0xff, 0xff,
  0xff, 0xff, 0xff, 0xff, 0xff, 0xff, 0xff, 0xff, 0xff, 0xff, 0xff, 0xff, 0xff, 0xff, 0xff, 0xff,
  0xff, 0xff, 0xff, 0xff, 0xff, 0xff, 0xff, 0xff, 0xff, 0xff, 0xff, 0xff, 0xff, 0xff, 0xff, 0xff,
  0xff, 0xff, 0xff, 0xff, 0xff, 0xff, 0xff, 0xff, 0xff, 0xff, 0xff, 0xff, 0xff, 0xff, 0xff, 0xff,
  0xff, 0xff, 0xff, 0xff, 0xff, 0xff, 0xff, 0xff, 0xff, 0xff, 0xff, 0xff, 0xff, 0xff, 0xff, 0xff,
  0xff, 0xff, 0xff, 0xff, 0xff, 0xff, 0xff, 0xff, 0xff, 0xff, 0xff, 0xff, 0xff, 0xff, 0xff, 0xff,
  0xff, 0xff, 0xff, 0xff, 0xff, 0xff, 0xff, 0xff, 0xff, 0xff, 0xff, 0xff, 0xff, 0xff, 0xff, 0xff,
  0xff, 0xff, 0xff, 0xff, 0xff, 0xff, 0xff, 0xff, 0xff, 0xff, 0xff, 0xff, 0xff, 0xff, 0xff, 0xff,
  0xff, 0xff, 0xff, 0xff, 0xff, 0xff, 0xff, 0xff, 0xff, 0xff, 0xff, 0xff, 0xff, 0xff, 0xff, 0xff,
  0xff, 0xff, 0xff, 0xff, 0xff, 0xff, 0xff, 0xff, 0xff, 0xff, 0xff, 0xff, 0xff, 0xff, 0xff, 0xff,
  0xff, 0xff, 0xff, 0xff, 0xff, 0xff, 0xff, 0xff, 0xff, 0xff, 0xff, 0xff, 0xff, 0xff, 0xff, 0xff,
  0xff, 0xff, 0xff, 0xff, 0xff, 0xff, 0xff, 0xff, 0xff, 0xff, 0xff, 0xff, 0xff, 0xff, 0xff, 0xff,
  0xff, 0xff, 0xff, 0xff, 0xff, 0xff, 0xff, 0xff, 0xff, 0xff, 0xff, 0xff, 0xff, 0xff, 0xff, 0xff,
  0xff, 0xff, 0xff, 0xff, 0xff, 0xff, 0xff, 0xff, 0xff, 0xff, 0xff, 0xff, 0xff, 0xff, 0xff, 0xff,
  0xff, 0xff, 0xff, 0xff, 0xff, 0xff, 0xff, 0xff, 0xff, 0xff, 0xff, 0xff, 0xff, 0xff, 0xff, 0xff,
  0xff, 0xff, 0xff, 0xff, 0xff, 0xff, 0xff, 0xff, 0xff, 0xff, 0xff, 0xff, 0xff, 0xff, 0xff, 0xff,
  0xff, 0xff, 0xff, 0xff, 0xff, 0xff, 0xff, 0xff, 0xff, 0xff, 0xff, 0xff, 0xff, 0xff, 0xff, 0xff,
  0xff, 0xff, 0xff, 0xff, 0xff, 0xff, 0xff, 0xff, 0xff, 0xff, 0xff, 0xff, 0xff, 0xff, 0xff, 0xff,
  0xff, 0xff, 0xff, 0xff, 0xff, 0xff, 0xff, 0xff, 0xff, 0xff, 0xff, 0xff, 0xff, 0xff, 0xff, 0xff,
  0xff, 0xff, 0xff, 0xff, 0xff, 0xff, 0xff, 0xff, 0xff, 0xff, 0xff, 0xff, 0xff, 0xff, 0xff, 0xff,
  0xff, 0xff, 0xff, 0xff, 0xff, 0xff, 0xff, 0xff, 0xff, 0xff, 0xff, 0xff, 0xff, 0xff, 0xff, 0xff,
  0xff, 0xff, 0xff, 0xff, 0xff, 0xff, 0xff, 0xff, 0xff, 0xff, 0xff, 0xff, 0xff, 0xff, 0xff, 0xff,
  0xff, 0xff, 0xff, 0xff, 0xff, 0xff, 0xff, 0xff, 0xff, 0xff, 0xff, 0xff, 0xff, 0xff, 0xff, 0xff,
  0xff, 0xff, 0xff, 0xff, 0xff, 0xff, 0xff, 0xff, 0xff, 0xff, 0xff, 0xff, 0xff, 0xff, 0xff, 0xff,
  0xff, 0xff, 0xff, 0xff, 0xff, 0xff, 0xff, 0xff, 0xff, 0xff, 0xff, 0xff, 0xff, 0xff, 0xff, 0xff,
  0xff, 0xff, 0xff, 0xff, 0xff, 0xff, 0xff, 0xff, 0xff, 0xff, 0xff, 0xff, 0xff, 0xff, 0xff, 0xff,
  0xff, 0xff, 0xff, 0xff, 0xff, 0xff, 0xff, 0xff, 0xff, 0xff, 0xff, 0xff, 0xff, 0xff, 0xff, 0xff,
  0xff, 0xff, 0xff, 0xff, 0xff, 0xff, 0xff, 0xff, 0xff, 0xff, 0xff, 0xff, 0xff, 0xff, 0xff, 0xff,
  0xff, 0xff, 0xff, 0xff, 0xff, 0xff, 0xff, 0xff, 0xff, 0xff, 0xff, 0xff, 0xff, 0xff, 0xff, 0xff,
  0xff, 0xff, 0xff, 0xff, 0xff, 0xff, 0xff, 0xff, 0xff, 0xff, 0xff, 0xff, 0xff, 0xff, 0xff, 0xff,
  0xff, 0xff, 0xff, 0xff, 0xff, 0xff, 0xff, 0xff, 0xff, 0xff, 0xff, 0xff, 0xff, 0xff, 0xff, 0xff,
  0xff, 0xff, 0xff, 0xff, 0xff, 0xff, 0xff, 0xff, 0xff, 0xff, 0xff, 0xff, 0xff, 0xff, 0xff, 0xff,
  0xff, 0xff, 0xff, 0xff, 0xff, 0xff, 0xff, 0xff, 0xff, 0xff, 0xff, 0xff, 0xff, 0xff, 0xff, 0xff,
  0xff, 0xff, 0xff, 0xff, 0xff, 0xff, 0xff, 0xff, 0xff, 0xff, 0xff, 0xff, 0xff, 0xff, 0xff, 0xff,
  0xff, 0xff, 0xff, 0xff, 0xff, 0xff, 0xff, 0xff, 0xff, 0xff, 0xff, 0xff, 0xff, 0xff, 0xff, 0xff,
  0xff, 0xff, 0xff, 0xff, 0xff, 0xff, 0xff, 0xff, 0xff, 0xff, 0xff, 0xff, 0xff, 0xff, 0xff, 0xff,
  0xff, 0xff, 0xff, 0xff, 0xff, 0xff, 0xff, 0xff, 0xff, 0xff, 0xff, 0xff, 0xff, 0xff, 0xff, 0xff,
  0xff, 0xff, 0xff, 0xff, 0xff, 0xff, 0xff, 0xff, 0xff, 0xff, 0xff, 0xff, 0xff, 0xff, 0xff, 0xff,
  0xff, 0xff, 0xff, 0xff, 0xff, 0xff, 0xff, 0xff, 0xff, 0xff, 0xff, 0xff, 0xff, 0xff, 0xff, 0xff,
  0xff, 0xff, 0xff, 0xff, 0xff, 0xff, 0xff, 0xff, 0xff, 0xff, 0xff, 0xff, 0xff, 0xff, 0xff, 0xff,
  0xff, 0xff, 0xff, 0xff, 0xff, 0xff, 0xff, 0xff, 0xff, 0xff, 0xff, 0xff, 0xff, 0xff, 0xff, 0xff,
  0xff, 0xff, 0xff, 0xff, 0xff, 0xff, 0xff, 0xff, 0xff, 0xff, 0xff, 0xff, 0xff, 0xff, 0xff, 0xff,
  0xff, 0xff, 0xff, 0xff, 0xff, 0xff, 0xff, 0xff, 0xff, 0xff, 0xff, 0xff, 0xff, 0xff, 0xff, 0xff,
  0xff, 0xff, 0xff, 0xff, 0xff, 0xff, 0xff, 0xff, 0xff, 0xff, 0xff, 0xff, 0xff, 0xff, 0xff, 0xff,
  0xff, 0xff, 0xff, 0xff, 0xff, 0xff, 0xff, 0xff, 0xff, 0xff, 0xff, 0xff, 0xff, 0xff, 0xff, 0xff,
  0xff, 0xff, 0xff, 0xff, 0xff, 0xff, 0xff, 0xff, 0xff, 0xff, 0xff, 0xff, 0xff, 0xff, 0xff, 0xff,
  0xff, 0xff, 0xff, 0xff, 0xff, 0xff, 0xff, 0xff, 0xff, 0xff, 0xff, 0xff, 0xff, 0xff, 0xff, 0xff,
  0xff, 0xff, 0xff, 0xff, 0xff, 0xff, 0xff, 0xff, 0xff, 0xff, 0xff, 0xff, 0xff, 0xff, 0xff, 0xff,
  0xff, 0xff, 0xff, 0xff, 0xff, 0xff, 0xff, 0xff, 0xff, 0xff, 0xff, 0xff, 0xff, 0xff, 0xff, 0xff,
  0xff, 0xff, 0xff, 0xff, 0xff, 0xff, 0xff, 0xff, 0xff, 0xff, 0xff, 0xff, 0xff, 0xff, 0xff, 0xff,
  0xff, 0xff, 0xff, 0xff, 0xff, 0xff, 0xff, 0xff, 0xff, 0xff, 0xff, 0xff, 0xff, 0xff, 0xff, 0xff,
  0xff, 0xff, 0xff, 0xff, 0xff, 0xff, 0xff, 0xff, 0xff, 0xff, 0xff, 0xff, 0xff, 0xff, 0xff, 0xff,
  0xff, 0xff, 0xff, 0xff, 0xff, 0xff, 0xff, 0xff, 0xff, 0xff, 0xff, 0xff, 0xff, 0xff, 0xff, 0xff,
  0xff, 0xff, 0xff, 0xff, 0xff, 0xff, 0xff, 0xff, 0xff, 0xff, 0xff, 0xff, 0xff, 0xff, 0xff, 0xff,
  0xff, 0xff, 0xff, 0xff, 0xff, 0xff, 0xff, 0xff, 0xff, 0xff, 0xff, 0xff, 0xff, 0xff, 0xff, 0xff,
  0xff, 0xff, 0xff, 0xff, 0xff, 0xff, 0xff, 0xff, 0xff, 0xff, 0xff, 0xff, 0xff, 0xff, 0xff, 0xff,
  0xff, 0xff, 0xff, 0xff, 0xff, 0xff, 0xff, 0xff, 0xff, 0xff, 0xff, 0xff, 0xff, 0xff, 0xff, 0xff,
  0xff, 0xff, 0xff, 0xff, 0xff, 0xff, 0xff, 0xff, 0xff, 0xff, 0xff, 0xff, 0xff, 0xff, 0xff, 0xff,
  0xff, 0xff, 0xff, 0xff, 0xff, 0xff, 0xff, 0xff, 0xff, 0xff, 0xff, 0xff, 0xff, 0xff, 0xff, 0xff,
  0xff, 0xff, 0xff, 0xff, 0xff, 0xff, 0xff, 0xff, 0xff, 0xff, 0xff, 0xff, 0xff, 0xff, 0xff, 0xff,
  0xff, 0xff, 0xff, 0xff, 0xff, 0xff, 0xff, 0xff, 0xff, 0xff, 0xff, 0xff, 0xff, 0xff, 0xff, 0xff,
  0xff, 0xff, 0xff, 0xff, 0xff, 0xff, 0xff, 0xff, 0xff, 0xff, 0xff, 0xff, 0xff, 0xff, 0xff, 0xff,
  0xff, 0xff, 0xff, 0xff, 0xff, 0xff, 0xff, 0xff, 0xff, 0xff, 0xff, 0xff, 0xff, 0xff, 0xff, 0xff,
  0xff, 0xff, 0xff, 0xff, 0xff, 0xff, 0xff, 0xff, 0xff, 0xff, 0xff, 0xff, 0xff, 0xff, 0xff, 0xff,
  0xff, 0xff, 0xff, 0xff, 0xff, 0xff, 0xff, 0xff, 0xff, 0xff, 0xff, 0xff, 0xff, 0xff, 0xff, 0xff,
  0xff, 0xff, 0xff, 0xff, 0xff, 0xff, 0xff, 0xff, 0xff, 0xff, 0xff, 0xff, 0xff, 0xff, 0xff, 0xff,
  0xff, 0xff, 0xff, 0xff, 0xff, 0xff, 0xff, 0xff, 0xff, 0xff, 0xff, 0xff, 0xff, 0xff, 0xff, 0xff,
  0xff, 0xff, 0xff, 0xff, 0xff, 0xff, 0xff, 0xff, 0xff, 0xff, 0xff, 0xff, 0xff, 0xff, 0xff, 0xff,
  0xff, 0xff, 0xff, 0xff, 0xff, 0xff, 0xff, 0xff, 0xff, 0xff, 0xff, 0xff, 0xff, 0xff, 0xff, 0xff,
  0xff, 0xff, 0xff, 0xff, 0xff, 0xff, 0xff, 0xff, 0xff, 0xff, 0xff, 0xff, 0xff, 0xff, 0xff, 0xff,
  0xff, 0xff, 0xff, 0xff, 0xff, 0xff, 0xff, 0xff, 0xff, 0xff, 0xff, 0xff, 0xff, 0xff, 0xff, 0xff,
  0xff, 0xff, 0xff, 0xff, 0xff, 0xff, 0xff, 0xff, 0xff, 0xff, 0xff, 0xff, 0xff, 0xff, 0xff, 0xff,
  0xff, 0xff, 0xff, 0xff, 0xff, 0xff, 0xff, 0xff, 0xff, 0xff, 0xff, 0xff, 0xff, 0xff, 0xff, 0xff,
  0xff, 0xff, 0xff, 0xff, 0xff, 0xff, 0xff, 0xff, 0xff, 0xff, 0xff, 0xff, 0xff, 0xff, 0xff, 0xff,
  0xff, 0xff, 0xff, 0xff, 0xff, 0xff, 0xff, 0xff, 0xff, 0xff, 0xff, 0xff, 0xff, 0xff, 0xff, 0xff,
  0xff, 0xff, 0xff, 0xff, 0xff, 0xff, 0xff, 0xff, 0xff, 0xff, 0xff, 0xff, 0xff, 0xff, 0xff, 0xff,
  0xff, 0xff, 0xff, 0xff, 0xff, 0xff, 0xff, 0xff, 0xff, 0xff, 0xff, 0xff, 0xff, 0xff, 0xff, 0xff,
  0xff, 0xff, 0xff, 0xff, 0xff, 0xff, 0xff, 0xff, 0xff, 0xff, 0xff, 0xff, 0xff, 0xff, 0xff, 0xff,
  0xff, 0xff, 0xff, 0xff, 0xff, 0xff, 0xff, 0xff, 0xff, 0xff, 0xff, 0xff, 0xff, 0xff, 0xff, 0xff,
  0xff, 0xff, 0xff, 0xff, 0xff, 0xff, 0xff, 0xff, 0xff, 0xff, 0xff, 0xff, 0xff, 0xff, 0xff, 0xff,
  0xff, 0xff, 0xff, 0xff, 0xff, 0xff, 0xff, 0xff, 0xff, 0xff, 0xff, 0xff, 0xff, 0xff, 0xff, 0xff,
  0xff, 0xff, 0xff, 0xff, 0xff, 0xff, 0xff, 0xff, 0xff, 0xff, 0xff, 0xff, 0xff, 0xff, 0xff, 0xff,
  0xff, 0xff, 0xff, 0xff, 0xff, 0xff, 0xff, 0xff, 0xff, 0xff, 0xff, 0xff, 0xff, 0xff, 0xff, 0xff,
  0xff, 0xff, 0xff, 0xff, 0xff, 0xff, 0xff, 0xff, 0xff, 0xff, 0xff, 0xff, 0xff, 0xff, 0xff, 0xff,
  0xff, 0xff, 0xff, 0xff, 0xff, 0xff, 0xff, 0xff, 0xff, 0xff, 0xff, 0xff, 0xff, 0xff, 0xff, 0xff,
  0xff, 0xff, 0xff, 0xff, 0xff, 0xff, 0xff, 0xff, 0xff, 0xff, 0xff, 0xff, 0xff, 0xff, 0xff, 0xff,
  0xff, 0xff, 0xff, 0xff, 0xff, 0xff, 0xff, 0xff, 0xff, 0xff, 0xff, 0xff, 0xff, 0xff, 0xff, 0xff,
  0xff, 0xff, 0xff, 0xff, 0xff, 0xff, 0xff, 0xff, 0xff, 0xff, 0xff, 0xff, 0xff, 0xff, 0xff, 0xff,
  0xff, 0xff, 0xff, 0xff, 0xff, 0xff, 0xff, 0xff, 0xff, 0xff, 0xff, 0xff, 0xff, 0xff, 0xff, 0xff,
  0xff, 0xff, 0xff, 0xff, 0xff, 0xff, 0xff, 0xff, 0xff, 0xff, 0xff, 0xff, 0xff, 0xff, 0xff, 0xff,
  0xff, 0xff, 0xff, 0xff, 0xff, 0xff, 0xff, 0xff, 0xff, 0xff, 0xff, 0xff, 0xff, 0xff, 0xff, 0xff,
  0xff, 0xff, 0xff, 0xff, 0xff, 0xff, 0xff, 0xff, 0xff, 0xff, 0xff, 0xff, 0xff, 0xff, 0xff, 0xff,
  0xff, 0xff, 0xff, 0xff, 0xff, 0xff, 0xff, 0xff, 0xff, 0xff, 0xff, 0xff, 0xff, 0xff, 0xff, 0xff,
  0xff, 0xff, 0xff, 0xff, 0xff, 0xff, 0xff, 0xff, 0xff, 0xff, 0xff, 0xff, 0xff, 0xff, 0xff, 0xff,
  0xff, 0xff, 0xff, 0xff, 0xff, 0xff, 0xff, 0xff, 0xff, 0xff, 0xff, 0xff, 0xff, 0xff, 0xff, 0xff,
  0xff, 0xff, 0xff, 0xff, 0xff, 0xff, 0xff, 0xff, 0xff, 0xff, 0xff, 0xff, 0xff, 0xff, 0xff, 0xff,
  0xff, 0xff, 0xff, 0xff, 0xff, 0xff, 0xff, 0xff, 0xff, 0xff, 0xff, 0xff, 0xff, 0xff, 0xff, 0xff,
  0xff, 0xff, 0xff, 0xff, 0xff, 0xff, 0xff, 0xff, 0xff, 0xff, 0xff, 0xff, 0xff, 0xff, 0xff, 0xff,
  0xff, 0xff, 0xff, 0xff, 0xff, 0xff, 0xff, 0xff, 0xff, 0xff, 0xff, 0xff, 0xff, 0xff, 0xff, 0xff,
  0xff, 0xff, 0xff, 0xff, 0xff, 0xff, 0xff, 0xff, 0xff, 0xff, 0xff, 0xff, 0xff, 0xff, 0xff, 0xff,
  0xff, 0xff, 0xff, 0xff, 0xff, 0xff, 0xff, 0xff, 0xff, 0xff, 0xff, 0xff, 0xff, 0xff, 0xff, 0xff,
  0xff, 0xff, 0xff, 0xff, 0xff, 0xff, 0xff, 0xff, 0xff, 0xff, 0xff, 0xff, 0xff, 0xff, 0xff, 0xff,
  0xff, 0xff, 0xff, 0xff, 0xff, 0xff, 0xff, 0xff, 0xff, 0xff, 0xff, 0xff, 0xff, 0xff, 0xff, 0xff,
  0xff, 0xff, 0xff, 0xff, 0xff, 0xff, 0xff, 0xff, 0xff, 0xff, 0xff, 0xff, 0xff, 0xff, 0xff, 0xff,
  0xff, 0xff, 0xff, 0xff, 0xff, 0xff, 0xff, 0xff, 0xff, 0xff, 0xff, 0xff, 0xff, 0xff, 0xff, 0xff,
  0xff, 0xff, 0xff, 0xff, 0xff, 0xff, 0xff, 0xff, 0xff, 0xff, 0xff, 0xff, 0xff, 0xff, 0xff, 0xff,
  0xff, 0xff, 0xff, 0xff, 0xff, 0xff, 0xff, 0xff, 0xff, 0xff, 0xff, 0xff, 0xff, 0xff, 0xff, 0xff,
  0xf8, 0xff, 0xff, 0xff, 0xff, 0xff, 0xff, 0xff, 0xff, 0xff, 0xff, 0xff, 0xff, 0xff, 0xff, 0xff,
  0xff, 0xff, 0xff, 0xff, 0xff, 0xff, 0xff, 0xff, 0xff, 0xff, 0xff, 0xff, 0xff, 0xff, 0xff, 0xff,
  0xff, 0xff, 0xff, 0xff, 0xff, 0xff, 0xff, 0xff, 0xff, 0xff, 0xff, 0xff, 0xff, 0xff, 0xff, 0xff,
  0xff, 0xff, 0xff, 0xff, 0xff, 0xff, 0xff, 0xff, 0xff, 0xff, 0xff, 0xff, 0xff, 0xff, 0xff, 0xff,
  0xff, 0xff, 0xff, 0xff, 0xff, 0xff, 0xff, 0xff, 0xff, 0xff, 0xff, 0xff, 0xff, 0xff, 0xff, 0xf8,
  0xe3, 0xff, 0xff, 0xff, 0xff, 0xff, 0xff, 0xff, 0xff, 0xff, 0xff, 0xff, 0xff, 0xff, 0xff, 0xff,
  0xff, 0xff, 0xff, 0xff, 0xff, 0xff, 0xff, 0xff, 0xff, 0xff, 0xff, 0xff, 0xff, 0xff, 0xff, 0xff,
  0xff, 0xff, 0xff, 0xff, 0xff, 0xff, 0xff, 0xff, 0xff, 0xff, 0xff, 0xff, 0xff, 0xff, 0xff, 0xff,
  0xff, 0xff, 0xff, 0xff, 0xff, 0xff, 0xff, 0xff, 0xff, 0xff, 0xff, 0xff, 0xff, 0xff, 0xff, 0xff,
  0xff, 0xff, 0xff, 0xff, 0xff, 0xff, 0xff, 0xff, 0xff, 0xff, 0xff, 0xff, 0xff, 0xff, 0xff, 0xe9,
  0xb7, 0xff, 0xff, 0xff, 0xff, 0xff, 0xff, 0xff, 0xff, 0xff, 0xff, 0xff, 0xff, 0xff, 0xff, 0xff,
  0xff, 0xff, 0xff, 0xff, 0xff, 0xff, 0xff, 0xff, 0xff, 0xff, 0xff, 0xff, 0xff, 0xff, 0xff, 0xff,
  0xff, 0xff, 0xff, 0xff, 0xff, 0xff, 0xff, 0xff, 0xff, 0xff, 0xff, 0xff, 0xff, 0xff, 0xff, 0xff,
  0xff, 0xff, 0xff, 0xff, 0xff, 0xff, 0xff, 0xff, 0xff, 0xff, 0xff, 0xff, 0xff, 0xff, 0xff, 0xff,
  0xff, 0xff, 0xff, 0xff, 0xff, 0xff, 0xff, 0xff, 0xff, 0xff, 0xff, 0xff, 0xff, 0xff, 0xff, 0xc7,
  0x6c, 0xff, 0xff, 0xff, 0xff, 0xff, 0xff, 0xff, 0xff, 0xff, 0xff, 0xff, 0xff, 0xff, 0xff, 0xff,
  0xff, 0xff, 0xff, 0xff, 0xff, 0xff, 0xff, 0xff, 0xff, 0xff, 0xff, 0xff, 0xff, 0xff, 0xff, 0xff,
  0xff, 0xff, 0xff, 0xff, 0xff, 0xff, 0xff, 0xff, 0xff, 0xff, 0xff, 0xff, 0xff, 0xff, 0xff, 0xff,
  0xff, 0xff, 0xff, 0xff, 0xff, 0xff, 0xff, 0xff, 0xff, 0xff, 0xff, 0xff, 0xff, 0xff, 0xff, 0xff,
  0xff, 0xff, 0xff, 0xff, 0xff, 0xff, 0xff, 0xff, 0xff, 0xff, 0xff, 0xff, 0xff, 0xff, 0xff, 0x98,
  0x19, 0xfd, 0xff, 0xff, 0xff, 0xff, 0xff, 0xff, 0xff, 0xff, 0xff, 0xff, 0xff, 0xff, 0xff, 0xff,
  0xff, 0xff, 0xff, 0xff, 0xff, 0xff, 0xff, 0xff, 0xff, 0xff, 0xff, 0xff, 0xff, 0xff, 0xff, 0xff,
  0xff, 0xff, 0xff, 0xff, 0xff, 0xff, 0xff, 0xff, 0xff, 0xff, 0xff, 0xff, 0xff, 0xff, 0xff, 0xff,
  0xff, 0xff, 0xff, 0xff, 0xff, 0xff, 0xff, 0xff, 0xff, 0xff, 0xff, 0xff, 0xff, 0xff, 0xff, 0xff,
  0xff, 0xff, 0xff, 0xff, 0xff, 0xff, 0xff, 0xff, 0xff, 0xff, 0xff, 0xff, 0xff, 0xff, 0xff, 0x55,
  0x00, 0xba, 0xff, 0xff, 0xff, 0xff, 0xff, 0xff, 0xff, 0xff, 0xff, 0xff, 0xff, 0xff, 0xff, 0xff,
  0xff, 0xff, 0xff, 0xff, 0xff, 0xff, 0xff, 0xff, 0xff, 0xff, 0xff, 0xff, 0xff, 0xff, 0xff, 0xff,
  0xff, 0xff, 0xff, 0xff, 0xff, 0xff, 0xff, 0xff, 0xff, 0xff, 0xff, 0xff, 0xff, 0xff, 0xff, 0xff,
  0xff, 0xff, 0xff, 0xff, 0xff, 0xff, 0xff, 0xff, 0xff, 0xff, 0xff, 0xff, 0xff, 0xff, 0xff, 0xff,
  0xff, 0xff, 0xff, 0xff, 0xff, 0xff, 0xff, 0xff, 0xff, 0xff, 0xff, 0xff, 0xff, 0xff, 0xf4, 0x0c,
  0x00, 0x36, 0xfe, 0xff, 0xff, 0xff, 0xff, 0xff, 0xff, 0xff, 0xff, 0xff, 0xff, 0xff, 0xff, 0xff,
  0xff, 0xff, 0xff, 0xff, 0xff, 0xff, 0xff, 0xff, 0xff, 0xff, 0xff, 0xff, 0xff, 0xff, 0xff, 0xff,
  0xff, 0xff, 0xff, 0xff, 0xff, 0xff, 0xff, 0xff, 0xff, 0xff, 0xff, 0xff, 0xff, 0xff, 0xff, 0xff,
  0xff, 0xff, 0xff, 0xff, 0xff, 0xff, 0xff, 0xff, 0xff, 0xff, 0xff, 0xff, 0xff, 0xff, 0xff, 0xff,
  0xff, 0xff, 0xff, 0xff, 0xff, 0xff, 0xff, 0xff, 0xff, 0xff, 0xff, 0xff, 0xff, 0xff, 0x9a, 0x00,
  0x00, 0x00, 0xa9, 0xff, 0xff, 0xff, 0xff, 0xff, 0xff, 0xff, 0xff, 0xff, 0xff, 0xff, 0xff, 0xff,
  0xff, 0xff, 0xff, 0xff, 0xff, 0xff, 0xff, 0xff, 0xff, 0xff, 0xff, 0xff, 0xff, 0xff, 0xff, 0xff,
  0xff, 0xff, 0xff, 0xff, 0xff, 0xff, 0xff, 0xff, 0xff, 0xff, 0xff, 0xff, 0xff, 0xff, 0xff, 0xff,
  0xff, 0xff, 0xff, 0xff, 0xff, 0xff, 0xff, 0xff, 0xff, 0xff, 0xff, 0xff, 0xff, 0xff, 0xff, 0xff,
  0xff, 0xff, 0xff, 0xff, 0xff, 0xff, 0xff, 0xff, 0xff, 0xff, 0xff, 0xff, 0xff, 0xf9, 0x22, 0x00,
  0x00, 0x00, 0x1d, 0xeb, 0xff, 0xff, 0xff, 0xff, 0xff, 0xff, 0xff, 0xff, 0xff, 0xff, 0xff, 0xff,
  0xff, 0xff, 0xff, 0xff, 0xff, 0xff, 0xff, 0xff, 0xff, 0xff, 0xff, 0xff, 0xff, 0xff, 0xff, 0xff,
  0xff, 0xff, 0xff, 0xff, 0xff, 0xff, 0xff, 0xff, 0xff, 0xff, 0xff, 0xff, 0xff, 0xff, 0xff, 0xff,
  0xff, 0xff, 0xff, 0xff, 0xff, 0xff, 0xff, 0xff, 0xff, 0xff, 0xff, 0xff, 0xff, 0xff, 0xff, 0xff,
  0xff, 0xff, 0xff, 0xff, 0xff, 0xff, 0xff, 0xff, 0xff, 0xff, 0xff, 0xff, 0xff, 0x87, 0x00, 0x00,
  0x00, 0x00, 0x00, 0x42, 0xfb, 0xff, 0xff, 0xff, 0xff, 0xff, 0xff, 0xff, 0xff, 0xff, 0xff, 0xff,
  0xff, 0xff, 0xff, 0xff, 0xff, 0xff, 0xff, 0xff, 0xff, 0xff, 0xff, 0xff, 0xff, 0xff, 0xff, 0xff,
  0xff, 0xff, 0xff, 0xff, 0xff, 0xff, 0xff, 0xff, 0xff, 0xff, 0xff, 0xff, 0xff, 0xff, 0xff, 0xff,
  0xff, 0xff, 0xff, 0xff, 0xff, 0xff, 0xff, 0xff, 0xff, 0xff, 0xff, 0xff, 0xff, 0xff, 0xff, 0xff,
  0xff, 0xff, 0xff, 0xff, 0xff, 0xff, 0xff, 0xff, 0xff, 0xff, 0xff, 0xff, 0xc6, 0x07, 0x00, 0x00,
  0x00, 0x00, 0x00, 0x00, 0x72, 0xff, 0xff, 0xff, 0xff, 0xff, 0xff, 0xff, 0xff, 0xff, 0xff, 0xff,
  0xff, 0xff, 0xff, 0xff, 0xff, 0xff, 0xff, 0xff, 0xff, 0xff, 0xff, 0xff, 0xff, 0xff, 0xff, 0xff,
  0xff, 0xff, 0xff, 0xff, 0xff, 0xff, 0xff, 0xff, 0xff, 0xff, 0xff, 0xff, 0xff, 0xff, 0xff, 0xff,
  0xff, 0xff, 0xff, 0xff, 0xff, 0xff, 0xff, 0xff, 0xff, 0xff, 0xff, 0xff, 0xff, 0xff, 0xff, 0xff,
  0xff, 0xff, 0xff, 0xff, 0xff, 0xff, 0xff, 0xff, 0xff, 0xff, 0xff, 0xe2, 0x18, 0x00, 0x00, 0x00,
  0x00, 0x00, 0x00, 0x00, 0x00, 0x6b, 0xfd, 0xff, 0xff, 0xff, 0xff, 0xff, 0xff, 0xff, 0xff, 0xff,
  0xff, 0xff, 0xff, 0xff, 0xff, 0xff, 0xff, 0xff, 0xff, 0xff, 0xff, 0xff, 0xff, 0xff, 0xff, 0xff,
  0xff, 0xff, 0xff, 0xff, 0xff, 0xff, 0xff, 0xff, 0xff, 0xff, 0xff, 0xff, 0xff, 0xff, 0xff, 0xff,
  0xff, 0xff, 0xff, 0xff, 0xff, 0xff, 0xff, 0xff, 0xff, 0xff, 0xff, 0xff, 0xff, 0xff, 0xff, 0xff,
  0xff, 0xff, 0xff, 0xff, 0xff, 0xff, 0xff, 0xff, 0xff, 0xff, 0xe2, 0x2d, 0x00, 0x00, 0x00, 0x00,
  0x00, 0x00, 0x00, 0x00, 0x00, 0x00, 0x55, 0xf6, 0xff, 0xff, 0xff, 0xff, 0xff, 0xff, 0xff, 0xff,
  0xff, 0xff, 0xff, 0xff, 0xff, 0xff, 0xff, 0xff, 0xff, 0xff, 0xff, 0xff, 0xff, 0xff, 0xff, 0xff,
  0xff, 0xff, 0xff, 0xff, 0xff, 0xff, 0xff, 0xff, 0xff, 0xff, 0xff, 0xff, 0xff, 0xff, 0xff, 0xff,
  0xff, 0xff, 0xff, 0xff, 0xff, 0xff, 0xff, 0xff, 0xff, 0xff, 0xff, 0xff, 0xff, 0xff, 0xff, 0xff,
  0xff, 0xff, 0xff, 0xff, 0xff, 0xff, 0xff, 0xff, 0xff, 0xc6, 0x18, 0x00, 0x00, 0x00, 0x00, 0x00,
  0x00, 0x00, 0x00, 0x00, 0x00, 0x00, 0x00, 0x29, 0xc8, 0xff, 0xff, 0xff, 0xff, 0xff, 0xff, 0xff,
  0xff, 0xff, 0xff, 0xff, 0xff, 0xff, 0xff, 0xff, 0xff, 0xff, 0xff, 0xff, 0xff, 0xff, 0xff, 0xff,
  0xff, 0xff, 0xff, 0xff, 0xff, 0xff, 0xff, 0xff, 0xff, 0xff, 0xff, 0xff, 0xff, 0xff, 0xff, 0xff,
  0xff, 0xff, 0xff, 0xff, 0xff, 0xff, 0xff, 0xff, 0xff, 0xff, 0xff, 0xff, 0xff, 0xff, 0xff, 0xff,
  0xff, 0xff, 0xff, 0xff, 0xff, 0xff, 0xff, 0xf9, 0x86, 0x07, 0x00, 0x00, 0x00, 0x00, 0x00, 0x00,
  0x00, 0x00, 0x00, 0x00, 0x00, 0x00, 0x00, 0x00, 0x01, 0x59, 0xd0, 0xff, 0xff, 0xff, 0xff, 0xff,
  0xff, 0xff, 0xff, 0xff, 0xff, 0xff, 0xff, 0xff, 0xff, 0xff, 0xff, 0xff, 0xff, 0xff, 0xff, 0xff,
  0xff, 0xff, 0xff, 0xff, 0xff, 0xff, 0xff, 0xff, 0xff, 0xff, 0xff, 0xff, 0xff, 0xff, 0xff, 0xff,
  0xff, 0xff, 0xff, 0xff, 0xff, 0xff, 0xff, 0xff, 0xff, 0xff, 0xff, 0xff, 0xff, 0xff, 0xff, 0xff,
  0xff, 0xff, 0xff, 0xff, 0xff, 0xf4, 0x99, 0x22, 0x00, 0x00, 0x00, 0x00, 0x00, 0x00, 0x00, 0x00,
  0x00, 0x00, 0x00, 0x00, 0x00, 0x00, 0x00, 0x00, 0x00, 0x00, 0x00, 0x36, 0x84, 0xbc, 0xe6, 0xf7,
  0xff, 0xff, 0xff, 0xff, 0xff, 0xff, 0xff, 0xff, 0xff, 0xff, 0xff, 0xff, 0xff, 0xff, 0xff, 0xff,
  0xff, 0xff, 0xff, 0xff, 0xff, 0xff, 0xff, 0xff, 0xff, 0xff, 0xff, 0xff, 0xff, 0xff, 0xff, 0xff,
  0xff, 0xff, 0xff, 0xff, 0xff, 0xff, 0xff, 0xff, 0xff, 0xff, 0xff, 0xff, 0xff, 0xff, 0xff, 0xff,
  0xf9, 0xe9, 0xc8, 0x97, 0x56, 0x0c, 0x00, 0x00, 0x00, 0x00, 0x00, 0x00, 0x00, 0x00, 0x00, 0x00,
};

const lv_image_dsc_t img_bramble_logo = {
  .header = {
    .cf = LV_COLOR_FORMAT_RGB565A8,
    .w = 80,
    .h = 80,
    .stride = 160,
  },
  .data_size = 19200,
  .data = img_bramble_logo_map,
};
