solid OpenSCAD_Model
  facet normal 0.0654026 -0.997859 0
    outer loop
      vertex 94.9 -2.4 0
      vertex 95.3568 -2.37006 10.4
      vertex 94.9 -2.4 10.4
    endloop
  endfacet
  facet normal 0.0654026 -0.997859 0
    outer loop
      vertex 95.3568 -2.37006 10.4
      vertex 94.9 -2.4 0
      vertex 95.3568 -2.37006 0
    endloop
  endfacet
  facet normal 0 -1 0
    outer loop
      vertex 1.1 -2.4 10.4
      vertex 43.23 -2.4 10.12
      vertex 43.23 -2.4 10.4
    endloop
  endfacet
  facet normal 0 -1 0
    outer loop
      vertex 43.23 -2.4 10.12
      vertex 48 -2.4 10.116
      vertex 47.8485 -2.4 10.12
    endloop
  endfacet
  facet normal 0 -1 -0
    outer loop
      vertex 43.23 -2.4 10.12
      vertex 1.1 -2.4 0
      vertex 48 -2.4 10.116
    endloop
  endfacet
  facet normal 0 -1 0
    outer loop
      vertex 1.1 -2.4 0
      vertex 43.23 -2.4 10.12
      vertex 1.1 -2.4 10.4
    endloop
  endfacet
  facet normal 0 -1 -0
    outer loop
      vertex 48.1515 -2.4 10.12
      vertex 48 -2.4 10.116
      vertex 52.77 -2.4 10.12
    endloop
  endfacet
  facet normal 0 -1 0
    outer loop
      vertex 52.77 -2.4 10.12
      vertex 94.9 -2.4 10.4
      vertex 52.77 -2.4 10.4
    endloop
  endfacet
  facet normal 0 -1 0
    outer loop
      vertex 94.9 -2.4 0
      vertex 48 -2.4 10.116
      vertex 1.1 -2.4 0
    endloop
  endfacet
  facet normal 0 -1 0
    outer loop
      vertex 48 -2.4 10.116
      vertex 94.9 -2.4 0
      vertex 52.77 -2.4 10.12
    endloop
  endfacet
  facet normal 0 -1 0
    outer loop
      vertex 52.77 -2.4 10.12
      vertex 94.9 -2.4 0
      vertex 94.9 -2.4 10.4
    endloop
  endfacet
  facet normal 0.442314 0.89686 -0
    outer loop
      vertex 96.65 51.9311 0
      vertex 96.2394 52.1336 10.4
      vertex 96.65 51.9311 10.4
    endloop
  endfacet
  facet normal 0.442314 0.89686 0
    outer loop
      vertex 96.2394 52.1336 10.4
      vertex 96.65 51.9311 0
      vertex 96.2394 52.1336 0
    endloop
  endfacet
  facet normal 0.980798 0.195024 0
    outer loop
      vertex 98.37 49.3568 10.4
      vertex 98.2807 49.8059 0
      vertex 98.2807 49.8059 10.4
    endloop
  endfacet
  facet normal 0.980798 0.195024 0
    outer loop
      vertex 98.2807 49.8059 0
      vertex 98.37 49.3568 10.4
      vertex 98.37 49.3568 0
    endloop
  endfacet
  facet normal -0.94693 -0.321441 0
    outer loop
      vertex -2.13358 -0.239386 0
      vertex -2.28074 0.194131 10.4
      vertex -2.28074 0.194131 0
    endloop
  endfacet
  facet normal -0.94693 -0.321441 0
    outer loop
      vertex -2.28074 0.194131 10.4
      vertex -2.13358 -0.239386 0
      vertex -2.13358 -0.239386 10.4
    endloop
  endfacet
  facet normal -0.659341 -0.751844 0
    outer loop
      vertex -1.37487 -1.37487 0
      vertex -1.03066 -1.67673 10.4
      vertex -1.37487 -1.37487 10.4
    endloop
  endfacet
  facet normal -0.659341 -0.751844 -0
    outer loop
      vertex -1.03066 -1.67673 10.4
      vertex -1.37487 -1.37487 0
      vertex -1.03066 -1.67673 0
    endloop
  endfacet
  facet normal -0.0655261 0.997851 0
    outer loop
      vertex 1.1 52.4 0
      vertex 0.643151 52.37 10.4
      vertex 1.1 52.4 10.4
    endloop
  endfacet
  facet normal -0.0655261 0.997851 0
    outer loop
      vertex 0.643151 52.37 10.4
      vertex 1.1 52.4 0
      vertex 0.643151 52.37 0
    endloop
  endfacet
  facet normal 0.321335 0.946966 -0
    outer loop
      vertex 96.2394 52.1336 0
      vertex 95.8059 52.2807 10.4
      vertex 96.2394 52.1336 10.4
    endloop
  endfacet
  facet normal 0.321335 0.946966 0
    outer loop
      vertex 95.8059 52.2807 10.4
      vertex 96.2394 52.1336 0
      vertex 95.8059 52.2807 0
    endloop
  endfacet
  facet normal -0.442302 -0.896866 0
    outer loop
      vertex -0.65 -1.93108 0
      vertex -0.239386 -2.13358 10.4
      vertex -0.65 -1.93108 10.4
    endloop
  endfacet
  facet normal -0.442302 -0.896866 -0
    outer loop
      vertex -0.239386 -2.13358 10.4
      vertex -0.65 -1.93108 0
      vertex -0.239386 -2.13358 0
    endloop
  endfacet
  facet normal 0.946966 0.321335 0
    outer loop
      vertex 98.2807 49.8059 10.4
      vertex 98.1336 50.2394 0
      vertex 98.1336 50.2394 10.4
    endloop
  endfacet
  facet normal 0.946966 0.321335 0
    outer loop
      vertex 98.1336 50.2394 0
      vertex 98.2807 49.8059 10.4
      vertex 98.2807 49.8059 0
    endloop
  endfacet
  facet normal 0 1 -0
    outer loop
      vertex 94.9 52.4 0
      vertex 1.1 52.4 10.4
      vertex 94.9 52.4 10.4
    endloop
  endfacet
  facet normal 0 1 0
    outer loop
      vertex 1.1 52.4 10.4
      vertex 94.9 52.4 0
      vertex 1.1 52.4 0
    endloop
  endfacet
  facet normal 1 0 0
    outer loop
      vertex 98.4 48.9 10.4
      vertex 98.4 40.5831 5.1
      vertex 98.4 48.9 0
    endloop
  endfacet
  facet normal 1 0 0
    outer loop
      vertex 98.4 48.9 10.4
      vertex 98.4 37.4169 5.1
      vertex 98.4 40.5831 5.1
    endloop
  endfacet
  facet normal 1 0 0
    outer loop
      vertex 98.4 1.1 0
      vertex 98.4 37.4169 5.1
      vertex 98.4 1.1 10.4
    endloop
  endfacet
  facet normal 1 -0 0
    outer loop
      vertex 98.4 1.1 10.4
      vertex 98.4 37.4169 5.1
      vertex 98.4 48.9 10.4
    endloop
  endfacet
  facet normal 1 -0 0
    outer loop
      vertex 98.4 40.5831 1.8
      vertex 98.4 48.9 0
      vertex 98.4 40.5831 5.1
    endloop
  endfacet
  facet normal 1 -0 0
    outer loop
      vertex 98.4 37.4169 1.8
      vertex 98.4 48.9 0
      vertex 98.4 40.5831 1.8
    endloop
  endfacet
  facet normal 1 0 0
    outer loop
      vertex 98.4 37.4169 1.8
      vertex 98.4 1.1 0
      vertex 98.4 48.9 0
    endloop
  endfacet
  facet normal 1 0 0
    outer loop
      vertex 98.4 37.4169 5.1
      vertex 98.4 1.1 0
      vertex 98.4 37.4169 1.8
    endloop
  endfacet
  facet normal -0.555647 0.831418 0
    outer loop
      vertex -0.65 51.9311 0
      vertex -1.03066 51.6767 10.4
      vertex -0.65 51.9311 10.4
    endloop
  endfacet
  facet normal -0.555647 0.831418 0
    outer loop
      vertex -1.03066 51.6767 10.4
      vertex -0.65 51.9311 0
      vertex -1.03066 51.6767 0
    endloop
  endfacet
  facet normal -0.831428 0.555632 0
    outer loop
      vertex -1.93108 50.65 0
      vertex -1.67673 51.0306 10.4
      vertex -1.67673 51.0306 0
    endloop
  endfacet
  facet normal -0.831428 0.555632 0
    outer loop
      vertex -1.67673 51.0306 10.4
      vertex -1.93108 50.65 0
      vertex -1.93108 50.65 10.4
    endloop
  endfacet
  facet normal -1 0 0
    outer loop
      vertex -2.4 48.9 0
      vertex -2.4 39 1.8
      vertex -2.4 48.9 10.4
    endloop
  endfacet
  facet normal -1 0 0
    outer loop
      vertex -2.4 48.9 0
      vertex -2.4 11 1.8
      vertex -2.4 39 1.8
    endloop
  endfacet
  facet normal -1 0 0
    outer loop
      vertex -2.4 1.1 0
      vertex -2.4 11 1.8
      vertex -2.4 48.9 0
    endloop
  endfacet
  facet normal -1 0 0
    outer loop
      vertex -2.4 1.1 10.4
      vertex -2.4 11 1.8
      vertex -2.4 1.1 0
    endloop
  endfacet
  facet normal -1 0 0
    outer loop
      vertex -2.4 11 1.8
      vertex -2.4 1.1 10.4
      vertex -2.4 11 10.4
    endloop
  endfacet
  facet normal -1 -0 0
    outer loop
      vertex -2.4 48.9 10.4
      vertex -2.4 39 1.8
      vertex -2.4 39 10.4
    endloop
  endfacet
  facet normal -0.0653956 -0.997859 0
    outer loop
      vertex 0.643151 -2.37006 0
      vertex 1.1 -2.4 10.4
      vertex 0.643151 -2.37006 10.4
    endloop
  endfacet
  facet normal -0.0653956 -0.997859 -0
    outer loop
      vertex 1.1 -2.4 10.4
      vertex 0.643151 -2.37006 0
      vertex 1.1 -2.4 0
    endloop
  endfacet
  facet normal 0.0655331 0.99785 -0
    outer loop
      vertex 95.3568 52.37 0
      vertex 94.9 52.4 10.4
      vertex 95.3568 52.37 10.4
    endloop
  endfacet
  facet normal 0.0655331 0.99785 0
    outer loop
      vertex 94.9 52.4 10.4
      vertex 95.3568 52.37 0
      vertex 94.9 52.4 0
    endloop
  endfacet
  facet normal -0.321441 -0.94693 0
    outer loop
      vertex -0.239386 -2.13358 0
      vertex 0.194131 -2.28074 10.4
      vertex -0.239386 -2.13358 10.4
    endloop
  endfacet
  facet normal -0.321441 -0.94693 -0
    outer loop
      vertex 0.194131 -2.28074 10.4
      vertex -0.239386 -2.13358 0
      vertex 0.194131 -2.28074 0
    endloop
  endfacet
  facet normal -0.1951 -0.980783 0
    outer loop
      vertex 0.194131 -2.28074 0
      vertex 0.643151 -2.37006 10.4
      vertex 0.194131 -2.28074 10.4
    endloop
  endfacet
  facet normal -0.1951 -0.980783 -0
    outer loop
      vertex 0.643151 -2.37006 10.4
      vertex 0.194131 -2.28074 0
      vertex 0.643151 -2.37006 0
    endloop
  endfacet
  facet normal 0.659243 -0.75193 0
    outer loop
      vertex 97.0306 -1.67673 0
      vertex 97.3749 -1.37487 10.4
      vertex 97.0306 -1.67673 10.4
    endloop
  endfacet
  facet normal 0.659243 -0.75193 0
    outer loop
      vertex 97.3749 -1.37487 10.4
      vertex 97.0306 -1.67673 0
      vertex 97.3749 -1.37487 0
    endloop
  endfacet
  facet normal 0.831378 0.555708 0
    outer loop
      vertex 97.9311 50.65 10.4
      vertex 97.6767 51.0306 0
      vertex 97.6767 51.0306 10.4
    endloop
  endfacet
  facet normal 0.831378 0.555708 0
    outer loop
      vertex 97.6767 51.0306 0
      vertex 97.9311 50.65 10.4
      vertex 97.9311 50.65 0
    endloop
  endfacet
  facet normal -0.75193 0.659243 0
    outer loop
      vertex -1.67673 51.0306 0
      vertex -1.37487 51.3749 10.4
      vertex -1.37487 51.3749 0
    endloop
  endfacet
  facet normal -0.75193 0.659243 0
    outer loop
      vertex -1.37487 51.3749 10.4
      vertex -1.67673 51.0306 0
      vertex -1.67673 51.0306 10.4
    endloop
  endfacet
  facet normal -0.831468 -0.555572 0
    outer loop
      vertex -1.67673 -1.03066 0
      vertex -1.93108 -0.65 10.4
      vertex -1.93108 -0.65 0
    endloop
  endfacet
  facet normal -0.831468 -0.555572 0
    outer loop
      vertex -1.93108 -0.65 10.4
      vertex -1.67673 -1.03066 0
      vertex -1.67673 -1.03066 10.4
    endloop
  endfacet
  facet normal 0.89686 0.442314 0
    outer loop
      vertex 98.1336 50.2394 10.4
      vertex 97.9311 50.65 0
      vertex 97.9311 50.65 10.4
    endloop
  endfacet
  facet normal 0.89686 0.442314 0
    outer loop
      vertex 97.9311 50.65 0
      vertex 98.1336 50.2394 10.4
      vertex 98.1336 50.2394 0
    endloop
  endfacet
  facet normal -0.659267 0.751909 0
    outer loop
      vertex -1.03066 51.6767 0
      vertex -1.37487 51.3749 10.4
      vertex -1.03066 51.6767 10.4
    endloop
  endfacet
  facet normal -0.659267 0.751909 0
    outer loop
      vertex -1.37487 51.3749 10.4
      vertex -1.03066 51.6767 0
      vertex -1.37487 51.3749 0
    endloop
  endfacet
  facet normal -0.195057 0.980792 0
    outer loop
      vertex 0.643151 52.37 0
      vertex 0.194131 52.2807 10.4
      vertex 0.643151 52.37 10.4
    endloop
  endfacet
  facet normal -0.195057 0.980792 0
    outer loop
      vertex 0.194131 52.2807 10.4
      vertex 0.643151 52.37 0
      vertex 0.194131 52.2807 0
    endloop
  endfacet
  facet normal 0.896866 -0.442302 0
    outer loop
      vertex 97.9311 -0.65 10.4
      vertex 98.1336 -0.239386 0
      vertex 98.1336 -0.239386 10.4
    endloop
  endfacet
  facet normal 0.896866 -0.442302 0
    outer loop
      vertex 98.1336 -0.239386 0
      vertex 97.9311 -0.65 10.4
      vertex 97.9311 -0.65 0
    endloop
  endfacet
  facet normal 0.195066 -0.98079 0
    outer loop
      vertex 95.3568 -2.37006 0
      vertex 95.8059 -2.28074 10.4
      vertex 95.3568 -2.37006 10.4
    endloop
  endfacet
  facet normal 0.195066 -0.98079 0
    outer loop
      vertex 95.8059 -2.28074 10.4
      vertex 95.3568 -2.37006 0
      vertex 95.8059 -2.28074 0
    endloop
  endfacet
  facet normal 0.997851 -0.0655261 0
    outer loop
      vertex 98.37 0.643151 10.4
      vertex 98.4 1.1 0
      vertex 98.4 1.1 10.4
    endloop
  endfacet
  facet normal 0.997851 -0.0655261 0
    outer loop
      vertex 98.4 1.1 0
      vertex 98.37 0.643151 10.4
      vertex 98.37 0.643151 0
    endloop
  endfacet
  facet normal 0.195024 0.980798 -0
    outer loop
      vertex 95.8059 52.2807 0
      vertex 95.3568 52.37 10.4
      vertex 95.8059 52.2807 10.4
    endloop
  endfacet
  facet normal 0.195024 0.980798 0
    outer loop
      vertex 95.3568 52.37 10.4
      vertex 95.8059 52.2807 0
      vertex 95.3568 52.37 0
    endloop
  endfacet
  facet normal 0.831418 -0.555647 0
    outer loop
      vertex 97.6767 -1.03066 10.4
      vertex 97.9311 -0.65 0
      vertex 97.9311 -0.65 10.4
    endloop
  endfacet
  facet normal 0.831418 -0.555647 0
    outer loop
      vertex 97.9311 -0.65 0
      vertex 97.6767 -1.03066 10.4
      vertex 97.6767 -1.03066 0
    endloop
  endfacet
  facet normal -0.321324 0.946969 0
    outer loop
      vertex 0.194131 52.2807 0
      vertex -0.239386 52.1336 10.4
      vertex 0.194131 52.2807 10.4
    endloop
  endfacet
  facet normal -0.321324 0.946969 0
    outer loop
      vertex -0.239386 52.1336 10.4
      vertex 0.194131 52.2807 0
      vertex -0.239386 52.1336 0
    endloop
  endfacet
  facet normal -0.980783 -0.1951 0
    outer loop
      vertex -2.28074 0.194131 0
      vertex -2.37006 0.643151 10.4
      vertex -2.37006 0.643151 0
    endloop
  endfacet
  facet normal -0.980783 -0.1951 0
    outer loop
      vertex -2.37006 0.643151 10.4
      vertex -2.28074 0.194131 0
      vertex -2.28074 0.194131 10.4
    endloop
  endfacet
  facet normal 0.321452 -0.946926 0
    outer loop
      vertex 95.8059 -2.28074 0
      vertex 96.2394 -2.13358 10.4
      vertex 95.8059 -2.28074 10.4
    endloop
  endfacet
  facet normal 0.321452 -0.946926 0
    outer loop
      vertex 96.2394 -2.13358 10.4
      vertex 95.8059 -2.28074 0
      vertex 96.2394 -2.13358 0
    endloop
  endfacet
  facet normal -0.98079 0.195066 0
    outer loop
      vertex -2.37006 49.3568 0
      vertex -2.28074 49.8059 10.4
      vertex -2.28074 49.8059 0
    endloop
  endfacet
  facet normal -0.98079 0.195066 0
    outer loop
      vertex -2.28074 49.8059 10.4
      vertex -2.37006 49.3568 0
      vertex -2.37006 49.3568 10.4
    endloop
  endfacet
  facet normal -0.896866 -0.442302 0
    outer loop
      vertex -1.93108 -0.65 0
      vertex -2.13358 -0.239386 10.4
      vertex -2.13358 -0.239386 0
    endloop
  endfacet
  facet normal -0.896866 -0.442302 0
    outer loop
      vertex -2.13358 -0.239386 10.4
      vertex -1.93108 -0.65 0
      vertex -1.93108 -0.65 10.4
    endloop
  endfacet
  facet normal 0.555632 -0.831428 0
    outer loop
      vertex 96.65 -1.93108 0
      vertex 97.0306 -1.67673 10.4
      vertex 96.65 -1.93108 10.4
    endloop
  endfacet
  facet normal 0.555632 -0.831428 0
    outer loop
      vertex 97.0306 -1.67673 10.4
      vertex 96.65 -1.93108 0
      vertex 97.0306 -1.67673 0
    endloop
  endfacet
  facet normal 0.99785 0.0655331 0
    outer loop
      vertex 98.4 48.9 10.4
      vertex 98.37 49.3568 0
      vertex 98.37 49.3568 10.4
    endloop
  endfacet
  facet normal 0.99785 0.0655331 0
    outer loop
      vertex 98.37 49.3568 0
      vertex 98.4 48.9 10.4
      vertex 98.4 48.9 0
    endloop
  endfacet
  facet normal -0.442302 0.896866 0
    outer loop
      vertex -0.239386 52.1336 0
      vertex -0.65 51.9311 10.4
      vertex -0.239386 52.1336 10.4
    endloop
  endfacet
  facet normal -0.442302 0.896866 0
    outer loop
      vertex -0.65 51.9311 10.4
      vertex -0.239386 52.1336 0
      vertex -0.65 51.9311 0
    endloop
  endfacet
  facet normal -0.946926 0.321452 0
    outer loop
      vertex -2.28074 49.8059 0
      vertex -2.13358 50.2394 10.4
      vertex -2.13358 50.2394 0
    endloop
  endfacet
  facet normal -0.946926 0.321452 0
    outer loop
      vertex -2.13358 50.2394 10.4
      vertex -2.28074 49.8059 0
      vertex -2.28074 49.8059 10.4
    endloop
  endfacet
  facet normal -0.751844 -0.659341 0
    outer loop
      vertex -1.37487 -1.37487 0
      vertex -1.67673 -1.03066 10.4
      vertex -1.67673 -1.03066 0
    endloop
  endfacet
  facet normal -0.751844 -0.659341 0
    outer loop
      vertex -1.67673 -1.03066 10.4
      vertex -1.37487 -1.37487 0
      vertex -1.37487 -1.37487 10.4
    endloop
  endfacet
  facet normal 0.751909 -0.659267 0
    outer loop
      vertex 97.3749 -1.37487 10.4
      vertex 97.6767 -1.03066 0
      vertex 97.6767 -1.03066 10.4
    endloop
  endfacet
  facet normal 0.751909 -0.659267 0
    outer loop
      vertex 97.6767 -1.03066 0
      vertex 97.3749 -1.37487 10.4
      vertex 97.3749 -1.37487 0
    endloop
  endfacet
  facet normal -0.555572 -0.831468 0
    outer loop
      vertex -1.03066 -1.67673 0
      vertex -0.65 -1.93108 10.4
      vertex -1.03066 -1.67673 10.4
    endloop
  endfacet
  facet normal -0.555572 -0.831468 -0
    outer loop
      vertex -0.65 -1.93108 10.4
      vertex -1.03066 -1.67673 0
      vertex -0.65 -1.93108 0
    endloop
  endfacet
  facet normal -0.89686 0.442314 0
    outer loop
      vertex -2.13358 50.2394 0
      vertex -1.93108 50.65 10.4
      vertex -1.93108 50.65 0
    endloop
  endfacet
  facet normal -0.89686 0.442314 0
    outer loop
      vertex -1.93108 50.65 10.4
      vertex -2.13358 50.2394 0
      vertex -2.13358 50.2394 10.4
    endloop
  endfacet
  facet normal 0 0 1
    outer loop
      vertex 41.23 -0.4 10.4
      vertex 1.1 -0.4 10.4
      vertex 41.23 -1.2 10.4
    endloop
  endfacet
  facet normal -0 0 1
    outer loop
      vertex 41.23 -1.2 10.4
      vertex 43.23 -2.4 10.4
      vertex 43.23 -1.2 10.4
    endloop
  endfacet
  facet normal 0 0 1
    outer loop
      vertex 1.1 -2.4 10.4
      vertex 41.23 -1.2 10.4
      vertex 1.1 -0.4 10.4
    endloop
  endfacet
  facet normal 0 0 1
    outer loop
      vertex 41.23 -1.2 10.4
      vertex 1.1 -2.4 10.4
      vertex 43.23 -2.4 10.4
    endloop
  endfacet
  facet normal 0 0 1
    outer loop
      vertex 0.904214 -0.387167 10.4
      vertex 1.1 -2.4 10.4
      vertex 1.1 -0.4 10.4
    endloop
  endfacet
  facet normal 0 0 1
    outer loop
      vertex 0.643151 -2.37006 10.4
      vertex 0.904214 -0.387167 10.4
      vertex 0.71177 -0.348883 10.4
    endloop
  endfacet
  facet normal 0 0 1
    outer loop
      vertex 0.904214 -0.387167 10.4
      vertex 0.643151 -2.37006 10.4
      vertex 1.1 -2.4 10.4
    endloop
  endfacet
  facet normal 0 0 1
    outer loop
      vertex 0.194131 -2.28074 10.4
      vertex 0.71177 -0.348883 10.4
      vertex 0.525979 -0.285818 10.4
    endloop
  endfacet
  facet normal 0 0 1
    outer loop
      vertex -0.239386 -2.13358 10.4
      vertex 0.525979 -0.285818 10.4
      vertex 0.349999 -0.199041 10.4
    endloop
  endfacet
  facet normal 0 0 1
    outer loop
      vertex 0.71177 -0.348883 10.4
      vertex 0.194131 -2.28074 10.4
      vertex 0.643151 -2.37006 10.4
    endloop
  endfacet
  facet normal 0 0 1
    outer loop
      vertex -0.65 -1.93108 10.4
      vertex 0.349999 -0.199041 10.4
      vertex 0.186852 -0.0900326 10.4
    endloop
  endfacet
  facet normal 0 0 1
    outer loop
      vertex -1.03066 -1.67673 10.4
      vertex 0.186852 -0.0900326 10.4
      vertex 0.0393457 0.0393457 10.4
    endloop
  endfacet
  facet normal 0 0 1
    outer loop
      vertex -1.37487 -1.37487 10.4
      vertex 0.0393457 0.0393457 10.4
      vertex -0.0900326 0.186852 10.4
    endloop
  endfacet
  facet normal 0 0 1
    outer loop
      vertex -1.67673 -1.03066 10.4
      vertex -0.0900326 0.186852 10.4
      vertex -0.199041 0.349999 10.4
    endloop
  endfacet
  facet normal 0 0 1
    outer loop
      vertex 0.525979 -0.285818 10.4
      vertex -0.239386 -2.13358 10.4
      vertex 0.194131 -2.28074 10.4
    endloop
  endfacet
  facet normal 0 0 1
    outer loop
      vertex -1.93108 -0.65 10.4
      vertex -0.199041 0.349999 10.4
      vertex -0.285818 0.525979 10.4
    endloop
  endfacet
  facet normal 0 0 1
    outer loop
      vertex -2.13358 -0.239386 10.4
      vertex -0.285818 0.525979 10.4
      vertex -0.348883 0.71177 10.4
    endloop
  endfacet
  facet normal 0 0 1
    outer loop
      vertex -2.28074 0.194131 10.4
      vertex -0.348883 0.71177 10.4
      vertex -0.387167 0.904214 10.4
    endloop
  endfacet
  facet normal 0 0 1
    outer loop
      vertex -2.37006 0.643151 10.4
      vertex -0.387167 0.904214 10.4
      vertex -0.4 1.1 10.4
    endloop
  endfacet
  facet normal 0 0 1
    outer loop
      vertex 0.349999 -0.199041 10.4
      vertex -0.65 -1.93108 10.4
      vertex -0.239386 -2.13358 10.4
    endloop
  endfacet
  facet normal 0 0 1
    outer loop
      vertex -2.4 1.1 10.4
      vertex -0.4 1.1 10.4
      vertex -0.4 11 10.4
    endloop
  endfacet
  facet normal 0 -0 1
    outer loop
      vertex -2.37006 0.643151 10.4
      vertex -0.4 1.1 10.4
      vertex -2.4 1.1 10.4
    endloop
  endfacet
  facet normal 0 0 1
    outer loop
      vertex 0.186852 -0.0900326 10.4
      vertex -1.03066 -1.67673 10.4
      vertex -0.65 -1.93108 10.4
    endloop
  endfacet
  facet normal 0 0 1
    outer loop
      vertex 0.0393457 0.0393457 10.4
      vertex -1.37487 -1.37487 10.4
      vertex -1.03066 -1.67673 10.4
    endloop
  endfacet
  facet normal 0 0 1
    outer loop
      vertex -0.0900326 0.186852 10.4
      vertex -1.67673 -1.03066 10.4
      vertex -1.37487 -1.37487 10.4
    endloop
  endfacet
  facet normal 0 0 1
    outer loop
      vertex -0.199041 0.349999 10.4
      vertex -1.93108 -0.65 10.4
      vertex -1.67673 -1.03066 10.4
    endloop
  endfacet
  facet normal 0 0 1
    outer loop
      vertex -0.285818 0.525979 10.4
      vertex -2.13358 -0.239386 10.4
      vertex -1.93108 -0.65 10.4
    endloop
  endfacet
  facet normal 0 0 1
    outer loop
      vertex -0.348883 0.71177 10.4
      vertex -2.28074 0.194131 10.4
      vertex -2.13358 -0.239386 10.4
    endloop
  endfacet
  facet normal 0 0 1
    outer loop
      vertex -2.4 1.1 10.4
      vertex -0.4 11 10.4
      vertex -2.4 11 10.4
    endloop
  endfacet
  facet normal 0 0 1
    outer loop
      vertex -0.387167 0.904214 10.4
      vertex -2.37006 0.643151 10.4
      vertex -2.28074 0.194131 10.4
    endloop
  endfacet
  facet normal 0 0 1
    outer loop
      vertex 96.4 48.9 10.4
      vertex 98.4 48.9 10.4
      vertex 98.37 49.3568 10.4
    endloop
  endfacet
  facet normal 0 0 1
    outer loop
      vertex 98.4 48.9 10.4
      vertex 96.4 48.9 10.4
      vertex 98.4 1.1 10.4
    endloop
  endfacet
  facet normal 0 0 1
    outer loop
      vertex 96.3872 49.0958 10.4
      vertex 98.37 49.3568 10.4
      vertex 98.2807 49.8059 10.4
    endloop
  endfacet
  facet normal 0 0 1
    outer loop
      vertex 96.4 1.1 10.4
      vertex 98.4 1.1 10.4
      vertex 96.4 48.9 10.4
    endloop
  endfacet
  facet normal 0 0 1
    outer loop
      vertex 96.3489 49.2882 10.4
      vertex 98.2807 49.8059 10.4
      vertex 98.1336 50.2394 10.4
    endloop
  endfacet
  facet normal 0 0 1
    outer loop
      vertex 98.4 1.1 10.4
      vertex 96.4 1.1 10.4
      vertex 98.37 0.643151 10.4
    endloop
  endfacet
  facet normal 0 0 1
    outer loop
      vertex 96.2858 49.474 10.4
      vertex 98.1336 50.2394 10.4
      vertex 97.9311 50.65 10.4
    endloop
  endfacet
  facet normal -0 0 1
    outer loop
      vertex 96.3872 0.904214 10.4
      vertex 98.37 0.643151 10.4
      vertex 96.4 1.1 10.4
    endloop
  endfacet
  facet normal 0 0 1
    outer loop
      vertex 96.199 49.65 10.4
      vertex 97.9311 50.65 10.4
      vertex 97.6767 51.0306 10.4
    endloop
  endfacet
  facet normal 0 0 1
    outer loop
      vertex 98.37 0.643151 10.4
      vertex 96.3872 0.904214 10.4
      vertex 98.2807 0.194131 10.4
    endloop
  endfacet
  facet normal 0 0 1
    outer loop
      vertex 96.09 49.8131 10.4
      vertex 97.6767 51.0306 10.4
      vertex 97.3749 51.3749 10.4
    endloop
  endfacet
  facet normal -0 0 1
    outer loop
      vertex 96.3489 0.71177 10.4
      vertex 98.2807 0.194131 10.4
      vertex 96.3872 0.904214 10.4
    endloop
  endfacet
  facet normal 0 0 1
    outer loop
      vertex 95.9606 49.9606 10.4
      vertex 97.3749 51.3749 10.4
      vertex 97.0306 51.6767 10.4
    endloop
  endfacet
  facet normal 0 0 1
    outer loop
      vertex 98.2807 0.194131 10.4
      vertex 96.3489 0.71177 10.4
      vertex 98.1336 -0.239386 10.4
    endloop
  endfacet
  facet normal 0 0 1
    outer loop
      vertex 95.8131 50.09 10.4
      vertex 97.0306 51.6767 10.4
      vertex 96.65 51.9311 10.4
    endloop
  endfacet
  facet normal -0 0 1
    outer loop
      vertex 96.2858 0.525979 10.4
      vertex 98.1336 -0.239386 10.4
      vertex 96.3489 0.71177 10.4
    endloop
  endfacet
  facet normal 0 0 1
    outer loop
      vertex 98.1336 -0.239386 10.4
      vertex 96.2858 0.525979 10.4
      vertex 97.9311 -0.65 10.4
    endloop
  endfacet
  facet normal 0 0 1
    outer loop
      vertex 98.37 49.3568 10.4
      vertex 96.3872 49.0958 10.4
      vertex 96.4 48.9 10.4
    endloop
  endfacet
  facet normal 0 0 1
    outer loop
      vertex 98.2807 49.8059 10.4
      vertex 96.3489 49.2882 10.4
      vertex 96.3872 49.0958 10.4
    endloop
  endfacet
  facet normal 0 0 1
    outer loop
      vertex 98.1336 50.2394 10.4
      vertex 96.2858 49.474 10.4
      vertex 96.3489 49.2882 10.4
    endloop
  endfacet
  facet normal 0 0 1
    outer loop
      vertex 95.65 50.199 10.4
      vertex 96.65 51.9311 10.4
      vertex 96.2394 52.1336 10.4
    endloop
  endfacet
  facet normal 0 0 1
    outer loop
      vertex 97.9311 50.65 10.4
      vertex 96.199 49.65 10.4
      vertex 96.2858 49.474 10.4
    endloop
  endfacet
  facet normal 0 0 1
    outer loop
      vertex 97.6767 51.0306 10.4
      vertex 96.09 49.8131 10.4
      vertex 96.199 49.65 10.4
    endloop
  endfacet
  facet normal 0 0 1
    outer loop
      vertex 97.3749 51.3749 10.4
      vertex 95.9606 49.9606 10.4
      vertex 96.09 49.8131 10.4
    endloop
  endfacet
  facet normal 0 0 1
    outer loop
      vertex 97.0306 51.6767 10.4
      vertex 95.8131 50.09 10.4
      vertex 95.9606 49.9606 10.4
    endloop
  endfacet
  facet normal 0 0 1
    outer loop
      vertex 95.474 50.2858 10.4
      vertex 96.2394 52.1336 10.4
      vertex 95.8059 52.2807 10.4
    endloop
  endfacet
  facet normal 0 0 1
    outer loop
      vertex 96.65 51.9311 10.4
      vertex 95.65 50.199 10.4
      vertex 95.8131 50.09 10.4
    endloop
  endfacet
  facet normal 0 0 1
    outer loop
      vertex 96.2394 52.1336 10.4
      vertex 95.474 50.2858 10.4
      vertex 95.65 50.199 10.4
    endloop
  endfacet
  facet normal 0 0 1
    outer loop
      vertex 95.2882 50.3489 10.4
      vertex 95.8059 52.2807 10.4
      vertex 95.3568 52.37 10.4
    endloop
  endfacet
  facet normal 0 0 1
    outer loop
      vertex 95.8059 52.2807 10.4
      vertex 95.2882 50.3489 10.4
      vertex 95.474 50.2858 10.4
    endloop
  endfacet
  facet normal 0 0 1
    outer loop
      vertex 95.3568 52.37 10.4
      vertex 95.0958 50.3872 10.4
      vertex 95.2882 50.3489 10.4
    endloop
  endfacet
  facet normal 0 0 1
    outer loop
      vertex 94.9 52.4 10.4
      vertex 95.0958 50.3872 10.4
      vertex 95.3568 52.37 10.4
    endloop
  endfacet
  facet normal 0 0 1
    outer loop
      vertex 94.9 52.4 10.4
      vertex 94.9 50.4 10.4
      vertex 95.0958 50.3872 10.4
    endloop
  endfacet
  facet normal -0 0 1
    outer loop
      vertex 1.1 52.4 10.4
      vertex 94.9 50.4 10.4
      vertex 94.9 52.4 10.4
    endloop
  endfacet
  facet normal 0 0 1
    outer loop
      vertex 1.1 52.4 10.4
      vertex 1.1 50.4 10.4
      vertex 94.9 50.4 10.4
    endloop
  endfacet
  facet normal 0 0 1
    outer loop
      vertex 1.1 52.4 10.4
      vertex 0.904214 50.3872 10.4
      vertex 1.1 50.4 10.4
    endloop
  endfacet
  facet normal -0 0 1
    outer loop
      vertex 0.643151 52.37 10.4
      vertex 0.904214 50.3872 10.4
      vertex 1.1 52.4 10.4
    endloop
  endfacet
  facet normal 0 0 1
    outer loop
      vertex 0.904214 50.3872 10.4
      vertex 0.643151 52.37 10.4
      vertex 0.71177 50.3489 10.4
    endloop
  endfacet
  facet normal -0 0 1
    outer loop
      vertex 0.194131 52.2807 10.4
      vertex 0.71177 50.3489 10.4
      vertex 0.643151 52.37 10.4
    endloop
  endfacet
  facet normal 0 0 1
    outer loop
      vertex 0.71177 50.3489 10.4
      vertex 0.194131 52.2807 10.4
      vertex 0.525979 50.2858 10.4
    endloop
  endfacet
  facet normal -0 0 1
    outer loop
      vertex -0.239386 52.1336 10.4
      vertex 0.525979 50.2858 10.4
      vertex 0.194131 52.2807 10.4
    endloop
  endfacet
  facet normal 0 0 1
    outer loop
      vertex 0.525979 50.2858 10.4
      vertex -0.239386 52.1336 10.4
      vertex 0.349999 50.199 10.4
    endloop
  endfacet
  facet normal -0 0 1
    outer loop
      vertex -0.65 51.9311 10.4
      vertex 0.349999 50.199 10.4
      vertex -0.239386 52.1336 10.4
    endloop
  endfacet
  facet normal 0 0 1
    outer loop
      vertex 0.349999 50.199 10.4
      vertex -0.65 51.9311 10.4
      vertex 0.186852 50.09 10.4
    endloop
  endfacet
  facet normal -0 0 1
    outer loop
      vertex -1.03066 51.6767 10.4
      vertex 0.186852 50.09 10.4
      vertex -0.65 51.9311 10.4
    endloop
  endfacet
  facet normal 0 0 1
    outer loop
      vertex 0.186852 50.09 10.4
      vertex -1.03066 51.6767 10.4
      vertex 0.0393457 49.9606 10.4
    endloop
  endfacet
  facet normal -0 0 1
    outer loop
      vertex -1.37487 51.3749 10.4
      vertex 0.0393457 49.9606 10.4
      vertex -1.03066 51.6767 10.4
    endloop
  endfacet
  facet normal 0 0 1
    outer loop
      vertex 0.0393457 49.9606 10.4
      vertex -1.37487 51.3749 10.4
      vertex -0.0900326 49.8131 10.4
    endloop
  endfacet
  facet normal -0 0 1
    outer loop
      vertex -1.67673 51.0306 10.4
      vertex -0.0900326 49.8131 10.4
      vertex -1.37487 51.3749 10.4
    endloop
  endfacet
  facet normal 0 0 1
    outer loop
      vertex -0.0900326 49.8131 10.4
      vertex -1.67673 51.0306 10.4
      vertex -0.199041 49.65 10.4
    endloop
  endfacet
  facet normal -0 0 1
    outer loop
      vertex -1.93108 50.65 10.4
      vertex -0.199041 49.65 10.4
      vertex -1.67673 51.0306 10.4
    endloop
  endfacet
  facet normal 0 0 1
    outer loop
      vertex -0.199041 49.65 10.4
      vertex -1.93108 50.65 10.4
      vertex -0.285818 49.474 10.4
    endloop
  endfacet
  facet normal -0 0 1
    outer loop
      vertex -2.13358 50.2394 10.4
      vertex -0.285818 49.474 10.4
      vertex -1.93108 50.65 10.4
    endloop
  endfacet
  facet normal 0 0 1
    outer loop
      vertex -0.285818 49.474 10.4
      vertex -2.13358 50.2394 10.4
      vertex -0.348883 49.2882 10.4
    endloop
  endfacet
  facet normal -0 0 1
    outer loop
      vertex -2.28074 49.8059 10.4
      vertex -0.348883 49.2882 10.4
      vertex -2.13358 50.2394 10.4
    endloop
  endfacet
  facet normal 0 0 1
    outer loop
      vertex -0.348883 49.2882 10.4
      vertex -2.28074 49.8059 10.4
      vertex -0.387167 49.0958 10.4
    endloop
  endfacet
  facet normal -0 0 1
    outer loop
      vertex -2.37006 49.3568 10.4
      vertex -0.387167 49.0958 10.4
      vertex -2.28074 49.8059 10.4
    endloop
  endfacet
  facet normal 0 0 1
    outer loop
      vertex -0.387167 49.0958 10.4
      vertex -2.37006 49.3568 10.4
      vertex -0.4 48.9 10.4
    endloop
  endfacet
  facet normal 0 0 1
    outer loop
      vertex -0.4 48.9 10.4
      vertex -2.37006 49.3568 10.4
      vertex -2.4 48.9 10.4
    endloop
  endfacet
  facet normal 0 0 1
    outer loop
      vertex -0.4 48.9 10.4
      vertex -2.4 48.9 10.4
      vertex -0.4 39 10.4
    endloop
  endfacet
  facet normal 0 0 1
    outer loop
      vertex -0.4 39 10.4
      vertex -2.4 48.9 10.4
      vertex -2.4 39 10.4
    endloop
  endfacet
  facet normal -0 0 1
    outer loop
      vertex 96.199 0.349999 10.4
      vertex 97.9311 -0.65 10.4
      vertex 96.2858 0.525979 10.4
    endloop
  endfacet
  facet normal 0 0 1
    outer loop
      vertex 97.9311 -0.65 10.4
      vertex 96.199 0.349999 10.4
      vertex 97.6767 -1.03066 10.4
    endloop
  endfacet
  facet normal -0 0 1
    outer loop
      vertex 96.09 0.186852 10.4
      vertex 97.6767 -1.03066 10.4
      vertex 96.199 0.349999 10.4
    endloop
  endfacet
  facet normal 0 0 1
    outer loop
      vertex 97.6767 -1.03066 10.4
      vertex 96.09 0.186852 10.4
      vertex 97.3749 -1.37487 10.4
    endloop
  endfacet
  facet normal -0 0 1
    outer loop
      vertex 95.9606 0.0393457 10.4
      vertex 97.3749 -1.37487 10.4
      vertex 96.09 0.186852 10.4
    endloop
  endfacet
  facet normal 0 0 1
    outer loop
      vertex 97.3749 -1.37487 10.4
      vertex 95.9606 0.0393457 10.4
      vertex 97.0306 -1.67673 10.4
    endloop
  endfacet
  facet normal -0 0 1
    outer loop
      vertex 95.8131 -0.0900326 10.4
      vertex 97.0306 -1.67673 10.4
      vertex 95.9606 0.0393457 10.4
    endloop
  endfacet
  facet normal 0 0 1
    outer loop
      vertex 97.0306 -1.67673 10.4
      vertex 95.8131 -0.0900326 10.4
      vertex 96.65 -1.93108 10.4
    endloop
  endfacet
  facet normal -0 0 1
    outer loop
      vertex 95.65 -0.199041 10.4
      vertex 96.65 -1.93108 10.4
      vertex 95.8131 -0.0900326 10.4
    endloop
  endfacet
  facet normal 0 0 1
    outer loop
      vertex 96.65 -1.93108 10.4
      vertex 95.65 -0.199041 10.4
      vertex 96.2394 -2.13358 10.4
    endloop
  endfacet
  facet normal -0 0 1
    outer loop
      vertex 95.474 -0.285818 10.4
      vertex 96.2394 -2.13358 10.4
      vertex 95.65 -0.199041 10.4
    endloop
  endfacet
  facet normal 0 0 1
    outer loop
      vertex 96.2394 -2.13358 10.4
      vertex 95.474 -0.285818 10.4
      vertex 95.8059 -2.28074 10.4
    endloop
  endfacet
  facet normal -0 0 1
    outer loop
      vertex 95.2882 -0.348883 10.4
      vertex 95.8059 -2.28074 10.4
      vertex 95.474 -0.285818 10.4
    endloop
  endfacet
  facet normal 0 0 1
    outer loop
      vertex 95.8059 -2.28074 10.4
      vertex 95.2882 -0.348883 10.4
      vertex 95.3568 -2.37006 10.4
    endloop
  endfacet
  facet normal -0 0 1
    outer loop
      vertex 95.0958 -0.387167 10.4
      vertex 95.3568 -2.37006 10.4
      vertex 95.2882 -0.348883 10.4
    endloop
  endfacet
  facet normal -0 0 1
    outer loop
      vertex 94.9 -0.4 10.4
      vertex 95.3568 -2.37006 10.4
      vertex 95.0958 -0.387167 10.4
    endloop
  endfacet
  facet normal 0 0 1
    outer loop
      vertex 94.9 -0.4 10.4
      vertex 94.9 -2.4 10.4
      vertex 95.3568 -2.37006 10.4
    endloop
  endfacet
  facet normal 0 0 1
    outer loop
      vertex 54.77 -1.2 10.4
      vertex 94.9 -0.4 10.4
      vertex 54.77 -0.4 10.4
    endloop
  endfacet
  facet normal 0 0 1
    outer loop
      vertex 94.9 -0.4 10.4
      vertex 54.77 -1.2 10.4
      vertex 94.9 -2.4 10.4
    endloop
  endfacet
  facet normal 0 0 1
    outer loop
      vertex 52.77 -2.4 10.4
      vertex 54.77 -1.2 10.4
      vertex 52.77 -1.2 10.4
    endloop
  endfacet
  facet normal 0 0 1
    outer loop
      vertex 54.77 -1.2 10.4
      vertex 52.77 -2.4 10.4
      vertex 94.9 -2.4 10.4
    endloop
  endfacet
  facet normal -0.997859 0.0654026 0
    outer loop
      vertex -2.4 48.9 0
      vertex -2.37006 49.3568 10.4
      vertex -2.37006 49.3568 0
    endloop
  endfacet
  facet normal -0.997859 0.0654026 0
    outer loop
      vertex -2.37006 49.3568 10.4
      vertex -2.4 48.9 0
      vertex -2.4 48.9 10.4
    endloop
  endfacet
  facet normal 0.946969 -0.321324 0
    outer loop
      vertex 98.1336 -0.239386 10.4
      vertex 98.2807 0.194131 0
      vertex 98.2807 0.194131 10.4
    endloop
  endfacet
  facet normal 0.946969 -0.321324 0
    outer loop
      vertex 98.2807 0.194131 0
      vertex 98.1336 -0.239386 10.4
      vertex 98.1336 -0.239386 0
    endloop
  endfacet
  facet normal 0.980792 -0.195057 0
    outer loop
      vertex 98.2807 0.194131 10.4
      vertex 98.37 0.643151 0
      vertex 98.37 0.643151 10.4
    endloop
  endfacet
  facet normal 0.980792 -0.195057 0
    outer loop
      vertex 98.37 0.643151 0
      vertex 98.2807 0.194131 10.4
      vertex 98.2807 0.194131 0
    endloop
  endfacet
  facet normal -0.997859 -0.0653956 0
    outer loop
      vertex -2.37006 0.643151 0
      vertex -2.4 1.1 10.4
      vertex -2.4 1.1 0
    endloop
  endfacet
  facet normal -0.997859 -0.0653956 0
    outer loop
      vertex -2.4 1.1 10.4
      vertex -2.37006 0.643151 0
      vertex -2.37006 0.643151 10.4
    endloop
  endfacet
  facet normal 0.442314 -0.89686 0
    outer loop
      vertex 96.2394 -2.13358 0
      vertex 96.65 -1.93108 10.4
      vertex 96.2394 -2.13358 10.4
    endloop
  endfacet
  facet normal 0.442314 -0.89686 0
    outer loop
      vertex 96.65 -1.93108 10.4
      vertex 96.2394 -2.13358 0
      vertex 96.65 -1.93108 0
    endloop
  endfacet
  facet normal 0.555708 0.831378 -0
    outer loop
      vertex 97.0306 51.6767 0
      vertex 96.65 51.9311 10.4
      vertex 97.0306 51.6767 10.4
    endloop
  endfacet
  facet normal 0.555708 0.831378 0
    outer loop
      vertex 96.65 51.9311 10.4
      vertex 97.0306 51.6767 0
      vertex 96.65 51.9311 0
    endloop
  endfacet
  facet normal 0.659169 0.751995 -0
    outer loop
      vertex 97.3749 51.3749 0
      vertex 97.0306 51.6767 10.4
      vertex 97.3749 51.3749 10.4
    endloop
  endfacet
  facet normal 0.659169 0.751995 0
    outer loop
      vertex 97.0306 51.6767 10.4
      vertex 97.3749 51.3749 0
      vertex 97.0306 51.6767 0
    endloop
  endfacet
  facet normal 0.751995 0.659169 0
    outer loop
      vertex 97.6767 51.0306 10.4
      vertex 97.3749 51.3749 0
      vertex 97.3749 51.3749 10.4
    endloop
  endfacet
  facet normal 0.751995 0.659169 0
    outer loop
      vertex 97.3749 51.3749 0
      vertex 97.6767 51.0306 10.4
      vertex 97.6767 51.0306 0
    endloop
  endfacet
  facet normal 0 0 -1
    outer loop
      vertex 46 38.508 0
      vertex 20.28 38.508 0
      vertex 46 43 0
    endloop
  endfacet
  facet normal 0 0 -1
    outer loop
      vertex 93.9401 4.80363 0
      vertex 98.4 1.1 0
      vertex 94.0284 4.54352 0
    endloop
  endfacet
  facet normal 0 0 -1
    outer loop
      vertex 98.4 48.9 0
      vertex 94.082 45.7259 0
      vertex 94.1 46 0
    endloop
  endfacet
  facet normal 0 0 -1
    outer loop
      vertex 93.8186 5.05 0
      vertex 98.4 1.1 0
      vertex 93.9401 4.80363 0
    endloop
  endfacet
  facet normal 0 0 -1
    outer loop
      vertex 98.4 48.9 0
      vertex 94.0284 45.4565 0
      vertex 94.082 45.7259 0
    endloop
  endfacet
  facet normal 0 0 -1
    outer loop
      vertex 93.666 5.2784 0
      vertex 98.4 1.1 0
      vertex 93.8186 5.05 0
    endloop
  endfacet
  facet normal 0 0 -1
    outer loop
      vertex 98.4 48.9 0
      vertex 93.9401 45.1964 0
      vertex 94.0284 45.4565 0
    endloop
  endfacet
  facet normal 0 0 -1
    outer loop
      vertex 93.4849 5.48492 0
      vertex 98.4 1.1 0
      vertex 93.666 5.2784 0
    endloop
  endfacet
  facet normal 0 0 -1
    outer loop
      vertex 98.4 48.9 0
      vertex 93.8186 44.95 0
      vertex 93.9401 45.1964 0
    endloop
  endfacet
  facet normal 0 0 -1
    outer loop
      vertex 98.4 1.1 0
      vertex 93.4849 5.48492 0
      vertex 98.4 48.9 0
    endloop
  endfacet
  facet normal 0 0 -1
    outer loop
      vertex 98.4 48.9 0
      vertex 93.666 44.7216 0
      vertex 93.8186 44.95 0
    endloop
  endfacet
  facet normal 0 0 -1
    outer loop
      vertex 93.4849 44.5151 0
      vertex 98.4 48.9 0
      vertex 93.4849 5.48492 0
    endloop
  endfacet
  facet normal 0 0 -1
    outer loop
      vertex 98.4 48.9 0
      vertex 93.4849 44.5151 0
      vertex 93.666 44.7216 0
    endloop
  endfacet
  facet normal 0 0 -1
    outer loop
      vertex 93.2784 5.66604 0
      vertex 93.4849 44.5151 0
      vertex 93.4849 5.48492 0
    endloop
  endfacet
  facet normal 0 0 -1
    outer loop
      vertex 93.2784 5.66604 0
      vertex 93.2784 44.334 0
      vertex 93.4849 44.5151 0
    endloop
  endfacet
  facet normal 0 0 -1
    outer loop
      vertex 93.05 5.81865 0
      vertex 93.2784 44.334 0
      vertex 93.2784 5.66604 0
    endloop
  endfacet
  facet normal 0 0 -1
    outer loop
      vertex 93.05 5.81865 0
      vertex 93.05 44.1813 0
      vertex 93.2784 44.334 0
    endloop
  endfacet
  facet normal 0 0 -1
    outer loop
      vertex 92.8036 5.94015 0
      vertex 93.05 44.1813 0
      vertex 93.05 5.81865 0
    endloop
  endfacet
  facet normal 0 0 -1
    outer loop
      vertex 92.8036 5.94015 0
      vertex 92.8036 44.0599 0
      vertex 93.05 44.1813 0
    endloop
  endfacet
  facet normal 0 0 -1
    outer loop
      vertex 92.5435 6.02844 0
      vertex 92.8036 44.0599 0
      vertex 92.8036 5.94015 0
    endloop
  endfacet
  facet normal 0 0 -1
    outer loop
      vertex 92.5435 6.02844 0
      vertex 92.5435 43.9716 0
      vertex 92.8036 44.0599 0
    endloop
  endfacet
  facet normal 0 0 -1
    outer loop
      vertex 92.2741 6.08203 0
      vertex 92.5435 43.9716 0
      vertex 92.5435 6.02844 0
    endloop
  endfacet
  facet normal 0 0 -1
    outer loop
      vertex 92.2741 6.08203 0
      vertex 92.2741 43.918 0
      vertex 92.5435 43.9716 0
    endloop
  endfacet
  facet normal 0 0 -1
    outer loop
      vertex 92 6.1 0
      vertex 92.2741 43.918 0
      vertex 92.2741 6.08203 0
    endloop
  endfacet
  facet normal 0 0 -1
    outer loop
      vertex 92 6.1 0
      vertex 92 43.9 0
      vertex 92.2741 43.918 0
    endloop
  endfacet
  facet normal 0 0 -1
    outer loop
      vertex 77.72 13.492 0
      vertex 92 6.1 0
      vertex 91.7259 6.08203 0
    endloop
  endfacet
  facet normal 0 0 -1
    outer loop
      vertex 92 6.1 0
      vertex 77.72 13.492 0
      vertex 92 43.9 0
    endloop
  endfacet
  facet normal 0 0 -1
    outer loop
      vertex 77.72 13.492 0
      vertex 91.7259 6.08203 0
      vertex 91.4565 6.02844 0
    endloop
  endfacet
  facet normal 0 0 -1
    outer loop
      vertex 77.72 36.508 0
      vertex 92 43.9 0
      vertex 77.72 13.492 0
    endloop
  endfacet
  facet normal 0 0 -1
    outer loop
      vertex 77.72 13.492 0
      vertex 91.4565 6.02844 0
      vertex 91.1964 5.94015 0
    endloop
  endfacet
  facet normal -0 0 -1
    outer loop
      vertex 92 43.9 0
      vertex 77.72 36.508 0
      vertex 91.7259 43.918 0
    endloop
  endfacet
  facet normal 0 0 -1
    outer loop
      vertex 77.72 13.492 0
      vertex 91.1964 5.94015 0
      vertex 90.95 5.81865 0
    endloop
  endfacet
  facet normal -0 0 -1
    outer loop
      vertex 91.7259 43.918 0
      vertex 77.72 36.508 0
      vertex 91.4565 43.9716 0
    endloop
  endfacet
  facet normal 0 0 -1
    outer loop
      vertex 77.72 13.492 0
      vertex 90.95 5.81865 0
      vertex 90.7216 5.66604 0
    endloop
  endfacet
  facet normal -0 0 -1
    outer loop
      vertex 91.4565 43.9716 0
      vertex 77.72 36.508 0
      vertex 91.1964 44.0599 0
    endloop
  endfacet
  facet normal 0 0 -1
    outer loop
      vertex 77.7029 13.231 0
      vertex 90.7216 5.66604 0
      vertex 90.5151 5.48492 0
    endloop
  endfacet
  facet normal -0 0 -1
    outer loop
      vertex 91.1964 44.0599 0
      vertex 77.72 36.508 0
      vertex 90.95 44.1813 0
    endloop
  endfacet
  facet normal 0 0 -1
    outer loop
      vertex 77.6518 12.9744 0
      vertex 90.5151 5.48492 0
      vertex 90.334 5.2784 0
    endloop
  endfacet
  facet normal -0 0 -1
    outer loop
      vertex 90.95 44.1813 0
      vertex 77.72 36.508 0
      vertex 90.7216 44.334 0
    endloop
  endfacet
  facet normal 0 0 -1
    outer loop
      vertex 77.452 12.492 0
      vertex 90.334 5.2784 0
      vertex 90.1813 5.05 0
    endloop
  endfacet
  facet normal 0 0 -1
    outer loop
      vertex 77.7029 36.769 0
      vertex 90.7216 44.334 0
      vertex 77.72 36.508 0
    endloop
  endfacet
  facet normal 0 0 -1
    outer loop
      vertex 77.3067 12.2745 0
      vertex 90.1813 5.05 0
      vertex 90.0599 4.80363 0
    endloop
  endfacet
  facet normal -0 0 -1
    outer loop
      vertex 90.7216 44.334 0
      vertex 77.7029 36.769 0
      vertex 90.5151 44.5151 0
    endloop
  endfacet
  facet normal 0 0 -1
    outer loop
      vertex 77.1342 12.0778 0
      vertex 90.0599 4.80363 0
      vertex 89.9716 4.54352 0
    endloop
  endfacet
  facet normal 0 0 -1
    outer loop
      vertex 77.6518 37.0256 0
      vertex 90.5151 44.5151 0
      vertex 77.7029 36.769 0
    endloop
  endfacet
  facet normal 0 0 -1
    outer loop
      vertex 76.9375 11.9053 0
      vertex 89.9716 4.54352 0
      vertex 89.918 4.2741 0
    endloop
  endfacet
  facet normal -0 0 -1
    outer loop
      vertex 90.5151 44.5151 0
      vertex 77.6518 37.0256 0
      vertex 90.334 44.7216 0
    endloop
  endfacet
  facet normal 0 0 -1
    outer loop
      vertex 76.72 11.7599 0
      vertex 89.918 4.2741 0
      vertex 89.9 4 0
    endloop
  endfacet
  facet normal 0 0 -1
    outer loop
      vertex 77.5677 37.2734 0
      vertex 90.334 44.7216 0
      vertex 77.6518 37.0256 0
    endloop
  endfacet
  facet normal 0 0 -1
    outer loop
      vertex 93.666 2.7216 0
      vertex 98.4 1.1 0
      vertex 98.37 0.643151 0
    endloop
  endfacet
  facet normal 0 0 -1
    outer loop
      vertex 94.082 4.2741 0
      vertex 98.4 1.1 0
      vertex 94.1 4 0
    endloop
  endfacet
  facet normal 0 0 -1
    outer loop
      vertex 93.666 2.7216 0
      vertex 98.37 0.643151 0
      vertex 98.2807 0.194131 0
    endloop
  endfacet
  facet normal 0 0 -1
    outer loop
      vertex 94.0284 4.54352 0
      vertex 98.4 1.1 0
      vertex 94.082 4.2741 0
    endloop
  endfacet
  facet normal 0 0 -1
    outer loop
      vertex 93.666 2.7216 0
      vertex 98.2807 0.194131 0
      vertex 98.1336 -0.239386 0
    endloop
  endfacet
  facet normal 0 0 -1
    outer loop
      vertex 94.082 46.2741 0
      vertex 98.4 48.9 0
      vertex 94.1 46 0
    endloop
  endfacet
  facet normal 0 0 -1
    outer loop
      vertex 93.4849 2.51508 0
      vertex 98.1336 -0.239386 0
      vertex 97.9311 -0.65 0
    endloop
  endfacet
  facet normal 0 0 -1
    outer loop
      vertex 94.0284 46.5435 0
      vertex 98.4 48.9 0
      vertex 94.082 46.2741 0
    endloop
  endfacet
  facet normal 0 0 -1
    outer loop
      vertex 93.4849 2.51508 0
      vertex 97.9311 -0.65 0
      vertex 97.6767 -1.03066 0
    endloop
  endfacet
  facet normal 0 0 -1
    outer loop
      vertex 93.9401 46.8036 0
      vertex 98.4 48.9 0
      vertex 94.0284 46.5435 0
    endloop
  endfacet
  facet normal 0 0 -1
    outer loop
      vertex 93.4849 2.51508 0
      vertex 97.6767 -1.03066 0
      vertex 97.3749 -1.37487 0
    endloop
  endfacet
  facet normal 0 0 -1
    outer loop
      vertex 93.8186 47.05 0
      vertex 98.4 48.9 0
      vertex 93.9401 46.8036 0
    endloop
  endfacet
  facet normal 0 0 -1
    outer loop
      vertex 93.4849 2.51508 0
      vertex 97.3749 -1.37487 0
      vertex 97.0306 -1.67673 0
    endloop
  endfacet
  facet normal 0 0 -1
    outer loop
      vertex 93.666 47.2784 0
      vertex 98.4 48.9 0
      vertex 93.8186 47.05 0
    endloop
  endfacet
  facet normal 0 0 -1
    outer loop
      vertex 93.4849 2.51508 0
      vertex 97.0306 -1.67673 0
      vertex 96.65 -1.93108 0
    endloop
  endfacet
  facet normal -0 0 -1
    outer loop
      vertex 98.4 48.9 0
      vertex 93.666 47.2784 0
      vertex 98.37 49.3568 0
    endloop
  endfacet
  facet normal 0 0 -1
    outer loop
      vertex 93.4849 2.51508 0
      vertex 96.65 -1.93108 0
      vertex 96.2394 -2.13358 0
    endloop
  endfacet
  facet normal -0 0 -1
    outer loop
      vertex 98.37 49.3568 0
      vertex 93.666 47.2784 0
      vertex 98.2807 49.8059 0
    endloop
  endfacet
  facet normal 0 0 -1
    outer loop
      vertex 93.2784 2.33396 0
      vertex 96.2394 -2.13358 0
      vertex 95.8059 -2.28074 0
    endloop
  endfacet
  facet normal -0 0 -1
    outer loop
      vertex 98.2807 49.8059 0
      vertex 93.666 47.2784 0
      vertex 98.1336 50.2394 0
    endloop
  endfacet
  facet normal 0 0 -1
    outer loop
      vertex 93.2784 2.33396 0
      vertex 95.8059 -2.28074 0
      vertex 95.3568 -2.37006 0
    endloop
  endfacet
  facet normal 0 0 -1
    outer loop
      vertex 93.4849 47.4849 0
      vertex 98.1336 50.2394 0
      vertex 93.666 47.2784 0
    endloop
  endfacet
  facet normal 0 0 -1
    outer loop
      vertex 93.2784 2.33396 0
      vertex 95.3568 -2.37006 0
      vertex 94.9 -2.4 0
    endloop
  endfacet
  facet normal -0 0 -1
    outer loop
      vertex 98.1336 50.2394 0
      vertex 93.4849 47.4849 0
      vertex 97.9311 50.65 0
    endloop
  endfacet
  facet normal -0 0 -1
    outer loop
      vertex 97.9311 50.65 0
      vertex 93.4849 47.4849 0
      vertex 97.6767 51.0306 0
    endloop
  endfacet
  facet normal 0 0 -1
    outer loop
      vertex 98.4 1.1 0
      vertex 94.082 3.72589 0
      vertex 94.1 4 0
    endloop
  endfacet
  facet normal 0 0 -1
    outer loop
      vertex 98.4 1.1 0
      vertex 94.0284 3.45648 0
      vertex 94.082 3.72589 0
    endloop
  endfacet
  facet normal 0 0 -1
    outer loop
      vertex 98.4 1.1 0
      vertex 93.9401 3.19636 0
      vertex 94.0284 3.45648 0
    endloop
  endfacet
  facet normal 0 0 -1
    outer loop
      vertex 98.4 1.1 0
      vertex 93.8186 2.95 0
      vertex 93.9401 3.19636 0
    endloop
  endfacet
  facet normal 0 0 -1
    outer loop
      vertex 98.4 1.1 0
      vertex 93.666 2.7216 0
      vertex 93.8186 2.95 0
    endloop
  endfacet
  facet normal 0 0 -1
    outer loop
      vertex 98.1336 -0.239386 0
      vertex 93.4849 2.51508 0
      vertex 93.666 2.7216 0
    endloop
  endfacet
  facet normal 0 0 -1
    outer loop
      vertex 96.2394 -2.13358 0
      vertex 93.2784 2.33396 0
      vertex 93.4849 2.51508 0
    endloop
  endfacet
  facet normal 0 0 -1
    outer loop
      vertex 94.9 -2.4 0
      vertex 93.05 2.18135 0
      vertex 93.2784 2.33396 0
    endloop
  endfacet
  facet normal 0 0 -1
    outer loop
      vertex 94.9 -2.4 0
      vertex 92.8036 2.05985 0
      vertex 93.05 2.18135 0
    endloop
  endfacet
  facet normal 0 0 -1
    outer loop
      vertex 94.9 -2.4 0
      vertex 92.5435 1.97156 0
      vertex 92.8036 2.05985 0
    endloop
  endfacet
  facet normal 0 0 -1
    outer loop
      vertex 94.9 -2.4 0
      vertex 92.2741 1.91796 0
      vertex 92.5435 1.97156 0
    endloop
  endfacet
  facet normal 0 0 -1
    outer loop
      vertex 94.9 -2.4 0
      vertex 92 1.9 0
      vertex 92.2741 1.91796 0
    endloop
  endfacet
  facet normal 0 0 -1
    outer loop
      vertex 94.9 -2.4 0
      vertex 91.7259 1.91796 0
      vertex 92 1.9 0
    endloop
  endfacet
  facet normal 0 0 -1
    outer loop
      vertex 94.9 -2.4 0
      vertex 91.4565 1.97156 0
      vertex 91.7259 1.91796 0
    endloop
  endfacet
  facet normal 0 0 -1
    outer loop
      vertex 94.9 -2.4 0
      vertex 91.1964 2.05985 0
      vertex 91.4565 1.97156 0
    endloop
  endfacet
  facet normal 0 0 -1
    outer loop
      vertex 94.9 -2.4 0
      vertex 90.95 2.18135 0
      vertex 91.1964 2.05985 0
    endloop
  endfacet
  facet normal 0 0 -1
    outer loop
      vertex 94.9 -2.4 0
      vertex 90.7216 2.33396 0
      vertex 90.95 2.18135 0
    endloop
  endfacet
  facet normal 0 0 -1
    outer loop
      vertex 94.9 -2.4 0
      vertex 90.5151 2.51508 0
      vertex 90.7216 2.33396 0
    endloop
  endfacet
  facet normal 0 0 -1
    outer loop
      vertex 77.452 37.508 0
      vertex 90.334 44.7216 0
      vertex 77.5677 37.2734 0
    endloop
  endfacet
  facet normal 0 0 -1
    outer loop
      vertex 76.4854 11.6442 0
      vertex 89.9 4 0
      vertex 89.918 3.72589 0
    endloop
  endfacet
  facet normal 0 0 -1
    outer loop
      vertex 76.2376 11.5602 0
      vertex 89.918 3.72589 0
      vertex 89.9716 3.45648 0
    endloop
  endfacet
  facet normal 0 0 -1
    outer loop
      vertex 75.981 11.5091 0
      vertex 89.9716 3.45648 0
      vertex 90.0599 3.19636 0
    endloop
  endfacet
  facet normal 0 0 -1
    outer loop
      vertex 75.72 11.492 0
      vertex 90.0599 3.19636 0
      vertex 90.1813 2.95 0
    endloop
  endfacet
  facet normal 0 0 -1
    outer loop
      vertex 75.72 11.492 0
      vertex 90.1813 2.95 0
      vertex 90.334 2.7216 0
    endloop
  endfacet
  facet normal 0 0 -1
    outer loop
      vertex 75.72 11.492 0
      vertex 90.334 2.7216 0
      vertex 90.5151 2.51508 0
    endloop
  endfacet
  facet normal 0 0 -1
    outer loop
      vertex 50 9 0
      vertex 90.5151 2.51508 0
      vertex 94.9 -2.4 0
    endloop
  endfacet
  facet normal 0 0 -1
    outer loop
      vertex 90.7216 5.66604 0
      vertex 77.7029 13.231 0
      vertex 77.72 13.492 0
    endloop
  endfacet
  facet normal 0 0 -1
    outer loop
      vertex 90.5151 5.48492 0
      vertex 77.6518 12.9744 0
      vertex 77.7029 13.231 0
    endloop
  endfacet
  facet normal 0 0 -1
    outer loop
      vertex 90.334 5.2784 0
      vertex 77.5677 12.7266 0
      vertex 77.6518 12.9744 0
    endloop
  endfacet
  facet normal 0 0 -1
    outer loop
      vertex 90.334 5.2784 0
      vertex 77.452 12.492 0
      vertex 77.5677 12.7266 0
    endloop
  endfacet
  facet normal 0 0 -1
    outer loop
      vertex 90.1813 5.05 0
      vertex 77.3067 12.2745 0
      vertex 77.452 12.492 0
    endloop
  endfacet
  facet normal 0 0 -1
    outer loop
      vertex 90.0599 4.80363 0
      vertex 77.1342 12.0778 0
      vertex 77.3067 12.2745 0
    endloop
  endfacet
  facet normal 0 0 -1
    outer loop
      vertex 89.9716 4.54352 0
      vertex 76.9375 11.9053 0
      vertex 77.1342 12.0778 0
    endloop
  endfacet
  facet normal 0 0 -1
    outer loop
      vertex 89.918 4.2741 0
      vertex 76.72 11.7599 0
      vertex 76.9375 11.9053 0
    endloop
  endfacet
  facet normal 0 0 -1
    outer loop
      vertex 89.9 4 0
      vertex 76.4854 11.6442 0
      vertex 76.72 11.7599 0
    endloop
  endfacet
  facet normal 0 0 -1
    outer loop
      vertex 89.918 3.72589 0
      vertex 76.2376 11.5602 0
      vertex 76.4854 11.6442 0
    endloop
  endfacet
  facet normal 0 0 -1
    outer loop
      vertex 89.9716 3.45648 0
      vertex 75.981 11.5091 0
      vertex 76.2376 11.5602 0
    endloop
  endfacet
  facet normal 0 0 -1
    outer loop
      vertex 90.0599 3.19636 0
      vertex 75.72 11.492 0
      vertex 75.981 11.5091 0
    endloop
  endfacet
  facet normal 0 0 -1
    outer loop
      vertex 90.5151 2.51508 0
      vertex 50 9 0
      vertex 75.72 11.492 0
    endloop
  endfacet
  facet normal 0 0 -1
    outer loop
      vertex 10.8036 1.05985 0
      vertex 50 9 0
      vertex 94.9 -2.4 0
    endloop
  endfacet
  facet normal 0 0 -1
    outer loop
      vertex 46 9 0
      vertex 20.28 11.492 0
      vertex 46 11.492 0
    endloop
  endfacet
  facet normal -0 0 -1
    outer loop
      vertex 50 9 0
      vertex 10.8036 1.05985 0
      vertex 46 9 0
    endloop
  endfacet
  facet normal 0 -0 -1
    outer loop
      vertex 11.9401 2.19636 0
      vertex 46 9 0
      vertex 11.8187 1.95 0
    endloop
  endfacet
  facet normal 0 0 -1
    outer loop
      vertex 11.2784 4.66604 0
      vertex 18.8658 12.0778 0
      vertex 11.4849 4.48492 0
    endloop
  endfacet
  facet normal -0 0 -1
    outer loop
      vertex 19.0625 11.9053 0
      vertex 11.4849 4.48492 0
      vertex 18.8658 12.0778 0
    endloop
  endfacet
  facet normal 0 0 -1
    outer loop
      vertex 11.4849 4.48492 0
      vertex 19.0625 11.9053 0
      vertex 11.666 4.2784 0
    endloop
  endfacet
  facet normal -0 0 -1
    outer loop
      vertex 19.28 11.7599 0
      vertex 11.666 4.2784 0
      vertex 19.0625 11.9053 0
    endloop
  endfacet
  facet normal 0 0 -1
    outer loop
      vertex 11.666 4.2784 0
      vertex 19.28 11.7599 0
      vertex 11.8187 4.05 0
    endloop
  endfacet
  facet normal -0 0 -1
    outer loop
      vertex 19.5146 11.6442 0
      vertex 11.8187 4.05 0
      vertex 19.28 11.7599 0
    endloop
  endfacet
  facet normal 0 0 -1
    outer loop
      vertex 11.8187 4.05 0
      vertex 19.5146 11.6442 0
      vertex 11.9401 3.80363 0
    endloop
  endfacet
  facet normal -0 0 -1
    outer loop
      vertex 19.7624 11.5602 0
      vertex 11.9401 3.80363 0
      vertex 19.5146 11.6442 0
    endloop
  endfacet
  facet normal 0 0 -1
    outer loop
      vertex 11.9401 3.80363 0
      vertex 19.7624 11.5602 0
      vertex 12.0284 3.54352 0
    endloop
  endfacet
  facet normal -0 0 -1
    outer loop
      vertex 20.019 11.5091 0
      vertex 12.0284 3.54352 0
      vertex 19.7624 11.5602 0
    endloop
  endfacet
  facet normal 0 0 -1
    outer loop
      vertex 12.0284 3.54352 0
      vertex 20.019 11.5091 0
      vertex 12.082 3.2741 0
    endloop
  endfacet
  facet normal -0 0 -1
    outer loop
      vertex 20.28 11.492 0
      vertex 12.082 3.2741 0
      vertex 20.019 11.5091 0
    endloop
  endfacet
  facet normal -0 0 -1
    outer loop
      vertex 46 9 0
      vertex 11.9401 2.19636 0
      vertex 20.28 11.492 0
    endloop
  endfacet
  facet normal 0 0 -1
    outer loop
      vertex 12.082 3.2741 0
      vertex 20.28 11.492 0
      vertex 12.1 3 0
    endloop
  endfacet
  facet normal 0 -0 -1
    outer loop
      vertex 12.1 3 0
      vertex 20.28 11.492 0
      vertex 12.082 2.72589 0
    endloop
  endfacet
  facet normal 0 -0 -1
    outer loop
      vertex 12.082 2.72589 0
      vertex 20.28 11.492 0
      vertex 12.0284 2.45648 0
    endloop
  endfacet
  facet normal 0 -0 -1
    outer loop
      vertex 12.0284 2.45648 0
      vertex 20.28 11.492 0
      vertex 11.9401 2.19636 0
    endloop
  endfacet
  facet normal 0 0 -1
    outer loop
      vertex 46 9 0
      vertex 11.666 1.7216 0
      vertex 11.8187 1.95 0
    endloop
  endfacet
  facet normal 0 0 -1
    outer loop
      vertex 46 9 0
      vertex 11.4849 1.51508 0
      vertex 11.666 1.7216 0
    endloop
  endfacet
  facet normal 0 0 -1
    outer loop
      vertex 46 9 0
      vertex 11.2784 1.33396 0
      vertex 11.4849 1.51508 0
    endloop
  endfacet
  facet normal 0 0 -1
    outer loop
      vertex 46 9 0
      vertex 11.05 1.18135 0
      vertex 11.2784 1.33396 0
    endloop
  endfacet
  facet normal 0 0 -1
    outer loop
      vertex 46 9 0
      vertex 10.8036 1.05985 0
      vertex 11.05 1.18135 0
    endloop
  endfacet
  facet normal 0 0 -1
    outer loop
      vertex 94.9 -2.4 0
      vertex 10.5435 0.971556 0
      vertex 10.8036 1.05985 0
    endloop
  endfacet
  facet normal 0 0 -1
    outer loop
      vertex 1.1 -2.4 0
      vertex 10.5435 0.971556 0
      vertex 94.9 -2.4 0
    endloop
  endfacet
  facet normal 0 0 -1
    outer loop
      vertex 10.5435 0.971556 0
      vertex 1.1 -2.4 0
      vertex 10.2741 0.917965 0
    endloop
  endfacet
  facet normal -0 0 -1
    outer loop
      vertex 7.91796 2.72589 0
      vertex 1.1 -2.4 0
      vertex 7.9 3 0
    endloop
  endfacet
  facet normal -0 0 -1
    outer loop
      vertex 7.97156 2.45648 0
      vertex 1.1 -2.4 0
      vertex 7.91796 2.72589 0
    endloop
  endfacet
  facet normal -0 0 -1
    outer loop
      vertex 8.05985 2.19636 0
      vertex 1.1 -2.4 0
      vertex 7.97156 2.45648 0
    endloop
  endfacet
  facet normal -0 0 -1
    outer loop
      vertex 8.18135 1.95 0
      vertex 1.1 -2.4 0
      vertex 8.05985 2.19636 0
    endloop
  endfacet
  facet normal -0 0 -1
    outer loop
      vertex 8.33396 1.7216 0
      vertex 1.1 -2.4 0
      vertex 8.18135 1.95 0
    endloop
  endfacet
  facet normal -0 0 -1
    outer loop
      vertex 8.51508 1.51508 0
      vertex 1.1 -2.4 0
      vertex 8.33396 1.7216 0
    endloop
  endfacet
  facet normal -0 0 -1
    outer loop
      vertex 8.7216 1.33396 0
      vertex 1.1 -2.4 0
      vertex 8.51508 1.51508 0
    endloop
  endfacet
  facet normal -0 0 -1
    outer loop
      vertex 8.95 1.18135 0
      vertex 1.1 -2.4 0
      vertex 8.7216 1.33396 0
    endloop
  endfacet
  facet normal -0 0 -1
    outer loop
      vertex 9.19636 1.05985 0
      vertex 1.1 -2.4 0
      vertex 8.95 1.18135 0
    endloop
  endfacet
  facet normal -0 0 -1
    outer loop
      vertex 9.45648 0.971556 0
      vertex 1.1 -2.4 0
      vertex 9.19636 1.05985 0
    endloop
  endfacet
  facet normal -0 0 -1
    outer loop
      vertex 9.72589 0.917965 0
      vertex 1.1 -2.4 0
      vertex 9.45648 0.971556 0
    endloop
  endfacet
  facet normal -0 0 -1
    outer loop
      vertex 10 0.9 0
      vertex 1.1 -2.4 0
      vertex 9.72589 0.917965 0
    endloop
  endfacet
  facet normal 0 0 -1
    outer loop
      vertex 10.2741 0.917965 0
      vertex 1.1 -2.4 0
      vertex 10 0.9 0
    endloop
  endfacet
  facet normal -0 0 -1
    outer loop
      vertex 97.6767 51.0306 0
      vertex 93.4849 47.4849 0
      vertex 97.3749 51.3749 0
    endloop
  endfacet
  facet normal -0 0 -1
    outer loop
      vertex 97.3749 51.3749 0
      vertex 93.4849 47.4849 0
      vertex 97.0306 51.6767 0
    endloop
  endfacet
  facet normal -0 0 -1
    outer loop
      vertex 97.0306 51.6767 0
      vertex 93.4849 47.4849 0
      vertex 96.65 51.9311 0
    endloop
  endfacet
  facet normal -0 0 -1
    outer loop
      vertex 96.65 51.9311 0
      vertex 93.4849 47.4849 0
      vertex 96.2394 52.1336 0
    endloop
  endfacet
  facet normal 0 0 -1
    outer loop
      vertex 93.2784 47.666 0
      vertex 96.2394 52.1336 0
      vertex 93.4849 47.4849 0
    endloop
  endfacet
  facet normal -0 0 -1
    outer loop
      vertex 96.2394 52.1336 0
      vertex 93.2784 47.666 0
      vertex 95.8059 52.2807 0
    endloop
  endfacet
  facet normal -0 0 -1
    outer loop
      vertex 95.8059 52.2807 0
      vertex 93.2784 47.666 0
      vertex 95.3568 52.37 0
    endloop
  endfacet
  facet normal -0 0 -1
    outer loop
      vertex 95.3568 52.37 0
      vertex 93.2784 47.666 0
      vertex 94.9 52.4 0
    endloop
  endfacet
  facet normal 0 0 -1
    outer loop
      vertex 93.05 47.8187 0
      vertex 94.9 52.4 0
      vertex 93.2784 47.666 0
    endloop
  endfacet
  facet normal 0 0 -1
    outer loop
      vertex 92.8036 47.9401 0
      vertex 94.9 52.4 0
      vertex 93.05 47.8187 0
    endloop
  endfacet
  facet normal 0 0 -1
    outer loop
      vertex 92.5435 48.0284 0
      vertex 94.9 52.4 0
      vertex 92.8036 47.9401 0
    endloop
  endfacet
  facet normal 0 0 -1
    outer loop
      vertex 92.2741 48.082 0
      vertex 94.9 52.4 0
      vertex 92.5435 48.0284 0
    endloop
  endfacet
  facet normal 0 0 -1
    outer loop
      vertex 92 48.1 0
      vertex 94.9 52.4 0
      vertex 92.2741 48.082 0
    endloop
  endfacet
  facet normal 0 0 -1
    outer loop
      vertex 91.7259 48.082 0
      vertex 94.9 52.4 0
      vertex 92 48.1 0
    endloop
  endfacet
  facet normal 0 0 -1
    outer loop
      vertex 91.4565 48.0284 0
      vertex 94.9 52.4 0
      vertex 91.7259 48.082 0
    endloop
  endfacet
  facet normal 0 0 -1
    outer loop
      vertex 91.1964 47.9401 0
      vertex 94.9 52.4 0
      vertex 91.4565 48.0284 0
    endloop
  endfacet
  facet normal 0 0 -1
    outer loop
      vertex 90.95 47.8187 0
      vertex 94.9 52.4 0
      vertex 91.1964 47.9401 0
    endloop
  endfacet
  facet normal 0 0 -1
    outer loop
      vertex 90.7216 47.666 0
      vertex 94.9 52.4 0
      vertex 90.95 47.8187 0
    endloop
  endfacet
  facet normal 0 0 -1
    outer loop
      vertex 90.5151 47.4849 0
      vertex 94.9 52.4 0
      vertex 90.7216 47.666 0
    endloop
  endfacet
  facet normal -0 0 -1
    outer loop
      vertex 90.334 44.7216 0
      vertex 77.452 37.508 0
      vertex 90.1813 44.95 0
    endloop
  endfacet
  facet normal 0 0 -1
    outer loop
      vertex 77.3067 37.7255 0
      vertex 90.1813 44.95 0
      vertex 77.452 37.508 0
    endloop
  endfacet
  facet normal -0 0 -1
    outer loop
      vertex 90.1813 44.95 0
      vertex 77.3067 37.7255 0
      vertex 90.0599 45.1964 0
    endloop
  endfacet
  facet normal 0 0 -1
    outer loop
      vertex 77.1342 37.9222 0
      vertex 90.0599 45.1964 0
      vertex 77.3067 37.7255 0
    endloop
  endfacet
  facet normal -0 0 -1
    outer loop
      vertex 90.0599 45.1964 0
      vertex 77.1342 37.9222 0
      vertex 89.9716 45.4565 0
    endloop
  endfacet
  facet normal 0 0 -1
    outer loop
      vertex 76.9375 38.0947 0
      vertex 89.9716 45.4565 0
      vertex 77.1342 37.9222 0
    endloop
  endfacet
  facet normal -0 0 -1
    outer loop
      vertex 89.9716 45.4565 0
      vertex 76.9375 38.0947 0
      vertex 89.918 45.7259 0
    endloop
  endfacet
  facet normal 0 0 -1
    outer loop
      vertex 76.72 38.2401 0
      vertex 89.918 45.7259 0
      vertex 76.9375 38.0947 0
    endloop
  endfacet
  facet normal -0 0 -1
    outer loop
      vertex 89.918 45.7259 0
      vertex 76.72 38.2401 0
      vertex 89.9 46 0
    endloop
  endfacet
  facet normal 0 0 -1
    outer loop
      vertex 76.4854 38.3558 0
      vertex 89.9 46 0
      vertex 76.72 38.2401 0
    endloop
  endfacet
  facet normal -0 0 -1
    outer loop
      vertex 89.9 46 0
      vertex 76.4854 38.3558 0
      vertex 89.918 46.2741 0
    endloop
  endfacet
  facet normal 0 0 -1
    outer loop
      vertex 76.2376 38.4398 0
      vertex 89.918 46.2741 0
      vertex 76.4854 38.3558 0
    endloop
  endfacet
  facet normal -0 0 -1
    outer loop
      vertex 89.918 46.2741 0
      vertex 76.2376 38.4398 0
      vertex 89.9716 46.5435 0
    endloop
  endfacet
  facet normal 0 0 -1
    outer loop
      vertex 75.981 38.4909 0
      vertex 89.9716 46.5435 0
      vertex 76.2376 38.4398 0
    endloop
  endfacet
  facet normal -0 0 -1
    outer loop
      vertex 89.9716 46.5435 0
      vertex 75.981 38.4909 0
      vertex 90.0599 46.8036 0
    endloop
  endfacet
  facet normal 0 0 -1
    outer loop
      vertex 75.72 38.508 0
      vertex 90.0599 46.8036 0
      vertex 75.981 38.4909 0
    endloop
  endfacet
  facet normal -0 0 -1
    outer loop
      vertex 90.0599 46.8036 0
      vertex 75.72 38.508 0
      vertex 90.1813 47.05 0
    endloop
  endfacet
  facet normal -0 0 -1
    outer loop
      vertex 90.1813 47.05 0
      vertex 75.72 38.508 0
      vertex 90.334 47.2784 0
    endloop
  endfacet
  facet normal -0 0 -1
    outer loop
      vertex 90.334 47.2784 0
      vertex 75.72 38.508 0
      vertex 90.5151 47.4849 0
    endloop
  endfacet
  facet normal 0 0 -1
    outer loop
      vertex 50 43 0
      vertex 90.5151 47.4849 0
      vertex 75.72 38.508 0
    endloop
  endfacet
  facet normal 0 0 -1
    outer loop
      vertex 50 43 0
      vertex 75.72 38.508 0
      vertex 50 38.508 0
    endloop
  endfacet
  facet normal -0 0 -1
    outer loop
      vertex 90.5151 47.4849 0
      vertex 50 43 0
      vertex 94.9 52.4 0
    endloop
  endfacet
  facet normal 0 0 -1
    outer loop
      vertex 46 43 0
      vertex 94.9 52.4 0
      vertex 50 43 0
    endloop
  endfacet
  facet normal 0 0 -1
    outer loop
      vertex 1.1 52.4 0
      vertex 46 43 0
      vertex 20.28 38.508 0
    endloop
  endfacet
  facet normal 0 0 -1
    outer loop
      vertex 1.1 52.4 0
      vertex 20.28 38.508 0
      vertex 20.019 38.4909 0
    endloop
  endfacet
  facet normal -0 0 -1
    outer loop
      vertex 18.8658 12.0778 0
      vertex 11.2784 4.66604 0
      vertex 18.6933 12.2745 0
    endloop
  endfacet
  facet normal 0 0 -1
    outer loop
      vertex 11.05 4.81865 0
      vertex 18.6933 12.2745 0
      vertex 11.2784 4.66604 0
    endloop
  endfacet
  facet normal -0 0 -1
    outer loop
      vertex 18.6933 12.2745 0
      vertex 11.05 4.81865 0
      vertex 18.548 12.492 0
    endloop
  endfacet
  facet normal 0 0 -1
    outer loop
      vertex 10.8036 4.94015 0
      vertex 18.548 12.492 0
      vertex 11.05 4.81865 0
    endloop
  endfacet
  facet normal -0 0 -1
    outer loop
      vertex 18.548 12.492 0
      vertex 10.8036 4.94015 0
      vertex 18.4323 12.7266 0
    endloop
  endfacet
  facet normal 0 0 -1
    outer loop
      vertex 10.5435 5.02844 0
      vertex 18.4323 12.7266 0
      vertex 10.8036 4.94015 0
    endloop
  endfacet
  facet normal -0 0 -1
    outer loop
      vertex 18.4323 12.7266 0
      vertex 10.5435 5.02844 0
      vertex 18.3482 12.9744 0
    endloop
  endfacet
  facet normal 0 0 -1
    outer loop
      vertex 10.2741 5.08203 0
      vertex 18.3482 12.9744 0
      vertex 10.5435 5.02844 0
    endloop
  endfacet
  facet normal -0 0 -1
    outer loop
      vertex 18.3482 12.9744 0
      vertex 10.2741 5.08203 0
      vertex 18.2971 13.231 0
    endloop
  endfacet
  facet normal 0 0 -1
    outer loop
      vertex 10 5.1 0
      vertex 18.2971 13.231 0
      vertex 10.2741 5.08203 0
    endloop
  endfacet
  facet normal -0 0 -1
    outer loop
      vertex 18.2971 13.231 0
      vertex 10 5.1 0
      vertex 18.28 13.492 0
    endloop
  endfacet
  facet normal 0 0 -1
    outer loop
      vertex 9.72589 5.08203 0
      vertex 18.28 13.492 0
      vertex 10 5.1 0
    endloop
  endfacet
  facet normal 0 0 -1
    outer loop
      vertex 9.45648 5.02844 0
      vertex 18.28 13.492 0
      vertex 9.72589 5.08203 0
    endloop
  endfacet
  facet normal 0 0 -1
    outer loop
      vertex 9.19636 4.94015 0
      vertex 18.28 13.492 0
      vertex 9.45648 5.02844 0
    endloop
  endfacet
  facet normal 0 0 -1
    outer loop
      vertex 8.95 4.81865 0
      vertex 18.28 13.492 0
      vertex 9.19636 4.94015 0
    endloop
  endfacet
  facet normal -0 0 -1
    outer loop
      vertex 18.28 13.492 0
      vertex 8.95 4.81865 0
      vertex 18.28 36.508 0
    endloop
  endfacet
  facet normal 0 0 -1
    outer loop
      vertex -2.4 48.9 0
      vertex 18.28 36.508 0
      vertex 8.95 4.81865 0
    endloop
  endfacet
  facet normal 0 0 -1
    outer loop
      vertex 18.28 36.508 0
      vertex -2.4 48.9 0
      vertex 18.2971 36.769 0
    endloop
  endfacet
  facet normal 0 0 -1
    outer loop
      vertex -2.4 1.1 0
      vertex 8.95 4.81865 0
      vertex 8.7216 4.66604 0
    endloop
  endfacet
  facet normal 0 0 -1
    outer loop
      vertex -2.4 1.1 0
      vertex 8.7216 4.66604 0
      vertex 8.51508 4.48492 0
    endloop
  endfacet
  facet normal 0 0 -1
    outer loop
      vertex -2.4 1.1 0
      vertex 8.51508 4.48492 0
      vertex 8.33396 4.2784 0
    endloop
  endfacet
  facet normal 0 0 -1
    outer loop
      vertex -2.4 1.1 0
      vertex 8.33396 4.2784 0
      vertex 8.18135 4.05 0
    endloop
  endfacet
  facet normal 0 0 -1
    outer loop
      vertex -2.4 1.1 0
      vertex 8.18135 4.05 0
      vertex 8.05985 3.80363 0
    endloop
  endfacet
  facet normal 0 0 -1
    outer loop
      vertex -2.4 1.1 0
      vertex 8.05985 3.80363 0
      vertex 7.97156 3.54352 0
    endloop
  endfacet
  facet normal 0 0 -1
    outer loop
      vertex -2.4 1.1 0
      vertex 7.9 3 0
      vertex 1.1 -2.4 0
    endloop
  endfacet
  facet normal -0 0 -1
    outer loop
      vertex 7.9 3 0
      vertex -2.4 1.1 0
      vertex 7.91796 3.2741 0
    endloop
  endfacet
  facet normal -0 0 -1
    outer loop
      vertex 7.91796 3.2741 0
      vertex -2.4 1.1 0
      vertex 7.97156 3.54352 0
    endloop
  endfacet
  facet normal -0 0 -1
    outer loop
      vertex 8.95 4.81865 0
      vertex -2.4 1.1 0
      vertex -2.4 48.9 0
    endloop
  endfacet
  facet normal 0 0 -1
    outer loop
      vertex 46 43 0
      vertex 1.1 52.4 0
      vertex 94.9 52.4 0
    endloop
  endfacet
  facet normal 0 0 -1
    outer loop
      vertex 19.7624 38.4398 0
      vertex 1.1 52.4 0
      vertex 20.019 38.4909 0
    endloop
  endfacet
  facet normal 0 0 -1
    outer loop
      vertex 19.5146 38.3558 0
      vertex 1.1 52.4 0
      vertex 19.7624 38.4398 0
    endloop
  endfacet
  facet normal 0 0 -1
    outer loop
      vertex 19.28 38.2401 0
      vertex 1.1 52.4 0
      vertex 19.5146 38.3558 0
    endloop
  endfacet
  facet normal 0 0 -1
    outer loop
      vertex 19.0625 38.0947 0
      vertex 1.1 52.4 0
      vertex 19.28 38.2401 0
    endloop
  endfacet
  facet normal 0 0 -1
    outer loop
      vertex 18.8658 37.9222 0
      vertex 1.1 52.4 0
      vertex 19.0625 38.0947 0
    endloop
  endfacet
  facet normal 0 0 -1
    outer loop
      vertex 18.6933 37.7255 0
      vertex 1.1 52.4 0
      vertex 18.8658 37.9222 0
    endloop
  endfacet
  facet normal 0 0 -1
    outer loop
      vertex 18.548 37.508 0
      vertex 1.1 52.4 0
      vertex 18.6933 37.7255 0
    endloop
  endfacet
  facet normal 0 0 -1
    outer loop
      vertex 18.4323 37.2734 0
      vertex 1.1 52.4 0
      vertex 18.548 37.508 0
    endloop
  endfacet
  facet normal 0 0 -1
    outer loop
      vertex 18.2971 36.769 0
      vertex -2.4 48.9 0
      vertex 18.3482 37.0256 0
    endloop
  endfacet
  facet normal 0 0 -1
    outer loop
      vertex -2.4 1.1 0
      vertex 1.1 -2.4 0
      vertex 0.643151 -2.37006 0
    endloop
  endfacet
  facet normal 0 0 -1
    outer loop
      vertex 18.3482 37.0256 0
      vertex -2.4 48.9 0
      vertex 18.4323 37.2734 0
    endloop
  endfacet
  facet normal 0 0 -1
    outer loop
      vertex -2.4 1.1 0
      vertex 0.643151 -2.37006 0
      vertex 0.194131 -2.28074 0
    endloop
  endfacet
  facet normal 0 0 -1
    outer loop
      vertex 18.4323 37.2734 0
      vertex -2.4 48.9 0
      vertex 1.1 52.4 0
    endloop
  endfacet
  facet normal 0 0 -1
    outer loop
      vertex -2.4 1.1 0
      vertex 0.194131 -2.28074 0
      vertex -0.239386 -2.13358 0
    endloop
  endfacet
  facet normal 0 0 -1
    outer loop
      vertex 1.1 52.4 0
      vertex -2.4 48.9 0
      vertex 0.643151 52.37 0
    endloop
  endfacet
  facet normal 0 0 -1
    outer loop
      vertex -2.4 1.1 0
      vertex -0.239386 -2.13358 0
      vertex -0.65 -1.93108 0
    endloop
  endfacet
  facet normal 0 0 -1
    outer loop
      vertex 0.643151 52.37 0
      vertex -2.4 48.9 0
      vertex 0.194131 52.2807 0
    endloop
  endfacet
  facet normal 0 0 -1
    outer loop
      vertex -2.4 1.1 0
      vertex -0.65 -1.93108 0
      vertex -1.03066 -1.67673 0
    endloop
  endfacet
  facet normal 0 0 -1
    outer loop
      vertex 0.194131 52.2807 0
      vertex -2.4 48.9 0
      vertex -0.239386 52.1336 0
    endloop
  endfacet
  facet normal 0 0 -1
    outer loop
      vertex -2.4 1.1 0
      vertex -1.03066 -1.67673 0
      vertex -1.37487 -1.37487 0
    endloop
  endfacet
  facet normal 0 0 -1
    outer loop
      vertex -0.239386 52.1336 0
      vertex -2.4 48.9 0
      vertex -0.65 51.9311 0
    endloop
  endfacet
  facet normal 0 0 -1
    outer loop
      vertex -2.4 1.1 0
      vertex -1.37487 -1.37487 0
      vertex -1.67673 -1.03066 0
    endloop
  endfacet
  facet normal 0 0 -1
    outer loop
      vertex -0.65 51.9311 0
      vertex -2.4 48.9 0
      vertex -1.03066 51.6767 0
    endloop
  endfacet
  facet normal 0 0 -1
    outer loop
      vertex -2.4 1.1 0
      vertex -1.67673 -1.03066 0
      vertex -1.93108 -0.65 0
    endloop
  endfacet
  facet normal 0 0 -1
    outer loop
      vertex -1.03066 51.6767 0
      vertex -2.4 48.9 0
      vertex -1.37487 51.3749 0
    endloop
  endfacet
  facet normal 0 0 -1
    outer loop
      vertex -2.4 1.1 0
      vertex -1.93108 -0.65 0
      vertex -2.13358 -0.239386 0
    endloop
  endfacet
  facet normal 0 0 -1
    outer loop
      vertex -1.37487 51.3749 0
      vertex -2.4 48.9 0
      vertex -1.67673 51.0306 0
    endloop
  endfacet
  facet normal 0 0 -1
    outer loop
      vertex -2.4 1.1 0
      vertex -2.13358 -0.239386 0
      vertex -2.28074 0.194131 0
    endloop
  endfacet
  facet normal 0 0 -1
    outer loop
      vertex -1.67673 51.0306 0
      vertex -2.4 48.9 0
      vertex -1.93108 50.65 0
    endloop
  endfacet
  facet normal 0 0 -1
    outer loop
      vertex -2.4 1.1 0
      vertex -2.28074 0.194131 0
      vertex -2.37006 0.643151 0
    endloop
  endfacet
  facet normal 0 0 -1
    outer loop
      vertex -1.93108 50.65 0
      vertex -2.4 48.9 0
      vertex -2.13358 50.2394 0
    endloop
  endfacet
  facet normal 0 0 -1
    outer loop
      vertex -2.13358 50.2394 0
      vertex -2.4 48.9 0
      vertex -2.28074 49.8059 0
    endloop
  endfacet
  facet normal 0 0 -1
    outer loop
      vertex -2.28074 49.8059 0
      vertex -2.4 48.9 0
      vertex -2.37006 49.3568 0
    endloop
  endfacet
  facet normal -0 0 -1
    outer loop
      vertex 75.72 11.492 0
      vertex 50 9 0
      vertex 50 11.492 0
    endloop
  endfacet
  facet normal -0.065401 0.997859 0
    outer loop
      vertex 95.0958 -0.387167 1.8
      vertex 94.9 -0.4 10.4
      vertex 95.0958 -0.387167 10.4
    endloop
  endfacet
  facet normal -0.065401 0.997859 0
    outer loop
      vertex 94.9 -0.4 10.4
      vertex 95.0958 -0.387167 1.8
      vertex 94.9 -0.4 1.8
    endloop
  endfacet
  facet normal 0.751792 0.6594 0
    outer loop
      vertex 0.0393457 0.0393457 10.4
      vertex -0.0900326 0.186852 1.8
      vertex -0.0900326 0.186852 10.4
    endloop
  endfacet
  facet normal 0.751792 0.6594 0
    outer loop
      vertex -0.0900326 0.186852 1.8
      vertex 0.0393457 0.0393457 10.4
      vertex 0.0393457 0.0393457 1.8
    endloop
  endfacet
  facet normal 1 -0 0
    outer loop
      vertex -0.4 39 10.4
      vertex -0.4 48.9 1.8
      vertex -0.4 48.9 10.4
    endloop
  endfacet
  facet normal 1 0 0
    outer loop
      vertex -0.4 48.9 1.8
      vertex -0.4 39 10.4
      vertex -0.4 39 1.8
    endloop
  endfacet
  facet normal 1 -0 0
    outer loop
      vertex -0.4 1.1 10.4
      vertex -0.4 11 1.8
      vertex -0.4 11 10.4
    endloop
  endfacet
  facet normal 1 0 0
    outer loop
      vertex -0.4 11 1.8
      vertex -0.4 1.1 10.4
      vertex -0.4 1.1 1.8
    endloop
  endfacet
  facet normal 0.195112 0.980781 -0
    outer loop
      vertex 0.904214 -0.387167 1.8
      vertex 0.71177 -0.348883 10.4
      vertex 0.904214 -0.387167 10.4
    endloop
  endfacet
  facet normal 0.195112 0.980781 0
    outer loop
      vertex 0.71177 -0.348883 10.4
      vertex 0.904214 -0.387167 1.8
      vertex 0.71177 -0.348883 1.8
    endloop
  endfacet
  facet normal -0.94688 0.321588 0
    outer loop
      vertex 96.2858 0.525979 1.8
      vertex 96.3489 0.71177 10.4
      vertex 96.3489 0.71177 1.8
    endloop
  endfacet
  facet normal -0.94688 0.321588 0
    outer loop
      vertex 96.3489 0.71177 10.4
      vertex 96.2858 0.525979 1.8
      vertex 96.2858 0.525979 10.4
    endloop
  endfacet
  facet normal -0.659416 0.751778 0
    outer loop
      vertex 95.9606 0.0393457 1.8
      vertex 95.8131 -0.0900326 10.4
      vertex 95.9606 0.0393457 10.4
    endloop
  endfacet
  facet normal -0.659416 0.751778 0
    outer loop
      vertex 95.8131 -0.0900326 10.4
      vertex 95.9606 0.0393457 1.8
      vertex 95.8131 -0.0900326 1.8
    endloop
  endfacet
  facet normal 0.659462 -0.751738 0
    outer loop
      vertex 0.0393457 49.9606 1.8
      vertex 0.186852 50.09 10.4
      vertex 0.0393457 49.9606 10.4
    endloop
  endfacet
  facet normal 0.659462 -0.751738 0
    outer loop
      vertex 0.186852 50.09 10.4
      vertex 0.0393457 49.9606 1.8
      vertex 0.186852 50.09 1.8
    endloop
  endfacet
  facet normal -0.89686 -0.442315 0
    outer loop
      vertex 96.2858 49.474 1.8
      vertex 96.199 49.65 10.4
      vertex 96.199 49.65 1.8
    endloop
  endfacet
  facet normal -0.89686 -0.442315 0
    outer loop
      vertex 96.199 49.65 10.4
      vertex 96.2858 49.474 1.8
      vertex 96.2858 49.474 10.4
    endloop
  endfacet
  facet normal 0 1 0
    outer loop
      vertex 94.9 -0.4 10.4
      vertex 54.77 -0.4 9.12
      vertex 54.77 -0.4 10.4
    endloop
  endfacet
  facet normal 0 1 0
    outer loop
      vertex 54.77 -0.4 9.12
      vertex 94.9 -0.4 1.8
      vertex 41.23 -0.4 9.12
    endloop
  endfacet
  facet normal 0 1 -0
    outer loop
      vertex 94.9 -0.4 1.8
      vertex 54.77 -0.4 9.12
      vertex 94.9 -0.4 10.4
    endloop
  endfacet
  facet normal 0 1 -0
    outer loop
      vertex 41.23 -0.4 9.12
      vertex 1.1 -0.4 10.4
      vertex 41.23 -0.4 10.4
    endloop
  endfacet
  facet normal 0 1 0
    outer loop
      vertex 1.1 -0.4 1.8
      vertex 41.23 -0.4 9.12
      vertex 94.9 -0.4 1.8
    endloop
  endfacet
  facet normal 0 1 0
    outer loop
      vertex 41.23 -0.4 9.12
      vertex 1.1 -0.4 1.8
      vertex 1.1 -0.4 10.4
    endloop
  endfacet
  facet normal -0.751724 -0.659478 0
    outer loop
      vertex 96.09 49.8131 1.8
      vertex 95.9606 49.9606 10.4
      vertex 95.9606 49.9606 1.8
    endloop
  endfacet
  facet normal -0.751724 -0.659478 0
    outer loop
      vertex 95.9606 49.9606 10.4
      vertex 96.09 49.8131 1.8
      vertex 96.09 49.8131 10.4
    endloop
  endfacet
  facet normal 0.946939 -0.321414 0
    outer loop
      vertex -0.348883 49.2882 10.4
      vertex -0.285818 49.474 1.8
      vertex -0.285818 49.474 10.4
    endloop
  endfacet
  facet normal 0.946939 -0.321414 0
    outer loop
      vertex -0.285818 49.474 1.8
      vertex -0.348883 49.2882 10.4
      vertex -0.348883 49.2882 1.8
    endloop
  endfacet
  facet normal -0.980765 0.195191 0
    outer loop
      vertex 96.3489 0.71177 1.8
      vertex 96.3872 0.904214 10.4
      vertex 96.3872 0.904214 1.8
    endloop
  endfacet
  facet normal -0.980765 0.195191 0
    outer loop
      vertex 96.3872 0.904214 10.4
      vertex 96.3489 0.71177 1.8
      vertex 96.3489 0.71177 10.4
    endloop
  endfacet
  facet normal 0 -1 0
    outer loop
      vertex 1.1 50.4 1.8
      vertex 94.9 50.4 10.4
      vertex 1.1 50.4 10.4
    endloop
  endfacet
  facet normal 0 -1 -0
    outer loop
      vertex 94.9 50.4 10.4
      vertex 1.1 50.4 1.8
      vertex 94.9 50.4 1.8
    endloop
  endfacet
  facet normal 0.0654057 0.997859 -0
    outer loop
      vertex 1.1 -0.4 1.8
      vertex 0.904214 -0.387167 10.4
      vertex 1.1 -0.4 10.4
    endloop
  endfacet
  facet normal 0.0654057 0.997859 0
    outer loop
      vertex 0.904214 -0.387167 10.4
      vertex 1.1 -0.4 1.8
      vertex 0.904214 -0.387167 1.8
    endloop
  endfacet
  facet normal 0.946934 0.321428 0
    outer loop
      vertex -0.285818 0.525979 10.4
      vertex -0.348883 0.71177 1.8
      vertex -0.348883 0.71177 10.4
    endloop
  endfacet
  facet normal 0.946934 0.321428 0
    outer loop
      vertex -0.348883 0.71177 1.8
      vertex -0.285818 0.525979 10.4
      vertex -0.285818 0.525979 1.8
    endloop
  endfacet
  facet normal 0.442355 -0.89684 0
    outer loop
      vertex 0.349999 50.199 1.8
      vertex 0.525979 50.2858 10.4
      vertex 0.349999 50.199 10.4
    endloop
  endfacet
  facet normal 0.442355 -0.89684 0
    outer loop
      vertex 0.525979 50.2858 10.4
      vertex 0.349999 50.199 1.8
      vertex 0.525979 50.2858 1.8
    endloop
  endfacet
  facet normal 0.997859 0.0654057 0
    outer loop
      vertex -0.387167 0.904214 10.4
      vertex -0.4 1.1 1.8
      vertex -0.4 1.1 10.4
    endloop
  endfacet
  facet normal 0.997859 0.0654057 0
    outer loop
      vertex -0.4 1.1 1.8
      vertex -0.387167 0.904214 10.4
      vertex -0.387167 0.904214 1.8
    endloop
  endfacet
  facet normal 0.0652382 -0.99787 0
    outer loop
      vertex 0.904214 50.3872 1.8
      vertex 1.1 50.4 10.4
      vertex 0.904214 50.3872 10.4
    endloop
  endfacet
  facet normal 0.0652382 -0.99787 0
    outer loop
      vertex 1.1 50.4 10.4
      vertex 0.904214 50.3872 1.8
      vertex 1.1 50.4 1.8
    endloop
  endfacet
  facet normal 0.321428 0.946934 -0
    outer loop
      vertex 0.71177 -0.348883 1.8
      vertex 0.525979 -0.285818 10.4
      vertex 0.71177 -0.348883 10.4
    endloop
  endfacet
  facet normal 0.321428 0.946934 0
    outer loop
      vertex 0.525979 -0.285818 10.4
      vertex 0.71177 -0.348883 1.8
      vertex 0.525979 -0.285818 1.8
    endloop
  endfacet
  facet normal 0.195191 -0.980765 0
    outer loop
      vertex 0.71177 50.3489 1.8
      vertex 0.904214 50.3872 10.4
      vertex 0.71177 50.3489 10.4
    endloop
  endfacet
  facet normal 0.195191 -0.980765 0
    outer loop
      vertex 0.904214 50.3872 10.4
      vertex 0.71177 50.3489 1.8
      vertex 0.904214 50.3872 1.8
    endloop
  endfacet
  facet normal -0.555671 0.831403 0
    outer loop
      vertex 95.8131 -0.0900326 1.8
      vertex 95.65 -0.199041 10.4
      vertex 95.8131 -0.0900326 10.4
    endloop
  endfacet
  facet normal -0.555671 0.831403 0
    outer loop
      vertex 95.65 -0.199041 10.4
      vertex 95.8131 -0.0900326 1.8
      vertex 95.65 -0.199041 1.8
    endloop
  endfacet
  facet normal -0.831496 0.55553 0
    outer loop
      vertex 96.09 0.186852 1.8
      vertex 96.199 0.349999 10.4
      vertex 96.199 0.349999 1.8
    endloop
  endfacet
  facet normal -0.831496 0.55553 0
    outer loop
      vertex 96.199 0.349999 10.4
      vertex 96.09 0.186852 1.8
      vertex 96.09 0.186852 10.4
    endloop
  endfacet
  facet normal -0.980757 -0.195234 0
    outer loop
      vertex 96.3872 49.0958 1.8
      vertex 96.3489 49.2882 10.4
      vertex 96.3489 49.2882 1.8
    endloop
  endfacet
  facet normal -0.980757 -0.195234 0
    outer loop
      vertex 96.3489 49.2882 10.4
      vertex 96.3872 49.0958 1.8
      vertex 96.3872 49.0958 10.4
    endloop
  endfacet
  facet normal 0.997859 -0.065401 0
    outer loop
      vertex -0.4 48.9 10.4
      vertex -0.387167 49.0958 1.8
      vertex -0.387167 49.0958 10.4
    endloop
  endfacet
  facet normal 0.997859 -0.065401 0
    outer loop
      vertex -0.387167 49.0958 1.8
      vertex -0.4 48.9 10.4
      vertex -0.4 48.9 1.8
    endloop
  endfacet
  facet normal -0.321574 -0.946885 0
    outer loop
      vertex 95.2882 50.3489 1.8
      vertex 95.474 50.2858 10.4
      vertex 95.2882 50.3489 10.4
    endloop
  endfacet
  facet normal -0.321574 -0.946885 -0
    outer loop
      vertex 95.474 50.2858 10.4
      vertex 95.2882 50.3489 1.8
      vertex 95.474 50.2858 1.8
    endloop
  endfacet
  facet normal 0.55553 -0.831496 0
    outer loop
      vertex 0.186852 50.09 1.8
      vertex 0.349999 50.199 10.4
      vertex 0.186852 50.09 10.4
    endloop
  endfacet
  facet normal 0.55553 -0.831496 0
    outer loop
      vertex 0.349999 50.199 10.4
      vertex 0.186852 50.09 1.8
      vertex 0.349999 50.199 1.8
    endloop
  endfacet
  facet normal -0.442315 -0.89686 0
    outer loop
      vertex 95.474 50.2858 1.8
      vertex 95.65 50.199 10.4
      vertex 95.474 50.2858 10.4
    endloop
  endfacet
  facet normal -0.442315 -0.89686 -0
    outer loop
      vertex 95.65 50.199 10.4
      vertex 95.474 50.2858 1.8
      vertex 95.65 50.199 1.8
    endloop
  endfacet
  facet normal 0.980772 -0.195155 0
    outer loop
      vertex -0.387167 49.0958 10.4
      vertex -0.348883 49.2882 1.8
      vertex -0.348883 49.2882 10.4
    endloop
  endfacet
  facet normal 0.980772 -0.195155 0
    outer loop
      vertex -0.348883 49.2882 1.8
      vertex -0.387167 49.0958 10.4
      vertex -0.387167 49.0958 1.8
    endloop
  endfacet
  facet normal 0.55556 0.831477 -0
    outer loop
      vertex 0.349999 -0.199041 1.8
      vertex 0.186852 -0.0900326 10.4
      vertex 0.349999 -0.199041 10.4
    endloop
  endfacet
  facet normal 0.55556 0.831477 0
    outer loop
      vertex 0.186852 -0.0900326 10.4
      vertex 0.349999 -0.199041 1.8
      vertex 0.186852 -0.0900326 1.8
    endloop
  endfacet
  facet normal -0.0652336 -0.99787 0
    outer loop
      vertex 94.9 50.4 1.8
      vertex 95.0958 50.3872 10.4
      vertex 94.9 50.4 10.4
    endloop
  endfacet
  facet normal -0.0652336 -0.99787 -0
    outer loop
      vertex 95.0958 50.3872 10.4
      vertex 94.9 50.4 1.8
      vertex 95.0958 50.3872 1.8
    endloop
  endfacet
  facet normal 0.896906 -0.442221 0
    outer loop
      vertex -0.285818 49.474 10.4
      vertex -0.199041 49.65 1.8
      vertex -0.199041 49.65 10.4
    endloop
  endfacet
  facet normal 0.896906 -0.442221 0
    outer loop
      vertex -0.199041 49.65 1.8
      vertex -0.285818 49.474 10.4
      vertex -0.285818 49.474 1.8
    endloop
  endfacet
  facet normal -0.195234 -0.980757 0
    outer loop
      vertex 95.0958 50.3872 1.8
      vertex 95.2882 50.3489 10.4
      vertex 95.0958 50.3872 10.4
    endloop
  endfacet
  facet normal -0.195234 -0.980757 -0
    outer loop
      vertex 95.2882 50.3489 10.4
      vertex 95.0958 50.3872 1.8
      vertex 95.2882 50.3489 1.8
    endloop
  endfacet
  facet normal -1 0 0
    outer loop
      vertex 96.4 34.099 1.8
      vertex 96.4 1.1 1.8
      vertex 96.4 34.099 5.1
    endloop
  endfacet
  facet normal -1 0 0
    outer loop
      vertex 96.4 42.1139 1.8
      vertex 96.4 35.8861 1.8
      vertex 96.4 42.1139 5.1
    endloop
  endfacet
  facet normal -1 0 0
    outer loop
      vertex 96.4 43.901 5.1
      vertex 96.4 48.9 1.8
      vertex 96.4 43.901 1.8
    endloop
  endfacet
  facet normal -1 0 0
    outer loop
      vertex 96.4 48.9 1.8
      vertex 96.4 43.901 5.1
      vertex 96.4 48.9 10.4
    endloop
  endfacet
  facet normal -1 0 0
    outer loop
      vertex 96.4 42.1139 5.1
      vertex 96.4 48.9 10.4
      vertex 96.4 43.901 5.1
    endloop
  endfacet
  facet normal -1 0 0
    outer loop
      vertex 96.4 35.8861 5.1
      vertex 96.4 42.1139 5.1
      vertex 96.4 35.8861 1.8
    endloop
  endfacet
  facet normal -1 0 0
    outer loop
      vertex 96.4 42.1139 5.1
      vertex 96.4 35.8861 5.1
      vertex 96.4 48.9 10.4
    endloop
  endfacet
  facet normal -1 0 0
    outer loop
      vertex 96.4 34.099 5.1
      vertex 96.4 48.9 10.4
      vertex 96.4 35.8861 5.1
    endloop
  endfacet
  facet normal -1 0 0
    outer loop
      vertex 96.4 1.1 10.4
      vertex 96.4 34.099 5.1
      vertex 96.4 1.1 1.8
    endloop
  endfacet
  facet normal -1 0 0
    outer loop
      vertex 96.4 34.099 5.1
      vertex 96.4 1.1 10.4
      vertex 96.4 48.9 10.4
    endloop
  endfacet
  facet normal -0.89684 0.442355 0
    outer loop
      vertex 96.199 0.349999 1.8
      vertex 96.2858 0.525979 10.4
      vertex 96.2858 0.525979 1.8
    endloop
  endfacet
  facet normal -0.89684 0.442355 0
    outer loop
      vertex 96.2858 0.525979 10.4
      vertex 96.199 0.349999 1.8
      vertex 96.199 0.349999 10.4
    endloop
  endfacet
  facet normal 0.321588 -0.94688 0
    outer loop
      vertex 0.525979 50.2858 1.8
      vertex 0.71177 50.3489 10.4
      vertex 0.525979 50.2858 10.4
    endloop
  endfacet
  facet normal 0.321588 -0.94688 0
    outer loop
      vertex 0.71177 50.3489 10.4
      vertex 0.525979 50.2858 1.8
      vertex 0.71177 50.3489 1.8
    endloop
  endfacet
  facet normal 0.831477 0.55556 0
    outer loop
      vertex -0.0900326 0.186852 10.4
      vertex -0.199041 0.349999 1.8
      vertex -0.199041 0.349999 10.4
    endloop
  endfacet
  facet normal 0.831477 0.55556 0
    outer loop
      vertex -0.199041 0.349999 1.8
      vertex -0.0900326 0.186852 10.4
      vertex -0.0900326 0.186852 1.8
    endloop
  endfacet
  facet normal 0.896886 0.442261 0
    outer loop
      vertex -0.199041 0.349999 10.4
      vertex -0.285818 0.525979 1.8
      vertex -0.285818 0.525979 10.4
    endloop
  endfacet
  facet normal 0.896886 0.442261 0
    outer loop
      vertex -0.285818 0.525979 1.8
      vertex -0.199041 0.349999 10.4
      vertex -0.199041 0.349999 1.8
    endloop
  endfacet
  facet normal 0.442261 0.896886 -0
    outer loop
      vertex 0.525979 -0.285818 1.8
      vertex 0.349999 -0.199041 10.4
      vertex 0.525979 -0.285818 10.4
    endloop
  endfacet
  facet normal 0.442261 0.896886 0
    outer loop
      vertex 0.349999 -0.199041 10.4
      vertex 0.525979 -0.285818 1.8
      vertex 0.349999 -0.199041 1.8
    endloop
  endfacet
  facet normal -0.321414 0.946939 0
    outer loop
      vertex 95.474 -0.285818 1.8
      vertex 95.2882 -0.348883 10.4
      vertex 95.474 -0.285818 10.4
    endloop
  endfacet
  facet normal -0.321414 0.946939 0
    outer loop
      vertex 95.2882 -0.348883 10.4
      vertex 95.474 -0.285818 1.8
      vertex 95.2882 -0.348883 1.8
    endloop
  endfacet
  facet normal 0.751778 -0.659416 0
    outer loop
      vertex -0.0900326 49.8131 10.4
      vertex 0.0393457 49.9606 1.8
      vertex 0.0393457 49.9606 10.4
    endloop
  endfacet
  facet normal 0.751778 -0.659416 0
    outer loop
      vertex 0.0393457 49.9606 1.8
      vertex -0.0900326 49.8131 10.4
      vertex -0.0900326 49.8131 1.8
    endloop
  endfacet
  facet normal 0.6594 0.751792 -0
    outer loop
      vertex 0.186852 -0.0900326 1.8
      vertex 0.0393457 0.0393457 10.4
      vertex 0.186852 -0.0900326 10.4
    endloop
  endfacet
  facet normal 0.6594 0.751792 0
    outer loop
      vertex 0.0393457 0.0393457 10.4
      vertex 0.186852 -0.0900326 1.8
      vertex 0.0393457 0.0393457 1.8
    endloop
  endfacet
  facet normal -0.99787 0.0652382 0
    outer loop
      vertex 96.3872 0.904214 1.8
      vertex 96.4 1.1 10.4
      vertex 96.4 1.1 1.8
    endloop
  endfacet
  facet normal -0.99787 0.0652382 0
    outer loop
      vertex 96.4 1.1 10.4
      vertex 96.3872 0.904214 1.8
      vertex 96.3872 0.904214 10.4
    endloop
  endfacet
  facet normal 0.831403 -0.555671 0
    outer loop
      vertex -0.199041 49.65 10.4
      vertex -0.0900326 49.8131 1.8
      vertex -0.0900326 49.8131 10.4
    endloop
  endfacet
  facet normal 0.831403 -0.555671 0
    outer loop
      vertex -0.0900326 49.8131 1.8
      vertex -0.199041 49.65 10.4
      vertex -0.199041 49.65 1.8
    endloop
  endfacet
  facet normal -0.751738 0.659462 0
    outer loop
      vertex 95.9606 0.0393457 1.8
      vertex 96.09 0.186852 10.4
      vertex 96.09 0.186852 1.8
    endloop
  endfacet
  facet normal -0.751738 0.659462 0
    outer loop
      vertex 96.09 0.186852 10.4
      vertex 95.9606 0.0393457 1.8
      vertex 95.9606 0.0393457 10.4
    endloop
  endfacet
  facet normal -0.946885 -0.321574 0
    outer loop
      vertex 96.3489 49.2882 1.8
      vertex 96.2858 49.474 10.4
      vertex 96.2858 49.474 1.8
    endloop
  endfacet
  facet normal -0.946885 -0.321574 0
    outer loop
      vertex 96.2858 49.474 10.4
      vertex 96.3489 49.2882 1.8
      vertex 96.3489 49.2882 10.4
    endloop
  endfacet
  facet normal -0.555641 -0.831422 0
    outer loop
      vertex 95.65 50.199 1.8
      vertex 95.8131 50.09 10.4
      vertex 95.65 50.199 10.4
    endloop
  endfacet
  facet normal -0.555641 -0.831422 -0
    outer loop
      vertex 95.8131 50.09 10.4
      vertex 95.65 50.199 1.8
      vertex 95.8131 50.09 1.8
    endloop
  endfacet
  facet normal 0.980781 0.195112 0
    outer loop
      vertex -0.348883 0.71177 10.4
      vertex -0.387167 0.904214 1.8
      vertex -0.387167 0.904214 10.4
    endloop
  endfacet
  facet normal 0.980781 0.195112 0
    outer loop
      vertex -0.387167 0.904214 1.8
      vertex -0.348883 0.71177 10.4
      vertex -0.348883 0.71177 1.8
    endloop
  endfacet
  facet normal -0.442221 0.896906 0
    outer loop
      vertex 95.65 -0.199041 1.8
      vertex 95.474 -0.285818 10.4
      vertex 95.65 -0.199041 10.4
    endloop
  endfacet
  facet normal -0.442221 0.896906 0
    outer loop
      vertex 95.474 -0.285818 10.4
      vertex 95.65 -0.199041 1.8
      vertex 95.474 -0.285818 1.8
    endloop
  endfacet
  facet normal -0.195155 0.980772 0
    outer loop
      vertex 95.2882 -0.348883 1.8
      vertex 95.0958 -0.387167 10.4
      vertex 95.2882 -0.348883 10.4
    endloop
  endfacet
  facet normal -0.195155 0.980772 0
    outer loop
      vertex 95.0958 -0.387167 10.4
      vertex 95.2882 -0.348883 1.8
      vertex 95.0958 -0.387167 1.8
    endloop
  endfacet
  facet normal -0.99787 -0.0652336 0
    outer loop
      vertex 96.4 48.9 1.8
      vertex 96.3872 49.0958 10.4
      vertex 96.3872 49.0958 1.8
    endloop
  endfacet
  facet normal -0.99787 -0.0652336 0
    outer loop
      vertex 96.3872 49.0958 10.4
      vertex 96.4 48.9 1.8
      vertex 96.4 48.9 10.4
    endloop
  endfacet
  facet normal -0 0 1
    outer loop
      vertex -2.4 39 1.8
      vertex -0.4 11 1.8
      vertex -0.4 39 1.8
    endloop
  endfacet
  facet normal 0 0 1
    outer loop
      vertex -0.4 11 1.8
      vertex -2.4 39 1.8
      vertex -2.4 11 1.8
    endloop
  endfacet
  facet normal 0 0 1
    outer loop
      vertex 67 6 1.8
      vertex 12.4786 3.32631 1.8
      vertex 12.5 3 1.8
    endloop
  endfacet
  facet normal 0 0 1
    outer loop
      vertex 67 6 1.8
      vertex 12.4148 3.64705 1.8
      vertex 12.4786 3.32631 1.8
    endloop
  endfacet
  facet normal 0 0 1
    outer loop
      vertex 67 6 1.8
      vertex 12.3097 3.95671 1.8
      vertex 12.4148 3.64705 1.8
    endloop
  endfacet
  facet normal 0 0 1
    outer loop
      vertex 67 6 1.8
      vertex 12.1651 4.25 1.8
      vertex 12.3097 3.95671 1.8
    endloop
  endfacet
  facet normal 0 0 1
    outer loop
      vertex 67 6 1.8
      vertex 11.9834 4.5219 1.8
      vertex 12.1651 4.25 1.8
    endloop
  endfacet
  facet normal 0 0 1
    outer loop
      vertex 67 6 1.8
      vertex 11.7678 4.76777 1.8
      vertex 11.9834 4.5219 1.8
    endloop
  endfacet
  facet normal 0 0 1
    outer loop
      vertex 67 6 1.8
      vertex 11.5219 4.98338 1.8
      vertex 11.7678 4.76777 1.8
    endloop
  endfacet
  facet normal 0 0 1
    outer loop
      vertex 67 6 1.8
      vertex 11.25 5.16506 1.8
      vertex 11.5219 4.98338 1.8
    endloop
  endfacet
  facet normal 0 0 1
    outer loop
      vertex 67 6 1.8
      vertex 10.9567 5.3097 1.8
      vertex 11.25 5.16506 1.8
    endloop
  endfacet
  facet normal 0 0 1
    outer loop
      vertex 67 6 1.8
      vertex 10.647 5.41481 1.8
      vertex 10.9567 5.3097 1.8
    endloop
  endfacet
  facet normal 0 0 1
    outer loop
      vertex 67 6 1.8
      vertex 10.3263 5.47861 1.8
      vertex 10.647 5.41481 1.8
    endloop
  endfacet
  facet normal 0 0 1
    outer loop
      vertex 67 6 1.8
      vertex 10 5.5 1.8
      vertex 10.3263 5.47861 1.8
    endloop
  endfacet
  facet normal 0 0 1
    outer loop
      vertex 7.52139 3.32631 1.8
      vertex 3 6 1.8
      vertex 7.5 3 1.8
    endloop
  endfacet
  facet normal 0 0 1
    outer loop
      vertex 7.58519 3.64705 1.8
      vertex 3 6 1.8
      vertex 7.52139 3.32631 1.8
    endloop
  endfacet
  facet normal 0 0 1
    outer loop
      vertex 7.6903 3.95671 1.8
      vertex 3 6 1.8
      vertex 7.58519 3.64705 1.8
    endloop
  endfacet
  facet normal 0 0 1
    outer loop
      vertex 7.83494 4.25 1.8
      vertex 3 6 1.8
      vertex 7.6903 3.95671 1.8
    endloop
  endfacet
  facet normal 0 0 1
    outer loop
      vertex 8.01662 4.5219 1.8
      vertex 3 6 1.8
      vertex 7.83494 4.25 1.8
    endloop
  endfacet
  facet normal 0 0 1
    outer loop
      vertex 8.23223 4.76777 1.8
      vertex 3 6 1.8
      vertex 8.01662 4.5219 1.8
    endloop
  endfacet
  facet normal 0 0 1
    outer loop
      vertex 8.4781 4.98338 1.8
      vertex 3 6 1.8
      vertex 8.23223 4.76777 1.8
    endloop
  endfacet
  facet normal 0 0 1
    outer loop
      vertex 8.75 5.16506 1.8
      vertex 3 6 1.8
      vertex 8.4781 4.98338 1.8
    endloop
  endfacet
  facet normal 0 0 1
    outer loop
      vertex 9.04329 5.3097 1.8
      vertex 3 6 1.8
      vertex 8.75 5.16506 1.8
    endloop
  endfacet
  facet normal 0 0 1
    outer loop
      vertex 9.35295 5.41481 1.8
      vertex 3 6 1.8
      vertex 9.04329 5.3097 1.8
    endloop
  endfacet
  facet normal 0 0 1
    outer loop
      vertex 9.67368 5.47861 1.8
      vertex 3 6 1.8
      vertex 9.35295 5.41481 1.8
    endloop
  endfacet
  facet normal 0 0 1
    outer loop
      vertex 10 5.5 1.8
      vertex 3 6 1.8
      vertex 9.67368 5.47861 1.8
    endloop
  endfacet
  facet normal -0 0 1
    outer loop
      vertex 3 6 1.8
      vertex 10 5.5 1.8
      vertex 67 6 1.8
    endloop
  endfacet
  facet normal 0 0 1
    outer loop
      vertex 65 42 1.8
      vertex 66 13.5 1.8
      vertex 66 41 1.8
    endloop
  endfacet
  facet normal -0 0 1
    outer loop
      vertex 5 42 1.8
      vertex 66 13.5 1.8
      vertex 65 42 1.8
    endloop
  endfacet
  facet normal 0 0 1
    outer loop
      vertex 65 42 1.8
      vertex 66 41 1.8
      vertex 65.9914 41.1305 1.8
    endloop
  endfacet
  facet normal 0 0 1
    outer loop
      vertex 5 8 1.8
      vertex 66 13.5 1.8
      vertex 5 42 1.8
    endloop
  endfacet
  facet normal 0 0 1
    outer loop
      vertex 65 42 1.8
      vertex 65.9914 41.1305 1.8
      vertex 65.9659 41.2588 1.8
    endloop
  endfacet
  facet normal 0 0 1
    outer loop
      vertex 66 10.5 1.8
      vertex 65 8 1.8
      vertex 66 9 1.8
    endloop
  endfacet
  facet normal 0 0 1
    outer loop
      vertex 65 42 1.8
      vertex 65.9659 41.2588 1.8
      vertex 65.9239 41.3827 1.8
    endloop
  endfacet
  facet normal 0 0 1
    outer loop
      vertex 66 9 1.8
      vertex 65 8 1.8
      vertex 65.9914 8.86948 1.8
    endloop
  endfacet
  facet normal 0 0 1
    outer loop
      vertex 65 42 1.8
      vertex 65.9239 41.3827 1.8
      vertex 65.866 41.5 1.8
    endloop
  endfacet
  facet normal 0 0 1
    outer loop
      vertex 65.9914 8.86948 1.8
      vertex 65 8 1.8
      vertex 65.9659 8.74118 1.8
    endloop
  endfacet
  facet normal 0 0 1
    outer loop
      vertex 65 42 1.8
      vertex 65.866 41.5 1.8
      vertex 65.7934 41.6088 1.8
    endloop
  endfacet
  facet normal 0 0 1
    outer loop
      vertex 65.9659 8.74118 1.8
      vertex 65 8 1.8
      vertex 65.9239 8.61731 1.8
    endloop
  endfacet
  facet normal 0 0 1
    outer loop
      vertex 65 42 1.8
      vertex 65.7934 41.6088 1.8
      vertex 65.7071 41.7071 1.8
    endloop
  endfacet
  facet normal 0 0 1
    outer loop
      vertex 65.9239 8.61731 1.8
      vertex 65 8 1.8
      vertex 65.866 8.5 1.8
    endloop
  endfacet
  facet normal 0 0 1
    outer loop
      vertex 65 42 1.8
      vertex 65.7071 41.7071 1.8
      vertex 65.6088 41.7934 1.8
    endloop
  endfacet
  facet normal 0 0 1
    outer loop
      vertex 65.866 8.5 1.8
      vertex 65 8 1.8
      vertex 65.7934 8.39124 1.8
    endloop
  endfacet
  facet normal 0 0 1
    outer loop
      vertex 65 42 1.8
      vertex 65.6088 41.7934 1.8
      vertex 65.5 41.866 1.8
    endloop
  endfacet
  facet normal 0 0 1
    outer loop
      vertex 65.7934 8.39124 1.8
      vertex 65 8 1.8
      vertex 65.7071 8.29289 1.8
    endloop
  endfacet
  facet normal 0 0 1
    outer loop
      vertex 65 42 1.8
      vertex 65.5 41.866 1.8
      vertex 65.3827 41.9239 1.8
    endloop
  endfacet
  facet normal 0 0 1
    outer loop
      vertex 65.7071 8.29289 1.8
      vertex 65 8 1.8
      vertex 65.6088 8.20665 1.8
    endloop
  endfacet
  facet normal 0 0 1
    outer loop
      vertex 65 42 1.8
      vertex 65.3827 41.9239 1.8
      vertex 65.2588 41.9659 1.8
    endloop
  endfacet
  facet normal 0 0 1
    outer loop
      vertex 65.6088 8.20665 1.8
      vertex 65 8 1.8
      vertex 65.5 8.13397 1.8
    endloop
  endfacet
  facet normal 0 0 1
    outer loop
      vertex 65 42 1.8
      vertex 65.2588 41.9659 1.8
      vertex 65.1305 41.9914 1.8
    endloop
  endfacet
  facet normal 0 0 1
    outer loop
      vertex 65.5 8.13397 1.8
      vertex 65 8 1.8
      vertex 65.3827 8.07613 1.8
    endloop
  endfacet
  facet normal 0 0 1
    outer loop
      vertex 65.3827 8.07613 1.8
      vertex 65 8 1.8
      vertex 65.2588 8.03407 1.8
    endloop
  endfacet
  facet normal 0 0 1
    outer loop
      vertex 65.2588 8.03407 1.8
      vertex 65 8 1.8
      vertex 65.1305 8.00856 1.8
    endloop
  endfacet
  facet normal 0 -0 1
    outer loop
      vertex 65 8 1.8
      vertex 66 13.5 1.8
      vertex 5 8 1.8
    endloop
  endfacet
  facet normal 0 0 1
    outer loop
      vertex 66 13.5 1.8
      vertex 65 8 1.8
      vertex 66 10.5 1.8
    endloop
  endfacet
  facet normal 0 0 1
    outer loop
      vertex 4 41 1.8
      vertex 5 42 1.8
      vertex 4.86948 41.9914 1.8
    endloop
  endfacet
  facet normal 0 0 1
    outer loop
      vertex 5 42 1.8
      vertex 4 41 1.8
      vertex 5 8 1.8
    endloop
  endfacet
  facet normal 0 0 1
    outer loop
      vertex 4 41 1.8
      vertex 4.86948 41.9914 1.8
      vertex 4.74118 41.9659 1.8
    endloop
  endfacet
  facet normal -0 0 1
    outer loop
      vertex 4 9 1.8
      vertex 5 8 1.8
      vertex 4 41 1.8
    endloop
  endfacet
  facet normal 0 0 1
    outer loop
      vertex 4 41 1.8
      vertex 4.74118 41.9659 1.8
      vertex 4.61731 41.9239 1.8
    endloop
  endfacet
  facet normal 0 0 1
    outer loop
      vertex 5 8 1.8
      vertex 4 9 1.8
      vertex 4.86948 8.00856 1.8
    endloop
  endfacet
  facet normal 0 0 1
    outer loop
      vertex 4 41 1.8
      vertex 4.61731 41.9239 1.8
      vertex 4.5 41.866 1.8
    endloop
  endfacet
  facet normal 0 0 1
    outer loop
      vertex 4.86948 8.00856 1.8
      vertex 4 9 1.8
      vertex 4.74118 8.03407 1.8
    endloop
  endfacet
  facet normal 0 0 1
    outer loop
      vertex 4 41 1.8
      vertex 4.5 41.866 1.8
      vertex 4.39124 41.7934 1.8
    endloop
  endfacet
  facet normal 0 0 1
    outer loop
      vertex 4.74118 8.03407 1.8
      vertex 4 9 1.8
      vertex 4.61731 8.07613 1.8
    endloop
  endfacet
  facet normal 0 0 1
    outer loop
      vertex 4 41 1.8
      vertex 4.39124 41.7934 1.8
      vertex 4.29289 41.7071 1.8
    endloop
  endfacet
  facet normal 0 0 1
    outer loop
      vertex 4.61731 8.07613 1.8
      vertex 4 9 1.8
      vertex 4.5 8.13397 1.8
    endloop
  endfacet
  facet normal 0 0 1
    outer loop
      vertex 4 41 1.8
      vertex 4.29289 41.7071 1.8
      vertex 4.20665 41.6088 1.8
    endloop
  endfacet
  facet normal 0 0 1
    outer loop
      vertex 4.5 8.13397 1.8
      vertex 4 9 1.8
      vertex 4.39124 8.20665 1.8
    endloop
  endfacet
  facet normal 0 0 1
    outer loop
      vertex 4 41 1.8
      vertex 4.20665 41.6088 1.8
      vertex 4.13397 41.5 1.8
    endloop
  endfacet
  facet normal 0 0 1
    outer loop
      vertex 4.39124 8.20665 1.8
      vertex 4 9 1.8
      vertex 4.29289 8.29289 1.8
    endloop
  endfacet
  facet normal 0 0 1
    outer loop
      vertex 4 41 1.8
      vertex 4.13397 41.5 1.8
      vertex 4.07613 41.3827 1.8
    endloop
  endfacet
  facet normal 0 0 1
    outer loop
      vertex 4.29289 8.29289 1.8
      vertex 4 9 1.8
      vertex 4.20665 8.39124 1.8
    endloop
  endfacet
  facet normal 0 0 1
    outer loop
      vertex 4 41 1.8
      vertex 4.07613 41.3827 1.8
      vertex 4.03407 41.2588 1.8
    endloop
  endfacet
  facet normal 0 0 1
    outer loop
      vertex 4.20665 8.39124 1.8
      vertex 4 9 1.8
      vertex 4.13397 8.5 1.8
    endloop
  endfacet
  facet normal 0 0 1
    outer loop
      vertex 4 41 1.8
      vertex 4.03407 41.2588 1.8
      vertex 4.00856 41.1305 1.8
    endloop
  endfacet
  facet normal 0 0 1
    outer loop
      vertex 4.13397 8.5 1.8
      vertex 4 9 1.8
      vertex 4.07613 8.61731 1.8
    endloop
  endfacet
  facet normal 0 0 1
    outer loop
      vertex 4.07613 8.61731 1.8
      vertex 4 9 1.8
      vertex 4.03407 8.74118 1.8
    endloop
  endfacet
  facet normal 0 0 1
    outer loop
      vertex 4.03407 8.74118 1.8
      vertex 4 9 1.8
      vertex 4.00856 8.86948 1.8
    endloop
  endfacet
  facet normal -0 0 1
    outer loop
      vertex 66 13.5 1.8
      vertex 68 10.5 1.8
      vertex 68 13.5 1.8
    endloop
  endfacet
  facet normal 0 0 1
    outer loop
      vertex 68 10.5 1.8
      vertex 66 13.5 1.8
      vertex 66 10.5 1.8
    endloop
  endfacet
  facet normal 0 0 1
    outer loop
      vertex 93.7678 47.7678 1.8
      vertex 96.4 48.9 1.8
      vertex 96.3872 49.0958 1.8
    endloop
  endfacet
  facet normal 0 0 1
    outer loop
      vertex 93.7678 47.7678 1.8
      vertex 96.3872 49.0958 1.8
      vertex 96.3489 49.2882 1.8
    endloop
  endfacet
  facet normal 0 0 1
    outer loop
      vertex 93.7678 47.7678 1.8
      vertex 96.3489 49.2882 1.8
      vertex 96.2858 49.474 1.8
    endloop
  endfacet
  facet normal 0 0 1
    outer loop
      vertex 93.7678 47.7678 1.8
      vertex 96.2858 49.474 1.8
      vertex 96.199 49.65 1.8
    endloop
  endfacet
  facet normal 0 0 1
    outer loop
      vertex 93.7678 47.7678 1.8
      vertex 96.199 49.65 1.8
      vertex 96.09 49.8131 1.8
    endloop
  endfacet
  facet normal 0 0 1
    outer loop
      vertex 96.4 48.9 1.8
      vertex 96.0178 44.2361 1.8
      vertex 96.4 43.901 1.8
    endloop
  endfacet
  facet normal 0 0 1
    outer loop
      vertex 93.7678 47.7678 1.8
      vertex 96.09 49.8131 1.8
      vertex 95.9606 49.9606 1.8
    endloop
  endfacet
  facet normal 0 0 1
    outer loop
      vertex 93.7678 47.7678 1.8
      vertex 95.9606 49.9606 1.8
      vertex 95.8131 50.09 1.8
    endloop
  endfacet
  facet normal 0 0 1
    outer loop
      vertex 93.7678 47.7678 1.8
      vertex 95.8131 50.09 1.8
      vertex 95.65 50.199 1.8
    endloop
  endfacet
  facet normal 0 0 1
    outer loop
      vertex 93.7678 47.7678 1.8
      vertex 95.65 50.199 1.8
      vertex 95.474 50.2858 1.8
    endloop
  endfacet
  facet normal 0 0 1
    outer loop
      vertex 96.4 48.9 1.8
      vertex 94.4148 46.647 1.8
      vertex 94.4786 46.3263 1.8
    endloop
  endfacet
  facet normal 0 0 1
    outer loop
      vertex 93.7678 47.7678 1.8
      vertex 95.474 50.2858 1.8
      vertex 95.2882 50.3489 1.8
    endloop
  endfacet
  facet normal 0 0 1
    outer loop
      vertex 93.7678 47.7678 1.8
      vertex 95.2882 50.3489 1.8
      vertex 95.0958 50.3872 1.8
    endloop
  endfacet
  facet normal 0 0 1
    outer loop
      vertex 93.7678 47.7678 1.8
      vertex 95.0958 50.3872 1.8
      vertex 94.9 50.4 1.8
    endloop
  endfacet
  facet normal 0 0 1
    outer loop
      vertex 96.4 48.9 1.8
      vertex 94.4786 46.3263 1.8
      vertex 95.3 44.7158 1.8
    endloop
  endfacet
  facet normal -0 0 1
    outer loop
      vertex 94.4786 45.6737 1.8
      vertex 95.3 44.7158 1.8
      vertex 94.5 46 1.8
    endloop
  endfacet
  facet normal 0 0 1
    outer loop
      vertex 95.3 44.7158 1.8
      vertex 94.4786 46.3263 1.8
      vertex 94.5 46 1.8
    endloop
  endfacet
  facet normal 0 0 1
    outer loop
      vertex 96.4 48.9 1.8
      vertex 95.3 44.7158 1.8
      vertex 96.0178 44.2361 1.8
    endloop
  endfacet
  facet normal 0 0 1
    outer loop
      vertex 96.4 48.9 1.8
      vertex 94.3097 46.9567 1.8
      vertex 94.4148 46.647 1.8
    endloop
  endfacet
  facet normal 0 0 1
    outer loop
      vertex 96.4 48.9 1.8
      vertex 94.1651 47.25 1.8
      vertex 94.3097 46.9567 1.8
    endloop
  endfacet
  facet normal 0 0 1
    outer loop
      vertex 96.4 48.9 1.8
      vertex 93.9834 47.5219 1.8
      vertex 94.1651 47.25 1.8
    endloop
  endfacet
  facet normal 0 0 1
    outer loop
      vertex 96.4 48.9 1.8
      vertex 93.7678 47.7678 1.8
      vertex 93.9834 47.5219 1.8
    endloop
  endfacet
  facet normal 0 0 1
    outer loop
      vertex 94.9 50.4 1.8
      vertex 93.5219 47.9834 1.8
      vertex 93.7678 47.7678 1.8
    endloop
  endfacet
  facet normal 0 0 1
    outer loop
      vertex 94.9 50.4 1.8
      vertex 93.25 48.1651 1.8
      vertex 93.5219 47.9834 1.8
    endloop
  endfacet
  facet normal 0 0 1
    outer loop
      vertex 94.9 50.4 1.8
      vertex 92.9567 48.3097 1.8
      vertex 93.25 48.1651 1.8
    endloop
  endfacet
  facet normal 0 0 1
    outer loop
      vertex 94.9 50.4 1.8
      vertex 92.647 48.4148 1.8
      vertex 92.9567 48.3097 1.8
    endloop
  endfacet
  facet normal 0 0 1
    outer loop
      vertex 94.9 50.4 1.8
      vertex 92.3263 48.4786 1.8
      vertex 92.647 48.4148 1.8
    endloop
  endfacet
  facet normal 0 0 1
    outer loop
      vertex 94.9 50.4 1.8
      vertex 92 48.5 1.8
      vertex 92.3263 48.4786 1.8
    endloop
  endfacet
  facet normal 0 0 1
    outer loop
      vertex 94.9 50.4 1.8
      vertex 91.6737 48.4786 1.8
      vertex 92 48.5 1.8
    endloop
  endfacet
  facet normal 0 0 1
    outer loop
      vertex 94.9 50.4 1.8
      vertex 91.353 48.4148 1.8
      vertex 91.6737 48.4786 1.8
    endloop
  endfacet
  facet normal 0 0 1
    outer loop
      vertex 94.9 50.4 1.8
      vertex 91.0433 48.3097 1.8
      vertex 91.353 48.4148 1.8
    endloop
  endfacet
  facet normal 0 0 1
    outer loop
      vertex 67.1305 43.9914 1.8
      vertex 91.0433 48.3097 1.8
      vertex 94.9 50.4 1.8
    endloop
  endfacet
  facet normal 0 0 1
    outer loop
      vertex 89.5214 45.6737 1.8
      vertex 88.7 44.7158 1.8
      vertex 89.4743 45.0976 1.8
    endloop
  endfacet
  facet normal 0 0 1
    outer loop
      vertex 89.5214 46.3263 1.8
      vertex 88.7 44.7158 1.8
      vertex 89.5 46 1.8
    endloop
  endfacet
  facet normal 0 0 1
    outer loop
      vertex 87.9822 44.2361 1.8
      vertex 89.5214 46.3263 1.8
      vertex 89.5852 46.647 1.8
    endloop
  endfacet
  facet normal 0 0 1
    outer loop
      vertex 87.9822 44.2361 1.8
      vertex 89.5852 46.647 1.8
      vertex 89.6903 46.9567 1.8
    endloop
  endfacet
  facet normal 0 0 1
    outer loop
      vertex 89.5214 46.3263 1.8
      vertex 87.9822 44.2361 1.8
      vertex 88.7 44.7158 1.8
    endloop
  endfacet
  facet normal 0 0 1
    outer loop
      vertex 87.3331 43.6669 1.8
      vertex 89.6903 46.9567 1.8
      vertex 89.8349 47.25 1.8
    endloop
  endfacet
  facet normal 0 0 1
    outer loop
      vertex 89.6903 46.9567 1.8
      vertex 87.3331 43.6669 1.8
      vertex 87.9822 44.2361 1.8
    endloop
  endfacet
  facet normal 0 0 1
    outer loop
      vertex 67.6088 43.7934 1.8
      vertex 89.8349 47.25 1.8
      vertex 90.0166 47.5219 1.8
    endloop
  endfacet
  facet normal 0 0 1
    outer loop
      vertex 89.8349 47.25 1.8
      vertex 67.7071 43.7071 1.8
      vertex 87.3331 43.6669 1.8
    endloop
  endfacet
  facet normal 0 0 1
    outer loop
      vertex 85.4565 39.8615 1.8
      vertex 68 43 1.8
      vertex 85.4 39 1.8
    endloop
  endfacet
  facet normal 0 0 1
    outer loop
      vertex 85.6249 40.7082 1.8
      vertex 68 43 1.8
      vertex 85.4565 39.8615 1.8
    endloop
  endfacet
  facet normal 0 0 1
    outer loop
      vertex 67.9914 43.1305 1.8
      vertex 85.6249 40.7082 1.8
      vertex 85.9024 41.5257 1.8
    endloop
  endfacet
  facet normal 0 0 1
    outer loop
      vertex 67.9659 43.2588 1.8
      vertex 85.9024 41.5257 1.8
      vertex 86.2842 42.3 1.8
    endloop
  endfacet
  facet normal 0 0 1
    outer loop
      vertex 67.866 43.5 1.8
      vertex 86.2842 42.3 1.8
      vertex 86.7639 43.0178 1.8
    endloop
  endfacet
  facet normal 0 -0 1
    outer loop
      vertex 67.7934 43.6088 1.8
      vertex 87.3331 43.6669 1.8
      vertex 67.7071 43.7071 1.8
    endloop
  endfacet
  facet normal 0 0 1
    outer loop
      vertex 67.5 43.866 1.8
      vertex 90.0166 47.5219 1.8
      vertex 90.2322 47.7678 1.8
    endloop
  endfacet
  facet normal 0 0 1
    outer loop
      vertex 67.3827 43.9239 1.8
      vertex 90.2322 47.7678 1.8
      vertex 90.4781 47.9834 1.8
    endloop
  endfacet
  facet normal 0 0 1
    outer loop
      vertex 67.2588 43.9659 1.8
      vertex 90.4781 47.9834 1.8
      vertex 90.75 48.1651 1.8
    endloop
  endfacet
  facet normal 0 0 1
    outer loop
      vertex 91.0433 48.3097 1.8
      vertex 67.1305 43.9914 1.8
      vertex 90.75 48.1651 1.8
    endloop
  endfacet
  facet normal 0 0 1
    outer loop
      vertex 85.6249 40.7082 1.8
      vertex 67.9914 43.1305 1.8
      vertex 68 43 1.8
    endloop
  endfacet
  facet normal 0 0 1
    outer loop
      vertex 85.9024 41.5257 1.8
      vertex 67.9659 43.2588 1.8
      vertex 67.9914 43.1305 1.8
    endloop
  endfacet
  facet normal 0 0 1
    outer loop
      vertex 86.2842 42.3 1.8
      vertex 67.9239 43.3827 1.8
      vertex 67.9659 43.2588 1.8
    endloop
  endfacet
  facet normal 0 0 1
    outer loop
      vertex 86.2842 42.3 1.8
      vertex 67.866 43.5 1.8
      vertex 67.9239 43.3827 1.8
    endloop
  endfacet
  facet normal 0 0 1
    outer loop
      vertex 86.7639 43.0178 1.8
      vertex 67.7934 43.6088 1.8
      vertex 67.866 43.5 1.8
    endloop
  endfacet
  facet normal 0 0 1
    outer loop
      vertex 87.3331 43.6669 1.8
      vertex 67.7934 43.6088 1.8
      vertex 86.7639 43.0178 1.8
    endloop
  endfacet
  facet normal 0 0 1
    outer loop
      vertex 89.8349 47.25 1.8
      vertex 67.6088 43.7934 1.8
      vertex 67.7071 43.7071 1.8
    endloop
  endfacet
  facet normal 0 0 1
    outer loop
      vertex 90.0166 47.5219 1.8
      vertex 67.5 43.866 1.8
      vertex 67.6088 43.7934 1.8
    endloop
  endfacet
  facet normal 0 0 1
    outer loop
      vertex 90.2322 47.7678 1.8
      vertex 67.3827 43.9239 1.8
      vertex 67.5 43.866 1.8
    endloop
  endfacet
  facet normal 0 0 1
    outer loop
      vertex 90.4781 47.9834 1.8
      vertex 67.2588 43.9659 1.8
      vertex 67.3827 43.9239 1.8
    endloop
  endfacet
  facet normal 0 0 1
    outer loop
      vertex 90.75 48.1651 1.8
      vertex 67.1305 43.9914 1.8
      vertex 67.2588 43.9659 1.8
    endloop
  endfacet
  facet normal 0 0 1
    outer loop
      vertex 94.9 50.4 1.8
      vertex 67 44 1.8
      vertex 67.1305 43.9914 1.8
    endloop
  endfacet
  facet normal -0 0 1
    outer loop
      vertex 25.647 48.4148 1.8
      vertex 67 44 1.8
      vertex 94.9 50.4 1.8
    endloop
  endfacet
  facet normal 0 0 1
    outer loop
      vertex 67 44 1.8
      vertex 27.4786 46.3263 1.8
      vertex 27.5 46 1.8
    endloop
  endfacet
  facet normal 0 0 1
    outer loop
      vertex 67 44 1.8
      vertex 27.4148 46.647 1.8
      vertex 27.4786 46.3263 1.8
    endloop
  endfacet
  facet normal 0 0 1
    outer loop
      vertex 67 44 1.8
      vertex 27.3097 46.9567 1.8
      vertex 27.4148 46.647 1.8
    endloop
  endfacet
  facet normal 0 0 1
    outer loop
      vertex 67 44 1.8
      vertex 27.1651 47.25 1.8
      vertex 27.3097 46.9567 1.8
    endloop
  endfacet
  facet normal 0 0 1
    outer loop
      vertex 67 44 1.8
      vertex 26.9834 47.5219 1.8
      vertex 27.1651 47.25 1.8
    endloop
  endfacet
  facet normal 0 0 1
    outer loop
      vertex 67 44 1.8
      vertex 26.7678 47.7678 1.8
      vertex 26.9834 47.5219 1.8
    endloop
  endfacet
  facet normal 0 0 1
    outer loop
      vertex 67 44 1.8
      vertex 26.5219 47.9834 1.8
      vertex 26.7678 47.7678 1.8
    endloop
  endfacet
  facet normal 0 0 1
    outer loop
      vertex 67 44 1.8
      vertex 26.25 48.1651 1.8
      vertex 26.5219 47.9834 1.8
    endloop
  endfacet
  facet normal 0 0 1
    outer loop
      vertex 67 44 1.8
      vertex 25.9567 48.3097 1.8
      vertex 26.25 48.1651 1.8
    endloop
  endfacet
  facet normal 0 0 1
    outer loop
      vertex 67 44 1.8
      vertex 25.647 48.4148 1.8
      vertex 25.9567 48.3097 1.8
    endloop
  endfacet
  facet normal 0 0 1
    outer loop
      vertex 94.9 50.4 1.8
      vertex 25.3263 48.4786 1.8
      vertex 25.647 48.4148 1.8
    endloop
  endfacet
  facet normal 0 0 1
    outer loop
      vertex 94.9 50.4 1.8
      vertex 25 48.5 1.8
      vertex 25.3263 48.4786 1.8
    endloop
  endfacet
  facet normal 0 0 1
    outer loop
      vertex 22.5214 46.3263 1.8
      vertex 3 44 1.8
      vertex 22.5 46 1.8
    endloop
  endfacet
  facet normal 0 0 1
    outer loop
      vertex 22.5852 46.647 1.8
      vertex 3 44 1.8
      vertex 22.5214 46.3263 1.8
    endloop
  endfacet
  facet normal 0 0 1
    outer loop
      vertex 1.1 50.4 1.8
      vertex 22.5852 46.647 1.8
      vertex 22.6903 46.9567 1.8
    endloop
  endfacet
  facet normal 0 0 1
    outer loop
      vertex 1.1 50.4 1.8
      vertex 22.6903 46.9567 1.8
      vertex 22.8349 47.25 1.8
    endloop
  endfacet
  facet normal 0 0 1
    outer loop
      vertex 1.1 50.4 1.8
      vertex 22.8349 47.25 1.8
      vertex 23.0166 47.5219 1.8
    endloop
  endfacet
  facet normal 0 0 1
    outer loop
      vertex 1.1 50.4 1.8
      vertex 23.0166 47.5219 1.8
      vertex 23.2322 47.7678 1.8
    endloop
  endfacet
  facet normal 0 0 1
    outer loop
      vertex 1.1 50.4 1.8
      vertex 23.2322 47.7678 1.8
      vertex 23.4781 47.9834 1.8
    endloop
  endfacet
  facet normal 0 0 1
    outer loop
      vertex 1.1 50.4 1.8
      vertex 23.4781 47.9834 1.8
      vertex 23.75 48.1651 1.8
    endloop
  endfacet
  facet normal 0 0 1
    outer loop
      vertex 1.1 50.4 1.8
      vertex 23.75 48.1651 1.8
      vertex 24.0433 48.3097 1.8
    endloop
  endfacet
  facet normal 0 0 1
    outer loop
      vertex 1.1 50.4 1.8
      vertex 24.0433 48.3097 1.8
      vertex 24.353 48.4148 1.8
    endloop
  endfacet
  facet normal 0 0 1
    outer loop
      vertex 22.5852 46.647 1.8
      vertex 1.1 50.4 1.8
      vertex 3 44 1.8
    endloop
  endfacet
  facet normal 0 0 1
    outer loop
      vertex 3 44 1.8
      vertex 1.1 50.4 1.8
      vertex 2.86948 43.9914 1.8
    endloop
  endfacet
  facet normal 0 0 1
    outer loop
      vertex -0.4 39 1.8
      vertex 2.00856 43.1305 1.8
      vertex -0.4 48.9 1.8
    endloop
  endfacet
  facet normal 0 0 1
    outer loop
      vertex 2.03407 43.2588 1.8
      vertex -0.4 48.9 1.8
      vertex 2.00856 43.1305 1.8
    endloop
  endfacet
  facet normal 0 0 1
    outer loop
      vertex 2.07613 43.3827 1.8
      vertex -0.4 48.9 1.8
      vertex 2.03407 43.2588 1.8
    endloop
  endfacet
  facet normal 0 0 1
    outer loop
      vertex 2.13397 43.5 1.8
      vertex -0.4 48.9 1.8
      vertex 2.07613 43.3827 1.8
    endloop
  endfacet
  facet normal 0 0 1
    outer loop
      vertex 2.20665 43.6088 1.8
      vertex -0.4 48.9 1.8
      vertex 2.13397 43.5 1.8
    endloop
  endfacet
  facet normal 0 0 1
    outer loop
      vertex 2.29289 43.7071 1.8
      vertex -0.4 48.9 1.8
      vertex 2.20665 43.6088 1.8
    endloop
  endfacet
  facet normal 0 0 1
    outer loop
      vertex 2.39124 43.7934 1.8
      vertex -0.4 48.9 1.8
      vertex 2.29289 43.7071 1.8
    endloop
  endfacet
  facet normal 0 0 1
    outer loop
      vertex 2.5 43.866 1.8
      vertex -0.4 48.9 1.8
      vertex 2.39124 43.7934 1.8
    endloop
  endfacet
  facet normal 0 0 1
    outer loop
      vertex 2.61731 43.9239 1.8
      vertex -0.4 48.9 1.8
      vertex 2.5 43.866 1.8
    endloop
  endfacet
  facet normal 0 0 1
    outer loop
      vertex 2.74118 43.9659 1.8
      vertex -0.4 48.9 1.8
      vertex 2.61731 43.9239 1.8
    endloop
  endfacet
  facet normal 0 0 1
    outer loop
      vertex 2.86948 43.9914 1.8
      vertex -0.4 48.9 1.8
      vertex 2.74118 43.9659 1.8
    endloop
  endfacet
  facet normal -0 0 1
    outer loop
      vertex -0.4 48.9 1.8
      vertex 2.86948 43.9914 1.8
      vertex 1.1 50.4 1.8
    endloop
  endfacet
  facet normal 0 0 1
    outer loop
      vertex 24.6737 48.4786 1.8
      vertex 1.1 50.4 1.8
      vertex 24.353 48.4148 1.8
    endloop
  endfacet
  facet normal 0 0 1
    outer loop
      vertex 25 48.5 1.8
      vertex 1.1 50.4 1.8
      vertex 24.6737 48.4786 1.8
    endloop
  endfacet
  facet normal -0 0 1
    outer loop
      vertex 1.1 50.4 1.8
      vertex 25 48.5 1.8
      vertex 94.9 50.4 1.8
    endloop
  endfacet
  facet normal 0 0 1
    outer loop
      vertex 95.3 44.7158 1.8
      vertex 94.4786 45.6737 1.8
      vertex 94.5257 45.0976 1.8
    endloop
  endfacet
  facet normal -0 0 1
    outer loop
      vertex 94.4148 45.353 1.8
      vertex 94.5257 45.0976 1.8
      vertex 94.4786 45.6737 1.8
    endloop
  endfacet
  facet normal 0 0 1
    outer loop
      vertex 94.5257 45.0976 1.8
      vertex 94.4148 45.353 1.8
      vertex 94.3485 45.1577 1.8
    endloop
  endfacet
  facet normal 0 0 1
    outer loop
      vertex 89.5852 45.353 1.8
      vertex 89.4743 45.0976 1.8
      vertex 89.6515 45.1577 1.8
    endloop
  endfacet
  facet normal 0 0 1
    outer loop
      vertex 89.5214 45.6737 1.8
      vertex 89.4743 45.0976 1.8
      vertex 89.5852 45.353 1.8
    endloop
  endfacet
  facet normal 0 0 1
    outer loop
      vertex 88.7 44.7158 1.8
      vertex 89.5214 45.6737 1.8
      vertex 89.5 46 1.8
    endloop
  endfacet
  facet normal -0 0 1
    outer loop
      vertex 27.4786 45.6737 1.8
      vertex 67 44 1.8
      vertex 27.5 46 1.8
    endloop
  endfacet
  facet normal -0 0 1
    outer loop
      vertex 27.4148 45.353 1.8
      vertex 67 44 1.8
      vertex 27.4786 45.6737 1.8
    endloop
  endfacet
  facet normal -0 0 1
    outer loop
      vertex 27.3097 45.0433 1.8
      vertex 67 44 1.8
      vertex 27.4148 45.353 1.8
    endloop
  endfacet
  facet normal -0 0 1
    outer loop
      vertex 27.1651 44.75 1.8
      vertex 67 44 1.8
      vertex 27.3097 45.0433 1.8
    endloop
  endfacet
  facet normal -0 0 1
    outer loop
      vertex 26.9834 44.4781 1.8
      vertex 67 44 1.8
      vertex 27.1651 44.75 1.8
    endloop
  endfacet
  facet normal -0 0 1
    outer loop
      vertex 26.7678 44.2322 1.8
      vertex 67 44 1.8
      vertex 26.9834 44.4781 1.8
    endloop
  endfacet
  facet normal -0 0 1
    outer loop
      vertex 26.5219 44.0166 1.8
      vertex 67 44 1.8
      vertex 26.7678 44.2322 1.8
    endloop
  endfacet
  facet normal 0 0 1
    outer loop
      vertex 67 44 1.8
      vertex 26.5219 44.0166 1.8
      vertex 26.497 44 1.8
    endloop
  endfacet
  facet normal 0 0 1
    outer loop
      vertex 23.4781 44.0166 1.8
      vertex 3 44 1.8
      vertex 23.503 44 1.8
    endloop
  endfacet
  facet normal 0 0 1
    outer loop
      vertex 23.2322 44.2322 1.8
      vertex 3 44 1.8
      vertex 23.4781 44.0166 1.8
    endloop
  endfacet
  facet normal 0 0 1
    outer loop
      vertex 23.0166 44.4781 1.8
      vertex 3 44 1.8
      vertex 23.2322 44.2322 1.8
    endloop
  endfacet
  facet normal 0 0 1
    outer loop
      vertex 22.8349 44.75 1.8
      vertex 3 44 1.8
      vertex 23.0166 44.4781 1.8
    endloop
  endfacet
  facet normal 0 0 1
    outer loop
      vertex 22.6903 45.0433 1.8
      vertex 3 44 1.8
      vertex 22.8349 44.75 1.8
    endloop
  endfacet
  facet normal 0 0 1
    outer loop
      vertex 22.5852 45.353 1.8
      vertex 3 44 1.8
      vertex 22.6903 45.0433 1.8
    endloop
  endfacet
  facet normal 0 0 1
    outer loop
      vertex 22.5214 45.6737 1.8
      vertex 3 44 1.8
      vertex 22.5852 45.353 1.8
    endloop
  endfacet
  facet normal 0 0 1
    outer loop
      vertex 3 44 1.8
      vertex 22.5214 45.6737 1.8
      vertex 22.5 46 1.8
    endloop
  endfacet
  facet normal 0 0 1
    outer loop
      vertex 96.4 1.1 1.8
      vertex 94.4786 4.32631 1.8
      vertex 94.5 4 1.8
    endloop
  endfacet
  facet normal 0 0 1
    outer loop
      vertex 95.3 33.2842 1.8
      vertex 94.4148 4.64705 1.8
      vertex 94.4786 4.32631 1.8
    endloop
  endfacet
  facet normal 0 0 1
    outer loop
      vertex 95.3 33.2842 1.8
      vertex 94.3097 4.95671 1.8
      vertex 94.4148 4.64705 1.8
    endloop
  endfacet
  facet normal 0 0 1
    outer loop
      vertex 95.3 33.2842 1.8
      vertex 94.1651 5.25 1.8
      vertex 94.3097 4.95671 1.8
    endloop
  endfacet
  facet normal 0 0 1
    outer loop
      vertex 95.3 33.2842 1.8
      vertex 93.9834 5.5219 1.8
      vertex 94.1651 5.25 1.8
    endloop
  endfacet
  facet normal 0 0 1
    outer loop
      vertex 95.3 33.2842 1.8
      vertex 93.7678 5.76777 1.8
      vertex 93.9834 5.5219 1.8
    endloop
  endfacet
  facet normal 0 0 1
    outer loop
      vertex 92.9567 6.3097 1.8
      vertex 94.5257 32.9024 1.8
      vertex 93.7082 32.6249 1.8
    endloop
  endfacet
  facet normal 0 0 1
    outer loop
      vertex 95.3 33.2842 1.8
      vertex 93.5219 5.98338 1.8
      vertex 93.7678 5.76777 1.8
    endloop
  endfacet
  facet normal 0 0 1
    outer loop
      vertex 95.3 33.2842 1.8
      vertex 93.25 6.16506 1.8
      vertex 93.5219 5.98338 1.8
    endloop
  endfacet
  facet normal 0 0 1
    outer loop
      vertex 94.5257 32.9024 1.8
      vertex 92.9567 6.3097 1.8
      vertex 93.25 6.16506 1.8
    endloop
  endfacet
  facet normal 0 0 1
    outer loop
      vertex 92.647 6.41481 1.8
      vertex 93.7082 32.6249 1.8
      vertex 92.8615 32.4565 1.8
    endloop
  endfacet
  facet normal 0 0 1
    outer loop
      vertex 93.7082 32.6249 1.8
      vertex 92.647 6.41481 1.8
      vertex 92.9567 6.3097 1.8
    endloop
  endfacet
  facet normal 0 0 1
    outer loop
      vertex 92.8615 32.4565 1.8
      vertex 92.3263 6.47861 1.8
      vertex 92.647 6.41481 1.8
    endloop
  endfacet
  facet normal -0 0 1
    outer loop
      vertex 92 32.4 1.8
      vertex 92.3263 6.47861 1.8
      vertex 92.8615 32.4565 1.8
    endloop
  endfacet
  facet normal 0 0 1
    outer loop
      vertex 92 32.4 1.8
      vertex 92 6.5 1.8
      vertex 92.3263 6.47861 1.8
    endloop
  endfacet
  facet normal 0 0 1
    outer loop
      vertex 92 32.4 1.8
      vertex 91.6737 6.47861 1.8
      vertex 92 6.5 1.8
    endloop
  endfacet
  facet normal 0 0 1
    outer loop
      vertex 91.1385 32.4565 1.8
      vertex 91.6737 6.47861 1.8
      vertex 92 32.4 1.8
    endloop
  endfacet
  facet normal 0 0 1
    outer loop
      vertex 91.6737 6.47861 1.8
      vertex 91.1385 32.4565 1.8
      vertex 91.353 6.41481 1.8
    endloop
  endfacet
  facet normal 0 0 1
    outer loop
      vertex 90.2918 32.6249 1.8
      vertex 91.353 6.41481 1.8
      vertex 91.1385 32.4565 1.8
    endloop
  endfacet
  facet normal 0 0 1
    outer loop
      vertex 91.353 6.41481 1.8
      vertex 90.2918 32.6249 1.8
      vertex 91.0433 6.3097 1.8
    endloop
  endfacet
  facet normal 0 0 1
    outer loop
      vertex 89.4743 32.9024 1.8
      vertex 91.0433 6.3097 1.8
      vertex 90.2918 32.6249 1.8
    endloop
  endfacet
  facet normal 0 0 1
    outer loop
      vertex 91.0433 6.3097 1.8
      vertex 89.4743 32.9024 1.8
      vertex 90.75 6.16506 1.8
    endloop
  endfacet
  facet normal -0 0 1
    outer loop
      vertex 68 13.5 1.8
      vertex 90.75 6.16506 1.8
      vertex 89.4743 32.9024 1.8
    endloop
  endfacet
  facet normal 0 0 1
    outer loop
      vertex 90.75 6.16506 1.8
      vertex 68 13.5 1.8
      vertex 90.4781 5.98338 1.8
    endloop
  endfacet
  facet normal 0 0 1
    outer loop
      vertex 90.4781 5.98338 1.8
      vertex 68 13.5 1.8
      vertex 90.2322 5.76777 1.8
    endloop
  endfacet
  facet normal 0 0 1
    outer loop
      vertex 90.2322 5.76777 1.8
      vertex 68 13.5 1.8
      vertex 90.0166 5.5219 1.8
    endloop
  endfacet
  facet normal 0 0 1
    outer loop
      vertex 90.0166 5.5219 1.8
      vertex 68 13.5 1.8
      vertex 89.8349 5.25 1.8
    endloop
  endfacet
  facet normal -0 0 1
    outer loop
      vertex 68 10.5 1.8
      vertex 89.8349 5.25 1.8
      vertex 68 13.5 1.8
    endloop
  endfacet
  facet normal 0 0 1
    outer loop
      vertex 89.8349 5.25 1.8
      vertex 68 10.5 1.8
      vertex 89.6903 4.95671 1.8
    endloop
  endfacet
  facet normal -0 0 1
    outer loop
      vertex 68 7 1.8
      vertex 89.6903 4.95671 1.8
      vertex 68 10.5 1.8
    endloop
  endfacet
  facet normal -0 0 1
    outer loop
      vertex 94.4786 4.32631 1.8
      vertex 96.4 1.1 1.8
      vertex 96.4 34.099 1.8
    endloop
  endfacet
  facet normal -0 0 1
    outer loop
      vertex 94.4786 3.67368 1.8
      vertex 96.4 1.1 1.8
      vertex 94.5 4 1.8
    endloop
  endfacet
  facet normal -0 0 1
    outer loop
      vertex 94.4148 3.35295 1.8
      vertex 96.4 1.1 1.8
      vertex 94.4786 3.67368 1.8
    endloop
  endfacet
  facet normal -0 0 1
    outer loop
      vertex 94.3097 3.04329 1.8
      vertex 96.4 1.1 1.8
      vertex 94.4148 3.35295 1.8
    endloop
  endfacet
  facet normal -0 0 1
    outer loop
      vertex 94.1651 2.75 1.8
      vertex 96.4 1.1 1.8
      vertex 94.3097 3.04329 1.8
    endloop
  endfacet
  facet normal 0 0 1
    outer loop
      vertex 94.4786 4.32631 1.8
      vertex 96.4 34.099 1.8
      vertex 96.0178 33.7639 1.8
    endloop
  endfacet
  facet normal -0 0 1
    outer loop
      vertex 93.9834 2.4781 1.8
      vertex 96.4 1.1 1.8
      vertex 94.1651 2.75 1.8
    endloop
  endfacet
  facet normal -0 0 1
    outer loop
      vertex 93.7678 2.23223 1.8
      vertex 96.4 1.1 1.8
      vertex 93.9834 2.4781 1.8
    endloop
  endfacet
  facet normal 0 0 1
    outer loop
      vertex 96.4 1.1 1.8
      vertex 93.7678 2.23223 1.8
      vertex 96.3872 0.904214 1.8
    endloop
  endfacet
  facet normal 0 0 1
    outer loop
      vertex 96.3872 0.904214 1.8
      vertex 93.7678 2.23223 1.8
      vertex 96.3489 0.71177 1.8
    endloop
  endfacet
  facet normal 0 0 1
    outer loop
      vertex 94.4786 4.32631 1.8
      vertex 96.0178 33.7639 1.8
      vertex 95.3 33.2842 1.8
    endloop
  endfacet
  facet normal 0 0 1
    outer loop
      vertex 96.3489 0.71177 1.8
      vertex 93.7678 2.23223 1.8
      vertex 96.2858 0.525979 1.8
    endloop
  endfacet
  facet normal 0 0 1
    outer loop
      vertex 96.2858 0.525979 1.8
      vertex 93.7678 2.23223 1.8
      vertex 96.199 0.349999 1.8
    endloop
  endfacet
  facet normal 0 0 1
    outer loop
      vertex 96.199 0.349999 1.8
      vertex 93.7678 2.23223 1.8
      vertex 96.09 0.186852 1.8
    endloop
  endfacet
  facet normal 0 0 1
    outer loop
      vertex 93.25 6.16506 1.8
      vertex 95.3 33.2842 1.8
      vertex 94.5257 32.9024 1.8
    endloop
  endfacet
  facet normal 0 0 1
    outer loop
      vertex 96.09 0.186852 1.8
      vertex 93.7678 2.23223 1.8
      vertex 95.9606 0.0393457 1.8
    endloop
  endfacet
  facet normal 0 0 1
    outer loop
      vertex 95.9606 0.0393457 1.8
      vertex 93.7678 2.23223 1.8
      vertex 95.8131 -0.0900326 1.8
    endloop
  endfacet
  facet normal 0 0 1
    outer loop
      vertex 95.8131 -0.0900326 1.8
      vertex 93.7678 2.23223 1.8
      vertex 95.65 -0.199041 1.8
    endloop
  endfacet
  facet normal 0 0 1
    outer loop
      vertex 95.65 -0.199041 1.8
      vertex 93.7678 2.23223 1.8
      vertex 95.474 -0.285818 1.8
    endloop
  endfacet
  facet normal 0 0 1
    outer loop
      vertex 95.474 -0.285818 1.8
      vertex 93.7678 2.23223 1.8
      vertex 95.2882 -0.348883 1.8
    endloop
  endfacet
  facet normal 0 0 1
    outer loop
      vertex 95.2882 -0.348883 1.8
      vertex 93.7678 2.23223 1.8
      vertex 95.0958 -0.387167 1.8
    endloop
  endfacet
  facet normal 0 0 1
    outer loop
      vertex 95.0958 -0.387167 1.8
      vertex 93.7678 2.23223 1.8
      vertex 94.9 -0.4 1.8
    endloop
  endfacet
  facet normal -0 0 1
    outer loop
      vertex 93.5219 2.01662 1.8
      vertex 94.9 -0.4 1.8
      vertex 93.7678 2.23223 1.8
    endloop
  endfacet
  facet normal -0 0 1
    outer loop
      vertex 93.25 1.83494 1.8
      vertex 94.9 -0.4 1.8
      vertex 93.5219 2.01662 1.8
    endloop
  endfacet
  facet normal -0 0 1
    outer loop
      vertex 92.9567 1.6903 1.8
      vertex 94.9 -0.4 1.8
      vertex 93.25 1.83494 1.8
    endloop
  endfacet
  facet normal -0 0 1
    outer loop
      vertex 92.647 1.58519 1.8
      vertex 94.9 -0.4 1.8
      vertex 92.9567 1.6903 1.8
    endloop
  endfacet
  facet normal -0 0 1
    outer loop
      vertex 92.3263 1.52139 1.8
      vertex 94.9 -0.4 1.8
      vertex 92.647 1.58519 1.8
    endloop
  endfacet
  facet normal -0 0 1
    outer loop
      vertex 92 1.5 1.8
      vertex 94.9 -0.4 1.8
      vertex 92.3263 1.52139 1.8
    endloop
  endfacet
  facet normal 0 0 1
    outer loop
      vertex 91.6737 1.52139 1.8
      vertex 94.9 -0.4 1.8
      vertex 92 1.5 1.8
    endloop
  endfacet
  facet normal 0 0 1
    outer loop
      vertex 91.353 1.58519 1.8
      vertex 94.9 -0.4 1.8
      vertex 91.6737 1.52139 1.8
    endloop
  endfacet
  facet normal 0 0 1
    outer loop
      vertex 91.0433 1.6903 1.8
      vertex 94.9 -0.4 1.8
      vertex 91.353 1.58519 1.8
    endloop
  endfacet
  facet normal 0 0 1
    outer loop
      vertex 67.1305 6.00856 1.8
      vertex 91.0433 1.6903 1.8
      vertex 90.75 1.83494 1.8
    endloop
  endfacet
  facet normal 0 0 1
    outer loop
      vertex 68 13.5 1.8
      vertex 89.4743 32.9024 1.8
      vertex 88.7 33.2842 1.8
    endloop
  endfacet
  facet normal 0 0 1
    outer loop
      vertex 68 13.5 1.8
      vertex 88.7 33.2842 1.8
      vertex 87.9822 33.7639 1.8
    endloop
  endfacet
  facet normal 0 0 1
    outer loop
      vertex 68 13.5 1.8
      vertex 87.9822 33.7639 1.8
      vertex 87.3331 34.3331 1.8
    endloop
  endfacet
  facet normal 0 0 1
    outer loop
      vertex 89.6903 4.95671 1.8
      vertex 68 7 1.8
      vertex 89.5852 4.64705 1.8
    endloop
  endfacet
  facet normal 0 0 1
    outer loop
      vertex 68 13.5 1.8
      vertex 87.3331 34.3331 1.8
      vertex 86.7639 34.9822 1.8
    endloop
  endfacet
  facet normal 0 0 1
    outer loop
      vertex 68 13.5 1.8
      vertex 86.7639 34.9822 1.8
      vertex 86.2842 35.7 1.8
    endloop
  endfacet
  facet normal 0 0 1
    outer loop
      vertex 68 43 1.8
      vertex 86.2842 35.7 1.8
      vertex 85.9024 36.4743 1.8
    endloop
  endfacet
  facet normal 0 0 1
    outer loop
      vertex 68 43 1.8
      vertex 85.9024 36.4743 1.8
      vertex 85.6249 37.2918 1.8
    endloop
  endfacet
  facet normal 0 0 1
    outer loop
      vertex 68 43 1.8
      vertex 85.6249 37.2918 1.8
      vertex 85.4565 38.1385 1.8
    endloop
  endfacet
  facet normal 0 0 1
    outer loop
      vertex 68 43 1.8
      vertex 85.4565 38.1385 1.8
      vertex 85.4 39 1.8
    endloop
  endfacet
  facet normal 0 0 1
    outer loop
      vertex 86.2842 35.7 1.8
      vertex 68 43 1.8
      vertex 68 13.5 1.8
    endloop
  endfacet
  facet normal 0 0 1
    outer loop
      vertex 89.5852 4.64705 1.8
      vertex 68 7 1.8
      vertex 89.5214 4.32631 1.8
    endloop
  endfacet
  facet normal -0 0 1
    outer loop
      vertex 67.9914 6.86948 1.8
      vertex 89.5214 4.32631 1.8
      vertex 68 7 1.8
    endloop
  endfacet
  facet normal 0 0 1
    outer loop
      vertex 89.5214 4.32631 1.8
      vertex 67.9914 6.86948 1.8
      vertex 89.5 4 1.8
    endloop
  endfacet
  facet normal -0 0 1
    outer loop
      vertex 67.9659 6.74118 1.8
      vertex 89.5 4 1.8
      vertex 67.9914 6.86948 1.8
    endloop
  endfacet
  facet normal 0 0 1
    outer loop
      vertex 89.5 4 1.8
      vertex 67.9659 6.74118 1.8
      vertex 89.5214 3.67368 1.8
    endloop
  endfacet
  facet normal -0 0 1
    outer loop
      vertex 67.9239 6.61731 1.8
      vertex 89.5214 3.67368 1.8
      vertex 67.9659 6.74118 1.8
    endloop
  endfacet
  facet normal -0 0 1
    outer loop
      vertex 67.866 6.5 1.8
      vertex 89.5214 3.67368 1.8
      vertex 67.9239 6.61731 1.8
    endloop
  endfacet
  facet normal 0 0 1
    outer loop
      vertex 89.5214 3.67368 1.8
      vertex 67.866 6.5 1.8
      vertex 89.5852 3.35295 1.8
    endloop
  endfacet
  facet normal -0 0 1
    outer loop
      vertex 67.7934 6.39124 1.8
      vertex 89.5852 3.35295 1.8
      vertex 67.866 6.5 1.8
    endloop
  endfacet
  facet normal 0 0 1
    outer loop
      vertex 89.5852 3.35295 1.8
      vertex 67.7934 6.39124 1.8
      vertex 89.6903 3.04329 1.8
    endloop
  endfacet
  facet normal -0 0 1
    outer loop
      vertex 67.7071 6.29289 1.8
      vertex 89.6903 3.04329 1.8
      vertex 67.7934 6.39124 1.8
    endloop
  endfacet
  facet normal 0 0 1
    outer loop
      vertex 89.6903 3.04329 1.8
      vertex 67.7071 6.29289 1.8
      vertex 89.8349 2.75 1.8
    endloop
  endfacet
  facet normal -0 0 1
    outer loop
      vertex 67.6088 6.20665 1.8
      vertex 89.8349 2.75 1.8
      vertex 67.7071 6.29289 1.8
    endloop
  endfacet
  facet normal 0 0 1
    outer loop
      vertex 89.8349 2.75 1.8
      vertex 67.6088 6.20665 1.8
      vertex 90.0166 2.4781 1.8
    endloop
  endfacet
  facet normal -0 0 1
    outer loop
      vertex 67.5 6.13397 1.8
      vertex 90.0166 2.4781 1.8
      vertex 67.6088 6.20665 1.8
    endloop
  endfacet
  facet normal 0 0 1
    outer loop
      vertex 90.0166 2.4781 1.8
      vertex 67.5 6.13397 1.8
      vertex 90.2322 2.23223 1.8
    endloop
  endfacet
  facet normal -0 0 1
    outer loop
      vertex 67.3827 6.07613 1.8
      vertex 90.2322 2.23223 1.8
      vertex 67.5 6.13397 1.8
    endloop
  endfacet
  facet normal 0 0 1
    outer loop
      vertex 90.2322 2.23223 1.8
      vertex 67.3827 6.07613 1.8
      vertex 90.4781 2.01662 1.8
    endloop
  endfacet
  facet normal -0 0 1
    outer loop
      vertex 67.2588 6.03407 1.8
      vertex 90.4781 2.01662 1.8
      vertex 67.3827 6.07613 1.8
    endloop
  endfacet
  facet normal 0 0 1
    outer loop
      vertex 90.4781 2.01662 1.8
      vertex 67.2588 6.03407 1.8
      vertex 90.75 1.83494 1.8
    endloop
  endfacet
  facet normal -0 0 1
    outer loop
      vertex 67.1305 6.00856 1.8
      vertex 90.75 1.83494 1.8
      vertex 67.2588 6.03407 1.8
    endloop
  endfacet
  facet normal 0 0 1
    outer loop
      vertex 91.0433 1.6903 1.8
      vertex 67.1305 6.00856 1.8
      vertex 94.9 -0.4 1.8
    endloop
  endfacet
  facet normal -0 0 1
    outer loop
      vertex 67 6 1.8
      vertex 94.9 -0.4 1.8
      vertex 67.1305 6.00856 1.8
    endloop
  endfacet
  facet normal 0 0 1
    outer loop
      vertex 12.4786 2.67368 1.8
      vertex 67 6 1.8
      vertex 12.5 3 1.8
    endloop
  endfacet
  facet normal 0 0 1
    outer loop
      vertex 12.4148 2.35295 1.8
      vertex 67 6 1.8
      vertex 12.4786 2.67368 1.8
    endloop
  endfacet
  facet normal 0 0 1
    outer loop
      vertex 12.3097 2.04329 1.8
      vertex 67 6 1.8
      vertex 12.4148 2.35295 1.8
    endloop
  endfacet
  facet normal 0 0 1
    outer loop
      vertex 12.1651 1.75 1.8
      vertex 67 6 1.8
      vertex 12.3097 2.04329 1.8
    endloop
  endfacet
  facet normal 0 0 1
    outer loop
      vertex 11.9834 1.4781 1.8
      vertex 67 6 1.8
      vertex 12.1651 1.75 1.8
    endloop
  endfacet
  facet normal 0 0 1
    outer loop
      vertex 11.7678 1.23223 1.8
      vertex 67 6 1.8
      vertex 11.9834 1.4781 1.8
    endloop
  endfacet
  facet normal 0 0 1
    outer loop
      vertex 11.5219 1.01662 1.8
      vertex 67 6 1.8
      vertex 11.7678 1.23223 1.8
    endloop
  endfacet
  facet normal 0 0 1
    outer loop
      vertex 11.25 0.834936 1.8
      vertex 67 6 1.8
      vertex 11.5219 1.01662 1.8
    endloop
  endfacet
  facet normal 0 0 1
    outer loop
      vertex 10.9567 0.690301 1.8
      vertex 67 6 1.8
      vertex 11.25 0.834936 1.8
    endloop
  endfacet
  facet normal 0 0 1
    outer loop
      vertex 10.647 0.585185 1.8
      vertex 67 6 1.8
      vertex 10.9567 0.690301 1.8
    endloop
  endfacet
  facet normal 0 0 1
    outer loop
      vertex 67 6 1.8
      vertex 10.647 0.585185 1.8
      vertex 94.9 -0.4 1.8
    endloop
  endfacet
  facet normal -0 0 1
    outer loop
      vertex 10.3263 0.521387 1.8
      vertex 94.9 -0.4 1.8
      vertex 10.647 0.585185 1.8
    endloop
  endfacet
  facet normal 0 0 1
    outer loop
      vertex 1.1 -0.4 1.8
      vertex 10.3263 0.521387 1.8
      vertex 10 0.5 1.8
    endloop
  endfacet
  facet normal 0 0 1
    outer loop
      vertex 3 6 1.8
      vertex 7.52139 2.67368 1.8
      vertex 7.5 3 1.8
    endloop
  endfacet
  facet normal 0 0 1
    outer loop
      vertex 1.1 -0.4 1.8
      vertex 7.52139 2.67368 1.8
      vertex 3 6 1.8
    endloop
  endfacet
  facet normal 0 0 1
    outer loop
      vertex 7.52139 2.67368 1.8
      vertex 1.1 -0.4 1.8
      vertex 7.58519 2.35295 1.8
    endloop
  endfacet
  facet normal 0 0 1
    outer loop
      vertex 7.58519 2.35295 1.8
      vertex 1.1 -0.4 1.8
      vertex 7.6903 2.04329 1.8
    endloop
  endfacet
  facet normal 0 0 1
    outer loop
      vertex 7.6903 2.04329 1.8
      vertex 1.1 -0.4 1.8
      vertex 7.83494 1.75 1.8
    endloop
  endfacet
  facet normal 0 0 1
    outer loop
      vertex 7.83494 1.75 1.8
      vertex 1.1 -0.4 1.8
      vertex 8.01662 1.4781 1.8
    endloop
  endfacet
  facet normal 0 0 1
    outer loop
      vertex 1.1 -0.4 1.8
      vertex 3 6 1.8
      vertex 2.86948 6.00856 1.8
    endloop
  endfacet
  facet normal 0 0 1
    outer loop
      vertex -0.4 1.1 1.8
      vertex 2.86948 6.00856 1.8
      vertex 2.74118 6.03407 1.8
    endloop
  endfacet
  facet normal 0 0 1
    outer loop
      vertex 8.01662 1.4781 1.8
      vertex 1.1 -0.4 1.8
      vertex 8.23223 1.23223 1.8
    endloop
  endfacet
  facet normal 0 0 1
    outer loop
      vertex -0.4 1.1 1.8
      vertex 2.74118 6.03407 1.8
      vertex 2.61731 6.07613 1.8
    endloop
  endfacet
  facet normal 0 0 1
    outer loop
      vertex -0.4 1.1 1.8
      vertex 2.61731 6.07613 1.8
      vertex 2.5 6.13397 1.8
    endloop
  endfacet
  facet normal 0 0 1
    outer loop
      vertex -0.4 1.1 1.8
      vertex 2.5 6.13397 1.8
      vertex 2.39124 6.20665 1.8
    endloop
  endfacet
  facet normal 0 0 1
    outer loop
      vertex 10.3263 0.521387 1.8
      vertex 1.1 -0.4 1.8
      vertex 94.9 -0.4 1.8
    endloop
  endfacet
  facet normal 0 0 1
    outer loop
      vertex 9.67368 0.521387 1.8
      vertex 1.1 -0.4 1.8
      vertex 10 0.5 1.8
    endloop
  endfacet
  facet normal 0 0 1
    outer loop
      vertex 9.35295 0.585185 1.8
      vertex 1.1 -0.4 1.8
      vertex 9.67368 0.521387 1.8
    endloop
  endfacet
  facet normal 0 0 1
    outer loop
      vertex 9.04329 0.690301 1.8
      vertex 1.1 -0.4 1.8
      vertex 9.35295 0.585185 1.8
    endloop
  endfacet
  facet normal 0 0 1
    outer loop
      vertex 8.75 0.834936 1.8
      vertex 1.1 -0.4 1.8
      vertex 9.04329 0.690301 1.8
    endloop
  endfacet
  facet normal 0 0 1
    outer loop
      vertex 8.4781 1.01662 1.8
      vertex 1.1 -0.4 1.8
      vertex 8.75 0.834936 1.8
    endloop
  endfacet
  facet normal 0 0 1
    outer loop
      vertex 8.23223 1.23223 1.8
      vertex 1.1 -0.4 1.8
      vertex 8.4781 1.01662 1.8
    endloop
  endfacet
  facet normal 0 0 1
    outer loop
      vertex -0.4 1.1 1.8
      vertex 2.39124 6.20665 1.8
      vertex 2.29289 6.29289 1.8
    endloop
  endfacet
  facet normal 0 0 1
    outer loop
      vertex -0.4 1.1 1.8
      vertex 2.29289 6.29289 1.8
      vertex 2.20665 6.39124 1.8
    endloop
  endfacet
  facet normal 0 0 1
    outer loop
      vertex -0.4 1.1 1.8
      vertex 2.20665 6.39124 1.8
      vertex 2.13397 6.5 1.8
    endloop
  endfacet
  facet normal 0 0 1
    outer loop
      vertex -0.4 1.1 1.8
      vertex 2.13397 6.5 1.8
      vertex 2.07613 6.61731 1.8
    endloop
  endfacet
  facet normal 0 0 1
    outer loop
      vertex -0.4 1.1 1.8
      vertex 2.07613 6.61731 1.8
      vertex 2.03407 6.74118 1.8
    endloop
  endfacet
  facet normal 0 0 1
    outer loop
      vertex -0.4 1.1 1.8
      vertex 2.03407 6.74118 1.8
      vertex 2.00856 6.86948 1.8
    endloop
  endfacet
  facet normal 0 0 1
    outer loop
      vertex -0.4 11 1.8
      vertex 2.00856 6.86948 1.8
      vertex 2 7 1.8
    endloop
  endfacet
  facet normal 0 0 1
    outer loop
      vertex 2 43 1.8
      vertex -0.4 39 1.8
      vertex 2 7 1.8
    endloop
  endfacet
  facet normal 0 0 1
    outer loop
      vertex -0.4 48.9 1.8
      vertex 1.1 50.4 1.8
      vertex 0.904214 50.3872 1.8
    endloop
  endfacet
  facet normal -0 0 1
    outer loop
      vertex -0.4 11 1.8
      vertex 2 7 1.8
      vertex -0.4 39 1.8
    endloop
  endfacet
  facet normal 0 0 1
    outer loop
      vertex -0.4 48.9 1.8
      vertex 0.904214 50.3872 1.8
      vertex 0.71177 50.3489 1.8
    endloop
  endfacet
  facet normal 0 0 1
    outer loop
      vertex 2.00856 6.86948 1.8
      vertex -0.4 11 1.8
      vertex -0.4 1.1 1.8
    endloop
  endfacet
  facet normal 0 0 1
    outer loop
      vertex -0.4 48.9 1.8
      vertex 0.71177 50.3489 1.8
      vertex 0.525979 50.2858 1.8
    endloop
  endfacet
  facet normal 0 0 1
    outer loop
      vertex 2.86948 6.00856 1.8
      vertex -0.4 1.1 1.8
      vertex 1.1 -0.4 1.8
    endloop
  endfacet
  facet normal 0 0 1
    outer loop
      vertex -0.4 48.9 1.8
      vertex 0.525979 50.2858 1.8
      vertex 0.349999 50.199 1.8
    endloop
  endfacet
  facet normal 0 0 1
    outer loop
      vertex 1.1 -0.4 1.8
      vertex -0.4 1.1 1.8
      vertex 0.904214 -0.387167 1.8
    endloop
  endfacet
  facet normal 0 0 1
    outer loop
      vertex -0.4 48.9 1.8
      vertex 0.349999 50.199 1.8
      vertex 0.186852 50.09 1.8
    endloop
  endfacet
  facet normal 0 0 1
    outer loop
      vertex 0.904214 -0.387167 1.8
      vertex -0.4 1.1 1.8
      vertex 0.71177 -0.348883 1.8
    endloop
  endfacet
  facet normal 0 0 1
    outer loop
      vertex -0.4 48.9 1.8
      vertex 0.186852 50.09 1.8
      vertex 0.0393457 49.9606 1.8
    endloop
  endfacet
  facet normal 0 0 1
    outer loop
      vertex 0.71177 -0.348883 1.8
      vertex -0.4 1.1 1.8
      vertex 0.525979 -0.285818 1.8
    endloop
  endfacet
  facet normal 0 0 1
    outer loop
      vertex -0.4 48.9 1.8
      vertex 0.0393457 49.9606 1.8
      vertex -0.0900326 49.8131 1.8
    endloop
  endfacet
  facet normal 0 0 1
    outer loop
      vertex 0.525979 -0.285818 1.8
      vertex -0.4 1.1 1.8
      vertex 0.349999 -0.199041 1.8
    endloop
  endfacet
  facet normal 0 0 1
    outer loop
      vertex -0.4 48.9 1.8
      vertex -0.0900326 49.8131 1.8
      vertex -0.199041 49.65 1.8
    endloop
  endfacet
  facet normal 0 0 1
    outer loop
      vertex 0.349999 -0.199041 1.8
      vertex -0.4 1.1 1.8
      vertex 0.186852 -0.0900326 1.8
    endloop
  endfacet
  facet normal 0 0 1
    outer loop
      vertex -0.4 48.9 1.8
      vertex -0.199041 49.65 1.8
      vertex -0.285818 49.474 1.8
    endloop
  endfacet
  facet normal 0 0 1
    outer loop
      vertex 0.186852 -0.0900326 1.8
      vertex -0.4 1.1 1.8
      vertex 0.0393457 0.0393457 1.8
    endloop
  endfacet
  facet normal 0 0 1
    outer loop
      vertex -0.4 48.9 1.8
      vertex -0.285818 49.474 1.8
      vertex -0.348883 49.2882 1.8
    endloop
  endfacet
  facet normal 0 0 1
    outer loop
      vertex 0.0393457 0.0393457 1.8
      vertex -0.4 1.1 1.8
      vertex -0.0900326 0.186852 1.8
    endloop
  endfacet
  facet normal 0 0 1
    outer loop
      vertex -0.4 48.9 1.8
      vertex -0.348883 49.2882 1.8
      vertex -0.387167 49.0958 1.8
    endloop
  endfacet
  facet normal 0 0 1
    outer loop
      vertex -0.0900326 0.186852 1.8
      vertex -0.4 1.1 1.8
      vertex -0.199041 0.349999 1.8
    endloop
  endfacet
  facet normal 0 0 1
    outer loop
      vertex 2.00856 43.1305 1.8
      vertex -0.4 39 1.8
      vertex 2 43 1.8
    endloop
  endfacet
  facet normal 0 0 1
    outer loop
      vertex -0.199041 0.349999 1.8
      vertex -0.4 1.1 1.8
      vertex -0.285818 0.525979 1.8
    endloop
  endfacet
  facet normal 0 0 1
    outer loop
      vertex -0.285818 0.525979 1.8
      vertex -0.4 1.1 1.8
      vertex -0.348883 0.71177 1.8
    endloop
  endfacet
  facet normal 0 0 1
    outer loop
      vertex -0.348883 0.71177 1.8
      vertex -0.4 1.1 1.8
      vertex -0.387167 0.904214 1.8
    endloop
  endfacet
  facet normal 0 0 1
    outer loop
      vertex 92.647 43.5852 1.8
      vertex 96.4 42.1139 1.8
      vertex 96.2841 42.2873 1.8
    endloop
  endfacet
  facet normal 0 0 1
    outer loop
      vertex 96.4 42.1139 1.8
      vertex 92.3263 43.5214 1.8
      vertex 96.4 35.8861 1.8
    endloop
  endfacet
  facet normal 0 0 1
    outer loop
      vertex 92.647 43.5852 1.8
      vertex 96.2841 42.2873 1.8
      vertex 95.8184 42.8184 1.8
    endloop
  endfacet
  facet normal -0 0 1
    outer loop
      vertex 92 43.5 1.8
      vertex 96.4 35.8861 1.8
      vertex 92.3263 43.5214 1.8
    endloop
  endfacet
  facet normal 0 0 1
    outer loop
      vertex 92.647 43.5852 1.8
      vertex 95.8184 42.8184 1.8
      vertex 95.2873 43.2841 1.8
    endloop
  endfacet
  facet normal 0 0 1
    outer loop
      vertex 96.4 42.1139 1.8
      vertex 92.647 43.5852 1.8
      vertex 92.3263 43.5214 1.8
    endloop
  endfacet
  facet normal 0 0 1
    outer loop
      vertex 92.9567 43.6903 1.8
      vertex 95.2873 43.2841 1.8
      vertex 94.7 43.6765 1.8
    endloop
  endfacet
  facet normal 0 -0 1
    outer loop
      vertex 95.8184 35.1816 1.8
      vertex 96.4 35.8861 1.8
      vertex 92 43.5 1.8
    endloop
  endfacet
  facet normal -0 0 1
    outer loop
      vertex 93.25 43.8349 1.8
      vertex 94.7 43.6765 1.8
      vertex 94.0665 43.9889 1.8
    endloop
  endfacet
  facet normal 0 0 1
    outer loop
      vertex 95.2873 43.2841 1.8
      vertex 92.9567 43.6903 1.8
      vertex 92.647 43.5852 1.8
    endloop
  endfacet
  facet normal -0 0 1
    outer loop
      vertex 93.5219 44.0166 1.8
      vertex 94.0665 43.9889 1.8
      vertex 93.6511 44.1299 1.8
    endloop
  endfacet
  facet normal 0 0 1
    outer loop
      vertex 93.25 43.8349 1.8
      vertex 94.0665 43.9889 1.8
      vertex 93.5219 44.0166 1.8
    endloop
  endfacet
  facet normal 0 0 1
    outer loop
      vertex 94.7 43.6765 1.8
      vertex 93.25 43.8349 1.8
      vertex 92.9567 43.6903 1.8
    endloop
  endfacet
  facet normal 0 0 1
    outer loop
      vertex 96.4 35.8861 1.8
      vertex 95.8184 35.1816 1.8
      vertex 96.2841 35.7127 1.8
    endloop
  endfacet
  facet normal 0 0 1
    outer loop
      vertex 95.8184 35.1816 1.8
      vertex 92 43.5 1.8
      vertex 95.2873 34.7159 1.8
    endloop
  endfacet
  facet normal 0 0 1
    outer loop
      vertex 95.2873 34.7159 1.8
      vertex 92 43.5 1.8
      vertex 94.7 34.3235 1.8
    endloop
  endfacet
  facet normal 0 0 1
    outer loop
      vertex 94.7 34.3235 1.8
      vertex 92 43.5 1.8
      vertex 94.0665 34.0111 1.8
    endloop
  endfacet
  facet normal 0 0 1
    outer loop
      vertex 94.0665 34.0111 1.8
      vertex 92 43.5 1.8
      vertex 93.3976 33.784 1.8
    endloop
  endfacet
  facet normal 0 0 1
    outer loop
      vertex 93.3976 33.784 1.8
      vertex 92 43.5 1.8
      vertex 92.7048 33.6462 1.8
    endloop
  endfacet
  facet normal 0 0 1
    outer loop
      vertex 92 43.5 1.8
      vertex 92 33.6 1.8
      vertex 92.7048 33.6462 1.8
    endloop
  endfacet
  facet normal 0 0 1
    outer loop
      vertex 87.7159 35.7127 1.8
      vertex 92 43.5 1.8
      vertex 91.6737 43.5214 1.8
    endloop
  endfacet
  facet normal 0 0 1
    outer loop
      vertex 87.011 41.0665 1.8
      vertex 91.6737 43.5214 1.8
      vertex 91.353 43.5852 1.8
    endloop
  endfacet
  facet normal 0 0 1
    outer loop
      vertex 92 43.5 1.8
      vertex 91.2952 33.6462 1.8
      vertex 92 33.6 1.8
    endloop
  endfacet
  facet normal 0 0 1
    outer loop
      vertex 88.7127 43.2841 1.8
      vertex 91.353 43.5852 1.8
      vertex 91.0433 43.6903 1.8
    endloop
  endfacet
  facet normal 0 0 1
    outer loop
      vertex 89.3 43.6765 1.8
      vertex 91.0433 43.6903 1.8
      vertex 90.75 43.8349 1.8
    endloop
  endfacet
  facet normal 0 0 1
    outer loop
      vertex 92 43.5 1.8
      vertex 90.6024 33.784 1.8
      vertex 91.2952 33.6462 1.8
    endloop
  endfacet
  facet normal -0 0 1
    outer loop
      vertex 89.9335 43.9889 1.8
      vertex 90.75 43.8349 1.8
      vertex 90.4781 44.0166 1.8
    endloop
  endfacet
  facet normal 0 0 1
    outer loop
      vertex 89.9335 43.9889 1.8
      vertex 90.4781 44.0166 1.8
      vertex 90.3489 44.1299 1.8
    endloop
  endfacet
  facet normal 0 0 1
    outer loop
      vertex 90.75 43.8349 1.8
      vertex 89.9335 43.9889 1.8
      vertex 89.3 43.6765 1.8
    endloop
  endfacet
  facet normal 0 0 1
    outer loop
      vertex 92 43.5 1.8
      vertex 89.9335 34.0111 1.8
      vertex 90.6024 33.784 1.8
    endloop
  endfacet
  facet normal 0 0 1
    outer loop
      vertex 91.0433 43.6903 1.8
      vertex 89.3 43.6765 1.8
      vertex 88.7127 43.2841 1.8
    endloop
  endfacet
  facet normal 0 0 1
    outer loop
      vertex 92 43.5 1.8
      vertex 89.3 34.3235 1.8
      vertex 89.9335 34.0111 1.8
    endloop
  endfacet
  facet normal 0 0 1
    outer loop
      vertex 91.353 43.5852 1.8
      vertex 88.7127 43.2841 1.8
      vertex 88.1816 42.8184 1.8
    endloop
  endfacet
  facet normal 0 0 1
    outer loop
      vertex 92 43.5 1.8
      vertex 88.7127 34.7159 1.8
      vertex 89.3 34.3235 1.8
    endloop
  endfacet
  facet normal 0 0 1
    outer loop
      vertex 91.353 43.5852 1.8
      vertex 88.1816 42.8184 1.8
      vertex 87.7159 42.2873 1.8
    endloop
  endfacet
  facet normal 0 0 1
    outer loop
      vertex 92 43.5 1.8
      vertex 88.1816 35.1816 1.8
      vertex 88.7127 34.7159 1.8
    endloop
  endfacet
  facet normal 0 0 1
    outer loop
      vertex 91.353 43.5852 1.8
      vertex 87.7159 42.2873 1.8
      vertex 87.3235 41.7 1.8
    endloop
  endfacet
  facet normal 0 0 1
    outer loop
      vertex 92 43.5 1.8
      vertex 87.7159 35.7127 1.8
      vertex 88.1816 35.1816 1.8
    endloop
  endfacet
  facet normal 0 0 1
    outer loop
      vertex 91.353 43.5852 1.8
      vertex 87.3235 41.7 1.8
      vertex 87.011 41.0665 1.8
    endloop
  endfacet
  facet normal 0 0 1
    outer loop
      vertex 91.6737 43.5214 1.8
      vertex 87.3235 36.3 1.8
      vertex 87.7159 35.7127 1.8
    endloop
  endfacet
  facet normal 0 0 1
    outer loop
      vertex 91.6737 43.5214 1.8
      vertex 87.011 41.0665 1.8
      vertex 86.7546 40.25 1.8
    endloop
  endfacet
  facet normal 0 0 1
    outer loop
      vertex 91.6737 43.5214 1.8
      vertex 86.7546 40.25 1.8
      vertex 86.7546 37.75 1.8
    endloop
  endfacet
  facet normal 0 0 1
    outer loop
      vertex 86.7546 40.25 1.8
      vertex 87.011 41.0665 1.8
      vertex 86.784 40.3976 1.8
    endloop
  endfacet
  facet normal 0 0 1
    outer loop
      vertex 91.6737 43.5214 1.8
      vertex 86.7546 37.75 1.8
      vertex 87.3235 36.3 1.8
    endloop
  endfacet
  facet normal 0 0 1
    outer loop
      vertex 87.3235 36.3 1.8
      vertex 86.7546 37.75 1.8
      vertex 87.011 36.9335 1.8
    endloop
  endfacet
  facet normal 0 0 1
    outer loop
      vertex 87.011 36.9335 1.8
      vertex 86.7546 37.75 1.8
      vertex 86.784 37.6024 1.8
    endloop
  endfacet
  facet normal -0 0 1
    outer loop
      vertex 86 40.25 1.8
      vertex 86.7546 37.75 1.8
      vertex 86.7546 40.25 1.8
    endloop
  endfacet
  facet normal 0 0 1
    outer loop
      vertex 86.7546 37.75 1.8
      vertex 86 40.25 1.8
      vertex 86 37.75 1.8
    endloop
  endfacet
  facet normal 0 0 -1
    outer loop
      vertex 98.5435 38.1385 1.8
      vertex 98.5435 39.8615 1.8
      vertex 98.6 39 1.8
    endloop
  endfacet
  facet normal 0 0 -1
    outer loop
      vertex 98.4 37.4169 1.8
      vertex 98.5435 39.8615 1.8
      vertex 98.5435 38.1385 1.8
    endloop
  endfacet
  facet normal -0 0 -1
    outer loop
      vertex 98.5435 39.8615 1.8
      vertex 98.4 37.4169 1.8
      vertex 98.4 40.5831 1.8
    endloop
  endfacet
  facet normal -0.831422 -0.555641 0
    outer loop
      vertex 96.199 49.65 1.8
      vertex 96.09 49.8131 10.4
      vertex 96.09 49.8131 1.8
    endloop
  endfacet
  facet normal -0.831422 -0.555641 0
    outer loop
      vertex 96.09 49.8131 10.4
      vertex 96.199 49.65 1.8
      vertex 96.199 49.65 10.4
    endloop
  endfacet
  facet normal -0.659478 -0.751724 0
    outer loop
      vertex 95.8131 50.09 1.8
      vertex 95.9606 49.9606 10.4
      vertex 95.8131 50.09 10.4
    endloop
  endfacet
  facet normal -0.659478 -0.751724 -0
    outer loop
      vertex 95.9606 49.9606 10.4
      vertex 95.8131 50.09 1.8
      vertex 95.9606 49.9606 1.8
    endloop
  endfacet
  facet normal 0 -1 0
    outer loop
      vertex -2.4 39 1.8
      vertex -0.4 39 10.4
      vertex -2.4 39 10.4
    endloop
  endfacet
  facet normal 0 -1 -0
    outer loop
      vertex -0.4 39 10.4
      vertex -2.4 39 1.8
      vertex -0.4 39 1.8
    endloop
  endfacet
  facet normal 0 1 -0
    outer loop
      vertex -0.4 11 1.8
      vertex -2.4 11 10.4
      vertex -0.4 11 10.4
    endloop
  endfacet
  facet normal 0 1 0
    outer loop
      vertex -2.4 11 10.4
      vertex -0.4 11 1.8
      vertex -2.4 11 1.8
    endloop
  endfacet
  facet normal 0.195116 -0.98078 0
    outer loop
      vertex 92.3263 43.5214 1.8
      vertex 92.647 43.5852 8.8
      vertex 92.3263 43.5214 8.8
    endloop
  endfacet
  facet normal 0.195116 -0.98078 0
    outer loop
      vertex 92.647 43.5852 8.8
      vertex 92.3263 43.5214 1.8
      vertex 92.647 43.5852 1.8
    endloop
  endfacet
  facet normal 0.98078 0.195116 0
    outer loop
      vertex 94.4786 46.3263 8.8
      vertex 94.4148 46.647 1.8
      vertex 94.4148 46.647 8.8
    endloop
  endfacet
  facet normal 0.98078 0.195116 0
    outer loop
      vertex 94.4148 46.647 1.8
      vertex 94.4786 46.3263 8.8
      vertex 94.4786 46.3263 1.8
    endloop
  endfacet
  facet normal 0.997856 0.0654432 0
    outer loop
      vertex 94.5 46 8.8
      vertex 94.4786 46.3263 1.8
      vertex 94.4786 46.3263 8.8
    endloop
  endfacet
  facet normal 0.997856 0.0654432 0
    outer loop
      vertex 94.4786 46.3263 1.8
      vertex 94.5 46 8.8
      vertex 94.5 46 1.8
    endloop
  endfacet
  facet normal -0.751913 -0.659262 0
    outer loop
      vertex 90.2322 44.2322 5.1
      vertex 90.0166 44.4781 8.8
      vertex 90.0166 44.4781 5.1
    endloop
  endfacet
  facet normal -0.751913 -0.659262 0
    outer loop
      vertex 90.0166 44.4781 8.8
      vertex 90.2322 44.2322 5.1
      vertex 90.2322 44.2322 8.8
    endloop
  endfacet
  facet normal -0.831438 -0.555617 0
    outer loop
      vertex 90.0166 44.4781 5.1
      vertex 89.8349 44.75 8.8
      vertex 89.8349 44.75 5.1
    endloop
  endfacet
  facet normal -0.831438 -0.555617 0
    outer loop
      vertex 89.8349 44.75 8.8
      vertex 90.0166 44.4781 5.1
      vertex 90.0166 44.4781 8.8
    endloop
  endfacet
  facet normal -0.946923 -0.321459 -0
    outer loop
      vertex 89.6515 45.1577 5.1
      vertex 89.5852 45.353 1.8
      vertex 89.6515 45.1577 1.8
    endloop
  endfacet
  facet normal -0.946923 -0.321459 0
    outer loop
      vertex 89.5852 45.353 1.8
      vertex 89.6515 45.1577 5.1
      vertex 89.5852 45.353 8.8
    endloop
  endfacet
  facet normal -0.947015 -0.32119 -0
    outer loop
      vertex 89.6903 45.0433 8.8
      vertex 89.6515 45.1577 5.1
      vertex 89.6903 45.0433 5.1
    endloop
  endfacet
  facet normal -0.946957 -0.32136 -5.85087e-06
    outer loop
      vertex 89.6515 45.1577 5.1
      vertex 89.6903 45.0433 8.8
      vertex 89.5852 45.353 8.8
    endloop
  endfacet
  facet normal 0.946923 -0.321459 0
    outer loop
      vertex 94.4148 45.353 8.8
      vertex 94.3485 45.1577 5.1
      vertex 94.4148 45.353 1.8
    endloop
  endfacet
  facet normal 0.946957 -0.32136 -5.85087e-06
    outer loop
      vertex 94.3097 45.0433 8.8
      vertex 94.3485 45.1577 5.1
      vertex 94.4148 45.353 8.8
    endloop
  endfacet
  facet normal 0.947015 -0.32119 0
    outer loop
      vertex 94.3485 45.1577 5.1
      vertex 94.3097 45.0433 8.8
      vertex 94.3097 45.0433 5.1
    endloop
  endfacet
  facet normal 0.946923 -0.321459 0
    outer loop
      vertex 94.4148 45.353 1.8
      vertex 94.3485 45.1577 5.1
      vertex 94.3485 45.1577 1.8
    endloop
  endfacet
  facet normal -0.831438 0.555617 0
    outer loop
      vertex 89.8349 47.25 1.8
      vertex 90.0166 47.5219 8.8
      vertex 90.0166 47.5219 1.8
    endloop
  endfacet
  facet normal -0.831438 0.555617 0
    outer loop
      vertex 90.0166 47.5219 8.8
      vertex 89.8349 47.25 1.8
      vertex 89.8349 47.25 8.8
    endloop
  endfacet
  facet normal 0.831438 -0.555617 0
    outer loop
      vertex 93.9834 44.4781 8.8
      vertex 94.1651 44.75 5.1
      vertex 94.1651 44.75 8.8
    endloop
  endfacet
  facet normal 0.831438 -0.555617 0
    outer loop
      vertex 94.1651 44.75 5.1
      vertex 93.9834 44.4781 8.8
      vertex 93.9834 44.4781 5.1
    endloop
  endfacet
  facet normal 0.98078 -0.195116 0
    outer loop
      vertex 94.4148 45.353 8.8
      vertex 94.4786 45.6737 1.8
      vertex 94.4786 45.6737 8.8
    endloop
  endfacet
  facet normal 0.98078 -0.195116 0
    outer loop
      vertex 94.4786 45.6737 1.8
      vertex 94.4148 45.353 8.8
      vertex 94.4148 45.353 1.8
    endloop
  endfacet
  facet normal 0.195116 0.98078 -0
    outer loop
      vertex 92.647 48.4148 1.8
      vertex 92.3263 48.4786 8.8
      vertex 92.647 48.4148 8.8
    endloop
  endfacet
  facet normal 0.195116 0.98078 0
    outer loop
      vertex 92.3263 48.4786 8.8
      vertex 92.647 48.4148 1.8
      vertex 92.3263 48.4786 1.8
    endloop
  endfacet
  facet normal -0.442191 -0.896921 0
    outer loop
      vertex 90.75 43.8349 1.8
      vertex 91.0433 43.6903 8.8
      vertex 90.75 43.8349 8.8
    endloop
  endfacet
  facet normal -0.442191 -0.896921 -0
    outer loop
      vertex 91.0433 43.6903 8.8
      vertex 90.75 43.8349 1.8
      vertex 91.0433 43.6903 1.8
    endloop
  endfacet
  facet normal 0.831438 0.555617 0
    outer loop
      vertex 94.1651 47.25 8.8
      vertex 93.9834 47.5219 1.8
      vertex 93.9834 47.5219 8.8
    endloop
  endfacet
  facet normal 0.831438 0.555617 0
    outer loop
      vertex 93.9834 47.5219 1.8
      vertex 94.1651 47.25 8.8
      vertex 94.1651 47.25 1.8
    endloop
  endfacet
  facet normal -0.555617 0.831438 0
    outer loop
      vertex 90.75 48.1651 1.8
      vertex 90.4781 47.9834 8.8
      vertex 90.75 48.1651 8.8
    endloop
  endfacet
  facet normal -0.555617 0.831438 0
    outer loop
      vertex 90.4781 47.9834 8.8
      vertex 90.75 48.1651 1.8
      vertex 90.4781 47.9834 1.8
    endloop
  endfacet
  facet normal -0.997856 0.0654432 0
    outer loop
      vertex 89.5 46 1.8
      vertex 89.5214 46.3263 8.8
      vertex 89.5214 46.3263 1.8
    endloop
  endfacet
  facet normal -0.997856 0.0654432 0
    outer loop
      vertex 89.5214 46.3263 8.8
      vertex 89.5 46 1.8
      vertex 89.5 46 8.8
    endloop
  endfacet
  facet normal -0.32136 -0.946957 0
    outer loop
      vertex 91.0433 43.6903 1.8
      vertex 91.353 43.5852 8.8
      vertex 91.0433 43.6903 8.8
    endloop
  endfacet
  facet normal -0.32136 -0.946957 -0
    outer loop
      vertex 91.353 43.5852 8.8
      vertex 91.0433 43.6903 1.8
      vertex 91.353 43.5852 1.8
    endloop
  endfacet
  facet normal -0.32136 0.946957 0
    outer loop
      vertex 91.353 48.4148 1.8
      vertex 91.0433 48.3097 8.8
      vertex 91.353 48.4148 8.8
    endloop
  endfacet
  facet normal -0.32136 0.946957 0
    outer loop
      vertex 91.0433 48.3097 8.8
      vertex 91.353 48.4148 1.8
      vertex 91.0433 48.3097 1.8
    endloop
  endfacet
  facet normal -0.659262 0.751913 0
    outer loop
      vertex 90.4781 47.9834 1.8
      vertex 90.2322 47.7678 8.8
      vertex 90.4781 47.9834 8.8
    endloop
  endfacet
  facet normal -0.659262 0.751913 0
    outer loop
      vertex 90.2322 47.7678 8.8
      vertex 90.4781 47.9834 1.8
      vertex 90.2322 47.7678 1.8
    endloop
  endfacet
  facet normal 0.659262 0.751913 -0
    outer loop
      vertex 93.7678 47.7678 1.8
      vertex 93.5219 47.9834 8.8
      vertex 93.7678 47.7678 8.8
    endloop
  endfacet
  facet normal 0.659262 0.751913 0
    outer loop
      vertex 93.5219 47.9834 8.8
      vertex 93.7678 47.7678 1.8
      vertex 93.5219 47.9834 1.8
    endloop
  endfacet
  facet normal 0.442191 0.896921 -0
    outer loop
      vertex 93.25 48.1651 1.8
      vertex 92.9567 48.3097 8.8
      vertex 93.25 48.1651 8.8
    endloop
  endfacet
  facet normal 0.442191 0.896921 0
    outer loop
      vertex 92.9567 48.3097 8.8
      vertex 93.25 48.1651 1.8
      vertex 92.9567 48.3097 1.8
    endloop
  endfacet
  facet normal 0.997856 -0.0654432 0
    outer loop
      vertex 94.4786 45.6737 8.8
      vertex 94.5 46 1.8
      vertex 94.5 46 8.8
    endloop
  endfacet
  facet normal 0.997856 -0.0654432 0
    outer loop
      vertex 94.5 46 1.8
      vertex 94.4786 45.6737 8.8
      vertex 94.4786 45.6737 1.8
    endloop
  endfacet
  facet normal 0.0654432 0.997856 -0
    outer loop
      vertex 92.3263 48.4786 1.8
      vertex 92 48.5 8.8
      vertex 92.3263 48.4786 8.8
    endloop
  endfacet
  facet normal 0.0654432 0.997856 0
    outer loop
      vertex 92 48.5 8.8
      vertex 92.3263 48.4786 1.8
      vertex 92 48.5 1.8
    endloop
  endfacet
  facet normal -0.751913 0.659262 0
    outer loop
      vertex 90.0166 47.5219 1.8
      vertex 90.2322 47.7678 8.8
      vertex 90.2322 47.7678 1.8
    endloop
  endfacet
  facet normal -0.751913 0.659262 0
    outer loop
      vertex 90.2322 47.7678 8.8
      vertex 90.0166 47.5219 1.8
      vertex 90.0166 47.5219 8.8
    endloop
  endfacet
  facet normal -0.946957 0.32136 0
    outer loop
      vertex 89.5852 46.647 1.8
      vertex 89.6903 46.9567 8.8
      vertex 89.6903 46.9567 1.8
    endloop
  endfacet
  facet normal -0.946957 0.32136 0
    outer loop
      vertex 89.6903 46.9567 8.8
      vertex 89.5852 46.647 1.8
      vertex 89.5852 46.647 8.8
    endloop
  endfacet
  facet normal -0.997856 -0.0654432 0
    outer loop
      vertex 89.5214 45.6737 1.8
      vertex 89.5 46 8.8
      vertex 89.5 46 1.8
    endloop
  endfacet
  facet normal -0.997856 -0.0654432 0
    outer loop
      vertex 89.5 46 8.8
      vertex 89.5214 45.6737 1.8
      vertex 89.5214 45.6737 8.8
    endloop
  endfacet
  facet normal 0.555617 0.831438 -0
    outer loop
      vertex 93.5219 47.9834 1.8
      vertex 93.25 48.1651 8.8
      vertex 93.5219 47.9834 8.8
    endloop
  endfacet
  facet normal 0.555617 0.831438 0
    outer loop
      vertex 93.25 48.1651 8.8
      vertex 93.5219 47.9834 1.8
      vertex 93.25 48.1651 1.8
    endloop
  endfacet
  facet normal 0.896921 -0.442191 0
    outer loop
      vertex 94.1651 44.75 8.8
      vertex 94.3097 45.0433 5.1
      vertex 94.3097 45.0433 8.8
    endloop
  endfacet
  facet normal 0.896921 -0.442191 0
    outer loop
      vertex 94.3097 45.0433 5.1
      vertex 94.1651 44.75 8.8
      vertex 94.1651 44.75 5.1
    endloop
  endfacet
  facet normal -0.98078 -0.195116 0
    outer loop
      vertex 89.5852 45.353 1.8
      vertex 89.5214 45.6737 8.8
      vertex 89.5214 45.6737 1.8
    endloop
  endfacet
  facet normal -0.98078 -0.195116 0
    outer loop
      vertex 89.5214 45.6737 8.8
      vertex 89.5852 45.353 1.8
      vertex 89.5852 45.353 8.8
    endloop
  endfacet
  facet normal -0.442191 0.896921 0
    outer loop
      vertex 91.0433 48.3097 1.8
      vertex 90.75 48.1651 8.8
      vertex 91.0433 48.3097 8.8
    endloop
  endfacet
  facet normal -0.442191 0.896921 0
    outer loop
      vertex 90.75 48.1651 8.8
      vertex 91.0433 48.3097 1.8
      vertex 90.75 48.1651 1.8
    endloop
  endfacet
  facet normal 0.32136 -0.946957 0
    outer loop
      vertex 92.647 43.5852 1.8
      vertex 92.9567 43.6903 8.8
      vertex 92.647 43.5852 8.8
    endloop
  endfacet
  facet normal 0.32136 -0.946957 0
    outer loop
      vertex 92.9567 43.6903 8.8
      vertex 92.647 43.5852 1.8
      vertex 92.9567 43.6903 1.8
    endloop
  endfacet
  facet normal -0.0654432 0.997856 0
    outer loop
      vertex 92 48.5 1.8
      vertex 91.6737 48.4786 8.8
      vertex 92 48.5 8.8
    endloop
  endfacet
  facet normal -0.0654432 0.997856 0
    outer loop
      vertex 91.6737 48.4786 8.8
      vertex 92 48.5 1.8
      vertex 91.6737 48.4786 1.8
    endloop
  endfacet
  facet normal 0 0 1
    outer loop
      vertex 93.2 46 8.8
      vertex 94.5 46 8.8
      vertex 94.4786 46.3263 8.8
    endloop
  endfacet
  facet normal 0 0 1
    outer loop
      vertex 93.1897 46.1566 8.8
      vertex 94.4786 46.3263 8.8
      vertex 94.4148 46.647 8.8
    endloop
  endfacet
  facet normal 0 0 1
    outer loop
      vertex 94.5 46 8.8
      vertex 93.2 46 8.8
      vertex 94.4786 45.6737 8.8
    endloop
  endfacet
  facet normal 0 0 1
    outer loop
      vertex 93.1591 46.3106 8.8
      vertex 94.4148 46.647 8.8
      vertex 94.3097 46.9567 8.8
    endloop
  endfacet
  facet normal -0 0 1
    outer loop
      vertex 93.1897 45.8434 8.8
      vertex 94.4786 45.6737 8.8
      vertex 93.2 46 8.8
    endloop
  endfacet
  facet normal 0 0 1
    outer loop
      vertex 93.1087 46.4592 8.8
      vertex 94.3097 46.9567 8.8
      vertex 94.1651 47.25 8.8
    endloop
  endfacet
  facet normal 0 0 1
    outer loop
      vertex 94.4786 45.6737 8.8
      vertex 93.1897 45.8434 8.8
      vertex 94.4148 45.353 8.8
    endloop
  endfacet
  facet normal 0 0 1
    outer loop
      vertex 93.0392 46.6 8.8
      vertex 94.1651 47.25 8.8
      vertex 93.9834 47.5219 8.8
    endloop
  endfacet
  facet normal -0 0 1
    outer loop
      vertex 93.1591 45.6894 8.8
      vertex 94.4148 45.353 8.8
      vertex 93.1897 45.8434 8.8
    endloop
  endfacet
  facet normal 0 0 1
    outer loop
      vertex 92.952 46.7305 8.8
      vertex 93.9834 47.5219 8.8
      vertex 93.7678 47.7678 8.8
    endloop
  endfacet
  facet normal 0 0 1
    outer loop
      vertex 94.4148 45.353 8.8
      vertex 93.1591 45.6894 8.8
      vertex 94.3097 45.0433 8.8
    endloop
  endfacet
  facet normal 0 0 1
    outer loop
      vertex 92.8485 46.8485 8.8
      vertex 93.7678 47.7678 8.8
      vertex 93.5219 47.9834 8.8
    endloop
  endfacet
  facet normal -0 0 1
    outer loop
      vertex 93.1087 45.5408 8.8
      vertex 94.3097 45.0433 8.8
      vertex 93.1591 45.6894 8.8
    endloop
  endfacet
  facet normal 0 0 1
    outer loop
      vertex 92.7305 46.952 8.8
      vertex 93.5219 47.9834 8.8
      vertex 93.25 48.1651 8.8
    endloop
  endfacet
  facet normal 0 0 1
    outer loop
      vertex 94.3097 45.0433 8.8
      vertex 93.1087 45.5408 8.8
      vertex 94.1651 44.75 8.8
    endloop
  endfacet
  facet normal -0 0 1
    outer loop
      vertex 93.0392 45.4 8.8
      vertex 94.1651 44.75 8.8
      vertex 93.1087 45.5408 8.8
    endloop
  endfacet
  facet normal 0 0 1
    outer loop
      vertex 94.4786 46.3263 8.8
      vertex 93.1897 46.1566 8.8
      vertex 93.2 46 8.8
    endloop
  endfacet
  facet normal 0 0 1
    outer loop
      vertex 94.4148 46.647 8.8
      vertex 93.1591 46.3106 8.8
      vertex 93.1897 46.1566 8.8
    endloop
  endfacet
  facet normal 0 0 1
    outer loop
      vertex 94.3097 46.9567 8.8
      vertex 93.1087 46.4592 8.8
      vertex 93.1591 46.3106 8.8
    endloop
  endfacet
  facet normal 0 0 1
    outer loop
      vertex 94.1651 47.25 8.8
      vertex 93.0392 46.6 8.8
      vertex 93.1087 46.4592 8.8
    endloop
  endfacet
  facet normal 0 0 1
    outer loop
      vertex 92.6 47.0392 8.8
      vertex 93.25 48.1651 8.8
      vertex 92.9567 48.3097 8.8
    endloop
  endfacet
  facet normal 0 0 1
    outer loop
      vertex 93.9834 47.5219 8.8
      vertex 92.952 46.7305 8.8
      vertex 93.0392 46.6 8.8
    endloop
  endfacet
  facet normal 0 0 1
    outer loop
      vertex 93.7678 47.7678 8.8
      vertex 92.8485 46.8485 8.8
      vertex 92.952 46.7305 8.8
    endloop
  endfacet
  facet normal 0 0 1
    outer loop
      vertex 93.5219 47.9834 8.8
      vertex 92.7305 46.952 8.8
      vertex 92.8485 46.8485 8.8
    endloop
  endfacet
  facet normal 0 0 1
    outer loop
      vertex 92.4592 47.1087 8.8
      vertex 92.9567 48.3097 8.8
      vertex 92.647 48.4148 8.8
    endloop
  endfacet
  facet normal 0 0 1
    outer loop
      vertex 93.25 48.1651 8.8
      vertex 92.6 47.0392 8.8
      vertex 92.7305 46.952 8.8
    endloop
  endfacet
  facet normal 0 0 1
    outer loop
      vertex 92.9567 48.3097 8.8
      vertex 92.4592 47.1087 8.8
      vertex 92.6 47.0392 8.8
    endloop
  endfacet
  facet normal 0 0 1
    outer loop
      vertex 92.3106 47.1591 8.8
      vertex 92.647 48.4148 8.8
      vertex 92.3263 48.4786 8.8
    endloop
  endfacet
  facet normal 0 0 1
    outer loop
      vertex 92.647 48.4148 8.8
      vertex 92.3106 47.1591 8.8
      vertex 92.4592 47.1087 8.8
    endloop
  endfacet
  facet normal 0 0 1
    outer loop
      vertex 92.3263 48.4786 8.8
      vertex 92.1566 47.1897 8.8
      vertex 92.3106 47.1591 8.8
    endloop
  endfacet
  facet normal 0 0 1
    outer loop
      vertex 92 48.5 8.8
      vertex 92.1566 47.1897 8.8
      vertex 92.3263 48.4786 8.8
    endloop
  endfacet
  facet normal 0 0 1
    outer loop
      vertex 92 48.5 8.8
      vertex 92 47.2 8.8
      vertex 92.1566 47.1897 8.8
    endloop
  endfacet
  facet normal 0 0 1
    outer loop
      vertex 92 48.5 8.8
      vertex 91.8434 47.1897 8.8
      vertex 92 47.2 8.8
    endloop
  endfacet
  facet normal -0 0 1
    outer loop
      vertex 91.6737 48.4786 8.8
      vertex 91.8434 47.1897 8.8
      vertex 92 48.5 8.8
    endloop
  endfacet
  facet normal 0 0 1
    outer loop
      vertex 91.8434 47.1897 8.8
      vertex 91.6737 48.4786 8.8
      vertex 91.6894 47.1591 8.8
    endloop
  endfacet
  facet normal -0 0 1
    outer loop
      vertex 91.353 48.4148 8.8
      vertex 91.6894 47.1591 8.8
      vertex 91.6737 48.4786 8.8
    endloop
  endfacet
  facet normal 0 0 1
    outer loop
      vertex 91.6894 47.1591 8.8
      vertex 91.353 48.4148 8.8
      vertex 91.5408 47.1087 8.8
    endloop
  endfacet
  facet normal -0 0 1
    outer loop
      vertex 91.0433 48.3097 8.8
      vertex 91.5408 47.1087 8.8
      vertex 91.353 48.4148 8.8
    endloop
  endfacet
  facet normal 0 0 1
    outer loop
      vertex 91.5408 47.1087 8.8
      vertex 91.0433 48.3097 8.8
      vertex 91.4 47.0392 8.8
    endloop
  endfacet
  facet normal -0 0 1
    outer loop
      vertex 90.75 48.1651 8.8
      vertex 91.4 47.0392 8.8
      vertex 91.0433 48.3097 8.8
    endloop
  endfacet
  facet normal 0 0 1
    outer loop
      vertex 91.4 47.0392 8.8
      vertex 90.75 48.1651 8.8
      vertex 91.2695 46.952 8.8
    endloop
  endfacet
  facet normal -0 0 1
    outer loop
      vertex 90.4781 47.9834 8.8
      vertex 91.2695 46.952 8.8
      vertex 90.75 48.1651 8.8
    endloop
  endfacet
  facet normal 0 0 1
    outer loop
      vertex 91.2695 46.952 8.8
      vertex 90.4781 47.9834 8.8
      vertex 91.1515 46.8485 8.8
    endloop
  endfacet
  facet normal -0 0 1
    outer loop
      vertex 90.2322 47.7678 8.8
      vertex 91.1515 46.8485 8.8
      vertex 90.4781 47.9834 8.8
    endloop
  endfacet
  facet normal 0 0 1
    outer loop
      vertex 91.1515 46.8485 8.8
      vertex 90.2322 47.7678 8.8
      vertex 91.048 46.7305 8.8
    endloop
  endfacet
  facet normal -0 0 1
    outer loop
      vertex 90.0166 47.5219 8.8
      vertex 91.048 46.7305 8.8
      vertex 90.2322 47.7678 8.8
    endloop
  endfacet
  facet normal -0 0 1
    outer loop
      vertex 89.8349 47.25 8.8
      vertex 90.9608 46.6 8.8
      vertex 90.0166 47.5219 8.8
    endloop
  endfacet
  facet normal 0 0 1
    outer loop
      vertex 91.048 46.7305 8.8
      vertex 90.0166 47.5219 8.8
      vertex 90.9608 46.6 8.8
    endloop
  endfacet
  facet normal 0 0 1
    outer loop
      vertex 94.1651 44.75 8.8
      vertex 93.0392 45.4 8.8
      vertex 93.9834 44.4781 8.8
    endloop
  endfacet
  facet normal -0 0 1
    outer loop
      vertex 92.952 45.2695 8.8
      vertex 93.9834 44.4781 8.8
      vertex 93.0392 45.4 8.8
    endloop
  endfacet
  facet normal 0 0 1
    outer loop
      vertex 93.9834 44.4781 8.8
      vertex 92.952 45.2695 8.8
      vertex 93.7678 44.2322 8.8
    endloop
  endfacet
  facet normal -0 0 1
    outer loop
      vertex 92.8485 45.1515 8.8
      vertex 93.7678 44.2322 8.8
      vertex 92.952 45.2695 8.8
    endloop
  endfacet
  facet normal 0 0 1
    outer loop
      vertex 93.7678 44.2322 8.8
      vertex 92.8485 45.1515 8.8
      vertex 93.5219 44.0166 8.8
    endloop
  endfacet
  facet normal -0 0 1
    outer loop
      vertex 92.7305 45.048 8.8
      vertex 93.5219 44.0166 8.8
      vertex 92.8485 45.1515 8.8
    endloop
  endfacet
  facet normal 0 0 1
    outer loop
      vertex 93.5219 44.0166 8.8
      vertex 92.7305 45.048 8.8
      vertex 93.25 43.8349 8.8
    endloop
  endfacet
  facet normal -0 0 1
    outer loop
      vertex 92.6 44.9608 8.8
      vertex 93.25 43.8349 8.8
      vertex 92.7305 45.048 8.8
    endloop
  endfacet
  facet normal 0 0 1
    outer loop
      vertex 93.25 43.8349 8.8
      vertex 92.6 44.9608 8.8
      vertex 92.9567 43.6903 8.8
    endloop
  endfacet
  facet normal -0 0 1
    outer loop
      vertex 92.4592 44.8913 8.8
      vertex 92.9567 43.6903 8.8
      vertex 92.6 44.9608 8.8
    endloop
  endfacet
  facet normal 0 0 1
    outer loop
      vertex 92.9567 43.6903 8.8
      vertex 92.4592 44.8913 8.8
      vertex 92.647 43.5852 8.8
    endloop
  endfacet
  facet normal -0 0 1
    outer loop
      vertex 92.3106 44.8409 8.8
      vertex 92.647 43.5852 8.8
      vertex 92.4592 44.8913 8.8
    endloop
  endfacet
  facet normal 0 0 1
    outer loop
      vertex 92.647 43.5852 8.8
      vertex 92.3106 44.8409 8.8
      vertex 92.3263 43.5214 8.8
    endloop
  endfacet
  facet normal -0 0 1
    outer loop
      vertex 92.1566 44.8103 8.8
      vertex 92.3263 43.5214 8.8
      vertex 92.3106 44.8409 8.8
    endloop
  endfacet
  facet normal -0 0 1
    outer loop
      vertex 92 44.8 8.8
      vertex 92.3263 43.5214 8.8
      vertex 92.1566 44.8103 8.8
    endloop
  endfacet
  facet normal 0 0 1
    outer loop
      vertex 92 44.8 8.8
      vertex 92 43.5 8.8
      vertex 92.3263 43.5214 8.8
    endloop
  endfacet
  facet normal 0 0 1
    outer loop
      vertex 91.8434 44.8103 8.8
      vertex 92 43.5 8.8
      vertex 92 44.8 8.8
    endloop
  endfacet
  facet normal 0 0 1
    outer loop
      vertex 91.6737 43.5214 8.8
      vertex 91.8434 44.8103 8.8
      vertex 91.6894 44.8409 8.8
    endloop
  endfacet
  facet normal 0 0 1
    outer loop
      vertex 91.8434 44.8103 8.8
      vertex 91.6737 43.5214 8.8
      vertex 92 43.5 8.8
    endloop
  endfacet
  facet normal 0 0 1
    outer loop
      vertex 91.353 43.5852 8.8
      vertex 91.6894 44.8409 8.8
      vertex 91.5408 44.8913 8.8
    endloop
  endfacet
  facet normal 0 0 1
    outer loop
      vertex 91.0433 43.6903 8.8
      vertex 91.5408 44.8913 8.8
      vertex 91.4 44.9608 8.8
    endloop
  endfacet
  facet normal 0 0 1
    outer loop
      vertex 91.6894 44.8409 8.8
      vertex 91.353 43.5852 8.8
      vertex 91.6737 43.5214 8.8
    endloop
  endfacet
  facet normal 0 0 1
    outer loop
      vertex 90.75 43.8349 8.8
      vertex 91.4 44.9608 8.8
      vertex 91.2695 45.048 8.8
    endloop
  endfacet
  facet normal 0 0 1
    outer loop
      vertex 90.4781 44.0166 8.8
      vertex 91.2695 45.048 8.8
      vertex 91.1515 45.1515 8.8
    endloop
  endfacet
  facet normal 0 0 1
    outer loop
      vertex 90.2322 44.2322 8.8
      vertex 91.1515 45.1515 8.8
      vertex 91.048 45.2695 8.8
    endloop
  endfacet
  facet normal 0 0 1
    outer loop
      vertex 91.5408 44.8913 8.8
      vertex 91.0433 43.6903 8.8
      vertex 91.353 43.5852 8.8
    endloop
  endfacet
  facet normal 0 0 1
    outer loop
      vertex 90.0166 44.4781 8.8
      vertex 91.048 45.2695 8.8
      vertex 90.9608 45.4 8.8
    endloop
  endfacet
  facet normal 0 0 1
    outer loop
      vertex 89.8349 44.75 8.8
      vertex 90.9608 45.4 8.8
      vertex 90.8913 45.5408 8.8
    endloop
  endfacet
  facet normal 0 0 1
    outer loop
      vertex 89.6903 45.0433 8.8
      vertex 90.8913 45.5408 8.8
      vertex 90.8409 45.6894 8.8
    endloop
  endfacet
  facet normal 0 0 1
    outer loop
      vertex 89.5852 45.353 8.8
      vertex 90.8409 45.6894 8.8
      vertex 90.8103 45.8434 8.8
    endloop
  endfacet
  facet normal 0 0 1
    outer loop
      vertex 91.4 44.9608 8.8
      vertex 90.75 43.8349 8.8
      vertex 91.0433 43.6903 8.8
    endloop
  endfacet
  facet normal 0 0 1
    outer loop
      vertex 89.5214 45.6737 8.8
      vertex 90.8103 45.8434 8.8
      vertex 90.8 46 8.8
    endloop
  endfacet
  facet normal 0 0 1
    outer loop
      vertex 90.9608 46.6 8.8
      vertex 89.8349 47.25 8.8
      vertex 90.8913 46.4592 8.8
    endloop
  endfacet
  facet normal -0 0 1
    outer loop
      vertex 89.6903 46.9567 8.8
      vertex 90.8913 46.4592 8.8
      vertex 89.8349 47.25 8.8
    endloop
  endfacet
  facet normal 0 0 1
    outer loop
      vertex 91.2695 45.048 8.8
      vertex 90.4781 44.0166 8.8
      vertex 90.75 43.8349 8.8
    endloop
  endfacet
  facet normal 0 0 1
    outer loop
      vertex 90.8913 46.4592 8.8
      vertex 89.6903 46.9567 8.8
      vertex 90.8409 46.3106 8.8
    endloop
  endfacet
  facet normal 0 0 1
    outer loop
      vertex 91.1515 45.1515 8.8
      vertex 90.2322 44.2322 8.8
      vertex 90.4781 44.0166 8.8
    endloop
  endfacet
  facet normal -0 0 1
    outer loop
      vertex 89.5852 46.647 8.8
      vertex 90.8409 46.3106 8.8
      vertex 89.6903 46.9567 8.8
    endloop
  endfacet
  facet normal 0 0 1
    outer loop
      vertex 91.048 45.2695 8.8
      vertex 90.0166 44.4781 8.8
      vertex 90.2322 44.2322 8.8
    endloop
  endfacet
  facet normal 0 0 1
    outer loop
      vertex 90.8409 46.3106 8.8
      vertex 89.5852 46.647 8.8
      vertex 90.8103 46.1566 8.8
    endloop
  endfacet
  facet normal 0 0 1
    outer loop
      vertex 90.9608 45.4 8.8
      vertex 89.8349 44.75 8.8
      vertex 90.0166 44.4781 8.8
    endloop
  endfacet
  facet normal -0 0 1
    outer loop
      vertex 89.5214 46.3263 8.8
      vertex 90.8103 46.1566 8.8
      vertex 89.5852 46.647 8.8
    endloop
  endfacet
  facet normal 0 0 1
    outer loop
      vertex 90.8913 45.5408 8.8
      vertex 89.6903 45.0433 8.8
      vertex 89.8349 44.75 8.8
    endloop
  endfacet
  facet normal 0 0 1
    outer loop
      vertex 90.8103 46.1566 8.8
      vertex 89.5214 46.3263 8.8
      vertex 90.8 46 8.8
    endloop
  endfacet
  facet normal 0 0 1
    outer loop
      vertex 90.8409 45.6894 8.8
      vertex 89.5852 45.353 8.8
      vertex 89.6903 45.0433 8.8
    endloop
  endfacet
  facet normal 0 0 1
    outer loop
      vertex 89.5 46 8.8
      vertex 90.8 46 8.8
      vertex 89.5214 46.3263 8.8
    endloop
  endfacet
  facet normal 0 0 1
    outer loop
      vertex 90.8103 45.8434 8.8
      vertex 89.5214 45.6737 8.8
      vertex 89.5852 45.353 8.8
    endloop
  endfacet
  facet normal 0 0 1
    outer loop
      vertex 90.8 46 8.8
      vertex 89.5 46 8.8
      vertex 89.5214 45.6737 8.8
    endloop
  endfacet
  facet normal 0.442191 -0.896921 0
    outer loop
      vertex 92.9567 43.6903 1.8
      vertex 93.25 43.8349 8.8
      vertex 92.9567 43.6903 8.8
    endloop
  endfacet
  facet normal 0.442191 -0.896921 0
    outer loop
      vertex 93.25 43.8349 8.8
      vertex 92.9567 43.6903 1.8
      vertex 93.25 43.8349 1.8
    endloop
  endfacet
  facet normal -0.555617 -0.831438 0
    outer loop
      vertex 90.4781 44.0166 1.8
      vertex 90.75 43.8349 8.8
      vertex 90.4781 44.0166 8.8
    endloop
  endfacet
  facet normal -0.555617 -0.831438 -0
    outer loop
      vertex 90.75 43.8349 8.8
      vertex 90.4781 44.0166 1.8
      vertex 90.75 43.8349 1.8
    endloop
  endfacet
  facet normal -0.896921 -0.442191 0
    outer loop
      vertex 89.8349 44.75 5.1
      vertex 89.6903 45.0433 8.8
      vertex 89.6903 45.0433 5.1
    endloop
  endfacet
  facet normal -0.896921 -0.442191 0
    outer loop
      vertex 89.6903 45.0433 8.8
      vertex 89.8349 44.75 5.1
      vertex 89.8349 44.75 8.8
    endloop
  endfacet
  facet normal -0.659189 -0.751978 0
    outer loop
      vertex 90.3489 44.1299 5.1
      vertex 90.2322 44.2322 8.8
      vertex 90.2322 44.2322 5.1
    endloop
  endfacet
  facet normal -0.659262 -0.751913 -4.09084e-06
    outer loop
      vertex 90.2322 44.2322 8.8
      vertex 90.3489 44.1299 5.1
      vertex 90.4781 44.0166 8.8
    endloop
  endfacet
  facet normal -0.659328 -0.751855 0
    outer loop
      vertex 90.4781 44.0166 1.8
      vertex 90.3489 44.1299 5.1
      vertex 90.3489 44.1299 1.8
    endloop
  endfacet
  facet normal -0.659328 -0.751855 0
    outer loop
      vertex 90.3489 44.1299 5.1
      vertex 90.4781 44.0166 1.8
      vertex 90.4781 44.0166 8.8
    endloop
  endfacet
  facet normal 0.659262 -0.751913 -4.09084e-06
    outer loop
      vertex 93.5219 44.0166 8.8
      vertex 93.6511 44.1299 5.1
      vertex 93.7678 44.2322 8.8
    endloop
  endfacet
  facet normal 0.659328 -0.751855 0
    outer loop
      vertex 93.5219 44.0166 1.8
      vertex 93.6511 44.1299 5.1
      vertex 93.5219 44.0166 8.8
    endloop
  endfacet
  facet normal 0.659328 -0.751855 0
    outer loop
      vertex 93.6511 44.1299 5.1
      vertex 93.5219 44.0166 1.8
      vertex 93.6511 44.1299 1.8
    endloop
  endfacet
  facet normal 0.659189 -0.751978 0
    outer loop
      vertex 93.7678 44.2322 8.8
      vertex 93.6511 44.1299 5.1
      vertex 93.7678 44.2322 5.1
    endloop
  endfacet
  facet normal 0.555617 -0.831438 0
    outer loop
      vertex 93.25 43.8349 1.8
      vertex 93.5219 44.0166 8.8
      vertex 93.25 43.8349 8.8
    endloop
  endfacet
  facet normal 0.555617 -0.831438 0
    outer loop
      vertex 93.5219 44.0166 8.8
      vertex 93.25 43.8349 1.8
      vertex 93.5219 44.0166 1.8
    endloop
  endfacet
  facet normal 0.751913 -0.659262 0
    outer loop
      vertex 93.7678 44.2322 8.8
      vertex 93.9834 44.4781 5.1
      vertex 93.9834 44.4781 8.8
    endloop
  endfacet
  facet normal 0.751913 -0.659262 0
    outer loop
      vertex 93.9834 44.4781 5.1
      vertex 93.7678 44.2322 8.8
      vertex 93.7678 44.2322 5.1
    endloop
  endfacet
  facet normal 0.32136 0.946957 -0
    outer loop
      vertex 92.9567 48.3097 1.8
      vertex 92.647 48.4148 8.8
      vertex 92.9567 48.3097 8.8
    endloop
  endfacet
  facet normal 0.32136 0.946957 0
    outer loop
      vertex 92.647 48.4148 8.8
      vertex 92.9567 48.3097 1.8
      vertex 92.647 48.4148 1.8
    endloop
  endfacet
  facet normal -0.98078 0.195116 0
    outer loop
      vertex 89.5214 46.3263 1.8
      vertex 89.5852 46.647 8.8
      vertex 89.5852 46.647 1.8
    endloop
  endfacet
  facet normal -0.98078 0.195116 0
    outer loop
      vertex 89.5852 46.647 8.8
      vertex 89.5214 46.3263 1.8
      vertex 89.5214 46.3263 8.8
    endloop
  endfacet
  facet normal 0.896921 0.442191 0
    outer loop
      vertex 94.3097 46.9567 8.8
      vertex 94.1651 47.25 1.8
      vertex 94.1651 47.25 8.8
    endloop
  endfacet
  facet normal 0.896921 0.442191 0
    outer loop
      vertex 94.1651 47.25 1.8
      vertex 94.3097 46.9567 8.8
      vertex 94.3097 46.9567 1.8
    endloop
  endfacet
  facet normal 0.0654432 -0.997856 0
    outer loop
      vertex 92 43.5 1.8
      vertex 92.3263 43.5214 8.8
      vertex 92 43.5 8.8
    endloop
  endfacet
  facet normal 0.0654432 -0.997856 0
    outer loop
      vertex 92.3263 43.5214 8.8
      vertex 92 43.5 1.8
      vertex 92.3263 43.5214 1.8
    endloop
  endfacet
  facet normal 0.751913 0.659262 0
    outer loop
      vertex 93.9834 47.5219 8.8
      vertex 93.7678 47.7678 1.8
      vertex 93.7678 47.7678 8.8
    endloop
  endfacet
  facet normal 0.751913 0.659262 0
    outer loop
      vertex 93.7678 47.7678 1.8
      vertex 93.9834 47.5219 8.8
      vertex 93.9834 47.5219 1.8
    endloop
  endfacet
  facet normal 0.946957 0.32136 0
    outer loop
      vertex 94.4148 46.647 8.8
      vertex 94.3097 46.9567 1.8
      vertex 94.3097 46.9567 8.8
    endloop
  endfacet
  facet normal 0.946957 0.32136 0
    outer loop
      vertex 94.3097 46.9567 1.8
      vertex 94.4148 46.647 8.8
      vertex 94.4148 46.647 1.8
    endloop
  endfacet
  facet normal -0.195116 0.98078 0
    outer loop
      vertex 91.6737 48.4786 1.8
      vertex 91.353 48.4148 8.8
      vertex 91.6737 48.4786 8.8
    endloop
  endfacet
  facet normal -0.195116 0.98078 0
    outer loop
      vertex 91.353 48.4148 8.8
      vertex 91.6737 48.4786 1.8
      vertex 91.353 48.4148 1.8
    endloop
  endfacet
  facet normal -0.896921 0.442191 0
    outer loop
      vertex 89.6903 46.9567 1.8
      vertex 89.8349 47.25 8.8
      vertex 89.8349 47.25 1.8
    endloop
  endfacet
  facet normal -0.896921 0.442191 0
    outer loop
      vertex 89.8349 47.25 8.8
      vertex 89.6903 46.9567 1.8
      vertex 89.6903 46.9567 8.8
    endloop
  endfacet
  facet normal -0.195116 -0.98078 0
    outer loop
      vertex 91.353 43.5852 1.8
      vertex 91.6737 43.5214 8.8
      vertex 91.353 43.5852 8.8
    endloop
  endfacet
  facet normal -0.195116 -0.98078 -0
    outer loop
      vertex 91.6737 43.5214 8.8
      vertex 91.353 43.5852 1.8
      vertex 91.6737 43.5214 1.8
    endloop
  endfacet
  facet normal -0.0654432 -0.997856 0
    outer loop
      vertex 91.6737 43.5214 1.8
      vertex 92 43.5 8.8
      vertex 91.6737 43.5214 8.8
    endloop
  endfacet
  facet normal -0.0654432 -0.997856 -0
    outer loop
      vertex 92 43.5 8.8
      vertex 91.6737 43.5214 1.8
      vertex 92 43.5 1.8
    endloop
  endfacet
  facet normal 0.19511 -0.980781 0
    outer loop
      vertex 10.3263 0.521387 1.8
      vertex 10.647 0.585185 8.8
      vertex 10.3263 0.521387 8.8
    endloop
  endfacet
  facet normal 0.19511 -0.980781 0
    outer loop
      vertex 10.647 0.585185 8.8
      vertex 10.3263 0.521387 1.8
      vertex 10.647 0.585185 1.8
    endloop
  endfacet
  facet normal 0.980785 0.195093 0
    outer loop
      vertex 12.4786 3.32631 8.8
      vertex 12.4148 3.64705 1.8
      vertex 12.4148 3.64705 8.8
    endloop
  endfacet
  facet normal 0.980785 0.195093 0
    outer loop
      vertex 12.4148 3.64705 1.8
      vertex 12.4786 3.32631 8.8
      vertex 12.4786 3.32631 1.8
    endloop
  endfacet
  facet normal 0.997856 0.0654412 0
    outer loop
      vertex 12.5 3 8.8
      vertex 12.4786 3.32631 1.8
      vertex 12.4786 3.32631 8.8
    endloop
  endfacet
  facet normal 0.997856 0.0654412 0
    outer loop
      vertex 12.4786 3.32631 1.8
      vertex 12.5 3 8.8
      vertex 12.5 3 1.8
    endloop
  endfacet
  facet normal -0.751858 -0.659325 0
    outer loop
      vertex 8.23223 1.23223 1.8
      vertex 8.01662 1.4781 8.8
      vertex 8.01662 1.4781 1.8
    endloop
  endfacet
  facet normal -0.751858 -0.659325 0
    outer loop
      vertex 8.01662 1.4781 8.8
      vertex 8.23223 1.23223 1.8
      vertex 8.23223 1.23223 8.8
    endloop
  endfacet
  facet normal -0.831466 -0.555575 0
    outer loop
      vertex 8.01662 1.4781 1.8
      vertex 7.83494 1.75 8.8
      vertex 7.83494 1.75 1.8
    endloop
  endfacet
  facet normal -0.831466 -0.555575 0
    outer loop
      vertex 7.83494 1.75 8.8
      vertex 8.01662 1.4781 1.8
      vertex 8.01662 1.4781 8.8
    endloop
  endfacet
  facet normal -0.946935 -0.321425 0
    outer loop
      vertex 7.6903 2.04329 1.8
      vertex 7.58519 2.35295 8.8
      vertex 7.58519 2.35295 1.8
    endloop
  endfacet
  facet normal -0.946935 -0.321425 0
    outer loop
      vertex 7.58519 2.35295 8.8
      vertex 7.6903 2.04329 1.8
      vertex 7.6903 2.04329 8.8
    endloop
  endfacet
  facet normal 0.946944 -0.321397 0
    outer loop
      vertex 12.3097 2.04329 8.8
      vertex 12.4148 2.35295 1.8
      vertex 12.4148 2.35295 8.8
    endloop
  endfacet
  facet normal 0.946944 -0.321397 0
    outer loop
      vertex 12.4148 2.35295 1.8
      vertex 12.3097 2.04329 8.8
      vertex 12.3097 2.04329 1.8
    endloop
  endfacet
  facet normal -0.831466 0.555575 0
    outer loop
      vertex 7.83494 4.25 1.8
      vertex 8.01662 4.5219 8.8
      vertex 8.01662 4.5219 1.8
    endloop
  endfacet
  facet normal -0.831466 0.555575 0
    outer loop
      vertex 8.01662 4.5219 8.8
      vertex 7.83494 4.25 1.8
      vertex 7.83494 4.25 8.8
    endloop
  endfacet
  facet normal 0.831438 -0.555617 0
    outer loop
      vertex 11.9834 1.4781 8.8
      vertex 12.1651 1.75 1.8
      vertex 12.1651 1.75 8.8
    endloop
  endfacet
  facet normal 0.831438 -0.555617 0
    outer loop
      vertex 12.1651 1.75 1.8
      vertex 11.9834 1.4781 8.8
      vertex 11.9834 1.4781 1.8
    endloop
  endfacet
  facet normal 0.980784 -0.195099 0
    outer loop
      vertex 12.4148 2.35295 8.8
      vertex 12.4786 2.67368 1.8
      vertex 12.4786 2.67368 8.8
    endloop
  endfacet
  facet normal 0.980784 -0.195099 0
    outer loop
      vertex 12.4786 2.67368 1.8
      vertex 12.4148 2.35295 8.8
      vertex 12.4148 2.35295 1.8
    endloop
  endfacet
  facet normal 0.195116 0.98078 -0
    outer loop
      vertex 10.647 5.41481 1.8
      vertex 10.3263 5.47861 8.8
      vertex 10.647 5.41481 8.8
    endloop
  endfacet
  facet normal 0.195116 0.98078 0
    outer loop
      vertex 10.3263 5.47861 8.8
      vertex 10.647 5.41481 1.8
      vertex 10.3263 5.47861 1.8
    endloop
  endfacet
  facet normal -0.44229 -0.896872 0
    outer loop
      vertex 8.75 0.834936 1.8
      vertex 9.04329 0.690301 8.8
      vertex 8.75 0.834936 8.8
    endloop
  endfacet
  facet normal -0.44229 -0.896872 -0
    outer loop
      vertex 9.04329 0.690301 8.8
      vertex 8.75 0.834936 1.8
      vertex 9.04329 0.690301 1.8
    endloop
  endfacet
  facet normal 0.831438 0.555617 0
    outer loop
      vertex 12.1651 4.25 8.8
      vertex 11.9834 4.5219 1.8
      vertex 11.9834 4.5219 8.8
    endloop
  endfacet
  facet normal 0.831438 0.555617 0
    outer loop
      vertex 11.9834 4.5219 1.8
      vertex 12.1651 4.25 8.8
      vertex 12.1651 4.25 1.8
    endloop
  endfacet
  facet normal -0.555575 0.831466 0
    outer loop
      vertex 8.75 5.16506 1.8
      vertex 8.4781 4.98338 8.8
      vertex 8.75 5.16506 8.8
    endloop
  endfacet
  facet normal -0.555575 0.831466 0
    outer loop
      vertex 8.4781 4.98338 8.8
      vertex 8.75 5.16506 1.8
      vertex 8.4781 4.98338 1.8
    endloop
  endfacet
  facet normal -0.997858 0.0654108 0
    outer loop
      vertex 7.5 3 1.8
      vertex 7.52139 3.32631 8.8
      vertex 7.52139 3.32631 1.8
    endloop
  endfacet
  facet normal -0.997858 0.0654108 0
    outer loop
      vertex 7.52139 3.32631 8.8
      vertex 7.5 3 1.8
      vertex 7.5 3 8.8
    endloop
  endfacet
  facet normal -0.321441 -0.94693 0
    outer loop
      vertex 9.04329 0.690301 1.8
      vertex 9.35295 0.585185 8.8
      vertex 9.04329 0.690301 8.8
    endloop
  endfacet
  facet normal -0.321441 -0.94693 -0
    outer loop
      vertex 9.35295 0.585185 8.8
      vertex 9.04329 0.690301 1.8
      vertex 9.35295 0.585185 1.8
    endloop
  endfacet
  facet normal -0.321425 0.946935 0
    outer loop
      vertex 9.35295 5.41481 1.8
      vertex 9.04329 5.3097 8.8
      vertex 9.35295 5.41481 8.8
    endloop
  endfacet
  facet normal -0.321425 0.946935 0
    outer loop
      vertex 9.04329 5.3097 8.8
      vertex 9.35295 5.41481 1.8
      vertex 9.04329 5.3097 1.8
    endloop
  endfacet
  facet normal -0.659325 0.751858 0
    outer loop
      vertex 8.4781 4.98338 1.8
      vertex 8.23223 4.76777 8.8
      vertex 8.4781 4.98338 8.8
    endloop
  endfacet
  facet normal -0.659325 0.751858 0
    outer loop
      vertex 8.23223 4.76777 8.8
      vertex 8.4781 4.98338 1.8
      vertex 8.23223 4.76777 1.8
    endloop
  endfacet
  facet normal 0.659279 0.751898 -0
    outer loop
      vertex 11.7678 4.76777 1.8
      vertex 11.5219 4.98338 8.8
      vertex 11.7678 4.76777 8.8
    endloop
  endfacet
  facet normal 0.659279 0.751898 0
    outer loop
      vertex 11.5219 4.98338 8.8
      vertex 11.7678 4.76777 1.8
      vertex 11.5219 4.98338 1.8
    endloop
  endfacet
  facet normal 0.44229 0.896872 -0
    outer loop
      vertex 11.25 5.16506 1.8
      vertex 10.9567 5.3097 8.8
      vertex 11.25 5.16506 8.8
    endloop
  endfacet
  facet normal 0.44229 0.896872 0
    outer loop
      vertex 10.9567 5.3097 8.8
      vertex 11.25 5.16506 1.8
      vertex 10.9567 5.3097 1.8
    endloop
  endfacet
  facet normal 0.997857 -0.0654392 0
    outer loop
      vertex 12.4786 2.67368 8.8
      vertex 12.5 3 1.8
      vertex 12.5 3 8.8
    endloop
  endfacet
  facet normal 0.997857 -0.0654392 0
    outer loop
      vertex 12.5 3 1.8
      vertex 12.4786 2.67368 8.8
      vertex 12.4786 2.67368 1.8
    endloop
  endfacet
  facet normal 0.0654128 0.997858 -0
    outer loop
      vertex 10.3263 5.47861 1.8
      vertex 10 5.5 8.8
      vertex 10.3263 5.47861 8.8
    endloop
  endfacet
  facet normal 0.0654128 0.997858 0
    outer loop
      vertex 10 5.5 8.8
      vertex 10.3263 5.47861 1.8
      vertex 10 5.5 1.8
    endloop
  endfacet
  facet normal -0.751858 0.659325 0
    outer loop
      vertex 8.01662 4.5219 1.8
      vertex 8.23223 4.76777 8.8
      vertex 8.23223 4.76777 1.8
    endloop
  endfacet
  facet normal -0.751858 0.659325 0
    outer loop
      vertex 8.23223 4.76777 8.8
      vertex 8.01662 4.5219 1.8
      vertex 8.01662 4.5219 8.8
    endloop
  endfacet
  facet normal -0.946935 0.321425 0
    outer loop
      vertex 7.58519 3.64705 1.8
      vertex 7.6903 3.95671 8.8
      vertex 7.6903 3.95671 1.8
    endloop
  endfacet
  facet normal -0.946935 0.321425 0
    outer loop
      vertex 7.6903 3.95671 8.8
      vertex 7.58519 3.64705 1.8
      vertex 7.58519 3.64705 8.8
    endloop
  endfacet
  facet normal -0.997859 -0.0654088 0
    outer loop
      vertex 7.52139 2.67368 1.8
      vertex 7.5 3 8.8
      vertex 7.5 3 1.8
    endloop
  endfacet
  facet normal -0.997859 -0.0654088 0
    outer loop
      vertex 7.5 3 8.8
      vertex 7.52139 2.67368 1.8
      vertex 7.52139 2.67368 8.8
    endloop
  endfacet
  facet normal 0.555575 0.831466 -0
    outer loop
      vertex 11.5219 4.98338 1.8
      vertex 11.25 5.16506 8.8
      vertex 11.5219 4.98338 8.8
    endloop
  endfacet
  facet normal 0.555575 0.831466 0
    outer loop
      vertex 11.25 5.16506 8.8
      vertex 11.5219 4.98338 1.8
      vertex 11.25 5.16506 1.8
    endloop
  endfacet
  facet normal 0.896915 -0.442204 0
    outer loop
      vertex 12.1651 1.75 8.8
      vertex 12.3097 2.04329 1.8
      vertex 12.3097 2.04329 8.8
    endloop
  endfacet
  facet normal 0.896915 -0.442204 0
    outer loop
      vertex 12.3097 2.04329 1.8
      vertex 12.1651 1.75 8.8
      vertex 12.1651 1.75 1.8
    endloop
  endfacet
  facet normal -0.980784 -0.195099 0
    outer loop
      vertex 7.58519 2.35295 1.8
      vertex 7.52139 2.67368 8.8
      vertex 7.52139 2.67368 1.8
    endloop
  endfacet
  facet normal -0.980784 -0.195099 0
    outer loop
      vertex 7.52139 2.67368 8.8
      vertex 7.58519 2.35295 1.8
      vertex 7.58519 2.35295 8.8
    endloop
  endfacet
  facet normal -0.442302 0.896866 0
    outer loop
      vertex 9.04329 5.3097 1.8
      vertex 8.75 5.16506 8.8
      vertex 9.04329 5.3097 8.8
    endloop
  endfacet
  facet normal -0.442302 0.896866 0
    outer loop
      vertex 8.75 5.16506 8.8
      vertex 9.04329 5.3097 1.8
      vertex 8.75 5.16506 1.8
    endloop
  endfacet
  facet normal 0.321404 -0.946942 0
    outer loop
      vertex 10.647 0.585185 1.8
      vertex 10.9567 0.690301 8.8
      vertex 10.647 0.585185 8.8
    endloop
  endfacet
  facet normal 0.321404 -0.946942 0
    outer loop
      vertex 10.9567 0.690301 8.8
      vertex 10.647 0.585185 1.8
      vertex 10.9567 0.690301 1.8
    endloop
  endfacet
  facet normal -0.0654088 0.997859 0
    outer loop
      vertex 10 5.5 1.8
      vertex 9.67368 5.47861 8.8
      vertex 10 5.5 8.8
    endloop
  endfacet
  facet normal -0.0654088 0.997859 0
    outer loop
      vertex 9.67368 5.47861 8.8
      vertex 10 5.5 1.8
      vertex 9.67368 5.47861 1.8
    endloop
  endfacet
  facet normal 0.442277 -0.896878 0
    outer loop
      vertex 10.9567 0.690301 1.8
      vertex 11.25 0.834936 8.8
      vertex 10.9567 0.690301 8.8
    endloop
  endfacet
  facet normal 0.442277 -0.896878 0
    outer loop
      vertex 11.25 0.834936 8.8
      vertex 10.9567 0.690301 1.8
      vertex 11.25 0.834936 1.8
    endloop
  endfacet
  facet normal -0.555583 -0.831461 0
    outer loop
      vertex 8.4781 1.01662 1.8
      vertex 8.75 0.834936 8.8
      vertex 8.4781 1.01662 8.8
    endloop
  endfacet
  facet normal -0.555583 -0.831461 -0
    outer loop
      vertex 8.75 0.834936 8.8
      vertex 8.4781 1.01662 1.8
      vertex 8.75 0.834936 1.8
    endloop
  endfacet
  facet normal -0.896866 -0.442302 0
    outer loop
      vertex 7.83494 1.75 1.8
      vertex 7.6903 2.04329 8.8
      vertex 7.6903 2.04329 1.8
    endloop
  endfacet
  facet normal -0.896866 -0.442302 0
    outer loop
      vertex 7.6903 2.04329 8.8
      vertex 7.83494 1.75 1.8
      vertex 7.83494 1.75 8.8
    endloop
  endfacet
  facet normal -0.659325 -0.751858 0
    outer loop
      vertex 8.23223 1.23223 1.8
      vertex 8.4781 1.01662 8.8
      vertex 8.23223 1.23223 8.8
    endloop
  endfacet
  facet normal -0.659325 -0.751858 -0
    outer loop
      vertex 8.4781 1.01662 8.8
      vertex 8.23223 1.23223 1.8
      vertex 8.4781 1.01662 1.8
    endloop
  endfacet
  facet normal 0.659279 -0.751898 0
    outer loop
      vertex 11.5219 1.01662 1.8
      vertex 11.7678 1.23223 8.8
      vertex 11.5219 1.01662 8.8
    endloop
  endfacet
  facet normal 0.659279 -0.751898 0
    outer loop
      vertex 11.7678 1.23223 8.8
      vertex 11.5219 1.01662 1.8
      vertex 11.7678 1.23223 1.8
    endloop
  endfacet
  facet normal 0.555583 -0.831461 0
    outer loop
      vertex 11.25 0.834936 1.8
      vertex 11.5219 1.01662 8.8
      vertex 11.25 0.834936 8.8
    endloop
  endfacet
  facet normal 0.555583 -0.831461 0
    outer loop
      vertex 11.5219 1.01662 8.8
      vertex 11.25 0.834936 1.8
      vertex 11.5219 1.01662 1.8
    endloop
  endfacet
  facet normal 0.751873 -0.659307 0
    outer loop
      vertex 11.7678 1.23223 8.8
      vertex 11.9834 1.4781 1.8
      vertex 11.9834 1.4781 8.8
    endloop
  endfacet
  facet normal 0.751873 -0.659307 0
    outer loop
      vertex 11.9834 1.4781 1.8
      vertex 11.7678 1.23223 8.8
      vertex 11.7678 1.23223 1.8
    endloop
  endfacet
  facet normal 0.321387 0.946948 -0
    outer loop
      vertex 10.9567 5.3097 1.8
      vertex 10.647 5.41481 8.8
      vertex 10.9567 5.3097 8.8
    endloop
  endfacet
  facet normal 0.321387 0.946948 0
    outer loop
      vertex 10.647 5.41481 8.8
      vertex 10.9567 5.3097 1.8
      vertex 10.647 5.41481 1.8
    endloop
  endfacet
  facet normal -0.980785 0.195093 0
    outer loop
      vertex 7.52139 3.32631 1.8
      vertex 7.58519 3.64705 8.8
      vertex 7.58519 3.64705 1.8
    endloop
  endfacet
  facet normal -0.980785 0.195093 0
    outer loop
      vertex 7.58519 3.64705 8.8
      vertex 7.52139 3.32631 1.8
      vertex 7.52139 3.32631 8.8
    endloop
  endfacet
  facet normal 0.896915 0.442204 0
    outer loop
      vertex 12.3097 3.95671 8.8
      vertex 12.1651 4.25 1.8
      vertex 12.1651 4.25 8.8
    endloop
  endfacet
  facet normal 0.896915 0.442204 0
    outer loop
      vertex 12.1651 4.25 1.8
      vertex 12.3097 3.95671 8.8
      vertex 12.3097 3.95671 1.8
    endloop
  endfacet
  facet normal 0.0654036 -0.997859 0
    outer loop
      vertex 10 0.5 1.8
      vertex 10.3263 0.521387 8.8
      vertex 10 0.5 8.8
    endloop
  endfacet
  facet normal 0.0654036 -0.997859 0
    outer loop
      vertex 10.3263 0.521387 8.8
      vertex 10 0.5 1.8
      vertex 10.3263 0.521387 1.8
    endloop
  endfacet
  facet normal 0.751873 0.659307 0
    outer loop
      vertex 11.9834 4.5219 8.8
      vertex 11.7678 4.76777 1.8
      vertex 11.7678 4.76777 8.8
    endloop
  endfacet
  facet normal 0.751873 0.659307 0
    outer loop
      vertex 11.7678 4.76777 1.8
      vertex 11.9834 4.5219 8.8
      vertex 11.9834 4.5219 1.8
    endloop
  endfacet
  facet normal 0.946944 0.321397 0
    outer loop
      vertex 12.4148 3.64705 8.8
      vertex 12.3097 3.95671 1.8
      vertex 12.3097 3.95671 8.8
    endloop
  endfacet
  facet normal 0.946944 0.321397 0
    outer loop
      vertex 12.3097 3.95671 1.8
      vertex 12.4148 3.64705 8.8
      vertex 12.4148 3.64705 1.8
    endloop
  endfacet
  facet normal -0.195099 0.980784 0
    outer loop
      vertex 9.67368 5.47861 1.8
      vertex 9.35295 5.41481 8.8
      vertex 9.67368 5.47861 8.8
    endloop
  endfacet
  facet normal -0.195099 0.980784 0
    outer loop
      vertex 9.35295 5.41481 8.8
      vertex 9.67368 5.47861 1.8
      vertex 9.35295 5.41481 1.8
    endloop
  endfacet
  facet normal -0.896866 0.442302 0
    outer loop
      vertex 7.6903 3.95671 1.8
      vertex 7.83494 4.25 8.8
      vertex 7.83494 4.25 1.8
    endloop
  endfacet
  facet normal -0.896866 0.442302 0
    outer loop
      vertex 7.83494 4.25 8.8
      vertex 7.6903 3.95671 1.8
      vertex 7.6903 3.95671 8.8
    endloop
  endfacet
  facet normal -0.195093 -0.980785 0
    outer loop
      vertex 9.35295 0.585185 1.8
      vertex 9.67368 0.521387 8.8
      vertex 9.35295 0.585185 8.8
    endloop
  endfacet
  facet normal -0.195093 -0.980785 -0
    outer loop
      vertex 9.67368 0.521387 8.8
      vertex 9.35295 0.585185 1.8
      vertex 9.67368 0.521387 1.8
    endloop
  endfacet
  facet normal 0 0 1
    outer loop
      vertex 11.2 3 8.8
      vertex 12.5 3 8.8
      vertex 12.4786 3.32631 8.8
    endloop
  endfacet
  facet normal 0 0 1
    outer loop
      vertex 11.1897 3.15663 8.8
      vertex 12.4786 3.32631 8.8
      vertex 12.4148 3.64705 8.8
    endloop
  endfacet
  facet normal 0 0 1
    outer loop
      vertex 12.5 3 8.8
      vertex 11.2 3 8.8
      vertex 12.4786 2.67368 8.8
    endloop
  endfacet
  facet normal 0 0 1
    outer loop
      vertex 11.1591 3.31058 8.8
      vertex 12.4148 3.64705 8.8
      vertex 12.3097 3.95671 8.8
    endloop
  endfacet
  facet normal -0 0 1
    outer loop
      vertex 11.1897 2.84337 8.8
      vertex 12.4786 2.67368 8.8
      vertex 11.2 3 8.8
    endloop
  endfacet
  facet normal 0 0 1
    outer loop
      vertex 11.1087 3.45922 8.8
      vertex 12.3097 3.95671 8.8
      vertex 12.1651 4.25 8.8
    endloop
  endfacet
  facet normal 0 0 1
    outer loop
      vertex 12.4786 2.67368 8.8
      vertex 11.1897 2.84337 8.8
      vertex 12.4148 2.35295 8.8
    endloop
  endfacet
  facet normal 0 0 1
    outer loop
      vertex 11.0392 3.6 8.8
      vertex 12.1651 4.25 8.8
      vertex 11.9834 4.5219 8.8
    endloop
  endfacet
  facet normal -0 0 1
    outer loop
      vertex 11.1591 2.68942 8.8
      vertex 12.4148 2.35295 8.8
      vertex 11.1897 2.84337 8.8
    endloop
  endfacet
  facet normal 0 0 1
    outer loop
      vertex 10.952 3.73051 8.8
      vertex 11.9834 4.5219 8.8
      vertex 11.7678 4.76777 8.8
    endloop
  endfacet
  facet normal 0 0 1
    outer loop
      vertex 12.4148 2.35295 8.8
      vertex 11.1591 2.68942 8.8
      vertex 12.3097 2.04329 8.8
    endloop
  endfacet
  facet normal 0 0 1
    outer loop
      vertex 10.8485 3.84853 8.8
      vertex 11.7678 4.76777 8.8
      vertex 11.5219 4.98338 8.8
    endloop
  endfacet
  facet normal -0 0 1
    outer loop
      vertex 11.1087 2.54078 8.8
      vertex 12.3097 2.04329 8.8
      vertex 11.1591 2.68942 8.8
    endloop
  endfacet
  facet normal 0 0 1
    outer loop
      vertex 10.7305 3.95202 8.8
      vertex 11.5219 4.98338 8.8
      vertex 11.25 5.16506 8.8
    endloop
  endfacet
  facet normal 0 0 1
    outer loop
      vertex 12.3097 2.04329 8.8
      vertex 11.1087 2.54078 8.8
      vertex 12.1651 1.75 8.8
    endloop
  endfacet
  facet normal -0 0 1
    outer loop
      vertex 11.0392 2.4 8.8
      vertex 12.1651 1.75 8.8
      vertex 11.1087 2.54078 8.8
    endloop
  endfacet
  facet normal 0 0 1
    outer loop
      vertex 12.4786 3.32631 8.8
      vertex 11.1897 3.15663 8.8
      vertex 11.2 3 8.8
    endloop
  endfacet
  facet normal 0 0 1
    outer loop
      vertex 12.4148 3.64705 8.8
      vertex 11.1591 3.31058 8.8
      vertex 11.1897 3.15663 8.8
    endloop
  endfacet
  facet normal 0 0 1
    outer loop
      vertex 12.3097 3.95671 8.8
      vertex 11.1087 3.45922 8.8
      vertex 11.1591 3.31058 8.8
    endloop
  endfacet
  facet normal 0 0 1
    outer loop
      vertex 12.1651 4.25 8.8
      vertex 11.0392 3.6 8.8
      vertex 11.1087 3.45922 8.8
    endloop
  endfacet
  facet normal 0 0 1
    outer loop
      vertex 10.6 4.03923 8.8
      vertex 11.25 5.16506 8.8
      vertex 10.9567 5.3097 8.8
    endloop
  endfacet
  facet normal 0 0 1
    outer loop
      vertex 11.9834 4.5219 8.8
      vertex 10.952 3.73051 8.8
      vertex 11.0392 3.6 8.8
    endloop
  endfacet
  facet normal 0 0 1
    outer loop
      vertex 11.7678 4.76777 8.8
      vertex 10.8485 3.84853 8.8
      vertex 10.952 3.73051 8.8
    endloop
  endfacet
  facet normal 0 0 1
    outer loop
      vertex 11.5219 4.98338 8.8
      vertex 10.7305 3.95202 8.8
      vertex 10.8485 3.84853 8.8
    endloop
  endfacet
  facet normal 0 0 1
    outer loop
      vertex 10.4592 4.10865 8.8
      vertex 10.9567 5.3097 8.8
      vertex 10.647 5.41481 8.8
    endloop
  endfacet
  facet normal 0 0 1
    outer loop
      vertex 11.25 5.16506 8.8
      vertex 10.6 4.03923 8.8
      vertex 10.7305 3.95202 8.8
    endloop
  endfacet
  facet normal 0 0 1
    outer loop
      vertex 10.9567 5.3097 8.8
      vertex 10.4592 4.10865 8.8
      vertex 10.6 4.03923 8.8
    endloop
  endfacet
  facet normal 0 0 1
    outer loop
      vertex 10.3106 4.15911 8.8
      vertex 10.647 5.41481 8.8
      vertex 10.3263 5.47861 8.8
    endloop
  endfacet
  facet normal 0 0 1
    outer loop
      vertex 10.647 5.41481 8.8
      vertex 10.3106 4.15911 8.8
      vertex 10.4592 4.10865 8.8
    endloop
  endfacet
  facet normal 0 0 1
    outer loop
      vertex 10.3263 5.47861 8.8
      vertex 10.1566 4.18973 8.8
      vertex 10.3106 4.15911 8.8
    endloop
  endfacet
  facet normal 0 0 1
    outer loop
      vertex 10 5.5 8.8
      vertex 10.1566 4.18973 8.8
      vertex 10.3263 5.47861 8.8
    endloop
  endfacet
  facet normal 0 0 1
    outer loop
      vertex 10 5.5 8.8
      vertex 10 4.2 8.8
      vertex 10.1566 4.18973 8.8
    endloop
  endfacet
  facet normal 0 0 1
    outer loop
      vertex 10 5.5 8.8
      vertex 9.84337 4.18973 8.8
      vertex 10 4.2 8.8
    endloop
  endfacet
  facet normal -0 0 1
    outer loop
      vertex 9.67368 5.47861 8.8
      vertex 9.84337 4.18973 8.8
      vertex 10 5.5 8.8
    endloop
  endfacet
  facet normal 0 0 1
    outer loop
      vertex 9.84337 4.18973 8.8
      vertex 9.67368 5.47861 8.8
      vertex 9.68942 4.15911 8.8
    endloop
  endfacet
  facet normal -0 0 1
    outer loop
      vertex 9.35295 5.41481 8.8
      vertex 9.68942 4.15911 8.8
      vertex 9.67368 5.47861 8.8
    endloop
  endfacet
  facet normal 0 0 1
    outer loop
      vertex 9.68942 4.15911 8.8
      vertex 9.35295 5.41481 8.8
      vertex 9.54078 4.10865 8.8
    endloop
  endfacet
  facet normal -0 0 1
    outer loop
      vertex 9.04329 5.3097 8.8
      vertex 9.54078 4.10865 8.8
      vertex 9.35295 5.41481 8.8
    endloop
  endfacet
  facet normal 0 0 1
    outer loop
      vertex 9.54078 4.10865 8.8
      vertex 9.04329 5.3097 8.8
      vertex 9.4 4.03923 8.8
    endloop
  endfacet
  facet normal -0 0 1
    outer loop
      vertex 8.75 5.16506 8.8
      vertex 9.4 4.03923 8.8
      vertex 9.04329 5.3097 8.8
    endloop
  endfacet
  facet normal 0 0 1
    outer loop
      vertex 9.4 4.03923 8.8
      vertex 8.75 5.16506 8.8
      vertex 9.26949 3.95202 8.8
    endloop
  endfacet
  facet normal -0 0 1
    outer loop
      vertex 8.4781 4.98338 8.8
      vertex 9.26949 3.95202 8.8
      vertex 8.75 5.16506 8.8
    endloop
  endfacet
  facet normal 0 0 1
    outer loop
      vertex 9.26949 3.95202 8.8
      vertex 8.4781 4.98338 8.8
      vertex 9.15147 3.84853 8.8
    endloop
  endfacet
  facet normal -0 0 1
    outer loop
      vertex 8.23223 4.76777 8.8
      vertex 9.15147 3.84853 8.8
      vertex 8.4781 4.98338 8.8
    endloop
  endfacet
  facet normal 0 0 1
    outer loop
      vertex 9.15147 3.84853 8.8
      vertex 8.23223 4.76777 8.8
      vertex 9.04798 3.73051 8.8
    endloop
  endfacet
  facet normal -0 0 1
    outer loop
      vertex 8.01662 4.5219 8.8
      vertex 9.04798 3.73051 8.8
      vertex 8.23223 4.76777 8.8
    endloop
  endfacet
  facet normal -0 0 1
    outer loop
      vertex 7.83494 4.25 8.8
      vertex 8.96077 3.6 8.8
      vertex 8.01662 4.5219 8.8
    endloop
  endfacet
  facet normal 0 0 1
    outer loop
      vertex 9.04798 3.73051 8.8
      vertex 8.01662 4.5219 8.8
      vertex 8.96077 3.6 8.8
    endloop
  endfacet
  facet normal 0 0 1
    outer loop
      vertex 12.1651 1.75 8.8
      vertex 11.0392 2.4 8.8
      vertex 11.9834 1.4781 8.8
    endloop
  endfacet
  facet normal -0 0 1
    outer loop
      vertex 10.952 2.26949 8.8
      vertex 11.9834 1.4781 8.8
      vertex 11.0392 2.4 8.8
    endloop
  endfacet
  facet normal 0 0 1
    outer loop
      vertex 11.9834 1.4781 8.8
      vertex 10.952 2.26949 8.8
      vertex 11.7678 1.23223 8.8
    endloop
  endfacet
  facet normal -0 0 1
    outer loop
      vertex 10.8485 2.15147 8.8
      vertex 11.7678 1.23223 8.8
      vertex 10.952 2.26949 8.8
    endloop
  endfacet
  facet normal 0 0 1
    outer loop
      vertex 11.7678 1.23223 8.8
      vertex 10.8485 2.15147 8.8
      vertex 11.5219 1.01662 8.8
    endloop
  endfacet
  facet normal -0 0 1
    outer loop
      vertex 10.7305 2.04798 8.8
      vertex 11.5219 1.01662 8.8
      vertex 10.8485 2.15147 8.8
    endloop
  endfacet
  facet normal 0 0 1
    outer loop
      vertex 11.5219 1.01662 8.8
      vertex 10.7305 2.04798 8.8
      vertex 11.25 0.834936 8.8
    endloop
  endfacet
  facet normal -0 0 1
    outer loop
      vertex 10.6 1.96077 8.8
      vertex 11.25 0.834936 8.8
      vertex 10.7305 2.04798 8.8
    endloop
  endfacet
  facet normal 0 0 1
    outer loop
      vertex 11.25 0.834936 8.8
      vertex 10.6 1.96077 8.8
      vertex 10.9567 0.690301 8.8
    endloop
  endfacet
  facet normal -0 0 1
    outer loop
      vertex 10.4592 1.89134 8.8
      vertex 10.9567 0.690301 8.8
      vertex 10.6 1.96077 8.8
    endloop
  endfacet
  facet normal 0 0 1
    outer loop
      vertex 10.9567 0.690301 8.8
      vertex 10.4592 1.89134 8.8
      vertex 10.647 0.585185 8.8
    endloop
  endfacet
  facet normal -0 0 1
    outer loop
      vertex 10.3106 1.84089 8.8
      vertex 10.647 0.585185 8.8
      vertex 10.4592 1.89134 8.8
    endloop
  endfacet
  facet normal 0 0 1
    outer loop
      vertex 10.647 0.585185 8.8
      vertex 10.3106 1.84089 8.8
      vertex 10.3263 0.521387 8.8
    endloop
  endfacet
  facet normal -0 0 1
    outer loop
      vertex 10.1566 1.81027 8.8
      vertex 10.3263 0.521387 8.8
      vertex 10.3106 1.84089 8.8
    endloop
  endfacet
  facet normal -0 0 1
    outer loop
      vertex 10 1.8 8.8
      vertex 10.3263 0.521387 8.8
      vertex 10.1566 1.81027 8.8
    endloop
  endfacet
  facet normal 0 0 1
    outer loop
      vertex 10 1.8 8.8
      vertex 10 0.5 8.8
      vertex 10.3263 0.521387 8.8
    endloop
  endfacet
  facet normal 0 0 1
    outer loop
      vertex 9.84337 1.81027 8.8
      vertex 10 0.5 8.8
      vertex 10 1.8 8.8
    endloop
  endfacet
  facet normal 0 0 1
    outer loop
      vertex 9.67368 0.521387 8.8
      vertex 9.84337 1.81027 8.8
      vertex 9.68942 1.84089 8.8
    endloop
  endfacet
  facet normal 0 0 1
    outer loop
      vertex 9.84337 1.81027 8.8
      vertex 9.67368 0.521387 8.8
      vertex 10 0.5 8.8
    endloop
  endfacet
  facet normal 0 0 1
    outer loop
      vertex 9.35295 0.585185 8.8
      vertex 9.68942 1.84089 8.8
      vertex 9.54078 1.89134 8.8
    endloop
  endfacet
  facet normal 0 0 1
    outer loop
      vertex 9.04329 0.690301 8.8
      vertex 9.54078 1.89134 8.8
      vertex 9.4 1.96077 8.8
    endloop
  endfacet
  facet normal 0 0 1
    outer loop
      vertex 9.68942 1.84089 8.8
      vertex 9.35295 0.585185 8.8
      vertex 9.67368 0.521387 8.8
    endloop
  endfacet
  facet normal 0 0 1
    outer loop
      vertex 8.75 0.834936 8.8
      vertex 9.4 1.96077 8.8
      vertex 9.26949 2.04798 8.8
    endloop
  endfacet
  facet normal 0 0 1
    outer loop
      vertex 8.4781 1.01662 8.8
      vertex 9.26949 2.04798 8.8
      vertex 9.15147 2.15147 8.8
    endloop
  endfacet
  facet normal 0 0 1
    outer loop
      vertex 8.23223 1.23223 8.8
      vertex 9.15147 2.15147 8.8
      vertex 9.04798 2.26949 8.8
    endloop
  endfacet
  facet normal 0 0 1
    outer loop
      vertex 9.54078 1.89134 8.8
      vertex 9.04329 0.690301 8.8
      vertex 9.35295 0.585185 8.8
    endloop
  endfacet
  facet normal 0 0 1
    outer loop
      vertex 8.01662 1.4781 8.8
      vertex 9.04798 2.26949 8.8
      vertex 8.96077 2.4 8.8
    endloop
  endfacet
  facet normal 0 0 1
    outer loop
      vertex 7.83494 1.75 8.8
      vertex 8.96077 2.4 8.8
      vertex 8.89134 2.54078 8.8
    endloop
  endfacet
  facet normal 0 0 1
    outer loop
      vertex 7.6903 2.04329 8.8
      vertex 8.89134 2.54078 8.8
      vertex 8.84089 2.68942 8.8
    endloop
  endfacet
  facet normal 0 0 1
    outer loop
      vertex 7.58519 2.35295 8.8
      vertex 8.84089 2.68942 8.8
      vertex 8.81027 2.84337 8.8
    endloop
  endfacet
  facet normal 0 0 1
    outer loop
      vertex 9.4 1.96077 8.8
      vertex 8.75 0.834936 8.8
      vertex 9.04329 0.690301 8.8
    endloop
  endfacet
  facet normal 0 0 1
    outer loop
      vertex 7.52139 2.67368 8.8
      vertex 8.81027 2.84337 8.8
      vertex 8.8 3 8.8
    endloop
  endfacet
  facet normal 0 0 1
    outer loop
      vertex 8.96077 3.6 8.8
      vertex 7.83494 4.25 8.8
      vertex 8.89134 3.45922 8.8
    endloop
  endfacet
  facet normal -0 0 1
    outer loop
      vertex 7.6903 3.95671 8.8
      vertex 8.89134 3.45922 8.8
      vertex 7.83494 4.25 8.8
    endloop
  endfacet
  facet normal 0 0 1
    outer loop
      vertex 9.26949 2.04798 8.8
      vertex 8.4781 1.01662 8.8
      vertex 8.75 0.834936 8.8
    endloop
  endfacet
  facet normal 0 0 1
    outer loop
      vertex 8.89134 3.45922 8.8
      vertex 7.6903 3.95671 8.8
      vertex 8.84089 3.31058 8.8
    endloop
  endfacet
  facet normal 0 0 1
    outer loop
      vertex 9.15147 2.15147 8.8
      vertex 8.23223 1.23223 8.8
      vertex 8.4781 1.01662 8.8
    endloop
  endfacet
  facet normal -0 0 1
    outer loop
      vertex 7.58519 3.64705 8.8
      vertex 8.84089 3.31058 8.8
      vertex 7.6903 3.95671 8.8
    endloop
  endfacet
  facet normal 0 0 1
    outer loop
      vertex 9.04798 2.26949 8.8
      vertex 8.01662 1.4781 8.8
      vertex 8.23223 1.23223 8.8
    endloop
  endfacet
  facet normal 0 0 1
    outer loop
      vertex 8.84089 3.31058 8.8
      vertex 7.58519 3.64705 8.8
      vertex 8.81027 3.15663 8.8
    endloop
  endfacet
  facet normal 0 0 1
    outer loop
      vertex 8.96077 2.4 8.8
      vertex 7.83494 1.75 8.8
      vertex 8.01662 1.4781 8.8
    endloop
  endfacet
  facet normal -0 0 1
    outer loop
      vertex 7.52139 3.32631 8.8
      vertex 8.81027 3.15663 8.8
      vertex 7.58519 3.64705 8.8
    endloop
  endfacet
  facet normal 0 0 1
    outer loop
      vertex 8.89134 2.54078 8.8
      vertex 7.6903 2.04329 8.8
      vertex 7.83494 1.75 8.8
    endloop
  endfacet
  facet normal 0 0 1
    outer loop
      vertex 8.81027 3.15663 8.8
      vertex 7.52139 3.32631 8.8
      vertex 8.8 3 8.8
    endloop
  endfacet
  facet normal 0 0 1
    outer loop
      vertex 8.84089 2.68942 8.8
      vertex 7.58519 2.35295 8.8
      vertex 7.6903 2.04329 8.8
    endloop
  endfacet
  facet normal 0 0 1
    outer loop
      vertex 7.5 3 8.8
      vertex 8.8 3 8.8
      vertex 7.52139 3.32631 8.8
    endloop
  endfacet
  facet normal 0 0 1
    outer loop
      vertex 8.81027 2.84337 8.8
      vertex 7.52139 2.67368 8.8
      vertex 7.58519 2.35295 8.8
    endloop
  endfacet
  facet normal 0 0 1
    outer loop
      vertex 8.8 3 8.8
      vertex 7.5 3 8.8
      vertex 7.52139 2.67368 8.8
    endloop
  endfacet
  facet normal -0.0653996 -0.997859 0
    outer loop
      vertex 9.67368 0.521387 1.8
      vertex 10 0.5 8.8
      vertex 9.67368 0.521387 8.8
    endloop
  endfacet
  facet normal -0.0653996 -0.997859 -0
    outer loop
      vertex 10 0.5 8.8
      vertex 9.67368 0.521387 1.8
      vertex 10 0.5 1.8
    endloop
  endfacet
  facet normal 0.195116 -0.98078 0
    outer loop
      vertex 92.3263 1.52139 1.8
      vertex 92.647 1.58519 8.8
      vertex 92.3263 1.52139 8.8
    endloop
  endfacet
  facet normal 0.195116 -0.98078 0
    outer loop
      vertex 92.647 1.58519 8.8
      vertex 92.3263 1.52139 1.8
      vertex 92.647 1.58519 1.8
    endloop
  endfacet
  facet normal 0.980785 0.195093 0
    outer loop
      vertex 94.4786 4.32631 8.8
      vertex 94.4148 4.64705 1.8
      vertex 94.4148 4.64705 8.8
    endloop
  endfacet
  facet normal 0.980785 0.195093 0
    outer loop
      vertex 94.4148 4.64705 1.8
      vertex 94.4786 4.32631 8.8
      vertex 94.4786 4.32631 1.8
    endloop
  endfacet
  facet normal 0.997856 0.0654412 0
    outer loop
      vertex 94.5 4 8.8
      vertex 94.4786 4.32631 1.8
      vertex 94.4786 4.32631 8.8
    endloop
  endfacet
  facet normal 0.997856 0.0654412 0
    outer loop
      vertex 94.4786 4.32631 1.8
      vertex 94.5 4 8.8
      vertex 94.5 4 1.8
    endloop
  endfacet
  facet normal -0.751873 -0.659307 0
    outer loop
      vertex 90.2322 2.23223 1.8
      vertex 90.0166 2.4781 8.8
      vertex 90.0166 2.4781 1.8
    endloop
  endfacet
  facet normal -0.751873 -0.659307 0
    outer loop
      vertex 90.0166 2.4781 8.8
      vertex 90.2322 2.23223 1.8
      vertex 90.2322 2.23223 8.8
    endloop
  endfacet
  facet normal -0.831438 -0.555617 0
    outer loop
      vertex 90.0166 2.4781 1.8
      vertex 89.8349 2.75 8.8
      vertex 89.8349 2.75 1.8
    endloop
  endfacet
  facet normal -0.831438 -0.555617 0
    outer loop
      vertex 89.8349 2.75 8.8
      vertex 90.0166 2.4781 1.8
      vertex 90.0166 2.4781 8.8
    endloop
  endfacet
  facet normal -0.946944 -0.321397 0
    outer loop
      vertex 89.6903 3.04329 1.8
      vertex 89.5852 3.35295 8.8
      vertex 89.5852 3.35295 1.8
    endloop
  endfacet
  facet normal -0.946944 -0.321397 0
    outer loop
      vertex 89.5852 3.35295 8.8
      vertex 89.6903 3.04329 1.8
      vertex 89.6903 3.04329 8.8
    endloop
  endfacet
  facet normal 0.946944 -0.321397 0
    outer loop
      vertex 94.3097 3.04329 8.8
      vertex 94.4148 3.35295 1.8
      vertex 94.4148 3.35295 8.8
    endloop
  endfacet
  facet normal 0.946944 -0.321397 0
    outer loop
      vertex 94.4148 3.35295 1.8
      vertex 94.3097 3.04329 8.8
      vertex 94.3097 3.04329 1.8
    endloop
  endfacet
  facet normal -0.195116 -0.98078 0
    outer loop
      vertex 91.353 1.58519 1.8
      vertex 91.6737 1.52139 8.8
      vertex 91.353 1.58519 8.8
    endloop
  endfacet
  facet normal -0.195116 -0.98078 -0
    outer loop
      vertex 91.6737 1.52139 8.8
      vertex 91.353 1.58519 1.8
      vertex 91.6737 1.52139 1.8
    endloop
  endfacet
  facet normal -0.831438 0.555617 0
    outer loop
      vertex 89.8349 5.25 1.8
      vertex 90.0166 5.5219 8.8
      vertex 90.0166 5.5219 1.8
    endloop
  endfacet
  facet normal -0.831438 0.555617 0
    outer loop
      vertex 90.0166 5.5219 8.8
      vertex 89.8349 5.25 1.8
      vertex 89.8349 5.25 8.8
    endloop
  endfacet
  facet normal 0.831438 -0.555617 0
    outer loop
      vertex 93.9834 2.4781 8.8
      vertex 94.1651 2.75 1.8
      vertex 94.1651 2.75 8.8
    endloop
  endfacet
  facet normal 0.831438 -0.555617 0
    outer loop
      vertex 94.1651 2.75 1.8
      vertex 93.9834 2.4781 8.8
      vertex 93.9834 2.4781 1.8
    endloop
  endfacet
  facet normal 0.980784 -0.195099 0
    outer loop
      vertex 94.4148 3.35295 8.8
      vertex 94.4786 3.67368 1.8
      vertex 94.4786 3.67368 8.8
    endloop
  endfacet
  facet normal 0.980784 -0.195099 0
    outer loop
      vertex 94.4786 3.67368 1.8
      vertex 94.4148 3.35295 8.8
      vertex 94.4148 3.35295 1.8
    endloop
  endfacet
  facet normal 0.195116 0.98078 -0
    outer loop
      vertex 92.647 6.41481 1.8
      vertex 92.3263 6.47861 8.8
      vertex 92.647 6.41481 8.8
    endloop
  endfacet
  facet normal 0.195116 0.98078 0
    outer loop
      vertex 92.3263 6.47861 8.8
      vertex 92.647 6.41481 1.8
      vertex 92.3263 6.47861 1.8
    endloop
  endfacet
  facet normal -0.44229 -0.896872 0
    outer loop
      vertex 90.75 1.83494 1.8
      vertex 91.0433 1.6903 8.8
      vertex 90.75 1.83494 8.8
    endloop
  endfacet
  facet normal -0.44229 -0.896872 -0
    outer loop
      vertex 91.0433 1.6903 8.8
      vertex 90.75 1.83494 1.8
      vertex 91.0433 1.6903 1.8
    endloop
  endfacet
  facet normal 0.831438 0.555617 0
    outer loop
      vertex 94.1651 5.25 8.8
      vertex 93.9834 5.5219 1.8
      vertex 93.9834 5.5219 8.8
    endloop
  endfacet
  facet normal 0.831438 0.555617 0
    outer loop
      vertex 93.9834 5.5219 1.8
      vertex 94.1651 5.25 8.8
      vertex 94.1651 5.25 1.8
    endloop
  endfacet
  facet normal -0.555575 0.831466 0
    outer loop
      vertex 90.75 6.16506 1.8
      vertex 90.4781 5.98338 8.8
      vertex 90.75 6.16506 8.8
    endloop
  endfacet
  facet normal -0.555575 0.831466 0
    outer loop
      vertex 90.4781 5.98338 8.8
      vertex 90.75 6.16506 1.8
      vertex 90.4781 5.98338 1.8
    endloop
  endfacet
  facet normal -0.997856 0.0654412 0
    outer loop
      vertex 89.5 4 1.8
      vertex 89.5214 4.32631 8.8
      vertex 89.5214 4.32631 1.8
    endloop
  endfacet
  facet normal -0.997856 0.0654412 0
    outer loop
      vertex 89.5214 4.32631 8.8
      vertex 89.5 4 1.8
      vertex 89.5 4 8.8
    endloop
  endfacet
  facet normal -0.321387 -0.946948 0
    outer loop
      vertex 91.0433 1.6903 1.8
      vertex 91.353 1.58519 8.8
      vertex 91.0433 1.6903 8.8
    endloop
  endfacet
  facet normal -0.321387 -0.946948 -0
    outer loop
      vertex 91.353 1.58519 8.8
      vertex 91.0433 1.6903 1.8
      vertex 91.353 1.58519 1.8
    endloop
  endfacet
  facet normal -0.321387 0.946948 0
    outer loop
      vertex 91.353 6.41481 1.8
      vertex 91.0433 6.3097 8.8
      vertex 91.353 6.41481 8.8
    endloop
  endfacet
  facet normal -0.321387 0.946948 0
    outer loop
      vertex 91.0433 6.3097 8.8
      vertex 91.353 6.41481 1.8
      vertex 91.0433 6.3097 1.8
    endloop
  endfacet
  facet normal -0.0654128 -0.997858 0
    outer loop
      vertex 91.6737 1.52139 1.8
      vertex 92 1.5 8.8
      vertex 91.6737 1.52139 8.8
    endloop
  endfacet
  facet normal -0.0654128 -0.997858 -0
    outer loop
      vertex 92 1.5 8.8
      vertex 91.6737 1.52139 1.8
      vertex 92 1.5 1.8
    endloop
  endfacet
  facet normal -0.659279 0.751898 0
    outer loop
      vertex 90.4781 5.98338 1.8
      vertex 90.2322 5.76777 8.8
      vertex 90.4781 5.98338 8.8
    endloop
  endfacet
  facet normal -0.659279 0.751898 0
    outer loop
      vertex 90.2322 5.76777 8.8
      vertex 90.4781 5.98338 1.8
      vertex 90.2322 5.76777 1.8
    endloop
  endfacet
  facet normal 0.659279 0.751898 -0
    outer loop
      vertex 93.7678 5.76777 1.8
      vertex 93.5219 5.98338 8.8
      vertex 93.7678 5.76777 8.8
    endloop
  endfacet
  facet normal 0.659279 0.751898 0
    outer loop
      vertex 93.5219 5.98338 8.8
      vertex 93.7678 5.76777 1.8
      vertex 93.5219 5.98338 1.8
    endloop
  endfacet
  facet normal 0.44229 0.896872 -0
    outer loop
      vertex 93.25 6.16506 1.8
      vertex 92.9567 6.3097 8.8
      vertex 93.25 6.16506 8.8
    endloop
  endfacet
  facet normal 0.44229 0.896872 0
    outer loop
      vertex 92.9567 6.3097 8.8
      vertex 93.25 6.16506 1.8
      vertex 92.9567 6.3097 1.8
    endloop
  endfacet
  facet normal 0.997857 -0.0654392 0
    outer loop
      vertex 94.4786 3.67368 8.8
      vertex 94.5 4 1.8
      vertex 94.5 4 8.8
    endloop
  endfacet
  facet normal 0.997857 -0.0654392 0
    outer loop
      vertex 94.5 4 1.8
      vertex 94.4786 3.67368 8.8
      vertex 94.4786 3.67368 1.8
    endloop
  endfacet
  facet normal 0.0654128 0.997858 -0
    outer loop
      vertex 92.3263 6.47861 1.8
      vertex 92 6.5 8.8
      vertex 92.3263 6.47861 8.8
    endloop
  endfacet
  facet normal 0.0654128 0.997858 0
    outer loop
      vertex 92 6.5 8.8
      vertex 92.3263 6.47861 1.8
      vertex 92 6.5 1.8
    endloop
  endfacet
  facet normal -0.751873 0.659307 0
    outer loop
      vertex 90.0166 5.5219 1.8
      vertex 90.2322 5.76777 8.8
      vertex 90.2322 5.76777 1.8
    endloop
  endfacet
  facet normal -0.751873 0.659307 0
    outer loop
      vertex 90.2322 5.76777 8.8
      vertex 90.0166 5.5219 1.8
      vertex 90.0166 5.5219 8.8
    endloop
  endfacet
  facet normal -0.946944 0.321397 0
    outer loop
      vertex 89.5852 4.64705 1.8
      vertex 89.6903 4.95671 8.8
      vertex 89.6903 4.95671 1.8
    endloop
  endfacet
  facet normal -0.946944 0.321397 0
    outer loop
      vertex 89.6903 4.95671 8.8
      vertex 89.5852 4.64705 1.8
      vertex 89.5852 4.64705 8.8
    endloop
  endfacet
  facet normal -0.997857 -0.0654392 0
    outer loop
      vertex 89.5214 3.67368 1.8
      vertex 89.5 4 8.8
      vertex 89.5 4 1.8
    endloop
  endfacet
  facet normal -0.997857 -0.0654392 0
    outer loop
      vertex 89.5 4 8.8
      vertex 89.5214 3.67368 1.8
      vertex 89.5214 3.67368 8.8
    endloop
  endfacet
  facet normal 0.555575 0.831466 -0
    outer loop
      vertex 93.5219 5.98338 1.8
      vertex 93.25 6.16506 8.8
      vertex 93.5219 5.98338 8.8
    endloop
  endfacet
  facet normal 0.555575 0.831466 0
    outer loop
      vertex 93.25 6.16506 8.8
      vertex 93.5219 5.98338 1.8
      vertex 93.25 6.16506 1.8
    endloop
  endfacet
  facet normal 0.896915 -0.442204 0
    outer loop
      vertex 94.1651 2.75 8.8
      vertex 94.3097 3.04329 1.8
      vertex 94.3097 3.04329 8.8
    endloop
  endfacet
  facet normal 0.896915 -0.442204 0
    outer loop
      vertex 94.3097 3.04329 1.8
      vertex 94.1651 2.75 8.8
      vertex 94.1651 2.75 1.8
    endloop
  endfacet
  facet normal -0.980784 -0.195099 0
    outer loop
      vertex 89.5852 3.35295 1.8
      vertex 89.5214 3.67368 8.8
      vertex 89.5214 3.67368 1.8
    endloop
  endfacet
  facet normal -0.980784 -0.195099 0
    outer loop
      vertex 89.5214 3.67368 8.8
      vertex 89.5852 3.35295 1.8
      vertex 89.5852 3.35295 8.8
    endloop
  endfacet
  facet normal -0.44229 0.896872 0
    outer loop
      vertex 91.0433 6.3097 1.8
      vertex 90.75 6.16506 8.8
      vertex 91.0433 6.3097 8.8
    endloop
  endfacet
  facet normal -0.44229 0.896872 0
    outer loop
      vertex 90.75 6.16506 8.8
      vertex 91.0433 6.3097 1.8
      vertex 90.75 6.16506 1.8
    endloop
  endfacet
  facet normal 0.321387 -0.946948 0
    outer loop
      vertex 92.647 1.58519 1.8
      vertex 92.9567 1.6903 8.8
      vertex 92.647 1.58519 8.8
    endloop
  endfacet
  facet normal 0.321387 -0.946948 0
    outer loop
      vertex 92.9567 1.6903 8.8
      vertex 92.647 1.58519 1.8
      vertex 92.9567 1.6903 1.8
    endloop
  endfacet
  facet normal -0.0654128 0.997858 0
    outer loop
      vertex 92 6.5 1.8
      vertex 91.6737 6.47861 8.8
      vertex 92 6.5 8.8
    endloop
  endfacet
  facet normal -0.0654128 0.997858 0
    outer loop
      vertex 91.6737 6.47861 8.8
      vertex 92 6.5 1.8
      vertex 91.6737 6.47861 1.8
    endloop
  endfacet
  facet normal 0 0 1
    outer loop
      vertex 93.2 4 8.8
      vertex 94.5 4 8.8
      vertex 94.4786 4.32631 8.8
    endloop
  endfacet
  facet normal 0 0 1
    outer loop
      vertex 93.1897 4.15663 8.8
      vertex 94.4786 4.32631 8.8
      vertex 94.4148 4.64705 8.8
    endloop
  endfacet
  facet normal 0 0 1
    outer loop
      vertex 94.5 4 8.8
      vertex 93.2 4 8.8
      vertex 94.4786 3.67368 8.8
    endloop
  endfacet
  facet normal 0 0 1
    outer loop
      vertex 93.1591 4.31058 8.8
      vertex 94.4148 4.64705 8.8
      vertex 94.3097 4.95671 8.8
    endloop
  endfacet
  facet normal -0 0 1
    outer loop
      vertex 93.1897 3.84337 8.8
      vertex 94.4786 3.67368 8.8
      vertex 93.2 4 8.8
    endloop
  endfacet
  facet normal 0 0 1
    outer loop
      vertex 93.1087 4.45922 8.8
      vertex 94.3097 4.95671 8.8
      vertex 94.1651 5.25 8.8
    endloop
  endfacet
  facet normal 0 0 1
    outer loop
      vertex 94.4786 3.67368 8.8
      vertex 93.1897 3.84337 8.8
      vertex 94.4148 3.35295 8.8
    endloop
  endfacet
  facet normal 0 0 1
    outer loop
      vertex 93.0392 4.6 8.8
      vertex 94.1651 5.25 8.8
      vertex 93.9834 5.5219 8.8
    endloop
  endfacet
  facet normal -0 0 1
    outer loop
      vertex 93.1591 3.68942 8.8
      vertex 94.4148 3.35295 8.8
      vertex 93.1897 3.84337 8.8
    endloop
  endfacet
  facet normal 0 0 1
    outer loop
      vertex 92.952 4.73051 8.8
      vertex 93.9834 5.5219 8.8
      vertex 93.7678 5.76777 8.8
    endloop
  endfacet
  facet normal 0 0 1
    outer loop
      vertex 94.4148 3.35295 8.8
      vertex 93.1591 3.68942 8.8
      vertex 94.3097 3.04329 8.8
    endloop
  endfacet
  facet normal 0 0 1
    outer loop
      vertex 92.8485 4.84853 8.8
      vertex 93.7678 5.76777 8.8
      vertex 93.5219 5.98338 8.8
    endloop
  endfacet
  facet normal -0 0 1
    outer loop
      vertex 93.1087 3.54078 8.8
      vertex 94.3097 3.04329 8.8
      vertex 93.1591 3.68942 8.8
    endloop
  endfacet
  facet normal 0 0 1
    outer loop
      vertex 92.7305 4.95202 8.8
      vertex 93.5219 5.98338 8.8
      vertex 93.25 6.16506 8.8
    endloop
  endfacet
  facet normal 0 0 1
    outer loop
      vertex 94.3097 3.04329 8.8
      vertex 93.1087 3.54078 8.8
      vertex 94.1651 2.75 8.8
    endloop
  endfacet
  facet normal -0 0 1
    outer loop
      vertex 93.0392 3.4 8.8
      vertex 94.1651 2.75 8.8
      vertex 93.1087 3.54078 8.8
    endloop
  endfacet
  facet normal 0 0 1
    outer loop
      vertex 94.4786 4.32631 8.8
      vertex 93.1897 4.15663 8.8
      vertex 93.2 4 8.8
    endloop
  endfacet
  facet normal 0 0 1
    outer loop
      vertex 94.4148 4.64705 8.8
      vertex 93.1591 4.31058 8.8
      vertex 93.1897 4.15663 8.8
    endloop
  endfacet
  facet normal 0 0 1
    outer loop
      vertex 94.3097 4.95671 8.8
      vertex 93.1087 4.45922 8.8
      vertex 93.1591 4.31058 8.8
    endloop
  endfacet
  facet normal 0 0 1
    outer loop
      vertex 94.1651 5.25 8.8
      vertex 93.0392 4.6 8.8
      vertex 93.1087 4.45922 8.8
    endloop
  endfacet
  facet normal 0 0 1
    outer loop
      vertex 92.6 5.03923 8.8
      vertex 93.25 6.16506 8.8
      vertex 92.9567 6.3097 8.8
    endloop
  endfacet
  facet normal 0 0 1
    outer loop
      vertex 93.9834 5.5219 8.8
      vertex 92.952 4.73051 8.8
      vertex 93.0392 4.6 8.8
    endloop
  endfacet
  facet normal 0 0 1
    outer loop
      vertex 93.7678 5.76777 8.8
      vertex 92.8485 4.84853 8.8
      vertex 92.952 4.73051 8.8
    endloop
  endfacet
  facet normal 0 0 1
    outer loop
      vertex 93.5219 5.98338 8.8
      vertex 92.7305 4.95202 8.8
      vertex 92.8485 4.84853 8.8
    endloop
  endfacet
  facet normal 0 0 1
    outer loop
      vertex 92.4592 5.10865 8.8
      vertex 92.9567 6.3097 8.8
      vertex 92.647 6.41481 8.8
    endloop
  endfacet
  facet normal 0 0 1
    outer loop
      vertex 93.25 6.16506 8.8
      vertex 92.6 5.03923 8.8
      vertex 92.7305 4.95202 8.8
    endloop
  endfacet
  facet normal 0 0 1
    outer loop
      vertex 92.9567 6.3097 8.8
      vertex 92.4592 5.10865 8.8
      vertex 92.6 5.03923 8.8
    endloop
  endfacet
  facet normal 0 0 1
    outer loop
      vertex 92.3106 5.15911 8.8
      vertex 92.647 6.41481 8.8
      vertex 92.3263 6.47861 8.8
    endloop
  endfacet
  facet normal 0 0 1
    outer loop
      vertex 92.647 6.41481 8.8
      vertex 92.3106 5.15911 8.8
      vertex 92.4592 5.10865 8.8
    endloop
  endfacet
  facet normal 0 0 1
    outer loop
      vertex 92.3263 6.47861 8.8
      vertex 92.1566 5.18973 8.8
      vertex 92.3106 5.15911 8.8
    endloop
  endfacet
  facet normal 0 0 1
    outer loop
      vertex 92 6.5 8.8
      vertex 92.1566 5.18973 8.8
      vertex 92.3263 6.47861 8.8
    endloop
  endfacet
  facet normal 0 0 1
    outer loop
      vertex 92 6.5 8.8
      vertex 92 5.2 8.8
      vertex 92.1566 5.18973 8.8
    endloop
  endfacet
  facet normal 0 0 1
    outer loop
      vertex 92 6.5 8.8
      vertex 91.8434 5.18973 8.8
      vertex 92 5.2 8.8
    endloop
  endfacet
  facet normal -0 0 1
    outer loop
      vertex 91.6737 6.47861 8.8
      vertex 91.8434 5.18973 8.8
      vertex 92 6.5 8.8
    endloop
  endfacet
  facet normal 0 0 1
    outer loop
      vertex 91.8434 5.18973 8.8
      vertex 91.6737 6.47861 8.8
      vertex 91.6894 5.15911 8.8
    endloop
  endfacet
  facet normal -0 0 1
    outer loop
      vertex 91.353 6.41481 8.8
      vertex 91.6894 5.15911 8.8
      vertex 91.6737 6.47861 8.8
    endloop
  endfacet
  facet normal 0 0 1
    outer loop
      vertex 91.6894 5.15911 8.8
      vertex 91.353 6.41481 8.8
      vertex 91.5408 5.10865 8.8
    endloop
  endfacet
  facet normal -0 0 1
    outer loop
      vertex 91.0433 6.3097 8.8
      vertex 91.5408 5.10865 8.8
      vertex 91.353 6.41481 8.8
    endloop
  endfacet
  facet normal 0 0 1
    outer loop
      vertex 91.5408 5.10865 8.8
      vertex 91.0433 6.3097 8.8
      vertex 91.4 5.03923 8.8
    endloop
  endfacet
  facet normal -0 0 1
    outer loop
      vertex 90.75 6.16506 8.8
      vertex 91.4 5.03923 8.8
      vertex 91.0433 6.3097 8.8
    endloop
  endfacet
  facet normal 0 0 1
    outer loop
      vertex 91.4 5.03923 8.8
      vertex 90.75 6.16506 8.8
      vertex 91.2695 4.95202 8.8
    endloop
  endfacet
  facet normal -0 0 1
    outer loop
      vertex 90.4781 5.98338 8.8
      vertex 91.2695 4.95202 8.8
      vertex 90.75 6.16506 8.8
    endloop
  endfacet
  facet normal 0 0 1
    outer loop
      vertex 91.2695 4.95202 8.8
      vertex 90.4781 5.98338 8.8
      vertex 91.1515 4.84853 8.8
    endloop
  endfacet
  facet normal -0 0 1
    outer loop
      vertex 90.2322 5.76777 8.8
      vertex 91.1515 4.84853 8.8
      vertex 90.4781 5.98338 8.8
    endloop
  endfacet
  facet normal 0 0 1
    outer loop
      vertex 91.1515 4.84853 8.8
      vertex 90.2322 5.76777 8.8
      vertex 91.048 4.73051 8.8
    endloop
  endfacet
  facet normal -0 0 1
    outer loop
      vertex 90.0166 5.5219 8.8
      vertex 91.048 4.73051 8.8
      vertex 90.2322 5.76777 8.8
    endloop
  endfacet
  facet normal -0 0 1
    outer loop
      vertex 89.8349 5.25 8.8
      vertex 90.9608 4.6 8.8
      vertex 90.0166 5.5219 8.8
    endloop
  endfacet
  facet normal 0 0 1
    outer loop
      vertex 91.048 4.73051 8.8
      vertex 90.0166 5.5219 8.8
      vertex 90.9608 4.6 8.8
    endloop
  endfacet
  facet normal 0 0 1
    outer loop
      vertex 94.1651 2.75 8.8
      vertex 93.0392 3.4 8.8
      vertex 93.9834 2.4781 8.8
    endloop
  endfacet
  facet normal -0 0 1
    outer loop
      vertex 92.952 3.26949 8.8
      vertex 93.9834 2.4781 8.8
      vertex 93.0392 3.4 8.8
    endloop
  endfacet
  facet normal 0 0 1
    outer loop
      vertex 93.9834 2.4781 8.8
      vertex 92.952 3.26949 8.8
      vertex 93.7678 2.23223 8.8
    endloop
  endfacet
  facet normal -0 0 1
    outer loop
      vertex 92.8485 3.15147 8.8
      vertex 93.7678 2.23223 8.8
      vertex 92.952 3.26949 8.8
    endloop
  endfacet
  facet normal 0 0 1
    outer loop
      vertex 93.7678 2.23223 8.8
      vertex 92.8485 3.15147 8.8
      vertex 93.5219 2.01662 8.8
    endloop
  endfacet
  facet normal -0 0 1
    outer loop
      vertex 92.7305 3.04798 8.8
      vertex 93.5219 2.01662 8.8
      vertex 92.8485 3.15147 8.8
    endloop
  endfacet
  facet normal 0 0 1
    outer loop
      vertex 93.5219 2.01662 8.8
      vertex 92.7305 3.04798 8.8
      vertex 93.25 1.83494 8.8
    endloop
  endfacet
  facet normal -0 0 1
    outer loop
      vertex 92.6 2.96077 8.8
      vertex 93.25 1.83494 8.8
      vertex 92.7305 3.04798 8.8
    endloop
  endfacet
  facet normal 0 0 1
    outer loop
      vertex 93.25 1.83494 8.8
      vertex 92.6 2.96077 8.8
      vertex 92.9567 1.6903 8.8
    endloop
  endfacet
  facet normal -0 0 1
    outer loop
      vertex 92.4592 2.89134 8.8
      vertex 92.9567 1.6903 8.8
      vertex 92.6 2.96077 8.8
    endloop
  endfacet
  facet normal 0 0 1
    outer loop
      vertex 92.9567 1.6903 8.8
      vertex 92.4592 2.89134 8.8
      vertex 92.647 1.58519 8.8
    endloop
  endfacet
  facet normal -0 0 1
    outer loop
      vertex 92.3106 2.84089 8.8
      vertex 92.647 1.58519 8.8
      vertex 92.4592 2.89134 8.8
    endloop
  endfacet
  facet normal 0 0 1
    outer loop
      vertex 92.647 1.58519 8.8
      vertex 92.3106 2.84089 8.8
      vertex 92.3263 1.52139 8.8
    endloop
  endfacet
  facet normal -0 0 1
    outer loop
      vertex 92.1566 2.81027 8.8
      vertex 92.3263 1.52139 8.8
      vertex 92.3106 2.84089 8.8
    endloop
  endfacet
  facet normal -0 0 1
    outer loop
      vertex 92 2.8 8.8
      vertex 92.3263 1.52139 8.8
      vertex 92.1566 2.81027 8.8
    endloop
  endfacet
  facet normal 0 0 1
    outer loop
      vertex 92 2.8 8.8
      vertex 92 1.5 8.8
      vertex 92.3263 1.52139 8.8
    endloop
  endfacet
  facet normal 0 0 1
    outer loop
      vertex 91.8434 2.81027 8.8
      vertex 92 1.5 8.8
      vertex 92 2.8 8.8
    endloop
  endfacet
  facet normal 0 0 1
    outer loop
      vertex 91.6737 1.52139 8.8
      vertex 91.8434 2.81027 8.8
      vertex 91.6894 2.84089 8.8
    endloop
  endfacet
  facet normal 0 0 1
    outer loop
      vertex 91.8434 2.81027 8.8
      vertex 91.6737 1.52139 8.8
      vertex 92 1.5 8.8
    endloop
  endfacet
  facet normal 0 0 1
    outer loop
      vertex 91.353 1.58519 8.8
      vertex 91.6894 2.84089 8.8
      vertex 91.5408 2.89134 8.8
    endloop
  endfacet
  facet normal 0 0 1
    outer loop
      vertex 91.0433 1.6903 8.8
      vertex 91.5408 2.89134 8.8
      vertex 91.4 2.96077 8.8
    endloop
  endfacet
  facet normal 0 0 1
    outer loop
      vertex 91.6894 2.84089 8.8
      vertex 91.353 1.58519 8.8
      vertex 91.6737 1.52139 8.8
    endloop
  endfacet
  facet normal 0 0 1
    outer loop
      vertex 90.75 1.83494 8.8
      vertex 91.4 2.96077 8.8
      vertex 91.2695 3.04798 8.8
    endloop
  endfacet
  facet normal 0 0 1
    outer loop
      vertex 90.4781 2.01662 8.8
      vertex 91.2695 3.04798 8.8
      vertex 91.1515 3.15147 8.8
    endloop
  endfacet
  facet normal 0 0 1
    outer loop
      vertex 90.2322 2.23223 8.8
      vertex 91.1515 3.15147 8.8
      vertex 91.048 3.26949 8.8
    endloop
  endfacet
  facet normal 0 0 1
    outer loop
      vertex 91.5408 2.89134 8.8
      vertex 91.0433 1.6903 8.8
      vertex 91.353 1.58519 8.8
    endloop
  endfacet
  facet normal 0 0 1
    outer loop
      vertex 90.0166 2.4781 8.8
      vertex 91.048 3.26949 8.8
      vertex 90.9608 3.4 8.8
    endloop
  endfacet
  facet normal 0 0 1
    outer loop
      vertex 89.8349 2.75 8.8
      vertex 90.9608 3.4 8.8
      vertex 90.8913 3.54078 8.8
    endloop
  endfacet
  facet normal 0 0 1
    outer loop
      vertex 89.6903 3.04329 8.8
      vertex 90.8913 3.54078 8.8
      vertex 90.8409 3.68942 8.8
    endloop
  endfacet
  facet normal 0 0 1
    outer loop
      vertex 89.5852 3.35295 8.8
      vertex 90.8409 3.68942 8.8
      vertex 90.8103 3.84337 8.8
    endloop
  endfacet
  facet normal 0 0 1
    outer loop
      vertex 91.4 2.96077 8.8
      vertex 90.75 1.83494 8.8
      vertex 91.0433 1.6903 8.8
    endloop
  endfacet
  facet normal 0 0 1
    outer loop
      vertex 89.5214 3.67368 8.8
      vertex 90.8103 3.84337 8.8
      vertex 90.8 4 8.8
    endloop
  endfacet
  facet normal 0 0 1
    outer loop
      vertex 90.9608 4.6 8.8
      vertex 89.8349 5.25 8.8
      vertex 90.8913 4.45922 8.8
    endloop
  endfacet
  facet normal -0 0 1
    outer loop
      vertex 89.6903 4.95671 8.8
      vertex 90.8913 4.45922 8.8
      vertex 89.8349 5.25 8.8
    endloop
  endfacet
  facet normal 0 0 1
    outer loop
      vertex 91.2695 3.04798 8.8
      vertex 90.4781 2.01662 8.8
      vertex 90.75 1.83494 8.8
    endloop
  endfacet
  facet normal 0 0 1
    outer loop
      vertex 90.8913 4.45922 8.8
      vertex 89.6903 4.95671 8.8
      vertex 90.8409 4.31058 8.8
    endloop
  endfacet
  facet normal 0 0 1
    outer loop
      vertex 91.1515 3.15147 8.8
      vertex 90.2322 2.23223 8.8
      vertex 90.4781 2.01662 8.8
    endloop
  endfacet
  facet normal -0 0 1
    outer loop
      vertex 89.5852 4.64705 8.8
      vertex 90.8409 4.31058 8.8
      vertex 89.6903 4.95671 8.8
    endloop
  endfacet
  facet normal 0 0 1
    outer loop
      vertex 91.048 3.26949 8.8
      vertex 90.0166 2.4781 8.8
      vertex 90.2322 2.23223 8.8
    endloop
  endfacet
  facet normal 0 0 1
    outer loop
      vertex 90.8409 4.31058 8.8
      vertex 89.5852 4.64705 8.8
      vertex 90.8103 4.15663 8.8
    endloop
  endfacet
  facet normal 0 0 1
    outer loop
      vertex 90.9608 3.4 8.8
      vertex 89.8349 2.75 8.8
      vertex 90.0166 2.4781 8.8
    endloop
  endfacet
  facet normal -0 0 1
    outer loop
      vertex 89.5214 4.32631 8.8
      vertex 90.8103 4.15663 8.8
      vertex 89.5852 4.64705 8.8
    endloop
  endfacet
  facet normal 0 0 1
    outer loop
      vertex 90.8913 3.54078 8.8
      vertex 89.6903 3.04329 8.8
      vertex 89.8349 2.75 8.8
    endloop
  endfacet
  facet normal 0 0 1
    outer loop
      vertex 90.8103 4.15663 8.8
      vertex 89.5214 4.32631 8.8
      vertex 90.8 4 8.8
    endloop
  endfacet
  facet normal 0 0 1
    outer loop
      vertex 90.8409 3.68942 8.8
      vertex 89.5852 3.35295 8.8
      vertex 89.6903 3.04329 8.8
    endloop
  endfacet
  facet normal 0 0 1
    outer loop
      vertex 89.5 4 8.8
      vertex 90.8 4 8.8
      vertex 89.5214 4.32631 8.8
    endloop
  endfacet
  facet normal 0 0 1
    outer loop
      vertex 90.8103 3.84337 8.8
      vertex 89.5214 3.67368 8.8
      vertex 89.5852 3.35295 8.8
    endloop
  endfacet
  facet normal 0 0 1
    outer loop
      vertex 90.8 4 8.8
      vertex 89.5 4 8.8
      vertex 89.5214 3.67368 8.8
    endloop
  endfacet
  facet normal 0.44229 -0.896872 0
    outer loop
      vertex 92.9567 1.6903 1.8
      vertex 93.25 1.83494 8.8
      vertex 92.9567 1.6903 8.8
    endloop
  endfacet
  facet normal 0.44229 -0.896872 0
    outer loop
      vertex 93.25 1.83494 8.8
      vertex 92.9567 1.6903 1.8
      vertex 93.25 1.83494 1.8
    endloop
  endfacet
  facet normal -0.555575 -0.831466 0
    outer loop
      vertex 90.4781 2.01662 1.8
      vertex 90.75 1.83494 8.8
      vertex 90.4781 2.01662 8.8
    endloop
  endfacet
  facet normal -0.555575 -0.831466 -0
    outer loop
      vertex 90.75 1.83494 8.8
      vertex 90.4781 2.01662 1.8
      vertex 90.75 1.83494 1.8
    endloop
  endfacet
  facet normal -0.896915 -0.442204 0
    outer loop
      vertex 89.8349 2.75 1.8
      vertex 89.6903 3.04329 8.8
      vertex 89.6903 3.04329 1.8
    endloop
  endfacet
  facet normal -0.896915 -0.442204 0
    outer loop
      vertex 89.6903 3.04329 8.8
      vertex 89.8349 2.75 1.8
      vertex 89.8349 2.75 8.8
    endloop
  endfacet
  facet normal -0.659279 -0.751898 0
    outer loop
      vertex 90.2322 2.23223 1.8
      vertex 90.4781 2.01662 8.8
      vertex 90.2322 2.23223 8.8
    endloop
  endfacet
  facet normal -0.659279 -0.751898 -0
    outer loop
      vertex 90.4781 2.01662 8.8
      vertex 90.2322 2.23223 1.8
      vertex 90.4781 2.01662 1.8
    endloop
  endfacet
  facet normal 0.659279 -0.751898 0
    outer loop
      vertex 93.5219 2.01662 1.8
      vertex 93.7678 2.23223 8.8
      vertex 93.5219 2.01662 8.8
    endloop
  endfacet
  facet normal 0.659279 -0.751898 0
    outer loop
      vertex 93.7678 2.23223 8.8
      vertex 93.5219 2.01662 1.8
      vertex 93.7678 2.23223 1.8
    endloop
  endfacet
  facet normal 0.555575 -0.831466 0
    outer loop
      vertex 93.25 1.83494 1.8
      vertex 93.5219 2.01662 8.8
      vertex 93.25 1.83494 8.8
    endloop
  endfacet
  facet normal 0.555575 -0.831466 0
    outer loop
      vertex 93.5219 2.01662 8.8
      vertex 93.25 1.83494 1.8
      vertex 93.5219 2.01662 1.8
    endloop
  endfacet
  facet normal 0.751873 -0.659307 0
    outer loop
      vertex 93.7678 2.23223 8.8
      vertex 93.9834 2.4781 1.8
      vertex 93.9834 2.4781 8.8
    endloop
  endfacet
  facet normal 0.751873 -0.659307 0
    outer loop
      vertex 93.9834 2.4781 1.8
      vertex 93.7678 2.23223 8.8
      vertex 93.7678 2.23223 1.8
    endloop
  endfacet
  facet normal 0.321387 0.946948 -0
    outer loop
      vertex 92.9567 6.3097 1.8
      vertex 92.647 6.41481 8.8
      vertex 92.9567 6.3097 8.8
    endloop
  endfacet
  facet normal 0.321387 0.946948 0
    outer loop
      vertex 92.647 6.41481 8.8
      vertex 92.9567 6.3097 1.8
      vertex 92.647 6.41481 1.8
    endloop
  endfacet
  facet normal -0.980785 0.195093 0
    outer loop
      vertex 89.5214 4.32631 1.8
      vertex 89.5852 4.64705 8.8
      vertex 89.5852 4.64705 1.8
    endloop
  endfacet
  facet normal -0.980785 0.195093 0
    outer loop
      vertex 89.5852 4.64705 8.8
      vertex 89.5214 4.32631 1.8
      vertex 89.5214 4.32631 8.8
    endloop
  endfacet
  facet normal 0.896915 0.442204 0
    outer loop
      vertex 94.3097 4.95671 8.8
      vertex 94.1651 5.25 1.8
      vertex 94.1651 5.25 8.8
    endloop
  endfacet
  facet normal 0.896915 0.442204 0
    outer loop
      vertex 94.1651 5.25 1.8
      vertex 94.3097 4.95671 8.8
      vertex 94.3097 4.95671 1.8
    endloop
  endfacet
  facet normal 0.0654128 -0.997858 0
    outer loop
      vertex 92 1.5 1.8
      vertex 92.3263 1.52139 8.8
      vertex 92 1.5 8.8
    endloop
  endfacet
  facet normal 0.0654128 -0.997858 0
    outer loop
      vertex 92.3263 1.52139 8.8
      vertex 92 1.5 1.8
      vertex 92.3263 1.52139 1.8
    endloop
  endfacet
  facet normal 0.751873 0.659307 0
    outer loop
      vertex 93.9834 5.5219 8.8
      vertex 93.7678 5.76777 1.8
      vertex 93.7678 5.76777 8.8
    endloop
  endfacet
  facet normal 0.751873 0.659307 0
    outer loop
      vertex 93.7678 5.76777 1.8
      vertex 93.9834 5.5219 8.8
      vertex 93.9834 5.5219 1.8
    endloop
  endfacet
  facet normal 0.946944 0.321397 0
    outer loop
      vertex 94.4148 4.64705 8.8
      vertex 94.3097 4.95671 1.8
      vertex 94.3097 4.95671 8.8
    endloop
  endfacet
  facet normal 0.946944 0.321397 0
    outer loop
      vertex 94.3097 4.95671 1.8
      vertex 94.4148 4.64705 8.8
      vertex 94.4148 4.64705 1.8
    endloop
  endfacet
  facet normal -0.195116 0.98078 0
    outer loop
      vertex 91.6737 6.47861 1.8
      vertex 91.353 6.41481 8.8
      vertex 91.6737 6.47861 8.8
    endloop
  endfacet
  facet normal -0.195116 0.98078 0
    outer loop
      vertex 91.353 6.41481 8.8
      vertex 91.6737 6.47861 1.8
      vertex 91.353 6.41481 1.8
    endloop
  endfacet
  facet normal -0.896915 0.442204 0
    outer loop
      vertex 89.6903 4.95671 1.8
      vertex 89.8349 5.25 8.8
      vertex 89.8349 5.25 1.8
    endloop
  endfacet
  facet normal -0.896915 0.442204 0
    outer loop
      vertex 89.8349 5.25 8.8
      vertex 89.6903 4.95671 1.8
      vertex 89.6903 4.95671 8.8
    endloop
  endfacet
  facet normal 0.195116 -0.98078 0
    outer loop
      vertex 25.3263 43.5214 3.8
      vertex 25.647 43.5852 8.8
      vertex 25.3263 43.5214 8.8
    endloop
  endfacet
  facet normal 0.195116 -0.98078 0
    outer loop
      vertex 25.647 43.5852 8.8
      vertex 25.3263 43.5214 3.8
      vertex 25.647 43.5852 3.8
    endloop
  endfacet
  facet normal 0.98078 0.195116 0
    outer loop
      vertex 27.4786 46.3263 8.8
      vertex 27.4148 46.647 1.8
      vertex 27.4148 46.647 8.8
    endloop
  endfacet
  facet normal 0.98078 0.195116 0
    outer loop
      vertex 27.4148 46.647 1.8
      vertex 27.4786 46.3263 8.8
      vertex 27.4786 46.3263 1.8
    endloop
  endfacet
  facet normal 0.997856 0.0654432 0
    outer loop
      vertex 27.5 46 8.8
      vertex 27.4786 46.3263 1.8
      vertex 27.4786 46.3263 8.8
    endloop
  endfacet
  facet normal 0.997856 0.0654432 0
    outer loop
      vertex 27.4786 46.3263 1.8
      vertex 27.5 46 8.8
      vertex 27.5 46 1.8
    endloop
  endfacet
  facet normal -0.751913 -0.659262 0
    outer loop
      vertex 23.2322 44.2322 1.8
      vertex 23.0166 44.4781 8.8
      vertex 23.0166 44.4781 1.8
    endloop
  endfacet
  facet normal -0.751913 -0.659262 0
    outer loop
      vertex 23.0166 44.4781 8.8
      vertex 23.2322 44.2322 1.8
      vertex 23.2322 44.2322 8.8
    endloop
  endfacet
  facet normal -0.831438 -0.555617 0
    outer loop
      vertex 23.0166 44.4781 1.8
      vertex 22.8349 44.75 8.8
      vertex 22.8349 44.75 1.8
    endloop
  endfacet
  facet normal -0.831438 -0.555617 0
    outer loop
      vertex 22.8349 44.75 8.8
      vertex 23.0166 44.4781 1.8
      vertex 23.0166 44.4781 8.8
    endloop
  endfacet
  facet normal -0.946957 -0.32136 0
    outer loop
      vertex 22.6903 45.0433 1.8
      vertex 22.5852 45.353 8.8
      vertex 22.5852 45.353 1.8
    endloop
  endfacet
  facet normal -0.946957 -0.32136 0
    outer loop
      vertex 22.5852 45.353 8.8
      vertex 22.6903 45.0433 1.8
      vertex 22.6903 45.0433 8.8
    endloop
  endfacet
  facet normal 0.946957 -0.32136 0
    outer loop
      vertex 27.3097 45.0433 8.8
      vertex 27.4148 45.353 1.8
      vertex 27.4148 45.353 8.8
    endloop
  endfacet
  facet normal 0.946957 -0.32136 0
    outer loop
      vertex 27.4148 45.353 1.8
      vertex 27.3097 45.0433 8.8
      vertex 27.3097 45.0433 1.8
    endloop
  endfacet
  facet normal -0.195116 -0.98078 0
    outer loop
      vertex 24.353 43.5852 3.8
      vertex 24.6737 43.5214 8.8
      vertex 24.353 43.5852 8.8
    endloop
  endfacet
  facet normal -0.195116 -0.98078 -0
    outer loop
      vertex 24.6737 43.5214 8.8
      vertex 24.353 43.5852 3.8
      vertex 24.6737 43.5214 3.8
    endloop
  endfacet
  facet normal -0.831438 0.555617 0
    outer loop
      vertex 22.8349 47.25 1.8
      vertex 23.0166 47.5219 8.8
      vertex 23.0166 47.5219 1.8
    endloop
  endfacet
  facet normal -0.831438 0.555617 0
    outer loop
      vertex 23.0166 47.5219 8.8
      vertex 22.8349 47.25 1.8
      vertex 22.8349 47.25 8.8
    endloop
  endfacet
  facet normal 0.831438 -0.555617 0
    outer loop
      vertex 26.9834 44.4781 8.8
      vertex 27.1651 44.75 1.8
      vertex 27.1651 44.75 8.8
    endloop
  endfacet
  facet normal 0.831438 -0.555617 0
    outer loop
      vertex 27.1651 44.75 1.8
      vertex 26.9834 44.4781 8.8
      vertex 26.9834 44.4781 1.8
    endloop
  endfacet
  facet normal 0.98078 -0.195116 0
    outer loop
      vertex 27.4148 45.353 8.8
      vertex 27.4786 45.6737 1.8
      vertex 27.4786 45.6737 8.8
    endloop
  endfacet
  facet normal 0.98078 -0.195116 0
    outer loop
      vertex 27.4786 45.6737 1.8
      vertex 27.4148 45.353 8.8
      vertex 27.4148 45.353 1.8
    endloop
  endfacet
  facet normal 0.195116 0.98078 -0
    outer loop
      vertex 25.647 48.4148 1.8
      vertex 25.3263 48.4786 8.8
      vertex 25.647 48.4148 8.8
    endloop
  endfacet
  facet normal 0.195116 0.98078 0
    outer loop
      vertex 25.3263 48.4786 8.8
      vertex 25.647 48.4148 1.8
      vertex 25.3263 48.4786 1.8
    endloop
  endfacet
  facet normal -0.442191 -0.896921 0
    outer loop
      vertex 23.75 43.8349 3.8
      vertex 24.0433 43.6903 8.8
      vertex 23.75 43.8349 8.8
    endloop
  endfacet
  facet normal -0.442191 -0.896921 -0
    outer loop
      vertex 24.0433 43.6903 8.8
      vertex 23.75 43.8349 3.8
      vertex 24.0433 43.6903 3.8
    endloop
  endfacet
  facet normal 0.831438 0.555617 0
    outer loop
      vertex 27.1651 47.25 8.8
      vertex 26.9834 47.5219 1.8
      vertex 26.9834 47.5219 8.8
    endloop
  endfacet
  facet normal 0.831438 0.555617 0
    outer loop
      vertex 26.9834 47.5219 1.8
      vertex 27.1651 47.25 8.8
      vertex 27.1651 47.25 1.8
    endloop
  endfacet
  facet normal -0.555617 0.831438 0
    outer loop
      vertex 23.75 48.1651 1.8
      vertex 23.4781 47.9834 8.8
      vertex 23.75 48.1651 8.8
    endloop
  endfacet
  facet normal -0.555617 0.831438 0
    outer loop
      vertex 23.4781 47.9834 8.8
      vertex 23.75 48.1651 1.8
      vertex 23.4781 47.9834 1.8
    endloop
  endfacet
  facet normal -0.997856 0.0654432 0
    outer loop
      vertex 22.5 46 1.8
      vertex 22.5214 46.3263 8.8
      vertex 22.5214 46.3263 1.8
    endloop
  endfacet
  facet normal -0.997856 0.0654432 0
    outer loop
      vertex 22.5214 46.3263 8.8
      vertex 22.5 46 1.8
      vertex 22.5 46 8.8
    endloop
  endfacet
  facet normal -0.32136 -0.946957 0
    outer loop
      vertex 24.0433 43.6903 3.8
      vertex 24.353 43.5852 8.8
      vertex 24.0433 43.6903 8.8
    endloop
  endfacet
  facet normal -0.32136 -0.946957 -0
    outer loop
      vertex 24.353 43.5852 8.8
      vertex 24.0433 43.6903 3.8
      vertex 24.353 43.5852 3.8
    endloop
  endfacet
  facet normal -0.32136 0.946957 0
    outer loop
      vertex 24.353 48.4148 1.8
      vertex 24.0433 48.3097 8.8
      vertex 24.353 48.4148 8.8
    endloop
  endfacet
  facet normal -0.32136 0.946957 0
    outer loop
      vertex 24.0433 48.3097 8.8
      vertex 24.353 48.4148 1.8
      vertex 24.0433 48.3097 1.8
    endloop
  endfacet
  facet normal -0.659262 0.751913 0
    outer loop
      vertex 23.4781 47.9834 1.8
      vertex 23.2322 47.7678 8.8
      vertex 23.4781 47.9834 8.8
    endloop
  endfacet
  facet normal -0.659262 0.751913 0
    outer loop
      vertex 23.2322 47.7678 8.8
      vertex 23.4781 47.9834 1.8
      vertex 23.2322 47.7678 1.8
    endloop
  endfacet
  facet normal 0.659262 0.751913 -0
    outer loop
      vertex 26.7678 47.7678 1.8
      vertex 26.5219 47.9834 8.8
      vertex 26.7678 47.7678 8.8
    endloop
  endfacet
  facet normal 0.659262 0.751913 0
    outer loop
      vertex 26.5219 47.9834 8.8
      vertex 26.7678 47.7678 1.8
      vertex 26.5219 47.9834 1.8
    endloop
  endfacet
  facet normal 0.442191 0.896921 -0
    outer loop
      vertex 26.25 48.1651 1.8
      vertex 25.9567 48.3097 8.8
      vertex 26.25 48.1651 8.8
    endloop
  endfacet
  facet normal 0.442191 0.896921 0
    outer loop
      vertex 25.9567 48.3097 8.8
      vertex 26.25 48.1651 1.8
      vertex 25.9567 48.3097 1.8
    endloop
  endfacet
  facet normal 0.997856 -0.0654432 0
    outer loop
      vertex 27.4786 45.6737 8.8
      vertex 27.5 46 1.8
      vertex 27.5 46 8.8
    endloop
  endfacet
  facet normal 0.997856 -0.0654432 0
    outer loop
      vertex 27.5 46 1.8
      vertex 27.4786 45.6737 8.8
      vertex 27.4786 45.6737 1.8
    endloop
  endfacet
  facet normal 0.0654432 0.997856 -0
    outer loop
      vertex 25.3263 48.4786 1.8
      vertex 25 48.5 8.8
      vertex 25.3263 48.4786 8.8
    endloop
  endfacet
  facet normal 0.0654432 0.997856 0
    outer loop
      vertex 25 48.5 8.8
      vertex 25.3263 48.4786 1.8
      vertex 25 48.5 1.8
    endloop
  endfacet
  facet normal -0.751913 0.659262 0
    outer loop
      vertex 23.0166 47.5219 1.8
      vertex 23.2322 47.7678 8.8
      vertex 23.2322 47.7678 1.8
    endloop
  endfacet
  facet normal -0.751913 0.659262 0
    outer loop
      vertex 23.2322 47.7678 8.8
      vertex 23.0166 47.5219 1.8
      vertex 23.0166 47.5219 8.8
    endloop
  endfacet
  facet normal -0.946957 0.32136 0
    outer loop
      vertex 22.5852 46.647 1.8
      vertex 22.6903 46.9567 8.8
      vertex 22.6903 46.9567 1.8
    endloop
  endfacet
  facet normal -0.946957 0.32136 0
    outer loop
      vertex 22.6903 46.9567 8.8
      vertex 22.5852 46.647 1.8
      vertex 22.5852 46.647 8.8
    endloop
  endfacet
  facet normal -0.997856 -0.0654432 0
    outer loop
      vertex 22.5214 45.6737 1.8
      vertex 22.5 46 8.8
      vertex 22.5 46 1.8
    endloop
  endfacet
  facet normal -0.997856 -0.0654432 0
    outer loop
      vertex 22.5 46 8.8
      vertex 22.5214 45.6737 1.8
      vertex 22.5214 45.6737 8.8
    endloop
  endfacet
  facet normal 0.555617 0.831438 -0
    outer loop
      vertex 26.5219 47.9834 1.8
      vertex 26.25 48.1651 8.8
      vertex 26.5219 47.9834 8.8
    endloop
  endfacet
  facet normal 0.555617 0.831438 0
    outer loop
      vertex 26.25 48.1651 8.8
      vertex 26.5219 47.9834 1.8
      vertex 26.25 48.1651 1.8
    endloop
  endfacet
  facet normal 0.896921 -0.442191 0
    outer loop
      vertex 27.1651 44.75 8.8
      vertex 27.3097 45.0433 1.8
      vertex 27.3097 45.0433 8.8
    endloop
  endfacet
  facet normal 0.896921 -0.442191 0
    outer loop
      vertex 27.3097 45.0433 1.8
      vertex 27.1651 44.75 8.8
      vertex 27.1651 44.75 1.8
    endloop
  endfacet
  facet normal -0.98078 -0.195116 0
    outer loop
      vertex 22.5852 45.353 1.8
      vertex 22.5214 45.6737 8.8
      vertex 22.5214 45.6737 1.8
    endloop
  endfacet
  facet normal -0.98078 -0.195116 0
    outer loop
      vertex 22.5214 45.6737 8.8
      vertex 22.5852 45.353 1.8
      vertex 22.5852 45.353 8.8
    endloop
  endfacet
  facet normal -0.442191 0.896921 0
    outer loop
      vertex 24.0433 48.3097 1.8
      vertex 23.75 48.1651 8.8
      vertex 24.0433 48.3097 8.8
    endloop
  endfacet
  facet normal -0.442191 0.896921 0
    outer loop
      vertex 23.75 48.1651 8.8
      vertex 24.0433 48.3097 1.8
      vertex 23.75 48.1651 1.8
    endloop
  endfacet
  facet normal 0.32136 -0.946957 0
    outer loop
      vertex 25.647 43.5852 3.8
      vertex 25.9567 43.6903 8.8
      vertex 25.647 43.5852 8.8
    endloop
  endfacet
  facet normal 0.32136 -0.946957 0
    outer loop
      vertex 25.9567 43.6903 8.8
      vertex 25.647 43.5852 3.8
      vertex 25.9567 43.6903 3.8
    endloop
  endfacet
  facet normal -0.0654432 0.997856 0
    outer loop
      vertex 25 48.5 1.8
      vertex 24.6737 48.4786 8.8
      vertex 25 48.5 8.8
    endloop
  endfacet
  facet normal -0.0654432 0.997856 0
    outer loop
      vertex 24.6737 48.4786 8.8
      vertex 25 48.5 1.8
      vertex 24.6737 48.4786 1.8
    endloop
  endfacet
  facet normal 0 0 1
    outer loop
      vertex 25.9 46 8.8
      vertex 27.5 46 8.8
      vertex 27.4786 46.3263 8.8
    endloop
  endfacet
  facet normal 0 0 1
    outer loop
      vertex 25.8923 46.1175 8.8
      vertex 27.4786 46.3263 8.8
      vertex 27.4148 46.647 8.8
    endloop
  endfacet
  facet normal 0 0 1
    outer loop
      vertex 27.5 46 8.8
      vertex 25.9 46 8.8
      vertex 27.4786 45.6737 8.8
    endloop
  endfacet
  facet normal 0 0 1
    outer loop
      vertex 25.8693 46.2329 8.8
      vertex 27.4148 46.647 8.8
      vertex 27.3097 46.9567 8.8
    endloop
  endfacet
  facet normal -0 0 1
    outer loop
      vertex 25.8923 45.8825 8.8
      vertex 27.4786 45.6737 8.8
      vertex 25.9 46 8.8
    endloop
  endfacet
  facet normal 0 0 1
    outer loop
      vertex 25.8315 46.3444 8.8
      vertex 27.3097 46.9567 8.8
      vertex 27.1651 47.25 8.8
    endloop
  endfacet
  facet normal 0 0 1
    outer loop
      vertex 27.4786 45.6737 8.8
      vertex 25.8923 45.8825 8.8
      vertex 27.4148 45.353 8.8
    endloop
  endfacet
  facet normal 0 0 1
    outer loop
      vertex 25.7794 46.45 8.8
      vertex 27.1651 47.25 8.8
      vertex 26.9834 47.5219 8.8
    endloop
  endfacet
  facet normal -0 0 1
    outer loop
      vertex 25.8693 45.7671 8.8
      vertex 27.4148 45.353 8.8
      vertex 25.8923 45.8825 8.8
    endloop
  endfacet
  facet normal 0 0 1
    outer loop
      vertex 25.714 46.5479 8.8
      vertex 26.9834 47.5219 8.8
      vertex 26.7678 47.7678 8.8
    endloop
  endfacet
  facet normal 0 0 1
    outer loop
      vertex 27.4148 45.353 8.8
      vertex 25.8693 45.7671 8.8
      vertex 27.3097 45.0433 8.8
    endloop
  endfacet
  facet normal 0 0 1
    outer loop
      vertex 25.6364 46.6364 8.8
      vertex 26.7678 47.7678 8.8
      vertex 26.5219 47.9834 8.8
    endloop
  endfacet
  facet normal -0 0 1
    outer loop
      vertex 25.8315 45.6556 8.8
      vertex 27.3097 45.0433 8.8
      vertex 25.8693 45.7671 8.8
    endloop
  endfacet
  facet normal 0 0 1
    outer loop
      vertex 25.5479 46.714 8.8
      vertex 26.5219 47.9834 8.8
      vertex 26.25 48.1651 8.8
    endloop
  endfacet
  facet normal 0 0 1
    outer loop
      vertex 27.3097 45.0433 8.8
      vertex 25.8315 45.6556 8.8
      vertex 27.1651 44.75 8.8
    endloop
  endfacet
  facet normal 0 0 1
    outer loop
      vertex 25.45 46.7794 8.8
      vertex 26.25 48.1651 8.8
      vertex 25.9567 48.3097 8.8
    endloop
  endfacet
  facet normal -0 0 1
    outer loop
      vertex 25.7794 45.55 8.8
      vertex 27.1651 44.75 8.8
      vertex 25.8315 45.6556 8.8
    endloop
  endfacet
  facet normal 0 0 1
    outer loop
      vertex 27.1651 44.75 8.8
      vertex 25.7794 45.55 8.8
      vertex 26.9834 44.4781 8.8
    endloop
  endfacet
  facet normal 0 0 1
    outer loop
      vertex 27.4786 46.3263 8.8
      vertex 25.8923 46.1175 8.8
      vertex 25.9 46 8.8
    endloop
  endfacet
  facet normal 0 0 1
    outer loop
      vertex 27.4148 46.647 8.8
      vertex 25.8693 46.2329 8.8
      vertex 25.8923 46.1175 8.8
    endloop
  endfacet
  facet normal 0 0 1
    outer loop
      vertex 27.3097 46.9567 8.8
      vertex 25.8315 46.3444 8.8
      vertex 25.8693 46.2329 8.8
    endloop
  endfacet
  facet normal 0 0 1
    outer loop
      vertex 27.1651 47.25 8.8
      vertex 25.7794 46.45 8.8
      vertex 25.8315 46.3444 8.8
    endloop
  endfacet
  facet normal 0 0 1
    outer loop
      vertex 26.9834 47.5219 8.8
      vertex 25.714 46.5479 8.8
      vertex 25.7794 46.45 8.8
    endloop
  endfacet
  facet normal 0 0 1
    outer loop
      vertex 25.3444 46.8315 8.8
      vertex 25.9567 48.3097 8.8
      vertex 25.647 48.4148 8.8
    endloop
  endfacet
  facet normal 0 0 1
    outer loop
      vertex 26.7678 47.7678 8.8
      vertex 25.6364 46.6364 8.8
      vertex 25.714 46.5479 8.8
    endloop
  endfacet
  facet normal 0 0 1
    outer loop
      vertex 26.5219 47.9834 8.8
      vertex 25.5479 46.714 8.8
      vertex 25.6364 46.6364 8.8
    endloop
  endfacet
  facet normal 0 0 1
    outer loop
      vertex 26.25 48.1651 8.8
      vertex 25.45 46.7794 8.8
      vertex 25.5479 46.714 8.8
    endloop
  endfacet
  facet normal 0 0 1
    outer loop
      vertex 25.9567 48.3097 8.8
      vertex 25.3444 46.8315 8.8
      vertex 25.45 46.7794 8.8
    endloop
  endfacet
  facet normal 0 0 1
    outer loop
      vertex 25.2329 46.8693 8.8
      vertex 25.647 48.4148 8.8
      vertex 25.3263 48.4786 8.8
    endloop
  endfacet
  facet normal 0 0 1
    outer loop
      vertex 25.647 48.4148 8.8
      vertex 25.2329 46.8693 8.8
      vertex 25.3444 46.8315 8.8
    endloop
  endfacet
  facet normal 0 0 1
    outer loop
      vertex 25.3263 48.4786 8.8
      vertex 25.1175 46.8923 8.8
      vertex 25.2329 46.8693 8.8
    endloop
  endfacet
  facet normal 0 0 1
    outer loop
      vertex 25 48.5 8.8
      vertex 25.1175 46.8923 8.8
      vertex 25.3263 48.4786 8.8
    endloop
  endfacet
  facet normal 0 0 1
    outer loop
      vertex 25 48.5 8.8
      vertex 25 46.9 8.8
      vertex 25.1175 46.8923 8.8
    endloop
  endfacet
  facet normal 0 0 1
    outer loop
      vertex 25 48.5 8.8
      vertex 24.8825 46.8923 8.8
      vertex 25 46.9 8.8
    endloop
  endfacet
  facet normal -0 0 1
    outer loop
      vertex 24.6737 48.4786 8.8
      vertex 24.8825 46.8923 8.8
      vertex 25 48.5 8.8
    endloop
  endfacet
  facet normal 0 0 1
    outer loop
      vertex 24.8825 46.8923 8.8
      vertex 24.6737 48.4786 8.8
      vertex 24.7671 46.8693 8.8
    endloop
  endfacet
  facet normal -0 0 1
    outer loop
      vertex 24.353 48.4148 8.8
      vertex 24.7671 46.8693 8.8
      vertex 24.6737 48.4786 8.8
    endloop
  endfacet
  facet normal 0 0 1
    outer loop
      vertex 24.7671 46.8693 8.8
      vertex 24.353 48.4148 8.8
      vertex 24.6556 46.8315 8.8
    endloop
  endfacet
  facet normal -0 0 1
    outer loop
      vertex 24.0433 48.3097 8.8
      vertex 24.6556 46.8315 8.8
      vertex 24.353 48.4148 8.8
    endloop
  endfacet
  facet normal 0 0 1
    outer loop
      vertex 24.6556 46.8315 8.8
      vertex 24.0433 48.3097 8.8
      vertex 24.55 46.7794 8.8
    endloop
  endfacet
  facet normal -0 0 1
    outer loop
      vertex 23.75 48.1651 8.8
      vertex 24.55 46.7794 8.8
      vertex 24.0433 48.3097 8.8
    endloop
  endfacet
  facet normal 0 0 1
    outer loop
      vertex 24.55 46.7794 8.8
      vertex 23.75 48.1651 8.8
      vertex 24.4521 46.714 8.8
    endloop
  endfacet
  facet normal -0 0 1
    outer loop
      vertex 23.4781 47.9834 8.8
      vertex 24.4521 46.714 8.8
      vertex 23.75 48.1651 8.8
    endloop
  endfacet
  facet normal 0 0 1
    outer loop
      vertex 24.4521 46.714 8.8
      vertex 23.4781 47.9834 8.8
      vertex 24.3636 46.6364 8.8
    endloop
  endfacet
  facet normal -0 0 1
    outer loop
      vertex 23.2322 47.7678 8.8
      vertex 24.3636 46.6364 8.8
      vertex 23.4781 47.9834 8.8
    endloop
  endfacet
  facet normal 0 0 1
    outer loop
      vertex 24.3636 46.6364 8.8
      vertex 23.2322 47.7678 8.8
      vertex 24.286 46.5479 8.8
    endloop
  endfacet
  facet normal 0 0 1
    outer loop
      vertex 24.286 46.5479 8.8
      vertex 23.0166 47.5219 8.8
      vertex 24.2206 46.45 8.8
    endloop
  endfacet
  facet normal -0 0 1
    outer loop
      vertex 23.0166 47.5219 8.8
      vertex 24.286 46.5479 8.8
      vertex 23.2322 47.7678 8.8
    endloop
  endfacet
  facet normal -0 0 1
    outer loop
      vertex 25.714 45.4521 8.8
      vertex 26.9834 44.4781 8.8
      vertex 25.7794 45.55 8.8
    endloop
  endfacet
  facet normal 0 0 1
    outer loop
      vertex 26.9834 44.4781 8.8
      vertex 25.714 45.4521 8.8
      vertex 26.7678 44.2322 8.8
    endloop
  endfacet
  facet normal -0 0 1
    outer loop
      vertex 25.6364 45.3636 8.8
      vertex 26.7678 44.2322 8.8
      vertex 25.714 45.4521 8.8
    endloop
  endfacet
  facet normal 0 0 1
    outer loop
      vertex 26.7678 44.2322 8.8
      vertex 25.6364 45.3636 8.8
      vertex 26.5219 44.0166 8.8
    endloop
  endfacet
  facet normal -0 0 1
    outer loop
      vertex 25.5479 45.286 8.8
      vertex 26.5219 44.0166 8.8
      vertex 25.6364 45.3636 8.8
    endloop
  endfacet
  facet normal 0 0 1
    outer loop
      vertex 26.5219 44.0166 8.8
      vertex 25.5479 45.286 8.8
      vertex 26.25 43.8349 8.8
    endloop
  endfacet
  facet normal -0 0 1
    outer loop
      vertex 25.45 45.2206 8.8
      vertex 26.25 43.8349 8.8
      vertex 25.5479 45.286 8.8
    endloop
  endfacet
  facet normal 0 0 1
    outer loop
      vertex 26.25 43.8349 8.8
      vertex 25.45 45.2206 8.8
      vertex 25.9567 43.6903 8.8
    endloop
  endfacet
  facet normal -0 0 1
    outer loop
      vertex 25.3444 45.1685 8.8
      vertex 25.9567 43.6903 8.8
      vertex 25.45 45.2206 8.8
    endloop
  endfacet
  facet normal 0 0 1
    outer loop
      vertex 25.9567 43.6903 8.8
      vertex 25.3444 45.1685 8.8
      vertex 25.647 43.5852 8.8
    endloop
  endfacet
  facet normal -0 0 1
    outer loop
      vertex 25.2329 45.1307 8.8
      vertex 25.647 43.5852 8.8
      vertex 25.3444 45.1685 8.8
    endloop
  endfacet
  facet normal 0 0 1
    outer loop
      vertex 25.647 43.5852 8.8
      vertex 25.2329 45.1307 8.8
      vertex 25.3263 43.5214 8.8
    endloop
  endfacet
  facet normal -0 0 1
    outer loop
      vertex 25.1175 45.1077 8.8
      vertex 25.3263 43.5214 8.8
      vertex 25.2329 45.1307 8.8
    endloop
  endfacet
  facet normal -0 0 1
    outer loop
      vertex 25 45.1 8.8
      vertex 25.3263 43.5214 8.8
      vertex 25.1175 45.1077 8.8
    endloop
  endfacet
  facet normal 0 0 1
    outer loop
      vertex 25 45.1 8.8
      vertex 25 43.5 8.8
      vertex 25.3263 43.5214 8.8
    endloop
  endfacet
  facet normal 0 0 1
    outer loop
      vertex 24.8825 45.1077 8.8
      vertex 25 43.5 8.8
      vertex 25 45.1 8.8
    endloop
  endfacet
  facet normal 0 0 1
    outer loop
      vertex 24.6737 43.5214 8.8
      vertex 24.8825 45.1077 8.8
      vertex 24.7671 45.1307 8.8
    endloop
  endfacet
  facet normal 0 0 1
    outer loop
      vertex 24.8825 45.1077 8.8
      vertex 24.6737 43.5214 8.8
      vertex 25 43.5 8.8
    endloop
  endfacet
  facet normal 0 0 1
    outer loop
      vertex 24.353 43.5852 8.8
      vertex 24.7671 45.1307 8.8
      vertex 24.6556 45.1685 8.8
    endloop
  endfacet
  facet normal 0 0 1
    outer loop
      vertex 24.0433 43.6903 8.8
      vertex 24.6556 45.1685 8.8
      vertex 24.55 45.2206 8.8
    endloop
  endfacet
  facet normal 0 0 1
    outer loop
      vertex 23.75 43.8349 8.8
      vertex 24.55 45.2206 8.8
      vertex 24.4521 45.286 8.8
    endloop
  endfacet
  facet normal 0 0 1
    outer loop
      vertex 23.4781 44.0166 8.8
      vertex 24.4521 45.286 8.8
      vertex 24.3636 45.3636 8.8
    endloop
  endfacet
  facet normal 0 0 1
    outer loop
      vertex 24.7671 45.1307 8.8
      vertex 24.353 43.5852 8.8
      vertex 24.6737 43.5214 8.8
    endloop
  endfacet
  facet normal 0 0 1
    outer loop
      vertex 23.2322 44.2322 8.8
      vertex 24.3636 45.3636 8.8
      vertex 24.286 45.4521 8.8
    endloop
  endfacet
  facet normal 0 0 1
    outer loop
      vertex 23.0166 44.4781 8.8
      vertex 24.286 45.4521 8.8
      vertex 24.2206 45.55 8.8
    endloop
  endfacet
  facet normal 0 0 1
    outer loop
      vertex 22.8349 44.75 8.8
      vertex 24.2206 45.55 8.8
      vertex 24.1685 45.6556 8.8
    endloop
  endfacet
  facet normal 0 0 1
    outer loop
      vertex 22.6903 45.0433 8.8
      vertex 24.1685 45.6556 8.8
      vertex 24.1307 45.7671 8.8
    endloop
  endfacet
  facet normal 0 0 1
    outer loop
      vertex 22.5852 45.353 8.8
      vertex 24.1307 45.7671 8.8
      vertex 24.1077 45.8825 8.8
    endloop
  endfacet
  facet normal 0 0 1
    outer loop
      vertex 24.6556 45.1685 8.8
      vertex 24.0433 43.6903 8.8
      vertex 24.353 43.5852 8.8
    endloop
  endfacet
  facet normal 0 0 1
    outer loop
      vertex 22.5214 45.6737 8.8
      vertex 24.1077 45.8825 8.8
      vertex 24.1 46 8.8
    endloop
  endfacet
  facet normal -0 0 1
    outer loop
      vertex 22.8349 47.25 8.8
      vertex 24.2206 46.45 8.8
      vertex 23.0166 47.5219 8.8
    endloop
  endfacet
  facet normal 0 0 1
    outer loop
      vertex 24.2206 46.45 8.8
      vertex 22.8349 47.25 8.8
      vertex 24.1685 46.3444 8.8
    endloop
  endfacet
  facet normal 0 0 1
    outer loop
      vertex 24.55 45.2206 8.8
      vertex 23.75 43.8349 8.8
      vertex 24.0433 43.6903 8.8
    endloop
  endfacet
  facet normal -0 0 1
    outer loop
      vertex 22.6903 46.9567 8.8
      vertex 24.1685 46.3444 8.8
      vertex 22.8349 47.25 8.8
    endloop
  endfacet
  facet normal 0 0 1
    outer loop
      vertex 24.4521 45.286 8.8
      vertex 23.4781 44.0166 8.8
      vertex 23.75 43.8349 8.8
    endloop
  endfacet
  facet normal 0 0 1
    outer loop
      vertex 24.1685 46.3444 8.8
      vertex 22.6903 46.9567 8.8
      vertex 24.1307 46.2329 8.8
    endloop
  endfacet
  facet normal 0 0 1
    outer loop
      vertex 24.3636 45.3636 8.8
      vertex 23.2322 44.2322 8.8
      vertex 23.4781 44.0166 8.8
    endloop
  endfacet
  facet normal -0 0 1
    outer loop
      vertex 22.5852 46.647 8.8
      vertex 24.1307 46.2329 8.8
      vertex 22.6903 46.9567 8.8
    endloop
  endfacet
  facet normal 0 0 1
    outer loop
      vertex 24.286 45.4521 8.8
      vertex 23.0166 44.4781 8.8
      vertex 23.2322 44.2322 8.8
    endloop
  endfacet
  facet normal 0 0 1
    outer loop
      vertex 24.1307 46.2329 8.8
      vertex 22.5852 46.647 8.8
      vertex 24.1077 46.1175 8.8
    endloop
  endfacet
  facet normal 0 0 1
    outer loop
      vertex 24.2206 45.55 8.8
      vertex 22.8349 44.75 8.8
      vertex 23.0166 44.4781 8.8
    endloop
  endfacet
  facet normal -0 0 1
    outer loop
      vertex 22.5214 46.3263 8.8
      vertex 24.1077 46.1175 8.8
      vertex 22.5852 46.647 8.8
    endloop
  endfacet
  facet normal 0 0 1
    outer loop
      vertex 24.1685 45.6556 8.8
      vertex 22.6903 45.0433 8.8
      vertex 22.8349 44.75 8.8
    endloop
  endfacet
  facet normal 0 0 1
    outer loop
      vertex 24.1077 46.1175 8.8
      vertex 22.5214 46.3263 8.8
      vertex 24.1 46 8.8
    endloop
  endfacet
  facet normal 0 0 1
    outer loop
      vertex 24.1307 45.7671 8.8
      vertex 22.5852 45.353 8.8
      vertex 22.6903 45.0433 8.8
    endloop
  endfacet
  facet normal 0 0 1
    outer loop
      vertex 22.5 46 8.8
      vertex 24.1 46 8.8
      vertex 22.5214 46.3263 8.8
    endloop
  endfacet
  facet normal 0 0 1
    outer loop
      vertex 24.1077 45.8825 8.8
      vertex 22.5214 45.6737 8.8
      vertex 22.5852 45.353 8.8
    endloop
  endfacet
  facet normal 0 0 1
    outer loop
      vertex 24.1 46 8.8
      vertex 22.5 46 8.8
      vertex 22.5214 45.6737 8.8
    endloop
  endfacet
  facet normal 0.442191 -0.896921 0
    outer loop
      vertex 25.9567 43.6903 3.8
      vertex 26.25 43.8349 8.8
      vertex 25.9567 43.6903 8.8
    endloop
  endfacet
  facet normal 0.442191 -0.896921 0
    outer loop
      vertex 26.25 43.8349 8.8
      vertex 25.9567 43.6903 3.8
      vertex 26.25 43.8349 3.8
    endloop
  endfacet
  facet normal -0.555617 -0.831438 -6.59891e-06
    outer loop
      vertex 23.4781 44.0166 8.8
      vertex 23.503 44 3.8
      vertex 23.75 43.8349 8.8
    endloop
  endfacet
  facet normal -0.5547 -0.83205 0
    outer loop
      vertex 23.4781 44.0166 1.8
      vertex 23.503 44 3.8
      vertex 23.4781 44.0166 8.8
    endloop
  endfacet
  facet normal -0.5547 -0.83205 -0
    outer loop
      vertex 23.503 44 3.8
      vertex 23.4781 44.0166 1.8
      vertex 23.503 44 1.8
    endloop
  endfacet
  facet normal -0.55571 -0.831377 -0
    outer loop
      vertex 23.75 43.8349 8.8
      vertex 23.503 44 3.8
      vertex 23.75 43.8349 3.8
    endloop
  endfacet
  facet normal -0.896921 -0.442191 0
    outer loop
      vertex 22.8349 44.75 1.8
      vertex 22.6903 45.0433 8.8
      vertex 22.6903 45.0433 1.8
    endloop
  endfacet
  facet normal -0.896921 -0.442191 0
    outer loop
      vertex 22.6903 45.0433 8.8
      vertex 22.8349 44.75 1.8
      vertex 22.8349 44.75 8.8
    endloop
  endfacet
  facet normal -0.659262 -0.751913 0
    outer loop
      vertex 23.2322 44.2322 1.8
      vertex 23.4781 44.0166 8.8
      vertex 23.2322 44.2322 8.8
    endloop
  endfacet
  facet normal -0.659262 -0.751913 -0
    outer loop
      vertex 23.4781 44.0166 8.8
      vertex 23.2322 44.2322 1.8
      vertex 23.4781 44.0166 1.8
    endloop
  endfacet
  facet normal 0.659262 -0.751913 0
    outer loop
      vertex 26.5219 44.0166 1.8
      vertex 26.7678 44.2322 8.8
      vertex 26.5219 44.0166 8.8
    endloop
  endfacet
  facet normal 0.659262 -0.751913 0
    outer loop
      vertex 26.7678 44.2322 8.8
      vertex 26.5219 44.0166 1.8
      vertex 26.7678 44.2322 1.8
    endloop
  endfacet
  facet normal 0.555617 -0.831438 0
    outer loop
      vertex 26.25 43.8349 3.8
      vertex 26.5219 44.0166 8.8
      vertex 26.25 43.8349 8.8
    endloop
  endfacet
  facet normal 0.55571 -0.831377 -7.26361e-06
    outer loop
      vertex 26.497 44 3.8
      vertex 26.5219 44.0166 8.8
      vertex 26.25 43.8349 3.8
    endloop
  endfacet
  facet normal 0.5547 -0.83205 0
    outer loop
      vertex 26.5219 44.0166 1.8
      vertex 26.497 44 3.8
      vertex 26.497 44 1.8
    endloop
  endfacet
  facet normal 0.5547 -0.83205 0
    outer loop
      vertex 26.497 44 3.8
      vertex 26.5219 44.0166 1.8
      vertex 26.5219 44.0166 8.8
    endloop
  endfacet
  facet normal 0.751913 -0.659262 0
    outer loop
      vertex 26.7678 44.2322 8.8
      vertex 26.9834 44.4781 1.8
      vertex 26.9834 44.4781 8.8
    endloop
  endfacet
  facet normal 0.751913 -0.659262 0
    outer loop
      vertex 26.9834 44.4781 1.8
      vertex 26.7678 44.2322 8.8
      vertex 26.7678 44.2322 1.8
    endloop
  endfacet
  facet normal 0.32136 0.946957 -0
    outer loop
      vertex 25.9567 48.3097 1.8
      vertex 25.647 48.4148 8.8
      vertex 25.9567 48.3097 8.8
    endloop
  endfacet
  facet normal 0.32136 0.946957 0
    outer loop
      vertex 25.647 48.4148 8.8
      vertex 25.9567 48.3097 1.8
      vertex 25.647 48.4148 1.8
    endloop
  endfacet
  facet normal -0.98078 0.195116 0
    outer loop
      vertex 22.5214 46.3263 1.8
      vertex 22.5852 46.647 8.8
      vertex 22.5852 46.647 1.8
    endloop
  endfacet
  facet normal -0.98078 0.195116 0
    outer loop
      vertex 22.5852 46.647 8.8
      vertex 22.5214 46.3263 1.8
      vertex 22.5214 46.3263 8.8
    endloop
  endfacet
  facet normal 0.896921 0.442191 0
    outer loop
      vertex 27.3097 46.9567 8.8
      vertex 27.1651 47.25 1.8
      vertex 27.1651 47.25 8.8
    endloop
  endfacet
  facet normal 0.896921 0.442191 0
    outer loop
      vertex 27.1651 47.25 1.8
      vertex 27.3097 46.9567 8.8
      vertex 27.3097 46.9567 1.8
    endloop
  endfacet
  facet normal 0.0654432 -0.997856 0
    outer loop
      vertex 25 43.5 3.8
      vertex 25.3263 43.5214 8.8
      vertex 25 43.5 8.8
    endloop
  endfacet
  facet normal 0.0654432 -0.997856 0
    outer loop
      vertex 25.3263 43.5214 8.8
      vertex 25 43.5 3.8
      vertex 25.3263 43.5214 3.8
    endloop
  endfacet
  facet normal 0.751913 0.659262 0
    outer loop
      vertex 26.9834 47.5219 8.8
      vertex 26.7678 47.7678 1.8
      vertex 26.7678 47.7678 8.8
    endloop
  endfacet
  facet normal 0.751913 0.659262 0
    outer loop
      vertex 26.7678 47.7678 1.8
      vertex 26.9834 47.5219 8.8
      vertex 26.9834 47.5219 1.8
    endloop
  endfacet
  facet normal 0.946957 0.32136 0
    outer loop
      vertex 27.4148 46.647 8.8
      vertex 27.3097 46.9567 1.8
      vertex 27.3097 46.9567 8.8
    endloop
  endfacet
  facet normal 0.946957 0.32136 0
    outer loop
      vertex 27.3097 46.9567 1.8
      vertex 27.4148 46.647 8.8
      vertex 27.4148 46.647 1.8
    endloop
  endfacet
  facet normal -0.195116 0.98078 0
    outer loop
      vertex 24.6737 48.4786 1.8
      vertex 24.353 48.4148 8.8
      vertex 24.6737 48.4786 8.8
    endloop
  endfacet
  facet normal -0.195116 0.98078 0
    outer loop
      vertex 24.353 48.4148 8.8
      vertex 24.6737 48.4786 1.8
      vertex 24.353 48.4148 1.8
    endloop
  endfacet
  facet normal -0.896921 0.442191 0
    outer loop
      vertex 22.6903 46.9567 1.8
      vertex 22.8349 47.25 8.8
      vertex 22.8349 47.25 1.8
    endloop
  endfacet
  facet normal -0.896921 0.442191 0
    outer loop
      vertex 22.8349 47.25 8.8
      vertex 22.6903 46.9567 1.8
      vertex 22.6903 46.9567 8.8
    endloop
  endfacet
  facet normal -0.0654432 -0.997856 0
    outer loop
      vertex 24.6737 43.5214 3.8
      vertex 25 43.5 8.8
      vertex 24.6737 43.5214 8.8
    endloop
  endfacet
  facet normal -0.0654432 -0.997856 -0
    outer loop
      vertex 25 43.5 8.8
      vertex 24.6737 43.5214 3.8
      vertex 25 43.5 3.8
    endloop
  endfacet
  facet normal 0.321065 -0.947057 0
    outer loop
      vertex 92.2329 45.1307 8.81
      vertex 92.3444 45.1685 11.8
      vertex 92.2329 45.1307 11.8
    endloop
  endfacet
  facet normal 0.321065 -0.947057 0
    outer loop
      vertex 92.3444 45.1685 11.8
      vertex 92.2329 45.1307 8.81
      vertex 92.3444 45.1685 8.81
    endloop
  endfacet
  facet normal 0.980711 0.195462 0
    outer loop
      vertex 92.8923 46.1175 11.8
      vertex 92.8693 46.2329 8.81
      vertex 92.8693 46.2329 11.8
    endloop
  endfacet
  facet normal 0.980711 0.195462 0
    outer loop
      vertex 92.8693 46.2329 8.81
      vertex 92.8923 46.1175 11.8
      vertex 92.8923 46.1175 8.81
    endloop
  endfacet
  facet normal 0.99786 0.0653917 0
    outer loop
      vertex 92.9 46 11.8
      vertex 92.8923 46.1175 8.81
      vertex 92.8923 46.1175 11.8
    endloop
  endfacet
  facet normal 0.99786 0.0653917 0
    outer loop
      vertex 92.8923 46.1175 8.81
      vertex 92.9 46 11.8
      vertex 92.9 46 8.81
    endloop
  endfacet
  facet normal 0.947057 0.321065 0
    outer loop
      vertex 92.8693 46.2329 11.8
      vertex 92.8315 46.3444 8.81
      vertex 92.8315 46.3444 11.8
    endloop
  endfacet
  facet normal 0.947057 0.321065 0
    outer loop
      vertex 92.8315 46.3444 8.81
      vertex 92.8693 46.2329 11.8
      vertex 92.8693 46.2329 8.81
    endloop
  endfacet
  facet normal 0.321065 0.947057 -0
    outer loop
      vertex 92.3444 46.8315 8.81
      vertex 92.2329 46.8693 11.8
      vertex 92.3444 46.8315 11.8
    endloop
  endfacet
  facet normal 0.321065 0.947057 0
    outer loop
      vertex 92.2329 46.8693 11.8
      vertex 92.3444 46.8315 8.81
      vertex 92.2329 46.8693 8.81
    endloop
  endfacet
  facet normal -0.896792 0.442452 0
    outer loop
      vertex 91.1685 46.3444 8.81
      vertex 91.2206 46.45 11.8
      vertex 91.2206 46.45 8.81
    endloop
  endfacet
  facet normal -0.896792 0.442452 0
    outer loop
      vertex 91.2206 46.45 11.8
      vertex 91.1685 46.3444 8.81
      vertex 91.1685 46.3444 11.8
    endloop
  endfacet
  facet normal -0.751892 -0.659286 0
    outer loop
      vertex 91.3636 45.3636 8.81
      vertex 91.286 45.4521 11.8
      vertex 91.286 45.4521 8.81
    endloop
  endfacet
  facet normal -0.751892 -0.659286 0
    outer loop
      vertex 91.286 45.4521 11.8
      vertex 91.3636 45.3636 8.81
      vertex 91.3636 45.3636 11.8
    endloop
  endfacet
  facet normal 0.831527 0.555484 0
    outer loop
      vertex 92.7794 46.45 11.8
      vertex 92.714 46.5479 8.81
      vertex 92.714 46.5479 11.8
    endloop
  endfacet
  facet normal 0.831527 0.555484 0
    outer loop
      vertex 92.714 46.5479 8.81
      vertex 92.7794 46.45 11.8
      vertex 92.7794 46.45 8.81
    endloop
  endfacet
  facet normal 0.896792 0.442452 0
    outer loop
      vertex 92.8315 46.3444 11.8
      vertex 92.7794 46.45 8.81
      vertex 92.7794 46.45 11.8
    endloop
  endfacet
  facet normal 0.896792 0.442452 0
    outer loop
      vertex 92.7794 46.45 8.81
      vertex 92.8315 46.3444 11.8
      vertex 92.8315 46.3444 8.81
    endloop
  endfacet
  facet normal -0.659286 -0.751892 0
    outer loop
      vertex 91.3636 45.3636 8.81
      vertex 91.4521 45.286 11.8
      vertex 91.3636 45.3636 11.8
    endloop
  endfacet
  facet normal -0.659286 -0.751892 -0
    outer loop
      vertex 91.4521 45.286 11.8
      vertex 91.3636 45.3636 8.81
      vertex 91.4521 45.286 8.81
    endloop
  endfacet
  facet normal -0.751892 0.659286 0
    outer loop
      vertex 91.286 46.5479 8.81
      vertex 91.3636 46.6364 11.8
      vertex 91.3636 46.6364 8.81
    endloop
  endfacet
  facet normal -0.751892 0.659286 0
    outer loop
      vertex 91.3636 46.6364 11.8
      vertex 91.286 46.5479 8.81
      vertex 91.286 46.5479 11.8
    endloop
  endfacet
  facet normal 0 0 1
    outer loop
      vertex 92.8923 46.1175 11.8
      vertex 92.8923 45.8825 11.8
      vertex 92.9 46 11.8
    endloop
  endfacet
  facet normal 0 0 1
    outer loop
      vertex 92.8693 46.2329 11.8
      vertex 92.8923 45.8825 11.8
      vertex 92.8923 46.1175 11.8
    endloop
  endfacet
  facet normal 0 0 1
    outer loop
      vertex 92.8693 46.2329 11.8
      vertex 92.8693 45.7671 11.8
      vertex 92.8923 45.8825 11.8
    endloop
  endfacet
  facet normal 0 0 1
    outer loop
      vertex 92.8315 46.3444 11.8
      vertex 92.8693 45.7671 11.8
      vertex 92.8693 46.2329 11.8
    endloop
  endfacet
  facet normal 0 0 1
    outer loop
      vertex 92.8315 46.3444 11.8
      vertex 92.8315 45.6556 11.8
      vertex 92.8693 45.7671 11.8
    endloop
  endfacet
  facet normal 0 0 1
    outer loop
      vertex 92.7794 46.45 11.8
      vertex 92.8315 45.6556 11.8
      vertex 92.8315 46.3444 11.8
    endloop
  endfacet
  facet normal 0 0 1
    outer loop
      vertex 92.7794 46.45 11.8
      vertex 92.7794 45.55 11.8
      vertex 92.8315 45.6556 11.8
    endloop
  endfacet
  facet normal 0 0 1
    outer loop
      vertex 92.714 46.5479 11.8
      vertex 92.7794 45.55 11.8
      vertex 92.7794 46.45 11.8
    endloop
  endfacet
  facet normal 0 0 1
    outer loop
      vertex 92.714 46.5479 11.8
      vertex 92.714 45.4521 11.8
      vertex 92.7794 45.55 11.8
    endloop
  endfacet
  facet normal 0 0 1
    outer loop
      vertex 92.6364 46.6364 11.8
      vertex 92.714 45.4521 11.8
      vertex 92.714 46.5479 11.8
    endloop
  endfacet
  facet normal 0 0 1
    outer loop
      vertex 92.6364 46.6364 11.8
      vertex 92.6364 45.3636 11.8
      vertex 92.714 45.4521 11.8
    endloop
  endfacet
  facet normal 0 0 1
    outer loop
      vertex 92.5479 46.714 11.8
      vertex 92.6364 45.3636 11.8
      vertex 92.6364 46.6364 11.8
    endloop
  endfacet
  facet normal 0 0 1
    outer loop
      vertex 92.5479 46.714 11.8
      vertex 92.5479 45.286 11.8
      vertex 92.6364 45.3636 11.8
    endloop
  endfacet
  facet normal 0 0 1
    outer loop
      vertex 92.45 46.7794 11.8
      vertex 92.5479 45.286 11.8
      vertex 92.5479 46.714 11.8
    endloop
  endfacet
  facet normal 0 0 1
    outer loop
      vertex 92.45 46.7794 11.8
      vertex 92.45 45.2206 11.8
      vertex 92.5479 45.286 11.8
    endloop
  endfacet
  facet normal 0 0 1
    outer loop
      vertex 92.3444 46.8315 11.8
      vertex 92.45 45.2206 11.8
      vertex 92.45 46.7794 11.8
    endloop
  endfacet
  facet normal 0 0 1
    outer loop
      vertex 92.3444 46.8315 11.8
      vertex 92.3444 45.1685 11.8
      vertex 92.45 45.2206 11.8
    endloop
  endfacet
  facet normal 0 0 1
    outer loop
      vertex 92.2329 46.8693 11.8
      vertex 92.3444 45.1685 11.8
      vertex 92.3444 46.8315 11.8
    endloop
  endfacet
  facet normal 0 0 1
    outer loop
      vertex 92.2329 46.8693 11.8
      vertex 92.2329 45.1307 11.8
      vertex 92.3444 45.1685 11.8
    endloop
  endfacet
  facet normal 0 0 1
    outer loop
      vertex 92.1175 46.8923 11.8
      vertex 92.2329 45.1307 11.8
      vertex 92.2329 46.8693 11.8
    endloop
  endfacet
  facet normal 0 0 1
    outer loop
      vertex 92.1175 46.8923 11.8
      vertex 92.1175 45.1077 11.8
      vertex 92.2329 45.1307 11.8
    endloop
  endfacet
  facet normal 0 0 1
    outer loop
      vertex 92 46.9 11.8
      vertex 92.1175 45.1077 11.8
      vertex 92.1175 46.8923 11.8
    endloop
  endfacet
  facet normal 0 0 1
    outer loop
      vertex 92 46.9 11.8
      vertex 92 45.1 11.8
      vertex 92.1175 45.1077 11.8
    endloop
  endfacet
  facet normal -0 0 1
    outer loop
      vertex 91.8825 46.8923 11.8
      vertex 92 45.1 11.8
      vertex 92 46.9 11.8
    endloop
  endfacet
  facet normal 0 0 1
    outer loop
      vertex 91.8825 46.8923 11.8
      vertex 91.8825 45.1077 11.8
      vertex 92 45.1 11.8
    endloop
  endfacet
  facet normal -0 0 1
    outer loop
      vertex 91.7671 46.8693 11.8
      vertex 91.8825 45.1077 11.8
      vertex 91.8825 46.8923 11.8
    endloop
  endfacet
  facet normal 0 0 1
    outer loop
      vertex 91.7671 46.8693 11.8
      vertex 91.7671 45.1307 11.8
      vertex 91.8825 45.1077 11.8
    endloop
  endfacet
  facet normal -0 0 1
    outer loop
      vertex 91.6556 46.8315 11.8
      vertex 91.7671 45.1307 11.8
      vertex 91.7671 46.8693 11.8
    endloop
  endfacet
  facet normal 0 0 1
    outer loop
      vertex 91.6556 46.8315 11.8
      vertex 91.6556 45.1685 11.8
      vertex 91.7671 45.1307 11.8
    endloop
  endfacet
  facet normal -0 0 1
    outer loop
      vertex 91.55 46.7794 11.8
      vertex 91.6556 45.1685 11.8
      vertex 91.6556 46.8315 11.8
    endloop
  endfacet
  facet normal 0 0 1
    outer loop
      vertex 91.55 46.7794 11.8
      vertex 91.55 45.2206 11.8
      vertex 91.6556 45.1685 11.8
    endloop
  endfacet
  facet normal -0 0 1
    outer loop
      vertex 91.4521 46.714 11.8
      vertex 91.55 45.2206 11.8
      vertex 91.55 46.7794 11.8
    endloop
  endfacet
  facet normal 0 0 1
    outer loop
      vertex 91.4521 46.714 11.8
      vertex 91.4521 45.286 11.8
      vertex 91.55 45.2206 11.8
    endloop
  endfacet
  facet normal -0 0 1
    outer loop
      vertex 91.3636 46.6364 11.8
      vertex 91.4521 45.286 11.8
      vertex 91.4521 46.714 11.8
    endloop
  endfacet
  facet normal 0 0 1
    outer loop
      vertex 91.3636 46.6364 11.8
      vertex 91.3636 45.3636 11.8
      vertex 91.4521 45.286 11.8
    endloop
  endfacet
  facet normal -0 0 1
    outer loop
      vertex 91.286 46.5479 11.8
      vertex 91.3636 45.3636 11.8
      vertex 91.3636 46.6364 11.8
    endloop
  endfacet
  facet normal 0 0 1
    outer loop
      vertex 91.286 46.5479 11.8
      vertex 91.286 45.4521 11.8
      vertex 91.3636 45.3636 11.8
    endloop
  endfacet
  facet normal -0 0 1
    outer loop
      vertex 91.2206 46.45 11.8
      vertex 91.286 45.4521 11.8
      vertex 91.286 46.5479 11.8
    endloop
  endfacet
  facet normal 0 0 1
    outer loop
      vertex 91.2206 46.45 11.8
      vertex 91.2206 45.55 11.8
      vertex 91.286 45.4521 11.8
    endloop
  endfacet
  facet normal -0 0 1
    outer loop
      vertex 91.1685 46.3444 11.8
      vertex 91.2206 45.55 11.8
      vertex 91.2206 46.45 11.8
    endloop
  endfacet
  facet normal 0 0 1
    outer loop
      vertex 91.1685 46.3444 11.8
      vertex 91.1685 45.6556 11.8
      vertex 91.2206 45.55 11.8
    endloop
  endfacet
  facet normal -0 0 1
    outer loop
      vertex 91.1307 46.2329 11.8
      vertex 91.1685 45.6556 11.8
      vertex 91.1685 46.3444 11.8
    endloop
  endfacet
  facet normal 0 0 1
    outer loop
      vertex 91.1307 46.2329 11.8
      vertex 91.1307 45.7671 11.8
      vertex 91.1685 45.6556 11.8
    endloop
  endfacet
  facet normal -0 0 1
    outer loop
      vertex 91.1077 46.1175 11.8
      vertex 91.1307 45.7671 11.8
      vertex 91.1307 46.2329 11.8
    endloop
  endfacet
  facet normal 0 0 1
    outer loop
      vertex 91.1077 46.1175 11.8
      vertex 91.1077 45.8825 11.8
      vertex 91.1307 45.7671 11.8
    endloop
  endfacet
  facet normal 0 -0 1
    outer loop
      vertex 91.1077 45.8825 11.8
      vertex 91.1077 46.1175 11.8
      vertex 91.1 46 11.8
    endloop
  endfacet
  facet normal -0.831527 0.555484 0
    outer loop
      vertex 91.2206 46.45 8.81
      vertex 91.286 46.5479 11.8
      vertex 91.286 46.5479 8.81
    endloop
  endfacet
  facet normal -0.831527 0.555484 0
    outer loop
      vertex 91.286 46.5479 11.8
      vertex 91.2206 46.45 8.81
      vertex 91.2206 46.45 11.8
    endloop
  endfacet
  facet normal -0.195462 0.980711 0
    outer loop
      vertex 91.8825 46.8923 8.81
      vertex 91.7671 46.8693 11.8
      vertex 91.8825 46.8923 11.8
    endloop
  endfacet
  facet normal -0.195462 0.980711 0
    outer loop
      vertex 91.7671 46.8693 11.8
      vertex 91.8825 46.8923 8.81
      vertex 91.7671 46.8693 8.81
    endloop
  endfacet
  facet normal 0.442452 -0.896792 0
    outer loop
      vertex 92.3444 45.1685 8.81
      vertex 92.45 45.2206 11.8
      vertex 92.3444 45.1685 11.8
    endloop
  endfacet
  facet normal 0.442452 -0.896792 0
    outer loop
      vertex 92.45 45.2206 11.8
      vertex 92.3444 45.1685 8.81
      vertex 92.45 45.2206 8.81
    endloop
  endfacet
  facet normal -0.947057 0.321065 0
    outer loop
      vertex 91.1307 46.2329 8.81
      vertex 91.1685 46.3444 11.8
      vertex 91.1685 46.3444 8.81
    endloop
  endfacet
  facet normal -0.947057 0.321065 0
    outer loop
      vertex 91.1685 46.3444 11.8
      vertex 91.1307 46.2329 8.81
      vertex 91.1307 46.2329 11.8
    endloop
  endfacet
  facet normal -0.442452 0.896792 0
    outer loop
      vertex 91.6556 46.8315 8.81
      vertex 91.55 46.7794 11.8
      vertex 91.6556 46.8315 11.8
    endloop
  endfacet
  facet normal -0.442452 0.896792 0
    outer loop
      vertex 91.55 46.7794 11.8
      vertex 91.6556 46.8315 8.81
      vertex 91.55 46.7794 8.81
    endloop
  endfacet
  facet normal -0.321065 -0.947057 0
    outer loop
      vertex 91.6556 45.1685 8.81
      vertex 91.7671 45.1307 11.8
      vertex 91.6556 45.1685 11.8
    endloop
  endfacet
  facet normal -0.321065 -0.947057 -0
    outer loop
      vertex 91.7671 45.1307 11.8
      vertex 91.6556 45.1685 8.81
      vertex 91.7671 45.1307 8.81
    endloop
  endfacet
  facet normal 0.831527 -0.555484 0
    outer loop
      vertex 92.714 45.4521 11.8
      vertex 92.7794 45.55 8.81
      vertex 92.7794 45.55 11.8
    endloop
  endfacet
  facet normal 0.831527 -0.555484 0
    outer loop
      vertex 92.7794 45.55 8.81
      vertex 92.714 45.4521 11.8
      vertex 92.714 45.4521 8.81
    endloop
  endfacet
  facet normal 0.195462 -0.980711 0
    outer loop
      vertex 92.1175 45.1077 8.81
      vertex 92.2329 45.1307 11.8
      vertex 92.1175 45.1077 11.8
    endloop
  endfacet
  facet normal 0.195462 -0.980711 0
    outer loop
      vertex 92.2329 45.1307 11.8
      vertex 92.1175 45.1077 8.81
      vertex 92.2329 45.1307 8.81
    endloop
  endfacet
  facet normal 0.0653917 0.99786 -0
    outer loop
      vertex 92.1175 46.8923 8.81
      vertex 92 46.9 11.8
      vertex 92.1175 46.8923 11.8
    endloop
  endfacet
  facet normal 0.0653917 0.99786 0
    outer loop
      vertex 92 46.9 11.8
      vertex 92.1175 46.8923 8.81
      vertex 92 46.9 8.81
    endloop
  endfacet
  facet normal 0.980711 -0.195462 0
    outer loop
      vertex 92.8693 45.7671 11.8
      vertex 92.8923 45.8825 8.81
      vertex 92.8923 45.8825 11.8
    endloop
  endfacet
  facet normal 0.980711 -0.195462 0
    outer loop
      vertex 92.8923 45.8825 8.81
      vertex 92.8693 45.7671 11.8
      vertex 92.8693 45.7671 8.81
    endloop
  endfacet
  facet normal 0.555484 -0.831527 0
    outer loop
      vertex 92.45 45.2206 8.81
      vertex 92.5479 45.286 11.8
      vertex 92.45 45.2206 11.8
    endloop
  endfacet
  facet normal 0.555484 -0.831527 0
    outer loop
      vertex 92.5479 45.286 11.8
      vertex 92.45 45.2206 8.81
      vertex 92.5479 45.286 8.81
    endloop
  endfacet
  facet normal 0.555484 0.831527 -0
    outer loop
      vertex 92.5479 46.714 8.81
      vertex 92.45 46.7794 11.8
      vertex 92.5479 46.714 11.8
    endloop
  endfacet
  facet normal 0.555484 0.831527 0
    outer loop
      vertex 92.45 46.7794 11.8
      vertex 92.5479 46.714 8.81
      vertex 92.45 46.7794 8.81
    endloop
  endfacet
  facet normal 0.896792 -0.442452 0
    outer loop
      vertex 92.7794 45.55 11.8
      vertex 92.8315 45.6556 8.81
      vertex 92.8315 45.6556 11.8
    endloop
  endfacet
  facet normal 0.896792 -0.442452 0
    outer loop
      vertex 92.8315 45.6556 8.81
      vertex 92.7794 45.55 11.8
      vertex 92.7794 45.55 8.81
    endloop
  endfacet
  facet normal -0.555484 0.831527 0
    outer loop
      vertex 91.55 46.7794 8.81
      vertex 91.4521 46.714 11.8
      vertex 91.55 46.7794 11.8
    endloop
  endfacet
  facet normal -0.555484 0.831527 0
    outer loop
      vertex 91.4521 46.714 11.8
      vertex 91.55 46.7794 8.81
      vertex 91.4521 46.714 8.81
    endloop
  endfacet
  facet normal 0.751892 -0.659286 0
    outer loop
      vertex 92.6364 45.3636 11.8
      vertex 92.714 45.4521 8.81
      vertex 92.714 45.4521 11.8
    endloop
  endfacet
  facet normal 0.751892 -0.659286 0
    outer loop
      vertex 92.714 45.4521 8.81
      vertex 92.6364 45.3636 11.8
      vertex 92.6364 45.3636 8.81
    endloop
  endfacet
  facet normal 0.195462 0.980711 -0
    outer loop
      vertex 92.2329 46.8693 8.81
      vertex 92.1175 46.8923 11.8
      vertex 92.2329 46.8693 11.8
    endloop
  endfacet
  facet normal 0.195462 0.980711 0
    outer loop
      vertex 92.1175 46.8923 11.8
      vertex 92.2329 46.8693 8.81
      vertex 92.1175 46.8923 8.81
    endloop
  endfacet
  facet normal -0.659286 0.751892 0
    outer loop
      vertex 91.4521 46.714 8.81
      vertex 91.3636 46.6364 11.8
      vertex 91.4521 46.714 11.8
    endloop
  endfacet
  facet normal -0.659286 0.751892 0
    outer loop
      vertex 91.3636 46.6364 11.8
      vertex 91.4521 46.714 8.81
      vertex 91.3636 46.6364 8.81
    endloop
  endfacet
  facet normal -0.321065 0.947057 0
    outer loop
      vertex 91.7671 46.8693 8.81
      vertex 91.6556 46.8315 11.8
      vertex 91.7671 46.8693 11.8
    endloop
  endfacet
  facet normal -0.321065 0.947057 0
    outer loop
      vertex 91.6556 46.8315 11.8
      vertex 91.7671 46.8693 8.81
      vertex 91.6556 46.8315 8.81
    endloop
  endfacet
  facet normal 0.99786 -0.0653917 0
    outer loop
      vertex 92.8923 45.8825 11.8
      vertex 92.9 46 8.81
      vertex 92.9 46 11.8
    endloop
  endfacet
  facet normal 0.99786 -0.0653917 0
    outer loop
      vertex 92.9 46 8.81
      vertex 92.8923 45.8825 11.8
      vertex 92.8923 45.8825 8.81
    endloop
  endfacet
  facet normal -0.980711 -0.195462 0
    outer loop
      vertex 91.1307 45.7671 8.81
      vertex 91.1077 45.8825 11.8
      vertex 91.1077 45.8825 8.81
    endloop
  endfacet
  facet normal -0.980711 -0.195462 0
    outer loop
      vertex 91.1077 45.8825 11.8
      vertex 91.1307 45.7671 8.81
      vertex 91.1307 45.7671 11.8
    endloop
  endfacet
  facet normal 0.659286 0.751892 -0
    outer loop
      vertex 92.6364 46.6364 8.81
      vertex 92.5479 46.714 11.8
      vertex 92.6364 46.6364 11.8
    endloop
  endfacet
  facet normal 0.659286 0.751892 0
    outer loop
      vertex 92.5479 46.714 11.8
      vertex 92.6364 46.6364 8.81
      vertex 92.5479 46.714 8.81
    endloop
  endfacet
  facet normal 0.0653917 -0.99786 0
    outer loop
      vertex 92 45.1 8.81
      vertex 92.1175 45.1077 11.8
      vertex 92 45.1 11.8
    endloop
  endfacet
  facet normal 0.0653917 -0.99786 0
    outer loop
      vertex 92.1175 45.1077 11.8
      vertex 92 45.1 8.81
      vertex 92.1175 45.1077 8.81
    endloop
  endfacet
  facet normal -0.896792 -0.442452 0
    outer loop
      vertex 91.2206 45.55 8.81
      vertex 91.1685 45.6556 11.8
      vertex 91.1685 45.6556 8.81
    endloop
  endfacet
  facet normal -0.896792 -0.442452 0
    outer loop
      vertex 91.1685 45.6556 11.8
      vertex 91.2206 45.55 8.81
      vertex 91.2206 45.55 11.8
    endloop
  endfacet
  facet normal -0.442452 -0.896792 0
    outer loop
      vertex 91.55 45.2206 8.81
      vertex 91.6556 45.1685 11.8
      vertex 91.55 45.2206 11.8
    endloop
  endfacet
  facet normal -0.442452 -0.896792 -0
    outer loop
      vertex 91.6556 45.1685 11.8
      vertex 91.55 45.2206 8.81
      vertex 91.6556 45.1685 8.81
    endloop
  endfacet
  facet normal -0.831527 -0.555484 0
    outer loop
      vertex 91.286 45.4521 8.81
      vertex 91.2206 45.55 11.8
      vertex 91.2206 45.55 8.81
    endloop
  endfacet
  facet normal -0.831527 -0.555484 0
    outer loop
      vertex 91.2206 45.55 11.8
      vertex 91.286 45.4521 8.81
      vertex 91.286 45.4521 11.8
    endloop
  endfacet
  facet normal 0.751892 0.659286 0
    outer loop
      vertex 92.714 46.5479 11.8
      vertex 92.6364 46.6364 8.81
      vertex 92.6364 46.6364 11.8
    endloop
  endfacet
  facet normal 0.751892 0.659286 0
    outer loop
      vertex 92.6364 46.6364 8.81
      vertex 92.714 46.5479 11.8
      vertex 92.714 46.5479 8.81
    endloop
  endfacet
  facet normal 0.947057 -0.321065 0
    outer loop
      vertex 92.8315 45.6556 11.8
      vertex 92.8693 45.7671 8.81
      vertex 92.8693 45.7671 11.8
    endloop
  endfacet
  facet normal 0.947057 -0.321065 0
    outer loop
      vertex 92.8693 45.7671 8.81
      vertex 92.8315 45.6556 11.8
      vertex 92.8315 45.6556 8.81
    endloop
  endfacet
  facet normal -0.0653917 0.99786 0
    outer loop
      vertex 92 46.9 8.81
      vertex 91.8825 46.8923 11.8
      vertex 92 46.9 11.8
    endloop
  endfacet
  facet normal -0.0653917 0.99786 0
    outer loop
      vertex 91.8825 46.8923 11.8
      vertex 92 46.9 8.81
      vertex 91.8825 46.8923 8.81
    endloop
  endfacet
  facet normal 0.442452 0.896792 -0
    outer loop
      vertex 92.45 46.7794 8.81
      vertex 92.3444 46.8315 11.8
      vertex 92.45 46.7794 11.8
    endloop
  endfacet
  facet normal 0.442452 0.896792 0
    outer loop
      vertex 92.3444 46.8315 11.8
      vertex 92.45 46.7794 8.81
      vertex 92.3444 46.8315 8.81
    endloop
  endfacet
  facet normal -0.980711 0.195462 0
    outer loop
      vertex 91.1077 46.1175 8.81
      vertex 91.1307 46.2329 11.8
      vertex 91.1307 46.2329 8.81
    endloop
  endfacet
  facet normal -0.980711 0.195462 0
    outer loop
      vertex 91.1307 46.2329 11.8
      vertex 91.1077 46.1175 8.81
      vertex 91.1077 46.1175 11.8
    endloop
  endfacet
  facet normal -0.947057 -0.321065 0
    outer loop
      vertex 91.1685 45.6556 8.81
      vertex 91.1307 45.7671 11.8
      vertex 91.1307 45.7671 8.81
    endloop
  endfacet
  facet normal -0.947057 -0.321065 0
    outer loop
      vertex 91.1307 45.7671 11.8
      vertex 91.1685 45.6556 8.81
      vertex 91.1685 45.6556 11.8
    endloop
  endfacet
  facet normal -0.99786 -0.0653917 0
    outer loop
      vertex 91.1077 45.8825 8.81
      vertex 91.1 46 11.8
      vertex 91.1 46 8.81
    endloop
  endfacet
  facet normal -0.99786 -0.0653917 0
    outer loop
      vertex 91.1 46 11.8
      vertex 91.1077 45.8825 8.81
      vertex 91.1077 45.8825 11.8
    endloop
  endfacet
  facet normal -0.99786 0.0653917 0
    outer loop
      vertex 91.1 46 8.81
      vertex 91.1077 46.1175 11.8
      vertex 91.1077 46.1175 8.81
    endloop
  endfacet
  facet normal -0.99786 0.0653917 0
    outer loop
      vertex 91.1077 46.1175 11.8
      vertex 91.1 46 8.81
      vertex 91.1 46 11.8
    endloop
  endfacet
  facet normal -0.555484 -0.831527 0
    outer loop
      vertex 91.4521 45.286 8.81
      vertex 91.55 45.2206 11.8
      vertex 91.4521 45.286 11.8
    endloop
  endfacet
  facet normal -0.555484 -0.831527 -0
    outer loop
      vertex 91.55 45.2206 11.8
      vertex 91.4521 45.286 8.81
      vertex 91.55 45.2206 8.81
    endloop
  endfacet
  facet normal -0.0653917 -0.99786 0
    outer loop
      vertex 91.8825 45.1077 8.81
      vertex 92 45.1 11.8
      vertex 91.8825 45.1077 11.8
    endloop
  endfacet
  facet normal -0.0653917 -0.99786 -0
    outer loop
      vertex 92 45.1 11.8
      vertex 91.8825 45.1077 8.81
      vertex 92 45.1 8.81
    endloop
  endfacet
  facet normal -0.195462 -0.980711 0
    outer loop
      vertex 91.7671 45.1307 8.81
      vertex 91.8825 45.1077 11.8
      vertex 91.7671 45.1307 11.8
    endloop
  endfacet
  facet normal -0.195462 -0.980711 -0
    outer loop
      vertex 91.8825 45.1077 11.8
      vertex 91.7671 45.1307 8.81
      vertex 91.8825 45.1077 8.81
    endloop
  endfacet
  facet normal 0.659286 -0.751892 0
    outer loop
      vertex 92.5479 45.286 8.81
      vertex 92.6364 45.3636 11.8
      vertex 92.5479 45.286 11.8
    endloop
  endfacet
  facet normal 0.659286 -0.751892 0
    outer loop
      vertex 92.6364 45.3636 11.8
      vertex 92.5479 45.286 8.81
      vertex 92.6364 45.3636 8.81
    endloop
  endfacet
  facet normal 0.32137 -0.946954 0
    outer loop
      vertex 10.2329 2.13067 8.81
      vertex 10.3444 2.16851 11.8
      vertex 10.2329 2.13067 11.8
    endloop
  endfacet
  facet normal 0.32137 -0.946954 0
    outer loop
      vertex 10.3444 2.16851 11.8
      vertex 10.2329 2.13067 8.81
      vertex 10.3444 2.16851 8.81
    endloop
  endfacet
  facet normal 0.980734 0.195348 0
    outer loop
      vertex 10.8923 3.11747 11.8
      vertex 10.8693 3.23294 8.81
      vertex 10.8693 3.23294 11.8
    endloop
  endfacet
  facet normal 0.980734 0.195348 0
    outer loop
      vertex 10.8693 3.23294 8.81
      vertex 10.8923 3.11747 11.8
      vertex 10.8923 3.11747 8.81
    endloop
  endfacet
  facet normal 0.997859 0.0654083 0
    outer loop
      vertex 10.9 3 11.8
      vertex 10.8923 3.11747 8.81
      vertex 10.8923 3.11747 11.8
    endloop
  endfacet
  facet normal 0.997859 0.0654083 0
    outer loop
      vertex 10.8923 3.11747 8.81
      vertex 10.9 3 11.8
      vertex 10.9 3 8.81
    endloop
  endfacet
  facet normal 0.947031 0.321143 0
    outer loop
      vertex 10.8693 3.23294 11.8
      vertex 10.8315 3.34441 8.81
      vertex 10.8315 3.34441 11.8
    endloop
  endfacet
  facet normal 0.947031 0.321143 0
    outer loop
      vertex 10.8315 3.34441 8.81
      vertex 10.8693 3.23294 11.8
      vertex 10.8693 3.23294 8.81
    endloop
  endfacet
  facet normal 0.32137 0.946954 -0
    outer loop
      vertex 10.3444 3.83149 8.81
      vertex 10.2329 3.86933 11.8
      vertex 10.3444 3.83149 11.8
    endloop
  endfacet
  facet normal 0.32137 0.946954 0
    outer loop
      vertex 10.2329 3.86933 11.8
      vertex 10.3444 3.83149 8.81
      vertex 10.2329 3.86933 8.81
    endloop
  endfacet
  facet normal -0.896877 0.44228 0
    outer loop
      vertex 9.16851 3.34441 8.81
      vertex 9.22058 3.45 11.8
      vertex 9.22058 3.45 8.81
    endloop
  endfacet
  facet normal -0.896877 0.44228 0
    outer loop
      vertex 9.22058 3.45 11.8
      vertex 9.16851 3.34441 8.81
      vertex 9.16851 3.34441 11.8
    endloop
  endfacet
  facet normal -0.751845 -0.65934 0
    outer loop
      vertex 9.3636 2.3636 8.81
      vertex 9.28598 2.45211 11.8
      vertex 9.28598 2.45211 8.81
    endloop
  endfacet
  facet normal -0.751845 -0.65934 0
    outer loop
      vertex 9.28598 2.45211 11.8
      vertex 9.3636 2.3636 8.81
      vertex 9.3636 2.3636 11.8
    endloop
  endfacet
  facet normal 0.831475 0.555562 0
    outer loop
      vertex 10.7794 3.45 11.8
      vertex 10.714 3.54788 8.81
      vertex 10.714 3.54788 11.8
    endloop
  endfacet
  facet normal 0.831475 0.555562 0
    outer loop
      vertex 10.714 3.54788 8.81
      vertex 10.7794 3.45 11.8
      vertex 10.7794 3.45 8.81
    endloop
  endfacet
  facet normal 0.896776 0.442485 0
    outer loop
      vertex 10.8315 3.34441 11.8
      vertex 10.7794 3.45 8.81
      vertex 10.7794 3.45 11.8
    endloop
  endfacet
  facet normal 0.896776 0.442485 0
    outer loop
      vertex 10.7794 3.45 8.81
      vertex 10.8315 3.34441 11.8
      vertex 10.8315 3.34441 8.81
    endloop
  endfacet
  facet normal -0.65934 -0.751845 0
    outer loop
      vertex 9.3636 2.3636 8.81
      vertex 9.45211 2.28598 11.8
      vertex 9.3636 2.3636 11.8
    endloop
  endfacet
  facet normal -0.65934 -0.751845 -0
    outer loop
      vertex 9.45211 2.28598 11.8
      vertex 9.3636 2.3636 8.81
      vertex 9.45211 2.28598 8.81
    endloop
  endfacet
  facet normal -0.751882 0.659298 0
    outer loop
      vertex 9.28598 3.54788 8.81
      vertex 9.3636 3.6364 11.8
      vertex 9.3636 3.6364 8.81
    endloop
  endfacet
  facet normal -0.751882 0.659298 0
    outer loop
      vertex 9.3636 3.6364 11.8
      vertex 9.28598 3.54788 8.81
      vertex 9.28598 3.54788 11.8
    endloop
  endfacet
  facet normal -0.831475 0.555562 0
    outer loop
      vertex 9.22058 3.45 8.81
      vertex 9.28598 3.54788 11.8
      vertex 9.28598 3.54788 8.81
    endloop
  endfacet
  facet normal -0.831475 0.555562 0
    outer loop
      vertex 9.28598 3.54788 11.8
      vertex 9.22058 3.45 8.81
      vertex 9.22058 3.45 11.8
    endloop
  endfacet
  facet normal -0.195103 0.980783 0
    outer loop
      vertex 9.88253 3.8923 8.81
      vertex 9.76706 3.86933 11.8
      vertex 9.88253 3.8923 11.8
    endloop
  endfacet
  facet normal -0.195103 0.980783 0
    outer loop
      vertex 9.76706 3.86933 11.8
      vertex 9.88253 3.8923 8.81
      vertex 9.76706 3.86933 8.81
    endloop
  endfacet
  facet normal 0.442247 -0.896893 0
    outer loop
      vertex 10.3444 2.16851 8.81
      vertex 10.45 2.22058 11.8
      vertex 10.3444 2.16851 11.8
    endloop
  endfacet
  facet normal 0.442247 -0.896893 0
    outer loop
      vertex 10.45 2.22058 11.8
      vertex 10.3444 2.16851 8.81
      vertex 10.45 2.22058 8.81
    endloop
  endfacet
  facet normal -0.946927 0.321447 0
    outer loop
      vertex 9.13067 3.23294 8.81
      vertex 9.16851 3.34441 11.8
      vertex 9.16851 3.34441 8.81
    endloop
  endfacet
  facet normal -0.946927 0.321447 0
    outer loop
      vertex 9.16851 3.34441 11.8
      vertex 9.13067 3.23294 8.81
      vertex 9.13067 3.23294 11.8
    endloop
  endfacet
  facet normal -0.442314 0.89686 0
    outer loop
      vertex 9.65558 3.83149 8.81
      vertex 9.55 3.77942 11.8
      vertex 9.65558 3.83149 11.8
    endloop
  endfacet
  facet normal -0.442314 0.89686 0
    outer loop
      vertex 9.55 3.77942 11.8
      vertex 9.65558 3.83149 8.81
      vertex 9.55 3.77942 8.81
    endloop
  endfacet
  facet normal -0.321421 -0.946936 0
    outer loop
      vertex 9.65558 2.16851 8.81
      vertex 9.76706 2.13067 11.8
      vertex 9.65558 2.16851 11.8
    endloop
  endfacet
  facet normal -0.321421 -0.946936 -0
    outer loop
      vertex 9.76706 2.13067 11.8
      vertex 9.65558 2.16851 8.81
      vertex 9.76706 2.13067 8.81
    endloop
  endfacet
  facet normal 0.831501 -0.555523 0
    outer loop
      vertex 10.714 2.45211 11.8
      vertex 10.7794 2.55 8.81
      vertex 10.7794 2.55 11.8
    endloop
  endfacet
  facet normal 0.831501 -0.555523 0
    outer loop
      vertex 10.7794 2.55 8.81
      vertex 10.714 2.45211 11.8
      vertex 10.714 2.45211 8.81
    endloop
  endfacet
  facet normal 0.195217 -0.98076 0
    outer loop
      vertex 10.1175 2.1077 8.81
      vertex 10.2329 2.13067 11.8
      vertex 10.1175 2.1077 11.8
    endloop
  endfacet
  facet normal 0.195217 -0.98076 0
    outer loop
      vertex 10.2329 2.13067 11.8
      vertex 10.1175 2.1077 8.81
      vertex 10.2329 2.13067 8.81
    endloop
  endfacet
  facet normal 0.0653917 0.99786 -0
    outer loop
      vertex 10.1175 3.8923 8.81
      vertex 10 3.9 11.8
      vertex 10.1175 3.8923 11.8
    endloop
  endfacet
  facet normal 0.0653917 0.99786 0
    outer loop
      vertex 10 3.9 11.8
      vertex 10.1175 3.8923 8.81
      vertex 10 3.9 8.81
    endloop
  endfacet
  facet normal 0.980734 -0.195348 0
    outer loop
      vertex 10.8693 2.76706 11.8
      vertex 10.8923 2.88253 8.81
      vertex 10.8923 2.88253 11.8
    endloop
  endfacet
  facet normal 0.980734 -0.195348 0
    outer loop
      vertex 10.8923 2.88253 8.81
      vertex 10.8693 2.76706 11.8
      vertex 10.8693 2.76706 8.81
    endloop
  endfacet
  facet normal 0.555484 -0.831527 0
    outer loop
      vertex 10.45 2.22058 8.81
      vertex 10.5479 2.28598 11.8
      vertex 10.45 2.22058 11.8
    endloop
  endfacet
  facet normal 0.555484 -0.831527 0
    outer loop
      vertex 10.5479 2.28598 11.8
      vertex 10.45 2.22058 8.81
      vertex 10.5479 2.28598 8.81
    endloop
  endfacet
  facet normal 0.555484 0.831527 -0
    outer loop
      vertex 10.5479 3.71402 8.81
      vertex 10.45 3.77942 11.8
      vertex 10.5479 3.71402 11.8
    endloop
  endfacet
  facet normal 0.555484 0.831527 0
    outer loop
      vertex 10.45 3.77942 11.8
      vertex 10.5479 3.71402 8.81
      vertex 10.45 3.77942 8.81
    endloop
  endfacet
  facet normal 0.896759 -0.442519 0
    outer loop
      vertex 10.7794 2.55 11.8
      vertex 10.8315 2.65558 8.81
      vertex 10.8315 2.65558 11.8
    endloop
  endfacet
  facet normal 0.896759 -0.442519 0
    outer loop
      vertex 10.8315 2.65558 8.81
      vertex 10.7794 2.55 11.8
      vertex 10.7794 2.55 8.81
    endloop
  endfacet
  facet normal -0.555523 0.831501 0
    outer loop
      vertex 9.55 3.77942 8.81
      vertex 9.45211 3.71402 11.8
      vertex 9.55 3.77942 11.8
    endloop
  endfacet
  facet normal -0.555523 0.831501 0
    outer loop
      vertex 9.45211 3.71402 11.8
      vertex 9.55 3.77942 8.81
      vertex 9.45211 3.71402 8.81
    endloop
  endfacet
  facet normal 0.751929 -0.659244 0
    outer loop
      vertex 10.6364 2.3636 11.8
      vertex 10.714 2.45211 8.81
      vertex 10.714 2.45211 11.8
    endloop
  endfacet
  facet normal 0.751929 -0.659244 0
    outer loop
      vertex 10.714 2.45211 8.81
      vertex 10.6364 2.3636 11.8
      vertex 10.6364 2.3636 8.81
    endloop
  endfacet
  facet normal 0.195217 0.98076 -0
    outer loop
      vertex 10.2329 3.86933 8.81
      vertex 10.1175 3.8923 11.8
      vertex 10.2329 3.86933 11.8
    endloop
  endfacet
  facet normal 0.195217 0.98076 0
    outer loop
      vertex 10.1175 3.8923 11.8
      vertex 10.2329 3.86933 8.81
      vertex 10.1175 3.8923 8.81
    endloop
  endfacet
  facet normal -0.65934 0.751845 0
    outer loop
      vertex 9.45211 3.71402 8.81
      vertex 9.3636 3.6364 11.8
      vertex 9.45211 3.71402 11.8
    endloop
  endfacet
  facet normal -0.65934 0.751845 0
    outer loop
      vertex 9.3636 3.6364 11.8
      vertex 9.45211 3.71402 8.81
      vertex 9.3636 3.6364 8.81
    endloop
  endfacet
  facet normal -0.321421 0.946936 0
    outer loop
      vertex 9.76706 3.86933 8.81
      vertex 9.65558 3.83149 11.8
      vertex 9.76706 3.86933 11.8
    endloop
  endfacet
  facet normal -0.321421 0.946936 0
    outer loop
      vertex 9.65558 3.83149 11.8
      vertex 9.76706 3.86933 8.81
      vertex 9.65558 3.83149 8.81
    endloop
  endfacet
  facet normal 0.997859 -0.0654083 0
    outer loop
      vertex 10.8923 2.88253 11.8
      vertex 10.9 3 8.81
      vertex 10.9 3 11.8
    endloop
  endfacet
  facet normal 0.997859 -0.0654083 0
    outer loop
      vertex 10.9 3 8.81
      vertex 10.8923 2.88253 11.8
      vertex 10.8923 2.88253 8.81
    endloop
  endfacet
  facet normal -0.980783 -0.195103 0
    outer loop
      vertex 9.13067 2.76706 8.81
      vertex 9.1077 2.88253 11.8
      vertex 9.1077 2.88253 8.81
    endloop
  endfacet
  facet normal -0.980783 -0.195103 0
    outer loop
      vertex 9.1077 2.88253 11.8
      vertex 9.13067 2.76706 8.81
      vertex 9.13067 2.76706 11.8
    endloop
  endfacet
  facet normal 0.659382 0.751808 -0
    outer loop
      vertex 10.6364 3.6364 8.81
      vertex 10.5479 3.71402 11.8
      vertex 10.6364 3.6364 11.8
    endloop
  endfacet
  facet normal 0.659382 0.751808 0
    outer loop
      vertex 10.5479 3.71402 11.8
      vertex 10.6364 3.6364 8.81
      vertex 10.5479 3.71402 8.81
    endloop
  endfacet
  facet normal 0.0653917 -0.99786 0
    outer loop
      vertex 10 2.1 8.81
      vertex 10.1175 2.1077 11.8
      vertex 10 2.1 11.8
    endloop
  endfacet
  facet normal 0.0653917 -0.99786 0
    outer loop
      vertex 10.1175 2.1077 11.8
      vertex 10 2.1 8.81
      vertex 10.1175 2.1077 8.81
    endloop
  endfacet
  facet normal -0.89686 -0.442314 0
    outer loop
      vertex 9.22058 2.55 8.81
      vertex 9.16851 2.65558 11.8
      vertex 9.16851 2.65558 8.81
    endloop
  endfacet
  facet normal -0.89686 -0.442314 0
    outer loop
      vertex 9.16851 2.65558 11.8
      vertex 9.22058 2.55 8.81
      vertex 9.22058 2.55 11.8
    endloop
  endfacet
  facet normal -0.442314 -0.89686 0
    outer loop
      vertex 9.55 2.22058 8.81
      vertex 9.65558 2.16851 11.8
      vertex 9.55 2.22058 11.8
    endloop
  endfacet
  facet normal -0.442314 -0.89686 -0
    outer loop
      vertex 9.65558 2.16851 11.8
      vertex 9.55 2.22058 8.81
      vertex 9.65558 2.16851 8.81
    endloop
  endfacet
  facet normal -0.831501 -0.555523 0
    outer loop
      vertex 9.28598 2.45211 8.81
      vertex 9.22058 2.55 11.8
      vertex 9.22058 2.55 8.81
    endloop
  endfacet
  facet normal -0.831501 -0.555523 0
    outer loop
      vertex 9.22058 2.55 11.8
      vertex 9.28598 2.45211 8.81
      vertex 9.28598 2.45211 11.8
    endloop
  endfacet
  facet normal 0.751966 0.659202 0
    outer loop
      vertex 10.714 3.54788 11.8
      vertex 10.6364 3.6364 8.81
      vertex 10.6364 3.6364 11.8
    endloop
  endfacet
  facet normal 0.751966 0.659202 0
    outer loop
      vertex 10.6364 3.6364 8.81
      vertex 10.714 3.54788 11.8
      vertex 10.714 3.54788 8.81
    endloop
  endfacet
  facet normal 0.94704 -0.321117 0
    outer loop
      vertex 10.8315 2.65558 11.8
      vertex 10.8693 2.76706 8.81
      vertex 10.8693 2.76706 11.8
    endloop
  endfacet
  facet normal 0.94704 -0.321117 0
    outer loop
      vertex 10.8693 2.76706 8.81
      vertex 10.8315 2.65558 11.8
      vertex 10.8315 2.65558 8.81
    endloop
  endfacet
  facet normal -0.0654083 0.997859 0
    outer loop
      vertex 10 3.9 8.81
      vertex 9.88253 3.8923 11.8
      vertex 10 3.9 11.8
    endloop
  endfacet
  facet normal -0.0654083 0.997859 0
    outer loop
      vertex 9.88253 3.8923 11.8
      vertex 10 3.9 8.81
      vertex 9.88253 3.8923 8.81
    endloop
  endfacet
  facet normal 0.442247 0.896893 -0
    outer loop
      vertex 10.45 3.77942 8.81
      vertex 10.3444 3.83149 11.8
      vertex 10.45 3.77942 11.8
    endloop
  endfacet
  facet normal 0.442247 0.896893 0
    outer loop
      vertex 10.3444 3.83149 11.8
      vertex 10.45 3.77942 8.81
      vertex 10.3444 3.83149 8.81
    endloop
  endfacet
  facet normal -0.980783 0.195103 0
    outer loop
      vertex 9.1077 3.11747 8.81
      vertex 9.13067 3.23294 11.8
      vertex 9.13067 3.23294 8.81
    endloop
  endfacet
  facet normal -0.980783 0.195103 0
    outer loop
      vertex 9.13067 3.23294 11.8
      vertex 9.1077 3.11747 8.81
      vertex 9.1077 3.11747 11.8
    endloop
  endfacet
  facet normal -0.946936 -0.321421 0
    outer loop
      vertex 9.16851 2.65558 8.81
      vertex 9.13067 2.76706 11.8
      vertex 9.13067 2.76706 8.81
    endloop
  endfacet
  facet normal -0.946936 -0.321421 0
    outer loop
      vertex 9.13067 2.76706 11.8
      vertex 9.16851 2.65558 8.81
      vertex 9.16851 2.65558 11.8
    endloop
  endfacet
  facet normal -0.997859 -0.0654083 0
    outer loop
      vertex 9.1077 2.88253 8.81
      vertex 9.1 3 11.8
      vertex 9.1 3 8.81
    endloop
  endfacet
  facet normal -0.997859 -0.0654083 0
    outer loop
      vertex 9.1 3 11.8
      vertex 9.1077 2.88253 8.81
      vertex 9.1077 2.88253 11.8
    endloop
  endfacet
  facet normal 0 0 1
    outer loop
      vertex 10.8923 3.11747 11.8
      vertex 10.8923 2.88253 11.8
      vertex 10.9 3 11.8
    endloop
  endfacet
  facet normal 0 0 1
    outer loop
      vertex 10.8693 3.23294 11.8
      vertex 10.8923 2.88253 11.8
      vertex 10.8923 3.11747 11.8
    endloop
  endfacet
  facet normal 0 0 1
    outer loop
      vertex 10.8693 3.23294 11.8
      vertex 10.8693 2.76706 11.8
      vertex 10.8923 2.88253 11.8
    endloop
  endfacet
  facet normal 0 0 1
    outer loop
      vertex 10.8315 3.34441 11.8
      vertex 10.8693 2.76706 11.8
      vertex 10.8693 3.23294 11.8
    endloop
  endfacet
  facet normal 0 0 1
    outer loop
      vertex 10.8315 3.34441 11.8
      vertex 10.8315 2.65558 11.8
      vertex 10.8693 2.76706 11.8
    endloop
  endfacet
  facet normal 0 0 1
    outer loop
      vertex 10.7794 3.45 11.8
      vertex 10.8315 2.65558 11.8
      vertex 10.8315 3.34441 11.8
    endloop
  endfacet
  facet normal 0 0 1
    outer loop
      vertex 10.7794 3.45 11.8
      vertex 10.7794 2.55 11.8
      vertex 10.8315 2.65558 11.8
    endloop
  endfacet
  facet normal 0 0 1
    outer loop
      vertex 10.714 3.54788 11.8
      vertex 10.7794 2.55 11.8
      vertex 10.7794 3.45 11.8
    endloop
  endfacet
  facet normal 0 0 1
    outer loop
      vertex 10.714 3.54788 11.8
      vertex 10.714 2.45211 11.8
      vertex 10.7794 2.55 11.8
    endloop
  endfacet
  facet normal 0 0 1
    outer loop
      vertex 10.6364 3.6364 11.8
      vertex 10.714 2.45211 11.8
      vertex 10.714 3.54788 11.8
    endloop
  endfacet
  facet normal 0 0 1
    outer loop
      vertex 10.6364 3.6364 11.8
      vertex 10.6364 2.3636 11.8
      vertex 10.714 2.45211 11.8
    endloop
  endfacet
  facet normal 0 0 1
    outer loop
      vertex 10.5479 3.71402 11.8
      vertex 10.6364 2.3636 11.8
      vertex 10.6364 3.6364 11.8
    endloop
  endfacet
  facet normal 0 0 1
    outer loop
      vertex 10.5479 3.71402 11.8
      vertex 10.5479 2.28598 11.8
      vertex 10.6364 2.3636 11.8
    endloop
  endfacet
  facet normal 0 0 1
    outer loop
      vertex 10.45 3.77942 11.8
      vertex 10.5479 2.28598 11.8
      vertex 10.5479 3.71402 11.8
    endloop
  endfacet
  facet normal 0 0 1
    outer loop
      vertex 10.45 3.77942 11.8
      vertex 10.45 2.22058 11.8
      vertex 10.5479 2.28598 11.8
    endloop
  endfacet
  facet normal 0 0 1
    outer loop
      vertex 10.3444 3.83149 11.8
      vertex 10.45 2.22058 11.8
      vertex 10.45 3.77942 11.8
    endloop
  endfacet
  facet normal 0 0 1
    outer loop
      vertex 10.3444 3.83149 11.8
      vertex 10.3444 2.16851 11.8
      vertex 10.45 2.22058 11.8
    endloop
  endfacet
  facet normal 0 0 1
    outer loop
      vertex 10.2329 3.86933 11.8
      vertex 10.3444 2.16851 11.8
      vertex 10.3444 3.83149 11.8
    endloop
  endfacet
  facet normal 0 0 1
    outer loop
      vertex 10.2329 3.86933 11.8
      vertex 10.2329 2.13067 11.8
      vertex 10.3444 2.16851 11.8
    endloop
  endfacet
  facet normal 0 0 1
    outer loop
      vertex 10.1175 3.8923 11.8
      vertex 10.2329 2.13067 11.8
      vertex 10.2329 3.86933 11.8
    endloop
  endfacet
  facet normal 0 0 1
    outer loop
      vertex 10.1175 3.8923 11.8
      vertex 10.1175 2.1077 11.8
      vertex 10.2329 2.13067 11.8
    endloop
  endfacet
  facet normal 0 0 1
    outer loop
      vertex 10 3.9 11.8
      vertex 10.1175 2.1077 11.8
      vertex 10.1175 3.8923 11.8
    endloop
  endfacet
  facet normal 0 0 1
    outer loop
      vertex 10 3.9 11.8
      vertex 10 2.1 11.8
      vertex 10.1175 2.1077 11.8
    endloop
  endfacet
  facet normal -0 0 1
    outer loop
      vertex 9.88253 3.8923 11.8
      vertex 10 2.1 11.8
      vertex 10 3.9 11.8
    endloop
  endfacet
  facet normal 0 0 1
    outer loop
      vertex 9.88253 3.8923 11.8
      vertex 9.88253 2.1077 11.8
      vertex 10 2.1 11.8
    endloop
  endfacet
  facet normal -0 0 1
    outer loop
      vertex 9.76706 3.86933 11.8
      vertex 9.88253 2.1077 11.8
      vertex 9.88253 3.8923 11.8
    endloop
  endfacet
  facet normal 0 0 1
    outer loop
      vertex 9.76706 3.86933 11.8
      vertex 9.76706 2.13067 11.8
      vertex 9.88253 2.1077 11.8
    endloop
  endfacet
  facet normal -0 0 1
    outer loop
      vertex 9.65558 3.83149 11.8
      vertex 9.76706 2.13067 11.8
      vertex 9.76706 3.86933 11.8
    endloop
  endfacet
  facet normal 0 0 1
    outer loop
      vertex 9.65558 3.83149 11.8
      vertex 9.65558 2.16851 11.8
      vertex 9.76706 2.13067 11.8
    endloop
  endfacet
  facet normal -0 0 1
    outer loop
      vertex 9.55 3.77942 11.8
      vertex 9.65558 2.16851 11.8
      vertex 9.65558 3.83149 11.8
    endloop
  endfacet
  facet normal 0 0 1
    outer loop
      vertex 9.55 3.77942 11.8
      vertex 9.55 2.22058 11.8
      vertex 9.65558 2.16851 11.8
    endloop
  endfacet
  facet normal -0 0 1
    outer loop
      vertex 9.45211 3.71402 11.8
      vertex 9.55 2.22058 11.8
      vertex 9.55 3.77942 11.8
    endloop
  endfacet
  facet normal 0 0 1
    outer loop
      vertex 9.45211 3.71402 11.8
      vertex 9.45211 2.28598 11.8
      vertex 9.55 2.22058 11.8
    endloop
  endfacet
  facet normal -0 0 1
    outer loop
      vertex 9.3636 3.6364 11.8
      vertex 9.45211 2.28598 11.8
      vertex 9.45211 3.71402 11.8
    endloop
  endfacet
  facet normal 0 0 1
    outer loop
      vertex 9.3636 3.6364 11.8
      vertex 9.3636 2.3636 11.8
      vertex 9.45211 2.28598 11.8
    endloop
  endfacet
  facet normal -0 0 1
    outer loop
      vertex 9.28598 3.54788 11.8
      vertex 9.3636 2.3636 11.8
      vertex 9.3636 3.6364 11.8
    endloop
  endfacet
  facet normal 0 0 1
    outer loop
      vertex 9.28598 3.54788 11.8
      vertex 9.28598 2.45211 11.8
      vertex 9.3636 2.3636 11.8
    endloop
  endfacet
  facet normal -0 0 1
    outer loop
      vertex 9.22058 3.45 11.8
      vertex 9.28598 2.45211 11.8
      vertex 9.28598 3.54788 11.8
    endloop
  endfacet
  facet normal 0 0 1
    outer loop
      vertex 9.22058 3.45 11.8
      vertex 9.22058 2.55 11.8
      vertex 9.28598 2.45211 11.8
    endloop
  endfacet
  facet normal -0 0 1
    outer loop
      vertex 9.16851 3.34441 11.8
      vertex 9.22058 2.55 11.8
      vertex 9.22058 3.45 11.8
    endloop
  endfacet
  facet normal 0 0 1
    outer loop
      vertex 9.16851 3.34441 11.8
      vertex 9.16851 2.65558 11.8
      vertex 9.22058 2.55 11.8
    endloop
  endfacet
  facet normal -0 0 1
    outer loop
      vertex 9.13067 3.23294 11.8
      vertex 9.16851 2.65558 11.8
      vertex 9.16851 3.34441 11.8
    endloop
  endfacet
  facet normal 0 0 1
    outer loop
      vertex 9.13067 3.23294 11.8
      vertex 9.13067 2.76706 11.8
      vertex 9.16851 2.65558 11.8
    endloop
  endfacet
  facet normal -0 0 1
    outer loop
      vertex 9.1077 3.11747 11.8
      vertex 9.13067 2.76706 11.8
      vertex 9.13067 3.23294 11.8
    endloop
  endfacet
  facet normal 0 0 1
    outer loop
      vertex 9.1077 3.11747 11.8
      vertex 9.1077 2.88253 11.8
      vertex 9.13067 2.76706 11.8
    endloop
  endfacet
  facet normal 0 -0 1
    outer loop
      vertex 9.1077 2.88253 11.8
      vertex 9.1077 3.11747 11.8
      vertex 9.1 3 11.8
    endloop
  endfacet
  facet normal -0.997859 0.0654083 0
    outer loop
      vertex 9.1 3 8.81
      vertex 9.1077 3.11747 11.8
      vertex 9.1077 3.11747 8.81
    endloop
  endfacet
  facet normal -0.997859 0.0654083 0
    outer loop
      vertex 9.1077 3.11747 11.8
      vertex 9.1 3 8.81
      vertex 9.1 3 11.8
    endloop
  endfacet
  facet normal -0.555523 -0.831501 0
    outer loop
      vertex 9.45211 2.28598 8.81
      vertex 9.55 2.22058 11.8
      vertex 9.45211 2.28598 11.8
    endloop
  endfacet
  facet normal -0.555523 -0.831501 -0
    outer loop
      vertex 9.55 2.22058 11.8
      vertex 9.45211 2.28598 8.81
      vertex 9.55 2.22058 8.81
    endloop
  endfacet
  facet normal -0.0654083 -0.997859 0
    outer loop
      vertex 9.88253 2.1077 8.81
      vertex 10 2.1 11.8
      vertex 9.88253 2.1077 11.8
    endloop
  endfacet
  facet normal -0.0654083 -0.997859 -0
    outer loop
      vertex 10 2.1 11.8
      vertex 9.88253 2.1077 8.81
      vertex 10 2.1 8.81
    endloop
  endfacet
  facet normal -0.195103 -0.980783 0
    outer loop
      vertex 9.76706 2.13067 8.81
      vertex 9.88253 2.1077 11.8
      vertex 9.76706 2.13067 11.8
    endloop
  endfacet
  facet normal -0.195103 -0.980783 -0
    outer loop
      vertex 9.88253 2.1077 11.8
      vertex 9.76706 2.13067 8.81
      vertex 9.88253 2.1077 8.81
    endloop
  endfacet
  facet normal 0.659382 -0.751808 0
    outer loop
      vertex 10.5479 2.28598 8.81
      vertex 10.6364 2.3636 11.8
      vertex 10.5479 2.28598 11.8
    endloop
  endfacet
  facet normal 0.659382 -0.751808 0
    outer loop
      vertex 10.6364 2.3636 11.8
      vertex 10.5479 2.28598 8.81
      vertex 10.6364 2.3636 8.81
    endloop
  endfacet
  facet normal 0.32137 -0.946954 0
    outer loop
      vertex 92.2329 3.13067 8.81
      vertex 92.3444 3.16851 11.8
      vertex 92.2329 3.13067 11.8
    endloop
  endfacet
  facet normal 0.32137 -0.946954 0
    outer loop
      vertex 92.3444 3.16851 11.8
      vertex 92.2329 3.13067 8.81
      vertex 92.3444 3.16851 8.81
    endloop
  endfacet
  facet normal 0.980734 0.195348 0
    outer loop
      vertex 92.8923 4.11747 11.8
      vertex 92.8693 4.23294 8.81
      vertex 92.8693 4.23294 11.8
    endloop
  endfacet
  facet normal 0.980734 0.195348 0
    outer loop
      vertex 92.8693 4.23294 8.81
      vertex 92.8923 4.11747 11.8
      vertex 92.8923 4.11747 8.81
    endloop
  endfacet
  facet normal 0.997859 0.0654083 0
    outer loop
      vertex 92.9 4 11.8
      vertex 92.8923 4.11747 8.81
      vertex 92.8923 4.11747 11.8
    endloop
  endfacet
  facet normal 0.997859 0.0654083 0
    outer loop
      vertex 92.8923 4.11747 8.81
      vertex 92.9 4 11.8
      vertex 92.9 4 8.81
    endloop
  endfacet
  facet normal 0.947031 0.321143 0
    outer loop
      vertex 92.8693 4.23294 11.8
      vertex 92.8315 4.34441 8.81
      vertex 92.8315 4.34441 11.8
    endloop
  endfacet
  facet normal 0.947031 0.321143 0
    outer loop
      vertex 92.8315 4.34441 8.81
      vertex 92.8693 4.23294 11.8
      vertex 92.8693 4.23294 8.81
    endloop
  endfacet
  facet normal 0.32137 0.946954 -0
    outer loop
      vertex 92.3444 4.83149 8.81
      vertex 92.2329 4.86933 11.8
      vertex 92.3444 4.83149 11.8
    endloop
  endfacet
  facet normal 0.32137 0.946954 0
    outer loop
      vertex 92.2329 4.86933 11.8
      vertex 92.3444 4.83149 8.81
      vertex 92.2329 4.86933 8.81
    endloop
  endfacet
  facet normal -0.896776 0.442485 0
    outer loop
      vertex 91.1685 4.34441 8.81
      vertex 91.2206 4.45 11.8
      vertex 91.2206 4.45 8.81
    endloop
  endfacet
  facet normal -0.896776 0.442485 0
    outer loop
      vertex 91.2206 4.45 11.8
      vertex 91.1685 4.34441 8.81
      vertex 91.1685 4.34441 11.8
    endloop
  endfacet
  facet normal -0.751929 -0.659244 0
    outer loop
      vertex 91.3636 3.3636 8.81
      vertex 91.286 3.45211 11.8
      vertex 91.286 3.45211 8.81
    endloop
  endfacet
  facet normal -0.751929 -0.659244 0
    outer loop
      vertex 91.286 3.45211 11.8
      vertex 91.3636 3.3636 8.81
      vertex 91.3636 3.3636 11.8
    endloop
  endfacet
  facet normal 0.831475 0.555562 0
    outer loop
      vertex 92.7794 4.45 11.8
      vertex 92.714 4.54788 8.81
      vertex 92.714 4.54788 11.8
    endloop
  endfacet
  facet normal 0.831475 0.555562 0
    outer loop
      vertex 92.714 4.54788 8.81
      vertex 92.7794 4.45 11.8
      vertex 92.7794 4.45 8.81
    endloop
  endfacet
  facet normal 0.896776 0.442485 0
    outer loop
      vertex 92.8315 4.34441 11.8
      vertex 92.7794 4.45 8.81
      vertex 92.7794 4.45 11.8
    endloop
  endfacet
  facet normal 0.896776 0.442485 0
    outer loop
      vertex 92.7794 4.45 8.81
      vertex 92.8315 4.34441 11.8
      vertex 92.8315 4.34441 8.81
    endloop
  endfacet
  facet normal -0.659382 -0.751808 0
    outer loop
      vertex 91.3636 3.3636 8.81
      vertex 91.4521 3.28598 11.8
      vertex 91.3636 3.3636 11.8
    endloop
  endfacet
  facet normal -0.659382 -0.751808 -0
    outer loop
      vertex 91.4521 3.28598 11.8
      vertex 91.3636 3.3636 8.81
      vertex 91.4521 3.28598 8.81
    endloop
  endfacet
  facet normal -0.751966 0.659202 0
    outer loop
      vertex 91.286 4.54788 8.81
      vertex 91.3636 4.6364 11.8
      vertex 91.3636 4.6364 8.81
    endloop
  endfacet
  facet normal -0.751966 0.659202 0
    outer loop
      vertex 91.3636 4.6364 11.8
      vertex 91.286 4.54788 8.81
      vertex 91.286 4.54788 11.8
    endloop
  endfacet
  facet normal 0.94704 -0.321117 0
    outer loop
      vertex 92.8315 3.65558 11.8
      vertex 92.8693 3.76706 8.81
      vertex 92.8693 3.76706 11.8
    endloop
  endfacet
  facet normal 0.94704 -0.321117 0
    outer loop
      vertex 92.8693 3.76706 8.81
      vertex 92.8315 3.65558 11.8
      vertex 92.8315 3.65558 8.81
    endloop
  endfacet
  facet normal -0.831475 0.555562 0
    outer loop
      vertex 91.2206 4.45 8.81
      vertex 91.286 4.54788 11.8
      vertex 91.286 4.54788 8.81
    endloop
  endfacet
  facet normal -0.831475 0.555562 0
    outer loop
      vertex 91.286 4.54788 11.8
      vertex 91.2206 4.45 8.81
      vertex 91.2206 4.45 11.8
    endloop
  endfacet
  facet normal -0.195217 0.98076 0
    outer loop
      vertex 91.8825 4.8923 8.81
      vertex 91.7671 4.86933 11.8
      vertex 91.8825 4.8923 11.8
    endloop
  endfacet
  facet normal -0.195217 0.98076 0
    outer loop
      vertex 91.7671 4.86933 11.8
      vertex 91.8825 4.8923 8.81
      vertex 91.7671 4.86933 8.81
    endloop
  endfacet
  facet normal 0.442247 -0.896893 0
    outer loop
      vertex 92.3444 3.16851 8.81
      vertex 92.45 3.22058 11.8
      vertex 92.3444 3.16851 11.8
    endloop
  endfacet
  facet normal 0.442247 -0.896893 0
    outer loop
      vertex 92.45 3.22058 11.8
      vertex 92.3444 3.16851 8.81
      vertex 92.45 3.22058 8.81
    endloop
  endfacet
  facet normal -0.947031 0.321143 0
    outer loop
      vertex 91.1307 4.23294 8.81
      vertex 91.1685 4.34441 11.8
      vertex 91.1685 4.34441 8.81
    endloop
  endfacet
  facet normal -0.947031 0.321143 0
    outer loop
      vertex 91.1685 4.34441 11.8
      vertex 91.1307 4.23294 8.81
      vertex 91.1307 4.23294 11.8
    endloop
  endfacet
  facet normal -0.442247 0.896893 0
    outer loop
      vertex 91.6556 4.83149 8.81
      vertex 91.55 4.77942 11.8
      vertex 91.6556 4.83149 11.8
    endloop
  endfacet
  facet normal -0.442247 0.896893 0
    outer loop
      vertex 91.55 4.77942 11.8
      vertex 91.6556 4.83149 8.81
      vertex 91.55 4.77942 8.81
    endloop
  endfacet
  facet normal -0.32137 -0.946954 0
    outer loop
      vertex 91.6556 3.16851 8.81
      vertex 91.7671 3.13067 11.8
      vertex 91.6556 3.16851 11.8
    endloop
  endfacet
  facet normal -0.32137 -0.946954 -0
    outer loop
      vertex 91.7671 3.13067 11.8
      vertex 91.6556 3.16851 8.81
      vertex 91.7671 3.13067 8.81
    endloop
  endfacet
  facet normal 0.831501 -0.555523 0
    outer loop
      vertex 92.714 3.45211 11.8
      vertex 92.7794 3.55 8.81
      vertex 92.7794 3.55 11.8
    endloop
  endfacet
  facet normal 0.831501 -0.555523 0
    outer loop
      vertex 92.7794 3.55 8.81
      vertex 92.714 3.45211 11.8
      vertex 92.714 3.45211 8.81
    endloop
  endfacet
  facet normal 0.195217 -0.98076 0
    outer loop
      vertex 92.1175 3.1077 8.81
      vertex 92.2329 3.13067 11.8
      vertex 92.1175 3.1077 11.8
    endloop
  endfacet
  facet normal 0.195217 -0.98076 0
    outer loop
      vertex 92.2329 3.13067 11.8
      vertex 92.1175 3.1077 8.81
      vertex 92.2329 3.13067 8.81
    endloop
  endfacet
  facet normal 0.0653917 0.99786 -0
    outer loop
      vertex 92.1175 4.8923 8.81
      vertex 92 4.9 11.8
      vertex 92.1175 4.8923 11.8
    endloop
  endfacet
  facet normal 0.0653917 0.99786 0
    outer loop
      vertex 92 4.9 11.8
      vertex 92.1175 4.8923 8.81
      vertex 92 4.9 8.81
    endloop
  endfacet
  facet normal 0.980734 -0.195348 0
    outer loop
      vertex 92.8693 3.76706 11.8
      vertex 92.8923 3.88253 8.81
      vertex 92.8923 3.88253 11.8
    endloop
  endfacet
  facet normal 0.980734 -0.195348 0
    outer loop
      vertex 92.8923 3.88253 8.81
      vertex 92.8693 3.76706 11.8
      vertex 92.8693 3.76706 8.81
    endloop
  endfacet
  facet normal 0.555484 -0.831527 0
    outer loop
      vertex 92.45 3.22058 8.81
      vertex 92.5479 3.28598 11.8
      vertex 92.45 3.22058 11.8
    endloop
  endfacet
  facet normal 0.555484 -0.831527 0
    outer loop
      vertex 92.5479 3.28598 11.8
      vertex 92.45 3.22058 8.81
      vertex 92.5479 3.28598 8.81
    endloop
  endfacet
  facet normal 0.555484 0.831527 -0
    outer loop
      vertex 92.5479 4.71402 8.81
      vertex 92.45 4.77942 11.8
      vertex 92.5479 4.71402 11.8
    endloop
  endfacet
  facet normal 0.555484 0.831527 0
    outer loop
      vertex 92.45 4.77942 11.8
      vertex 92.5479 4.71402 8.81
      vertex 92.45 4.77942 8.81
    endloop
  endfacet
  facet normal 0.896759 -0.442519 0
    outer loop
      vertex 92.7794 3.55 11.8
      vertex 92.8315 3.65558 8.81
      vertex 92.8315 3.65558 11.8
    endloop
  endfacet
  facet normal 0.896759 -0.442519 0
    outer loop
      vertex 92.8315 3.65558 8.81
      vertex 92.7794 3.55 11.8
      vertex 92.7794 3.55 8.81
    endloop
  endfacet
  facet normal -0.555484 0.831527 0
    outer loop
      vertex 91.55 4.77942 8.81
      vertex 91.4521 4.71402 11.8
      vertex 91.55 4.77942 11.8
    endloop
  endfacet
  facet normal -0.555484 0.831527 0
    outer loop
      vertex 91.4521 4.71402 11.8
      vertex 91.55 4.77942 8.81
      vertex 91.4521 4.71402 8.81
    endloop
  endfacet
  facet normal 0.751929 -0.659244 0
    outer loop
      vertex 92.6364 3.3636 11.8
      vertex 92.714 3.45211 8.81
      vertex 92.714 3.45211 11.8
    endloop
  endfacet
  facet normal 0.751929 -0.659244 0
    outer loop
      vertex 92.714 3.45211 8.81
      vertex 92.6364 3.3636 11.8
      vertex 92.6364 3.3636 8.81
    endloop
  endfacet
  facet normal 0.195217 0.98076 -0
    outer loop
      vertex 92.2329 4.86933 8.81
      vertex 92.1175 4.8923 11.8
      vertex 92.2329 4.86933 11.8
    endloop
  endfacet
  facet normal 0.195217 0.98076 0
    outer loop
      vertex 92.1175 4.8923 11.8
      vertex 92.2329 4.86933 8.81
      vertex 92.1175 4.8923 8.81
    endloop
  endfacet
  facet normal -0.659382 0.751808 0
    outer loop
      vertex 91.4521 4.71402 8.81
      vertex 91.3636 4.6364 11.8
      vertex 91.4521 4.71402 11.8
    endloop
  endfacet
  facet normal -0.659382 0.751808 0
    outer loop
      vertex 91.3636 4.6364 11.8
      vertex 91.4521 4.71402 8.81
      vertex 91.3636 4.6364 8.81
    endloop
  endfacet
  facet normal -0.32137 0.946954 0
    outer loop
      vertex 91.7671 4.86933 8.81
      vertex 91.6556 4.83149 11.8
      vertex 91.7671 4.86933 11.8
    endloop
  endfacet
  facet normal -0.32137 0.946954 0
    outer loop
      vertex 91.6556 4.83149 11.8
      vertex 91.7671 4.86933 8.81
      vertex 91.6556 4.83149 8.81
    endloop
  endfacet
  facet normal 0.997859 -0.0654083 0
    outer loop
      vertex 92.8923 3.88253 11.8
      vertex 92.9 4 8.81
      vertex 92.9 4 11.8
    endloop
  endfacet
  facet normal 0.997859 -0.0654083 0
    outer loop
      vertex 92.9 4 8.81
      vertex 92.8923 3.88253 11.8
      vertex 92.8923 3.88253 8.81
    endloop
  endfacet
  facet normal -0.980734 -0.195348 0
    outer loop
      vertex 91.1307 3.76706 8.81
      vertex 91.1077 3.88253 11.8
      vertex 91.1077 3.88253 8.81
    endloop
  endfacet
  facet normal -0.980734 -0.195348 0
    outer loop
      vertex 91.1077 3.88253 11.8
      vertex 91.1307 3.76706 8.81
      vertex 91.1307 3.76706 11.8
    endloop
  endfacet
  facet normal 0.659382 0.751808 -0
    outer loop
      vertex 92.6364 4.6364 8.81
      vertex 92.5479 4.71402 11.8
      vertex 92.6364 4.6364 11.8
    endloop
  endfacet
  facet normal 0.659382 0.751808 0
    outer loop
      vertex 92.5479 4.71402 11.8
      vertex 92.6364 4.6364 8.81
      vertex 92.5479 4.71402 8.81
    endloop
  endfacet
  facet normal 0.0653917 -0.99786 0
    outer loop
      vertex 92 3.1 8.81
      vertex 92.1175 3.1077 11.8
      vertex 92 3.1 11.8
    endloop
  endfacet
  facet normal 0.0653917 -0.99786 0
    outer loop
      vertex 92.1175 3.1077 11.8
      vertex 92 3.1 8.81
      vertex 92.1175 3.1077 8.81
    endloop
  endfacet
  facet normal -0.896759 -0.442519 0
    outer loop
      vertex 91.2206 3.55 8.81
      vertex 91.1685 3.65558 11.8
      vertex 91.1685 3.65558 8.81
    endloop
  endfacet
  facet normal -0.896759 -0.442519 0
    outer loop
      vertex 91.1685 3.65558 11.8
      vertex 91.2206 3.55 8.81
      vertex 91.2206 3.55 11.8
    endloop
  endfacet
  facet normal -0.442247 -0.896893 0
    outer loop
      vertex 91.55 3.22058 8.81
      vertex 91.6556 3.16851 11.8
      vertex 91.55 3.22058 11.8
    endloop
  endfacet
  facet normal -0.442247 -0.896893 -0
    outer loop
      vertex 91.6556 3.16851 11.8
      vertex 91.55 3.22058 8.81
      vertex 91.6556 3.16851 8.81
    endloop
  endfacet
  facet normal -0.831501 -0.555523 0
    outer loop
      vertex 91.286 3.45211 8.81
      vertex 91.2206 3.55 11.8
      vertex 91.2206 3.55 8.81
    endloop
  endfacet
  facet normal -0.831501 -0.555523 0
    outer loop
      vertex 91.2206 3.55 11.8
      vertex 91.286 3.45211 8.81
      vertex 91.286 3.45211 11.8
    endloop
  endfacet
  facet normal 0.751966 0.659202 0
    outer loop
      vertex 92.714 4.54788 11.8
      vertex 92.6364 4.6364 8.81
      vertex 92.6364 4.6364 11.8
    endloop
  endfacet
  facet normal 0.751966 0.659202 0
    outer loop
      vertex 92.6364 4.6364 8.81
      vertex 92.714 4.54788 11.8
      vertex 92.714 4.54788 8.81
    endloop
  endfacet
  facet normal -0.0653917 0.99786 0
    outer loop
      vertex 92 4.9 8.81
      vertex 91.8825 4.8923 11.8
      vertex 92 4.9 11.8
    endloop
  endfacet
  facet normal -0.0653917 0.99786 0
    outer loop
      vertex 91.8825 4.8923 11.8
      vertex 92 4.9 8.81
      vertex 91.8825 4.8923 8.81
    endloop
  endfacet
  facet normal 0.442247 0.896893 -0
    outer loop
      vertex 92.45 4.77942 8.81
      vertex 92.3444 4.83149 11.8
      vertex 92.45 4.77942 11.8
    endloop
  endfacet
  facet normal 0.442247 0.896893 0
    outer loop
      vertex 92.3444 4.83149 11.8
      vertex 92.45 4.77942 8.81
      vertex 92.3444 4.83149 8.81
    endloop
  endfacet
  facet normal -0.980734 0.195348 0
    outer loop
      vertex 91.1077 4.11747 8.81
      vertex 91.1307 4.23294 11.8
      vertex 91.1307 4.23294 8.81
    endloop
  endfacet
  facet normal -0.980734 0.195348 0
    outer loop
      vertex 91.1307 4.23294 11.8
      vertex 91.1077 4.11747 8.81
      vertex 91.1077 4.11747 11.8
    endloop
  endfacet
  facet normal -0.94704 -0.321117 0
    outer loop
      vertex 91.1685 3.65558 8.81
      vertex 91.1307 3.76706 11.8
      vertex 91.1307 3.76706 8.81
    endloop
  endfacet
  facet normal -0.94704 -0.321117 0
    outer loop
      vertex 91.1307 3.76706 11.8
      vertex 91.1685 3.65558 8.81
      vertex 91.1685 3.65558 11.8
    endloop
  endfacet
  facet normal -0.997859 -0.0654083 0
    outer loop
      vertex 91.1077 3.88253 8.81
      vertex 91.1 4 11.8
      vertex 91.1 4 8.81
    endloop
  endfacet
  facet normal -0.997859 -0.0654083 0
    outer loop
      vertex 91.1 4 11.8
      vertex 91.1077 3.88253 8.81
      vertex 91.1077 3.88253 11.8
    endloop
  endfacet
  facet normal 0 0 1
    outer loop
      vertex 92.8923 4.11747 11.8
      vertex 92.8923 3.88253 11.8
      vertex 92.9 4 11.8
    endloop
  endfacet
  facet normal 0 0 1
    outer loop
      vertex 92.8693 4.23294 11.8
      vertex 92.8923 3.88253 11.8
      vertex 92.8923 4.11747 11.8
    endloop
  endfacet
  facet normal 0 0 1
    outer loop
      vertex 92.8693 4.23294 11.8
      vertex 92.8693 3.76706 11.8
      vertex 92.8923 3.88253 11.8
    endloop
  endfacet
  facet normal 0 0 1
    outer loop
      vertex 92.8315 4.34441 11.8
      vertex 92.8693 3.76706 11.8
      vertex 92.8693 4.23294 11.8
    endloop
  endfacet
  facet normal 0 0 1
    outer loop
      vertex 92.8315 4.34441 11.8
      vertex 92.8315 3.65558 11.8
      vertex 92.8693 3.76706 11.8
    endloop
  endfacet
  facet normal 0 0 1
    outer loop
      vertex 92.7794 4.45 11.8
      vertex 92.8315 3.65558 11.8
      vertex 92.8315 4.34441 11.8
    endloop
  endfacet
  facet normal 0 0 1
    outer loop
      vertex 92.7794 4.45 11.8
      vertex 92.7794 3.55 11.8
      vertex 92.8315 3.65558 11.8
    endloop
  endfacet
  facet normal 0 0 1
    outer loop
      vertex 92.714 4.54788 11.8
      vertex 92.7794 3.55 11.8
      vertex 92.7794 4.45 11.8
    endloop
  endfacet
  facet normal 0 0 1
    outer loop
      vertex 92.714 4.54788 11.8
      vertex 92.714 3.45211 11.8
      vertex 92.7794 3.55 11.8
    endloop
  endfacet
  facet normal 0 0 1
    outer loop
      vertex 92.6364 4.6364 11.8
      vertex 92.714 3.45211 11.8
      vertex 92.714 4.54788 11.8
    endloop
  endfacet
  facet normal 0 0 1
    outer loop
      vertex 92.6364 4.6364 11.8
      vertex 92.6364 3.3636 11.8
      vertex 92.714 3.45211 11.8
    endloop
  endfacet
  facet normal 0 0 1
    outer loop
      vertex 92.5479 4.71402 11.8
      vertex 92.6364 3.3636 11.8
      vertex 92.6364 4.6364 11.8
    endloop
  endfacet
  facet normal 0 0 1
    outer loop
      vertex 92.5479 4.71402 11.8
      vertex 92.5479 3.28598 11.8
      vertex 92.6364 3.3636 11.8
    endloop
  endfacet
  facet normal 0 0 1
    outer loop
      vertex 92.45 4.77942 11.8
      vertex 92.5479 3.28598 11.8
      vertex 92.5479 4.71402 11.8
    endloop
  endfacet
  facet normal 0 0 1
    outer loop
      vertex 92.45 4.77942 11.8
      vertex 92.45 3.22058 11.8
      vertex 92.5479 3.28598 11.8
    endloop
  endfacet
  facet normal 0 0 1
    outer loop
      vertex 92.3444 4.83149 11.8
      vertex 92.45 3.22058 11.8
      vertex 92.45 4.77942 11.8
    endloop
  endfacet
  facet normal 0 0 1
    outer loop
      vertex 92.3444 4.83149 11.8
      vertex 92.3444 3.16851 11.8
      vertex 92.45 3.22058 11.8
    endloop
  endfacet
  facet normal 0 0 1
    outer loop
      vertex 92.2329 4.86933 11.8
      vertex 92.3444 3.16851 11.8
      vertex 92.3444 4.83149 11.8
    endloop
  endfacet
  facet normal 0 0 1
    outer loop
      vertex 92.2329 4.86933 11.8
      vertex 92.2329 3.13067 11.8
      vertex 92.3444 3.16851 11.8
    endloop
  endfacet
  facet normal 0 0 1
    outer loop
      vertex 92.1175 4.8923 11.8
      vertex 92.2329 3.13067 11.8
      vertex 92.2329 4.86933 11.8
    endloop
  endfacet
  facet normal 0 0 1
    outer loop
      vertex 92.1175 4.8923 11.8
      vertex 92.1175 3.1077 11.8
      vertex 92.2329 3.13067 11.8
    endloop
  endfacet
  facet normal 0 0 1
    outer loop
      vertex 92 4.9 11.8
      vertex 92.1175 3.1077 11.8
      vertex 92.1175 4.8923 11.8
    endloop
  endfacet
  facet normal 0 0 1
    outer loop
      vertex 92 4.9 11.8
      vertex 92 3.1 11.8
      vertex 92.1175 3.1077 11.8
    endloop
  endfacet
  facet normal -0 0 1
    outer loop
      vertex 91.8825 4.8923 11.8
      vertex 92 3.1 11.8
      vertex 92 4.9 11.8
    endloop
  endfacet
  facet normal 0 0 1
    outer loop
      vertex 91.8825 4.8923 11.8
      vertex 91.8825 3.1077 11.8
      vertex 92 3.1 11.8
    endloop
  endfacet
  facet normal -0 0 1
    outer loop
      vertex 91.7671 4.86933 11.8
      vertex 91.8825 3.1077 11.8
      vertex 91.8825 4.8923 11.8
    endloop
  endfacet
  facet normal 0 0 1
    outer loop
      vertex 91.7671 4.86933 11.8
      vertex 91.7671 3.13067 11.8
      vertex 91.8825 3.1077 11.8
    endloop
  endfacet
  facet normal -0 0 1
    outer loop
      vertex 91.6556 4.83149 11.8
      vertex 91.7671 3.13067 11.8
      vertex 91.7671 4.86933 11.8
    endloop
  endfacet
  facet normal 0 0 1
    outer loop
      vertex 91.6556 4.83149 11.8
      vertex 91.6556 3.16851 11.8
      vertex 91.7671 3.13067 11.8
    endloop
  endfacet
  facet normal -0 0 1
    outer loop
      vertex 91.55 4.77942 11.8
      vertex 91.6556 3.16851 11.8
      vertex 91.6556 4.83149 11.8
    endloop
  endfacet
  facet normal 0 0 1
    outer loop
      vertex 91.55 4.77942 11.8
      vertex 91.55 3.22058 11.8
      vertex 91.6556 3.16851 11.8
    endloop
  endfacet
  facet normal -0 0 1
    outer loop
      vertex 91.4521 4.71402 11.8
      vertex 91.55 3.22058 11.8
      vertex 91.55 4.77942 11.8
    endloop
  endfacet
  facet normal 0 0 1
    outer loop
      vertex 91.4521 4.71402 11.8
      vertex 91.4521 3.28598 11.8
      vertex 91.55 3.22058 11.8
    endloop
  endfacet
  facet normal -0 0 1
    outer loop
      vertex 91.3636 4.6364 11.8
      vertex 91.4521 3.28598 11.8
      vertex 91.4521 4.71402 11.8
    endloop
  endfacet
  facet normal 0 0 1
    outer loop
      vertex 91.3636 4.6364 11.8
      vertex 91.3636 3.3636 11.8
      vertex 91.4521 3.28598 11.8
    endloop
  endfacet
  facet normal -0 0 1
    outer loop
      vertex 91.286 4.54788 11.8
      vertex 91.3636 3.3636 11.8
      vertex 91.3636 4.6364 11.8
    endloop
  endfacet
  facet normal 0 0 1
    outer loop
      vertex 91.286 4.54788 11.8
      vertex 91.286 3.45211 11.8
      vertex 91.3636 3.3636 11.8
    endloop
  endfacet
  facet normal -0 0 1
    outer loop
      vertex 91.2206 4.45 11.8
      vertex 91.286 3.45211 11.8
      vertex 91.286 4.54788 11.8
    endloop
  endfacet
  facet normal 0 0 1
    outer loop
      vertex 91.2206 4.45 11.8
      vertex 91.2206 3.55 11.8
      vertex 91.286 3.45211 11.8
    endloop
  endfacet
  facet normal -0 0 1
    outer loop
      vertex 91.1685 4.34441 11.8
      vertex 91.2206 3.55 11.8
      vertex 91.2206 4.45 11.8
    endloop
  endfacet
  facet normal 0 0 1
    outer loop
      vertex 91.1685 4.34441 11.8
      vertex 91.1685 3.65558 11.8
      vertex 91.2206 3.55 11.8
    endloop
  endfacet
  facet normal -0 0 1
    outer loop
      vertex 91.1307 4.23294 11.8
      vertex 91.1685 3.65558 11.8
      vertex 91.1685 4.34441 11.8
    endloop
  endfacet
  facet normal 0 0 1
    outer loop
      vertex 91.1307 4.23294 11.8
      vertex 91.1307 3.76706 11.8
      vertex 91.1685 3.65558 11.8
    endloop
  endfacet
  facet normal -0 0 1
    outer loop
      vertex 91.1077 4.11747 11.8
      vertex 91.1307 3.76706 11.8
      vertex 91.1307 4.23294 11.8
    endloop
  endfacet
  facet normal 0 0 1
    outer loop
      vertex 91.1077 4.11747 11.8
      vertex 91.1077 3.88253 11.8
      vertex 91.1307 3.76706 11.8
    endloop
  endfacet
  facet normal 0 -0 1
    outer loop
      vertex 91.1077 3.88253 11.8
      vertex 91.1077 4.11747 11.8
      vertex 91.1 4 11.8
    endloop
  endfacet
  facet normal -0.997859 0.0654083 0
    outer loop
      vertex 91.1 4 8.81
      vertex 91.1077 4.11747 11.8
      vertex 91.1077 4.11747 8.81
    endloop
  endfacet
  facet normal -0.997859 0.0654083 0
    outer loop
      vertex 91.1077 4.11747 11.8
      vertex 91.1 4 8.81
      vertex 91.1 4 11.8
    endloop
  endfacet
  facet normal -0.555484 -0.831527 0
    outer loop
      vertex 91.4521 3.28598 8.81
      vertex 91.55 3.22058 11.8
      vertex 91.4521 3.28598 11.8
    endloop
  endfacet
  facet normal -0.555484 -0.831527 -0
    outer loop
      vertex 91.55 3.22058 11.8
      vertex 91.4521 3.28598 8.81
      vertex 91.55 3.22058 8.81
    endloop
  endfacet
  facet normal -0.0653917 -0.99786 0
    outer loop
      vertex 91.8825 3.1077 8.81
      vertex 92 3.1 11.8
      vertex 91.8825 3.1077 11.8
    endloop
  endfacet
  facet normal -0.0653917 -0.99786 -0
    outer loop
      vertex 92 3.1 11.8
      vertex 91.8825 3.1077 8.81
      vertex 92 3.1 8.81
    endloop
  endfacet
  facet normal -0.195217 -0.98076 0
    outer loop
      vertex 91.7671 3.13067 8.81
      vertex 91.8825 3.1077 11.8
      vertex 91.7671 3.13067 11.8
    endloop
  endfacet
  facet normal -0.195217 -0.98076 -0
    outer loop
      vertex 91.8825 3.1077 11.8
      vertex 91.7671 3.13067 8.81
      vertex 91.8825 3.1077 8.81
    endloop
  endfacet
  facet normal 0.659382 -0.751808 0
    outer loop
      vertex 92.5479 3.28598 8.81
      vertex 92.6364 3.3636 11.8
      vertex 92.5479 3.28598 11.8
    endloop
  endfacet
  facet normal 0.659382 -0.751808 0
    outer loop
      vertex 92.6364 3.3636 11.8
      vertex 92.5479 3.28598 8.81
      vertex 92.6364 3.3636 8.81
    endloop
  endfacet
  facet normal 0.321065 -0.947057 0
    outer loop
      vertex 25.2329 45.1307 8.8
      vertex 25.3444 45.1685 11.8
      vertex 25.2329 45.1307 11.8
    endloop
  endfacet
  facet normal 0.321065 -0.947057 0
    outer loop
      vertex 25.3444 45.1685 11.8
      vertex 25.2329 45.1307 8.8
      vertex 25.3444 45.1685 8.8
    endloop
  endfacet
  facet normal 0.980711 0.195462 0
    outer loop
      vertex 25.8923 46.1175 11.8
      vertex 25.8693 46.2329 8.8
      vertex 25.8693 46.2329 11.8
    endloop
  endfacet
  facet normal 0.980711 0.195462 0
    outer loop
      vertex 25.8693 46.2329 8.8
      vertex 25.8923 46.1175 11.8
      vertex 25.8923 46.1175 8.8
    endloop
  endfacet
  facet normal 0.99786 0.0653917 0
    outer loop
      vertex 25.9 46 11.8
      vertex 25.8923 46.1175 8.8
      vertex 25.8923 46.1175 11.8
    endloop
  endfacet
  facet normal 0.99786 0.0653917 0
    outer loop
      vertex 25.8923 46.1175 8.8
      vertex 25.9 46 11.8
      vertex 25.9 46 8.8
    endloop
  endfacet
  facet normal 0.947057 0.321065 0
    outer loop
      vertex 25.8693 46.2329 11.8
      vertex 25.8315 46.3444 8.8
      vertex 25.8315 46.3444 11.8
    endloop
  endfacet
  facet normal 0.947057 0.321065 0
    outer loop
      vertex 25.8315 46.3444 8.8
      vertex 25.8693 46.2329 11.8
      vertex 25.8693 46.2329 8.8
    endloop
  endfacet
  facet normal 0.321065 0.947057 -0
    outer loop
      vertex 25.3444 46.8315 8.8
      vertex 25.2329 46.8693 11.8
      vertex 25.3444 46.8315 11.8
    endloop
  endfacet
  facet normal 0.321065 0.947057 0
    outer loop
      vertex 25.2329 46.8693 11.8
      vertex 25.3444 46.8315 8.8
      vertex 25.2329 46.8693 8.8
    endloop
  endfacet
  facet normal -0.896792 0.442452 0
    outer loop
      vertex 24.1685 46.3444 8.8
      vertex 24.2206 46.45 11.8
      vertex 24.2206 46.45 8.8
    endloop
  endfacet
  facet normal -0.896792 0.442452 0
    outer loop
      vertex 24.2206 46.45 11.8
      vertex 24.1685 46.3444 8.8
      vertex 24.1685 46.3444 11.8
    endloop
  endfacet
  facet normal -0.751892 -0.659286 0
    outer loop
      vertex 24.3636 45.3636 8.8
      vertex 24.286 45.4521 11.8
      vertex 24.286 45.4521 8.8
    endloop
  endfacet
  facet normal -0.751892 -0.659286 0
    outer loop
      vertex 24.286 45.4521 11.8
      vertex 24.3636 45.3636 8.8
      vertex 24.3636 45.3636 11.8
    endloop
  endfacet
  facet normal 0.831527 0.555484 0
    outer loop
      vertex 25.7794 46.45 11.8
      vertex 25.714 46.5479 8.8
      vertex 25.714 46.5479 11.8
    endloop
  endfacet
  facet normal 0.831527 0.555484 0
    outer loop
      vertex 25.714 46.5479 8.8
      vertex 25.7794 46.45 11.8
      vertex 25.7794 46.45 8.8
    endloop
  endfacet
  facet normal 0.896792 0.442452 0
    outer loop
      vertex 25.8315 46.3444 11.8
      vertex 25.7794 46.45 8.8
      vertex 25.7794 46.45 11.8
    endloop
  endfacet
  facet normal 0.896792 0.442452 0
    outer loop
      vertex 25.7794 46.45 8.8
      vertex 25.8315 46.3444 11.8
      vertex 25.8315 46.3444 8.8
    endloop
  endfacet
  facet normal -0.659286 -0.751892 0
    outer loop
      vertex 24.3636 45.3636 8.8
      vertex 24.4521 45.286 11.8
      vertex 24.3636 45.3636 11.8
    endloop
  endfacet
  facet normal -0.659286 -0.751892 -0
    outer loop
      vertex 24.4521 45.286 11.8
      vertex 24.3636 45.3636 8.8
      vertex 24.4521 45.286 8.8
    endloop
  endfacet
  facet normal -0.751892 0.659286 0
    outer loop
      vertex 24.286 46.5479 8.8
      vertex 24.3636 46.6364 11.8
      vertex 24.3636 46.6364 8.8
    endloop
  endfacet
  facet normal -0.751892 0.659286 0
    outer loop
      vertex 24.3636 46.6364 11.8
      vertex 24.286 46.5479 8.8
      vertex 24.286 46.5479 11.8
    endloop
  endfacet
  facet normal 0.947057 -0.321065 0
    outer loop
      vertex 25.8315 45.6556 11.8
      vertex 25.8693 45.7671 8.8
      vertex 25.8693 45.7671 11.8
    endloop
  endfacet
  facet normal 0.947057 -0.321065 0
    outer loop
      vertex 25.8693 45.7671 8.8
      vertex 25.8315 45.6556 11.8
      vertex 25.8315 45.6556 8.8
    endloop
  endfacet
  facet normal -0.831527 0.555484 0
    outer loop
      vertex 24.2206 46.45 8.8
      vertex 24.286 46.5479 11.8
      vertex 24.286 46.5479 8.8
    endloop
  endfacet
  facet normal -0.831527 0.555484 0
    outer loop
      vertex 24.286 46.5479 11.8
      vertex 24.2206 46.45 8.8
      vertex 24.2206 46.45 11.8
    endloop
  endfacet
  facet normal 0.442452 -0.896792 0
    outer loop
      vertex 25.3444 45.1685 8.8
      vertex 25.45 45.2206 11.8
      vertex 25.3444 45.1685 11.8
    endloop
  endfacet
  facet normal 0.442452 -0.896792 0
    outer loop
      vertex 25.45 45.2206 11.8
      vertex 25.3444 45.1685 8.8
      vertex 25.45 45.2206 8.8
    endloop
  endfacet
  facet normal -0.947057 0.321065 0
    outer loop
      vertex 24.1307 46.2329 8.8
      vertex 24.1685 46.3444 11.8
      vertex 24.1685 46.3444 8.8
    endloop
  endfacet
  facet normal -0.947057 0.321065 0
    outer loop
      vertex 24.1685 46.3444 11.8
      vertex 24.1307 46.2329 8.8
      vertex 24.1307 46.2329 11.8
    endloop
  endfacet
  facet normal -0.442452 0.896792 0
    outer loop
      vertex 24.6556 46.8315 8.8
      vertex 24.55 46.7794 11.8
      vertex 24.6556 46.8315 11.8
    endloop
  endfacet
  facet normal -0.442452 0.896792 0
    outer loop
      vertex 24.55 46.7794 11.8
      vertex 24.6556 46.8315 8.8
      vertex 24.55 46.7794 8.8
    endloop
  endfacet
  facet normal -0.321065 -0.947057 0
    outer loop
      vertex 24.6556 45.1685 8.8
      vertex 24.7671 45.1307 11.8
      vertex 24.6556 45.1685 11.8
    endloop
  endfacet
  facet normal -0.321065 -0.947057 -0
    outer loop
      vertex 24.7671 45.1307 11.8
      vertex 24.6556 45.1685 8.8
      vertex 24.7671 45.1307 8.8
    endloop
  endfacet
  facet normal 0.831527 -0.555484 0
    outer loop
      vertex 25.714 45.4521 11.8
      vertex 25.7794 45.55 8.8
      vertex 25.7794 45.55 11.8
    endloop
  endfacet
  facet normal 0.831527 -0.555484 0
    outer loop
      vertex 25.7794 45.55 8.8
      vertex 25.714 45.4521 11.8
      vertex 25.714 45.4521 8.8
    endloop
  endfacet
  facet normal 0.195462 -0.980711 0
    outer loop
      vertex 25.1175 45.1077 8.8
      vertex 25.2329 45.1307 11.8
      vertex 25.1175 45.1077 11.8
    endloop
  endfacet
  facet normal 0.195462 -0.980711 0
    outer loop
      vertex 25.2329 45.1307 11.8
      vertex 25.1175 45.1077 8.8
      vertex 25.2329 45.1307 8.8
    endloop
  endfacet
  facet normal 0.0653917 0.99786 -0
    outer loop
      vertex 25.1175 46.8923 8.8
      vertex 25 46.9 11.8
      vertex 25.1175 46.8923 11.8
    endloop
  endfacet
  facet normal 0.0653917 0.99786 0
    outer loop
      vertex 25 46.9 11.8
      vertex 25.1175 46.8923 8.8
      vertex 25 46.9 8.8
    endloop
  endfacet
  facet normal 0.980711 -0.195462 0
    outer loop
      vertex 25.8693 45.7671 11.8
      vertex 25.8923 45.8825 8.8
      vertex 25.8923 45.8825 11.8
    endloop
  endfacet
  facet normal 0.980711 -0.195462 0
    outer loop
      vertex 25.8923 45.8825 8.8
      vertex 25.8693 45.7671 11.8
      vertex 25.8693 45.7671 8.8
    endloop
  endfacet
  facet normal 0.555484 -0.831527 0
    outer loop
      vertex 25.45 45.2206 8.8
      vertex 25.5479 45.286 11.8
      vertex 25.45 45.2206 11.8
    endloop
  endfacet
  facet normal 0.555484 -0.831527 0
    outer loop
      vertex 25.5479 45.286 11.8
      vertex 25.45 45.2206 8.8
      vertex 25.5479 45.286 8.8
    endloop
  endfacet
  facet normal 0.555484 0.831527 -0
    outer loop
      vertex 25.5479 46.714 8.8
      vertex 25.45 46.7794 11.8
      vertex 25.5479 46.714 11.8
    endloop
  endfacet
  facet normal 0.555484 0.831527 0
    outer loop
      vertex 25.45 46.7794 11.8
      vertex 25.5479 46.714 8.8
      vertex 25.45 46.7794 8.8
    endloop
  endfacet
  facet normal 0.896792 -0.442452 0
    outer loop
      vertex 25.7794 45.55 11.8
      vertex 25.8315 45.6556 8.8
      vertex 25.8315 45.6556 11.8
    endloop
  endfacet
  facet normal 0.896792 -0.442452 0
    outer loop
      vertex 25.8315 45.6556 8.8
      vertex 25.7794 45.55 11.8
      vertex 25.7794 45.55 8.8
    endloop
  endfacet
  facet normal -0.555484 0.831527 0
    outer loop
      vertex 24.55 46.7794 8.8
      vertex 24.4521 46.714 11.8
      vertex 24.55 46.7794 11.8
    endloop
  endfacet
  facet normal -0.555484 0.831527 0
    outer loop
      vertex 24.4521 46.714 11.8
      vertex 24.55 46.7794 8.8
      vertex 24.4521 46.714 8.8
    endloop
  endfacet
  facet normal 0.751892 -0.659286 0
    outer loop
      vertex 25.6364 45.3636 11.8
      vertex 25.714 45.4521 8.8
      vertex 25.714 45.4521 11.8
    endloop
  endfacet
  facet normal 0.751892 -0.659286 0
    outer loop
      vertex 25.714 45.4521 8.8
      vertex 25.6364 45.3636 11.8
      vertex 25.6364 45.3636 8.8
    endloop
  endfacet
  facet normal 0.195462 0.980711 -0
    outer loop
      vertex 25.2329 46.8693 8.8
      vertex 25.1175 46.8923 11.8
      vertex 25.2329 46.8693 11.8
    endloop
  endfacet
  facet normal 0.195462 0.980711 0
    outer loop
      vertex 25.1175 46.8923 11.8
      vertex 25.2329 46.8693 8.8
      vertex 25.1175 46.8923 8.8
    endloop
  endfacet
  facet normal -0.659286 0.751892 0
    outer loop
      vertex 24.4521 46.714 8.8
      vertex 24.3636 46.6364 11.8
      vertex 24.4521 46.714 11.8
    endloop
  endfacet
  facet normal -0.659286 0.751892 0
    outer loop
      vertex 24.3636 46.6364 11.8
      vertex 24.4521 46.714 8.8
      vertex 24.3636 46.6364 8.8
    endloop
  endfacet
  facet normal -0.321065 0.947057 0
    outer loop
      vertex 24.7671 46.8693 8.8
      vertex 24.6556 46.8315 11.8
      vertex 24.7671 46.8693 11.8
    endloop
  endfacet
  facet normal -0.321065 0.947057 0
    outer loop
      vertex 24.6556 46.8315 11.8
      vertex 24.7671 46.8693 8.8
      vertex 24.6556 46.8315 8.8
    endloop
  endfacet
  facet normal 0.99786 -0.0653917 0
    outer loop
      vertex 25.8923 45.8825 11.8
      vertex 25.9 46 8.8
      vertex 25.9 46 11.8
    endloop
  endfacet
  facet normal 0.99786 -0.0653917 0
    outer loop
      vertex 25.9 46 8.8
      vertex 25.8923 45.8825 11.8
      vertex 25.8923 45.8825 8.8
    endloop
  endfacet
  facet normal -0.980711 -0.195462 0
    outer loop
      vertex 24.1307 45.7671 8.8
      vertex 24.1077 45.8825 11.8
      vertex 24.1077 45.8825 8.8
    endloop
  endfacet
  facet normal -0.980711 -0.195462 0
    outer loop
      vertex 24.1077 45.8825 11.8
      vertex 24.1307 45.7671 8.8
      vertex 24.1307 45.7671 11.8
    endloop
  endfacet
  facet normal 0.659286 0.751892 -0
    outer loop
      vertex 25.6364 46.6364 8.8
      vertex 25.5479 46.714 11.8
      vertex 25.6364 46.6364 11.8
    endloop
  endfacet
  facet normal 0.659286 0.751892 0
    outer loop
      vertex 25.5479 46.714 11.8
      vertex 25.6364 46.6364 8.8
      vertex 25.5479 46.714 8.8
    endloop
  endfacet
  facet normal 0.0653917 -0.99786 0
    outer loop
      vertex 25 45.1 8.8
      vertex 25.1175 45.1077 11.8
      vertex 25 45.1 11.8
    endloop
  endfacet
  facet normal 0.0653917 -0.99786 0
    outer loop
      vertex 25.1175 45.1077 11.8
      vertex 25 45.1 8.8
      vertex 25.1175 45.1077 8.8
    endloop
  endfacet
  facet normal -0.896792 -0.442452 0
    outer loop
      vertex 24.2206 45.55 8.8
      vertex 24.1685 45.6556 11.8
      vertex 24.1685 45.6556 8.8
    endloop
  endfacet
  facet normal -0.896792 -0.442452 0
    outer loop
      vertex 24.1685 45.6556 11.8
      vertex 24.2206 45.55 8.8
      vertex 24.2206 45.55 11.8
    endloop
  endfacet
  facet normal -0.442452 -0.896792 0
    outer loop
      vertex 24.55 45.2206 8.8
      vertex 24.6556 45.1685 11.8
      vertex 24.55 45.2206 11.8
    endloop
  endfacet
  facet normal -0.442452 -0.896792 -0
    outer loop
      vertex 24.6556 45.1685 11.8
      vertex 24.55 45.2206 8.8
      vertex 24.6556 45.1685 8.8
    endloop
  endfacet
  facet normal -0.831527 -0.555484 0
    outer loop
      vertex 24.286 45.4521 8.8
      vertex 24.2206 45.55 11.8
      vertex 24.2206 45.55 8.8
    endloop
  endfacet
  facet normal -0.831527 -0.555484 0
    outer loop
      vertex 24.2206 45.55 11.8
      vertex 24.286 45.4521 8.8
      vertex 24.286 45.4521 11.8
    endloop
  endfacet
  facet normal 0.751892 0.659286 0
    outer loop
      vertex 25.714 46.5479 11.8
      vertex 25.6364 46.6364 8.8
      vertex 25.6364 46.6364 11.8
    endloop
  endfacet
  facet normal 0.751892 0.659286 0
    outer loop
      vertex 25.6364 46.6364 8.8
      vertex 25.714 46.5479 11.8
      vertex 25.714 46.5479 8.8
    endloop
  endfacet
  facet normal -0.0653917 0.99786 0
    outer loop
      vertex 25 46.9 8.8
      vertex 24.8825 46.8923 11.8
      vertex 25 46.9 11.8
    endloop
  endfacet
  facet normal -0.0653917 0.99786 0
    outer loop
      vertex 24.8825 46.8923 11.8
      vertex 25 46.9 8.8
      vertex 24.8825 46.8923 8.8
    endloop
  endfacet
  facet normal 0.442452 0.896792 -0
    outer loop
      vertex 25.45 46.7794 8.8
      vertex 25.3444 46.8315 11.8
      vertex 25.45 46.7794 11.8
    endloop
  endfacet
  facet normal 0.442452 0.896792 0
    outer loop
      vertex 25.3444 46.8315 11.8
      vertex 25.45 46.7794 8.8
      vertex 25.3444 46.8315 8.8
    endloop
  endfacet
  facet normal -0.980711 0.195462 0
    outer loop
      vertex 24.1077 46.1175 8.8
      vertex 24.1307 46.2329 11.8
      vertex 24.1307 46.2329 8.8
    endloop
  endfacet
  facet normal -0.980711 0.195462 0
    outer loop
      vertex 24.1307 46.2329 11.8
      vertex 24.1077 46.1175 8.8
      vertex 24.1077 46.1175 11.8
    endloop
  endfacet
  facet normal -0.947057 -0.321065 0
    outer loop
      vertex 24.1685 45.6556 8.8
      vertex 24.1307 45.7671 11.8
      vertex 24.1307 45.7671 8.8
    endloop
  endfacet
  facet normal -0.947057 -0.321065 0
    outer loop
      vertex 24.1307 45.7671 11.8
      vertex 24.1685 45.6556 8.8
      vertex 24.1685 45.6556 11.8
    endloop
  endfacet
  facet normal -0.195462 0.980711 0
    outer loop
      vertex 24.8825 46.8923 8.8
      vertex 24.7671 46.8693 11.8
      vertex 24.8825 46.8923 11.8
    endloop
  endfacet
  facet normal -0.195462 0.980711 0
    outer loop
      vertex 24.7671 46.8693 11.8
      vertex 24.8825 46.8923 8.8
      vertex 24.7671 46.8693 8.8
    endloop
  endfacet
  facet normal -0.99786 -0.0653917 0
    outer loop
      vertex 24.1077 45.8825 8.8
      vertex 24.1 46 11.8
      vertex 24.1 46 8.8
    endloop
  endfacet
  facet normal -0.99786 -0.0653917 0
    outer loop
      vertex 24.1 46 11.8
      vertex 24.1077 45.8825 8.8
      vertex 24.1077 45.8825 11.8
    endloop
  endfacet
  facet normal 0 0 1
    outer loop
      vertex 25.8923 46.1175 11.8
      vertex 25.8923 45.8825 11.8
      vertex 25.9 46 11.8
    endloop
  endfacet
  facet normal 0 0 1
    outer loop
      vertex 25.8693 46.2329 11.8
      vertex 25.8923 45.8825 11.8
      vertex 25.8923 46.1175 11.8
    endloop
  endfacet
  facet normal 0 0 1
    outer loop
      vertex 25.8693 46.2329 11.8
      vertex 25.8693 45.7671 11.8
      vertex 25.8923 45.8825 11.8
    endloop
  endfacet
  facet normal 0 0 1
    outer loop
      vertex 25.8315 46.3444 11.8
      vertex 25.8693 45.7671 11.8
      vertex 25.8693 46.2329 11.8
    endloop
  endfacet
  facet normal 0 0 1
    outer loop
      vertex 25.8315 46.3444 11.8
      vertex 25.8315 45.6556 11.8
      vertex 25.8693 45.7671 11.8
    endloop
  endfacet
  facet normal 0 0 1
    outer loop
      vertex 25.7794 46.45 11.8
      vertex 25.8315 45.6556 11.8
      vertex 25.8315 46.3444 11.8
    endloop
  endfacet
  facet normal 0 0 1
    outer loop
      vertex 25.7794 46.45 11.8
      vertex 25.7794 45.55 11.8
      vertex 25.8315 45.6556 11.8
    endloop
  endfacet
  facet normal 0 0 1
    outer loop
      vertex 25.714 46.5479 11.8
      vertex 25.7794 45.55 11.8
      vertex 25.7794 46.45 11.8
    endloop
  endfacet
  facet normal 0 0 1
    outer loop
      vertex 25.714 46.5479 11.8
      vertex 25.714 45.4521 11.8
      vertex 25.7794 45.55 11.8
    endloop
  endfacet
  facet normal 0 0 1
    outer loop
      vertex 25.6364 46.6364 11.8
      vertex 25.714 45.4521 11.8
      vertex 25.714 46.5479 11.8
    endloop
  endfacet
  facet normal 0 0 1
    outer loop
      vertex 25.6364 46.6364 11.8
      vertex 25.6364 45.3636 11.8
      vertex 25.714 45.4521 11.8
    endloop
  endfacet
  facet normal 0 0 1
    outer loop
      vertex 25.5479 46.714 11.8
      vertex 25.6364 45.3636 11.8
      vertex 25.6364 46.6364 11.8
    endloop
  endfacet
  facet normal 0 0 1
    outer loop
      vertex 25.5479 46.714 11.8
      vertex 25.5479 45.286 11.8
      vertex 25.6364 45.3636 11.8
    endloop
  endfacet
  facet normal 0 0 1
    outer loop
      vertex 25.45 46.7794 11.8
      vertex 25.5479 45.286 11.8
      vertex 25.5479 46.714 11.8
    endloop
  endfacet
  facet normal 0 0 1
    outer loop
      vertex 25.45 46.7794 11.8
      vertex 25.45 45.2206 11.8
      vertex 25.5479 45.286 11.8
    endloop
  endfacet
  facet normal 0 0 1
    outer loop
      vertex 25.3444 46.8315 11.8
      vertex 25.45 45.2206 11.8
      vertex 25.45 46.7794 11.8
    endloop
  endfacet
  facet normal 0 0 1
    outer loop
      vertex 25.3444 46.8315 11.8
      vertex 25.3444 45.1685 11.8
      vertex 25.45 45.2206 11.8
    endloop
  endfacet
  facet normal 0 0 1
    outer loop
      vertex 25.2329 46.8693 11.8
      vertex 25.3444 45.1685 11.8
      vertex 25.3444 46.8315 11.8
    endloop
  endfacet
  facet normal 0 0 1
    outer loop
      vertex 25.2329 46.8693 11.8
      vertex 25.2329 45.1307 11.8
      vertex 25.3444 45.1685 11.8
    endloop
  endfacet
  facet normal 0 0 1
    outer loop
      vertex 25.1175 46.8923 11.8
      vertex 25.2329 45.1307 11.8
      vertex 25.2329 46.8693 11.8
    endloop
  endfacet
  facet normal 0 0 1
    outer loop
      vertex 25.1175 46.8923 11.8
      vertex 25.1175 45.1077 11.8
      vertex 25.2329 45.1307 11.8
    endloop
  endfacet
  facet normal 0 0 1
    outer loop
      vertex 25 46.9 11.8
      vertex 25.1175 45.1077 11.8
      vertex 25.1175 46.8923 11.8
    endloop
  endfacet
  facet normal 0 0 1
    outer loop
      vertex 25 46.9 11.8
      vertex 25 45.1 11.8
      vertex 25.1175 45.1077 11.8
    endloop
  endfacet
  facet normal -0 0 1
    outer loop
      vertex 24.8825 46.8923 11.8
      vertex 25 45.1 11.8
      vertex 25 46.9 11.8
    endloop
  endfacet
  facet normal 0 0 1
    outer loop
      vertex 24.8825 46.8923 11.8
      vertex 24.8825 45.1077 11.8
      vertex 25 45.1 11.8
    endloop
  endfacet
  facet normal -0 0 1
    outer loop
      vertex 24.7671 46.8693 11.8
      vertex 24.8825 45.1077 11.8
      vertex 24.8825 46.8923 11.8
    endloop
  endfacet
  facet normal 0 0 1
    outer loop
      vertex 24.7671 46.8693 11.8
      vertex 24.7671 45.1307 11.8
      vertex 24.8825 45.1077 11.8
    endloop
  endfacet
  facet normal -0 0 1
    outer loop
      vertex 24.6556 46.8315 11.8
      vertex 24.7671 45.1307 11.8
      vertex 24.7671 46.8693 11.8
    endloop
  endfacet
  facet normal 0 0 1
    outer loop
      vertex 24.6556 46.8315 11.8
      vertex 24.6556 45.1685 11.8
      vertex 24.7671 45.1307 11.8
    endloop
  endfacet
  facet normal -0 0 1
    outer loop
      vertex 24.55 46.7794 11.8
      vertex 24.6556 45.1685 11.8
      vertex 24.6556 46.8315 11.8
    endloop
  endfacet
  facet normal 0 0 1
    outer loop
      vertex 24.55 46.7794 11.8
      vertex 24.55 45.2206 11.8
      vertex 24.6556 45.1685 11.8
    endloop
  endfacet
  facet normal -0 0 1
    outer loop
      vertex 24.4521 46.714 11.8
      vertex 24.55 45.2206 11.8
      vertex 24.55 46.7794 11.8
    endloop
  endfacet
  facet normal 0 0 1
    outer loop
      vertex 24.4521 46.714 11.8
      vertex 24.4521 45.286 11.8
      vertex 24.55 45.2206 11.8
    endloop
  endfacet
  facet normal -0 0 1
    outer loop
      vertex 24.3636 46.6364 11.8
      vertex 24.4521 45.286 11.8
      vertex 24.4521 46.714 11.8
    endloop
  endfacet
  facet normal 0 0 1
    outer loop
      vertex 24.3636 46.6364 11.8
      vertex 24.3636 45.3636 11.8
      vertex 24.4521 45.286 11.8
    endloop
  endfacet
  facet normal -0 0 1
    outer loop
      vertex 24.286 46.5479 11.8
      vertex 24.3636 45.3636 11.8
      vertex 24.3636 46.6364 11.8
    endloop
  endfacet
  facet normal 0 0 1
    outer loop
      vertex 24.286 46.5479 11.8
      vertex 24.286 45.4521 11.8
      vertex 24.3636 45.3636 11.8
    endloop
  endfacet
  facet normal -0 0 1
    outer loop
      vertex 24.2206 46.45 11.8
      vertex 24.286 45.4521 11.8
      vertex 24.286 46.5479 11.8
    endloop
  endfacet
  facet normal 0 0 1
    outer loop
      vertex 24.2206 46.45 11.8
      vertex 24.2206 45.55 11.8
      vertex 24.286 45.4521 11.8
    endloop
  endfacet
  facet normal -0 0 1
    outer loop
      vertex 24.1685 46.3444 11.8
      vertex 24.2206 45.55 11.8
      vertex 24.2206 46.45 11.8
    endloop
  endfacet
  facet normal 0 0 1
    outer loop
      vertex 24.1685 46.3444 11.8
      vertex 24.1685 45.6556 11.8
      vertex 24.2206 45.55 11.8
    endloop
  endfacet
  facet normal -0 0 1
    outer loop
      vertex 24.1307 46.2329 11.8
      vertex 24.1685 45.6556 11.8
      vertex 24.1685 46.3444 11.8
    endloop
  endfacet
  facet normal 0 0 1
    outer loop
      vertex 24.1307 46.2329 11.8
      vertex 24.1307 45.7671 11.8
      vertex 24.1685 45.6556 11.8
    endloop
  endfacet
  facet normal -0 0 1
    outer loop
      vertex 24.1077 46.1175 11.8
      vertex 24.1307 45.7671 11.8
      vertex 24.1307 46.2329 11.8
    endloop
  endfacet
  facet normal 0 0 1
    outer loop
      vertex 24.1077 46.1175 11.8
      vertex 24.1077 45.8825 11.8
      vertex 24.1307 45.7671 11.8
    endloop
  endfacet
  facet normal 0 -0 1
    outer loop
      vertex 24.1077 45.8825 11.8
      vertex 24.1077 46.1175 11.8
      vertex 24.1 46 11.8
    endloop
  endfacet
  facet normal -0.99786 0.0653917 0
    outer loop
      vertex 24.1 46 8.8
      vertex 24.1077 46.1175 11.8
      vertex 24.1077 46.1175 8.8
    endloop
  endfacet
  facet normal -0.99786 0.0653917 0
    outer loop
      vertex 24.1077 46.1175 11.8
      vertex 24.1 46 8.8
      vertex 24.1 46 11.8
    endloop
  endfacet
  facet normal -0.555484 -0.831527 0
    outer loop
      vertex 24.4521 45.286 8.8
      vertex 24.55 45.2206 11.8
      vertex 24.4521 45.286 11.8
    endloop
  endfacet
  facet normal -0.555484 -0.831527 -0
    outer loop
      vertex 24.55 45.2206 11.8
      vertex 24.4521 45.286 8.8
      vertex 24.55 45.2206 8.8
    endloop
  endfacet
  facet normal -0.0653917 -0.99786 0
    outer loop
      vertex 24.8825 45.1077 8.8
      vertex 25 45.1 11.8
      vertex 24.8825 45.1077 11.8
    endloop
  endfacet
  facet normal -0.0653917 -0.99786 -0
    outer loop
      vertex 25 45.1 11.8
      vertex 24.8825 45.1077 8.8
      vertex 25 45.1 8.8
    endloop
  endfacet
  facet normal -0.195462 -0.980711 0
    outer loop
      vertex 24.7671 45.1307 8.8
      vertex 24.8825 45.1077 11.8
      vertex 24.7671 45.1307 11.8
    endloop
  endfacet
  facet normal -0.195462 -0.980711 -0
    outer loop
      vertex 24.8825 45.1077 11.8
      vertex 24.7671 45.1307 8.8
      vertex 24.8825 45.1077 8.8
    endloop
  endfacet
  facet normal 0.659286 -0.751892 0
    outer loop
      vertex 25.5479 45.286 8.8
      vertex 25.6364 45.3636 11.8
      vertex 25.5479 45.286 11.8
    endloop
  endfacet
  facet normal 0.659286 -0.751892 0
    outer loop
      vertex 25.6364 45.3636 11.8
      vertex 25.5479 45.286 8.8
      vertex 25.6364 45.3636 8.8
    endloop
  endfacet
  facet normal 0.321451 -0.946926 0
    outer loop
      vertex 67.2588 6.03407 1.8
      vertex 67.3827 6.07613 3.8
      vertex 67.2588 6.03407 3.8
    endloop
  endfacet
  facet normal 0.321451 -0.946926 0
    outer loop
      vertex 67.3827 6.07613 3.8
      vertex 67.2588 6.03407 1.8
      vertex 67.3827 6.07613 1.8
    endloop
  endfacet
  facet normal 0 -1 0
    outer loop
      vertex 3 6 1.8
      vertex 67 6 3.8
      vertex 3 6 3.8
    endloop
  endfacet
  facet normal 0 -1 -0
    outer loop
      vertex 67 6 3.8
      vertex 3 6 1.8
      vertex 67 6 1.8
    endloop
  endfacet
  facet normal 0.195013 -0.980801 0
    outer loop
      vertex 67.1305 6.00856 1.8
      vertex 67.2588 6.03407 3.8
      vertex 67.1305 6.00856 3.8
    endloop
  endfacet
  facet normal 0.195013 -0.980801 0
    outer loop
      vertex 67.2588 6.03407 3.8
      vertex 67.1305 6.00856 1.8
      vertex 67.2588 6.03407 1.8
    endloop
  endfacet
  facet normal 0.0657577 0.997836 -0
    outer loop
      vertex 67.1305 43.9914 1.8
      vertex 67 44 3.8
      vertex 67.1305 43.9914 3.8
    endloop
  endfacet
  facet normal 0.0657577 0.997836 0
    outer loop
      vertex 67 44 3.8
      vertex 67.1305 43.9914 1.8
      vertex 67 44 1.8
    endloop
  endfacet
  facet normal 0.0654532 -0.997856 0
    outer loop
      vertex 67 6 1.8
      vertex 67.1305 6.00856 3.8
      vertex 67 6 3.8
    endloop
  endfacet
  facet normal 0.0654532 -0.997856 0
    outer loop
      vertex 67.1305 6.00856 3.8
      vertex 67 6 1.8
      vertex 67.1305 6.00856 1.8
    endloop
  endfacet
  facet normal -0.896906 -0.442222 0
    outer loop
      vertex 2.13397 6.5 1.8
      vertex 2.07613 6.61731 3.8
      vertex 2.07613 6.61731 1.8
    endloop
  endfacet
  facet normal -0.896906 -0.442222 0
    outer loop
      vertex 2.07613 6.61731 3.8
      vertex 2.13397 6.5 1.8
      vertex 2.13397 6.5 3.8
    endloop
  endfacet
  facet normal -0.0654432 -0.997856 0
    outer loop
      vertex 2.86948 6.00856 1.8
      vertex 3 6 3.8
      vertex 2.86948 6.00856 3.8
    endloop
  endfacet
  facet normal -0.0654432 -0.997856 -0
    outer loop
      vertex 3 6 3.8
      vertex 2.86948 6.00856 1.8
      vertex 3 6 1.8
    endloop
  endfacet
  facet normal -0.32152 -0.946903 0
    outer loop
      vertex 2.61731 6.07613 1.8
      vertex 2.74118 6.03407 3.8
      vertex 2.61731 6.07613 3.8
    endloop
  endfacet
  facet normal -0.32152 -0.946903 -0
    outer loop
      vertex 2.74118 6.03407 3.8
      vertex 2.61731 6.07613 1.8
      vertex 2.74118 6.03407 1.8
    endloop
  endfacet
  facet normal -0.659559 0.751653 0
    outer loop
      vertex 2.39124 43.7934 1.8
      vertex 2.29289 43.7071 3.8
      vertex 2.39124 43.7934 3.8
    endloop
  endfacet
  facet normal -0.659559 0.751653 0
    outer loop
      vertex 2.29289 43.7071 3.8
      vertex 2.39124 43.7934 1.8
      vertex 2.29289 43.7071 1.8
    endloop
  endfacet
  facet normal -0.896891 0.442252 0
    outer loop
      vertex 2.07613 43.3827 1.8
      vertex 2.13397 43.5 3.8
      vertex 2.13397 43.5 1.8
    endloop
  endfacet
  facet normal -0.896891 0.442252 0
    outer loop
      vertex 2.13397 43.5 3.8
      vertex 2.07613 43.3827 1.8
      vertex 2.07613 43.3827 3.8
    endloop
  endfacet
  facet normal -0.555194 0.831721 0
    outer loop
      vertex 2.5 43.866 1.8
      vertex 2.39124 43.7934 3.8
      vertex 2.5 43.866 3.8
    endloop
  endfacet
  facet normal -0.555194 0.831721 0
    outer loop
      vertex 2.39124 43.7934 3.8
      vertex 2.5 43.866 1.8
      vertex 2.39124 43.7934 1.8
    endloop
  endfacet
  facet normal -0.442591 0.896724 0
    outer loop
      vertex 2.61731 43.9239 1.8
      vertex 2.5 43.866 3.8
      vertex 2.61731 43.9239 3.8
    endloop
  endfacet
  facet normal -0.442591 0.896724 0
    outer loop
      vertex 2.5 43.866 3.8
      vertex 2.61731 43.9239 1.8
      vertex 2.5 43.866 1.8
    endloop
  endfacet
  facet normal 1 -0 0
    outer loop
      vertex 68 7 3.8
      vertex 68 10.5 1.8
      vertex 68 10.5 3.8
    endloop
  endfacet
  facet normal 1 0 0
    outer loop
      vertex 68 10.5 1.8
      vertex 68 7 3.8
      vertex 68 7 1.8
    endloop
  endfacet
  facet normal 1 -0 0
    outer loop
      vertex 68 13.5 3.8
      vertex 68 43 1.8
      vertex 68 43 3.8
    endloop
  endfacet
  facet normal 1 0 0
    outer loop
      vertex 68 43 1.8
      vertex 68 13.5 3.8
      vertex 68 13.5 1.8
    endloop
  endfacet
  facet normal -1 0 0
    outer loop
      vertex 2 7 1.8
      vertex 2 43 3.8
      vertex 2 43 1.8
    endloop
  endfacet
  facet normal -1 -0 0
    outer loop
      vertex 2 43 3.8
      vertex 2 7 1.8
      vertex 2 7 3.8
    endloop
  endfacet
  facet normal -0.0657477 0.997836 0
    outer loop
      vertex 3 44 1.8
      vertex 2.86948 43.9914 3.8
      vertex 3 44 3.8
    endloop
  endfacet
  facet normal -0.0657477 0.997836 0
    outer loop
      vertex 2.86948 43.9914 3.8
      vertex 3 44 1.8
      vertex 2.86948 43.9914 1.8
    endloop
  endfacet
  facet normal 0.321039 0.947066 -0
    outer loop
      vertex 67.3827 43.9239 1.8
      vertex 67.2588 43.9659 3.8
      vertex 67.3827 43.9239 3.8
    endloop
  endfacet
  facet normal 0.321039 0.947066 0
    outer loop
      vertex 67.2588 43.9659 3.8
      vertex 67.3827 43.9239 1.8
      vertex 67.2588 43.9659 1.8
    endloop
  endfacet
  facet normal -0.6593 -0.75188 0
    outer loop
      vertex 2.29289 6.29289 1.8
      vertex 2.39124 6.20665 3.8
      vertex 2.29289 6.29289 3.8
    endloop
  endfacet
  facet normal -0.6593 -0.75188 -0
    outer loop
      vertex 2.39124 6.20665 3.8
      vertex 2.29289 6.29289 1.8
      vertex 2.39124 6.20665 1.8
    endloop
  endfacet
  facet normal -0.946926 0.321451 0
    outer loop
      vertex 2.03407 43.2588 1.8
      vertex 2.07613 43.3827 3.8
      vertex 2.07613 43.3827 1.8
    endloop
  endfacet
  facet normal -0.946926 0.321451 0
    outer loop
      vertex 2.07613 43.3827 3.8
      vertex 2.03407 43.2588 1.8
      vertex 2.03407 43.2588 3.8
    endloop
  endfacet
  facet normal -0.195013 -0.980801 0
    outer loop
      vertex 2.74118 6.03407 1.8
      vertex 2.86948 6.00856 3.8
      vertex 2.74118 6.03407 3.8
    endloop
  endfacet
  facet normal -0.195013 -0.980801 -0
    outer loop
      vertex 2.86948 6.00856 3.8
      vertex 2.74118 6.03407 1.8
      vertex 2.86948 6.00856 1.8
    endloop
  endfacet
  facet normal -0.751714 0.659489 0
    outer loop
      vertex 2.20665 43.6088 1.8
      vertex 2.29289 43.7071 3.8
      vertex 2.29289 43.7071 1.8
    endloop
  endfacet
  facet normal -0.751714 0.659489 0
    outer loop
      vertex 2.29289 43.7071 3.8
      vertex 2.20665 43.6088 1.8
      vertex 2.20665 43.6088 3.8
    endloop
  endfacet
  facet normal 0.980815 -0.19494 0
    outer loop
      vertex 67.9659 6.74118 3.8
      vertex 67.9914 6.86948 1.8
      vertex 67.9914 6.86948 3.8
    endloop
  endfacet
  facet normal 0.980815 -0.19494 0
    outer loop
      vertex 67.9914 6.86948 1.8
      vertex 67.9659 6.74118 3.8
      vertex 67.9659 6.74118 1.8
    endloop
  endfacet
  facet normal -0.442222 -0.896906 0
    outer loop
      vertex 2.5 6.13397 1.8
      vertex 2.61731 6.07613 3.8
      vertex 2.5 6.13397 3.8
    endloop
  endfacet
  facet normal -0.442222 -0.896906 -0
    outer loop
      vertex 2.61731 6.07613 3.8
      vertex 2.5 6.13397 1.8
      vertex 2.61731 6.07613 1.8
    endloop
  endfacet
  facet normal 0 1 -0
    outer loop
      vertex 67 44 1.8
      vertex 26.497 44 3.8
      vertex 67 44 3.8
    endloop
  endfacet
  facet normal 0 1 0
    outer loop
      vertex 26.497 44 3.8
      vertex 67 44 1.8
      vertex 26.497 44 1.8
    endloop
  endfacet
  facet normal 0 1 -0
    outer loop
      vertex 23.503 44 1.8
      vertex 3 44 3.8
      vertex 23.503 44 3.8
    endloop
  endfacet
  facet normal 0 1 0
    outer loop
      vertex 3 44 3.8
      vertex 23.503 44 1.8
      vertex 3 44 1.8
    endloop
  endfacet
  facet normal 0.831815 0.555053 0
    outer loop
      vertex 67.866 43.5 3.8
      vertex 67.7934 43.6088 1.8
      vertex 67.7934 43.6088 3.8
    endloop
  endfacet
  facet normal 0.831815 0.555053 0
    outer loop
      vertex 67.7934 43.6088 1.8
      vertex 67.866 43.5 3.8
      vertex 67.866 43.5 1.8
    endloop
  endfacet
  facet normal -0.321109 0.947042 0
    outer loop
      vertex 2.74118 43.9659 1.8
      vertex 2.61731 43.9239 3.8
      vertex 2.74118 43.9659 3.8
    endloop
  endfacet
  facet normal -0.321109 0.947042 0
    outer loop
      vertex 2.61731 43.9239 3.8
      vertex 2.74118 43.9659 1.8
      vertex 2.61731 43.9239 1.8
    endloop
  endfacet
  facet normal -0.831533 0.555476 0
    outer loop
      vertex 2.13397 43.5 1.8
      vertex 2.20665 43.6088 3.8
      vertex 2.20665 43.6088 1.8
    endloop
  endfacet
  facet normal -0.831533 0.555476 0
    outer loop
      vertex 2.20665 43.6088 3.8
      vertex 2.13397 43.5 1.8
      vertex 2.13397 43.5 3.8
    endloop
  endfacet
  facet normal -0.997856 0.0654532 0
    outer loop
      vertex 2 43 1.8
      vertex 2.00856 43.1305 3.8
      vertex 2.00856 43.1305 1.8
    endloop
  endfacet
  facet normal -0.997856 0.0654532 0
    outer loop
      vertex 2.00856 43.1305 3.8
      vertex 2 43 1.8
      vertex 2 43 3.8
    endloop
  endfacet
  facet normal -0.555617 -0.831438 0
    outer loop
      vertex 2.39124 6.20665 1.8
      vertex 2.5 6.13397 3.8
      vertex 2.39124 6.20665 3.8
    endloop
  endfacet
  facet normal -0.555617 -0.831438 -0
    outer loop
      vertex 2.5 6.13397 3.8
      vertex 2.39124 6.20665 1.8
      vertex 2.5 6.13397 1.8
    endloop
  endfacet
  facet normal -0.19494 0.980815 0
    outer loop
      vertex 2.86948 43.9914 1.8
      vertex 2.74118 43.9659 3.8
      vertex 2.86948 43.9914 3.8
    endloop
  endfacet
  facet normal -0.19494 0.980815 0
    outer loop
      vertex 2.74118 43.9659 3.8
      vertex 2.86948 43.9914 1.8
      vertex 2.74118 43.9659 1.8
    endloop
  endfacet
  facet normal 0.896724 -0.442591 0
    outer loop
      vertex 67.866 6.5 3.8
      vertex 67.9239 6.61731 1.8
      vertex 67.9239 6.61731 3.8
    endloop
  endfacet
  facet normal 0.896724 -0.442591 0
    outer loop
      vertex 67.9239 6.61731 1.8
      vertex 67.866 6.5 3.8
      vertex 67.866 6.5 1.8
    endloop
  endfacet
  facet normal 0.659489 -0.751714 0
    outer loop
      vertex 67.6088 6.20665 1.8
      vertex 67.7071 6.29289 3.8
      vertex 67.6088 6.20665 3.8
    endloop
  endfacet
  facet normal 0.659489 -0.751714 0
    outer loop
      vertex 67.7071 6.29289 3.8
      vertex 67.6088 6.20665 1.8
      vertex 67.7071 6.29289 1.8
    endloop
  endfacet
  facet normal 0.555053 0.831815 -0
    outer loop
      vertex 67.6088 43.7934 1.8
      vertex 67.5 43.866 3.8
      vertex 67.6088 43.7934 3.8
    endloop
  endfacet
  facet normal 0.555053 0.831815 0
    outer loop
      vertex 67.5 43.866 3.8
      vertex 67.6088 43.7934 1.8
      vertex 67.5 43.866 1.8
    endloop
  endfacet
  facet normal 0.442621 0.896709 -0
    outer loop
      vertex 67.5 43.866 1.8
      vertex 67.3827 43.9239 3.8
      vertex 67.5 43.866 3.8
    endloop
  endfacet
  facet normal 0.442621 0.896709 0
    outer loop
      vertex 67.3827 43.9239 3.8
      vertex 67.5 43.866 1.8
      vertex 67.3827 43.9239 1.8
    endloop
  endfacet
  facet normal 0.947066 0.321039 0
    outer loop
      vertex 67.9659 43.2588 3.8
      vertex 67.9239 43.3827 1.8
      vertex 67.9239 43.3827 3.8
    endloop
  endfacet
  facet normal 0.947066 0.321039 0
    outer loop
      vertex 67.9239 43.3827 1.8
      vertex 67.9659 43.2588 3.8
      vertex 67.9659 43.2588 1.8
    endloop
  endfacet
  facet normal 0.19494 0.980815 -0
    outer loop
      vertex 67.2588 43.9659 1.8
      vertex 67.1305 43.9914 3.8
      vertex 67.2588 43.9659 3.8
    endloop
  endfacet
  facet normal 0.19494 0.980815 0
    outer loop
      vertex 67.1305 43.9914 3.8
      vertex 67.2588 43.9659 1.8
      vertex 67.1305 43.9914 1.8
    endloop
  endfacet
  facet normal 0.997836 0.0657577 0
    outer loop
      vertex 68 43 3.8
      vertex 67.9914 43.1305 1.8
      vertex 67.9914 43.1305 3.8
    endloop
  endfacet
  facet normal 0.997836 0.0657577 0
    outer loop
      vertex 67.9914 43.1305 1.8
      vertex 68 43 3.8
      vertex 68 43 1.8
    endloop
  endfacet
  facet normal 0.831721 -0.555194 0
    outer loop
      vertex 67.7934 6.39124 3.8
      vertex 67.866 6.5 1.8
      vertex 67.866 6.5 3.8
    endloop
  endfacet
  facet normal 0.831721 -0.555194 0
    outer loop
      vertex 67.866 6.5 1.8
      vertex 67.7934 6.39124 3.8
      vertex 67.7934 6.39124 1.8
    endloop
  endfacet
  facet normal 0.751653 -0.659559 0
    outer loop
      vertex 67.7071 6.29289 3.8
      vertex 67.7934 6.39124 1.8
      vertex 67.7934 6.39124 3.8
    endloop
  endfacet
  facet normal 0.751653 -0.659559 0
    outer loop
      vertex 67.7934 6.39124 1.8
      vertex 67.7071 6.29289 3.8
      vertex 67.7071 6.29289 1.8
    endloop
  endfacet
  facet normal -0.997856 -0.0654432 0
    outer loop
      vertex 2.00856 6.86948 1.8
      vertex 2 7 3.8
      vertex 2 7 1.8
    endloop
  endfacet
  facet normal -0.997856 -0.0654432 0
    outer loop
      vertex 2 7 3.8
      vertex 2.00856 6.86948 1.8
      vertex 2.00856 6.86948 3.8
    endloop
  endfacet
  facet normal -0.980801 0.195013 0
    outer loop
      vertex 2.00856 43.1305 1.8
      vertex 2.03407 43.2588 3.8
      vertex 2.03407 43.2588 1.8
    endloop
  endfacet
  facet normal -0.980801 0.195013 0
    outer loop
      vertex 2.03407 43.2588 3.8
      vertex 2.00856 43.1305 1.8
      vertex 2.00856 43.1305 3.8
    endloop
  endfacet
  facet normal 0.751486 0.659749 0
    outer loop
      vertex 67.7934 43.6088 3.8
      vertex 67.7071 43.7071 1.8
      vertex 67.7071 43.7071 3.8
    endloop
  endfacet
  facet normal 0.751486 0.659749 0
    outer loop
      vertex 67.7071 43.7071 1.8
      vertex 67.7934 43.6088 3.8
      vertex 67.7934 43.6088 1.8
    endloop
  endfacet
  facet normal 0.947042 -0.321109 0
    outer loop
      vertex 67.9239 6.61731 3.8
      vertex 67.9659 6.74118 1.8
      vertex 67.9659 6.74118 3.8
    endloop
  endfacet
  facet normal 0.947042 -0.321109 0
    outer loop
      vertex 67.9659 6.74118 1.8
      vertex 67.9239 6.61731 3.8
      vertex 67.9239 6.61731 1.8
    endloop
  endfacet
  facet normal 0.659749 0.751486 -0
    outer loop
      vertex 67.7071 43.7071 1.8
      vertex 67.6088 43.7934 3.8
      vertex 67.7071 43.7071 3.8
    endloop
  endfacet
  facet normal 0.659749 0.751486 0
    outer loop
      vertex 67.6088 43.7934 3.8
      vertex 67.7071 43.7071 1.8
      vertex 67.6088 43.7934 1.8
    endloop
  endfacet
  facet normal 0.896709 0.442621 0
    outer loop
      vertex 67.9239 43.3827 3.8
      vertex 67.866 43.5 1.8
      vertex 67.866 43.5 3.8
    endloop
  endfacet
  facet normal 0.896709 0.442621 0
    outer loop
      vertex 67.866 43.5 1.8
      vertex 67.9239 43.3827 3.8
      vertex 67.9239 43.3827 1.8
    endloop
  endfacet
  facet normal 0.980815 0.19494 0
    outer loop
      vertex 67.9914 43.1305 3.8
      vertex 67.9659 43.2588 1.8
      vertex 67.9659 43.2588 3.8
    endloop
  endfacet
  facet normal 0.980815 0.19494 0
    outer loop
      vertex 67.9659 43.2588 1.8
      vertex 67.9914 43.1305 3.8
      vertex 67.9914 43.1305 1.8
    endloop
  endfacet
  facet normal -0.980801 -0.195013 0
    outer loop
      vertex 2.03407 6.74118 1.8
      vertex 2.00856 6.86948 3.8
      vertex 2.00856 6.86948 1.8
    endloop
  endfacet
  facet normal -0.980801 -0.195013 0
    outer loop
      vertex 2.00856 6.86948 3.8
      vertex 2.03407 6.74118 1.8
      vertex 2.03407 6.74118 3.8
    endloop
  endfacet
  facet normal -0.946903 -0.32152 0
    outer loop
      vertex 2.07613 6.61731 1.8
      vertex 2.03407 6.74118 3.8
      vertex 2.03407 6.74118 1.8
    endloop
  endfacet
  facet normal -0.946903 -0.32152 0
    outer loop
      vertex 2.03407 6.74118 3.8
      vertex 2.07613 6.61731 1.8
      vertex 2.07613 6.61731 3.8
    endloop
  endfacet
  facet normal -0.831438 -0.555617 0
    outer loop
      vertex 2.20665 6.39124 1.8
      vertex 2.13397 6.5 3.8
      vertex 2.13397 6.5 1.8
    endloop
  endfacet
  facet normal -0.831438 -0.555617 0
    outer loop
      vertex 2.13397 6.5 3.8
      vertex 2.20665 6.39124 1.8
      vertex 2.20665 6.39124 3.8
    endloop
  endfacet
  facet normal -0.75188 -0.6593 0
    outer loop
      vertex 2.29289 6.29289 1.8
      vertex 2.20665 6.39124 3.8
      vertex 2.20665 6.39124 1.8
    endloop
  endfacet
  facet normal -0.75188 -0.6593 0
    outer loop
      vertex 2.20665 6.39124 3.8
      vertex 2.29289 6.29289 1.8
      vertex 2.29289 6.29289 3.8
    endloop
  endfacet
  facet normal 0.997836 -0.0657477 0
    outer loop
      vertex 67.9914 6.86948 3.8
      vertex 68 7 1.8
      vertex 68 7 3.8
    endloop
  endfacet
  facet normal 0.997836 -0.0657477 0
    outer loop
      vertex 68 7 1.8
      vertex 67.9914 6.86948 3.8
      vertex 67.9914 6.86948 1.8
    endloop
  endfacet
  facet normal 0 0 1
    outer loop
      vertex 68 43 3.8
      vertex 65.9914 41.1305 3.8
      vertex 66 41 3.8
    endloop
  endfacet
  facet normal 0 0 1
    outer loop
      vertex 68 43 3.8
      vertex 65.9659 41.2588 3.8
      vertex 65.9914 41.1305 3.8
    endloop
  endfacet
  facet normal 0 0 1
    outer loop
      vertex 68 43 3.8
      vertex 65.9239 41.3827 3.8
      vertex 65.9659 41.2588 3.8
    endloop
  endfacet
  facet normal 0 0 1
    outer loop
      vertex 68 43 3.8
      vertex 65.866 41.5 3.8
      vertex 65.9239 41.3827 3.8
    endloop
  endfacet
  facet normal 0 0 1
    outer loop
      vertex 68 43 3.8
      vertex 65.7934 41.6088 3.8
      vertex 65.866 41.5 3.8
    endloop
  endfacet
  facet normal 0 0 1
    outer loop
      vertex 68 43 3.8
      vertex 65.7071 41.7071 3.8
      vertex 65.7934 41.6088 3.8
    endloop
  endfacet
  facet normal 0 0 1
    outer loop
      vertex 67 44 3.8
      vertex 65.6088 41.7934 3.8
      vertex 65.7071 41.7071 3.8
    endloop
  endfacet
  facet normal 0 0 1
    outer loop
      vertex 67 44 3.8
      vertex 65.5 41.866 3.8
      vertex 65.6088 41.7934 3.8
    endloop
  endfacet
  facet normal 0 0 1
    outer loop
      vertex 67 44 3.8
      vertex 65.3827 41.9239 3.8
      vertex 65.5 41.866 3.8
    endloop
  endfacet
  facet normal 0 0 1
    outer loop
      vertex 67 44 3.8
      vertex 65.2588 41.9659 3.8
      vertex 65.3827 41.9239 3.8
    endloop
  endfacet
  facet normal 0 0 1
    outer loop
      vertex 67 44 3.8
      vertex 65.1305 41.9914 3.8
      vertex 65.2588 41.9659 3.8
    endloop
  endfacet
  facet normal 0 0 1
    outer loop
      vertex 67 44 3.8
      vertex 65 42 3.8
      vertex 65.1305 41.9914 3.8
    endloop
  endfacet
  facet normal -0 0 1
    outer loop
      vertex 26.497 44 3.8
      vertex 65 42 3.8
      vertex 67 44 3.8
    endloop
  endfacet
  facet normal -0 0 1
    outer loop
      vertex 26.25 43.8349 3.8
      vertex 65 42 3.8
      vertex 26.497 44 3.8
    endloop
  endfacet
  facet normal -0 0 1
    outer loop
      vertex 25.9567 43.6903 3.8
      vertex 65 42 3.8
      vertex 26.25 43.8349 3.8
    endloop
  endfacet
  facet normal -0 0 1
    outer loop
      vertex 25.647 43.5852 3.8
      vertex 65 42 3.8
      vertex 25.9567 43.6903 3.8
    endloop
  endfacet
  facet normal -0 0 1
    outer loop
      vertex 25.3263 43.5214 3.8
      vertex 65 42 3.8
      vertex 25.647 43.5852 3.8
    endloop
  endfacet
  facet normal -0 0 1
    outer loop
      vertex 25 43.5 3.8
      vertex 65 42 3.8
      vertex 25.3263 43.5214 3.8
    endloop
  endfacet
  facet normal 0 0 1
    outer loop
      vertex 25 43.5 3.8
      vertex 5 42 3.8
      vertex 65 42 3.8
    endloop
  endfacet
  facet normal 0 0 1
    outer loop
      vertex 24.6737 43.5214 3.8
      vertex 5 42 3.8
      vertex 25 43.5 3.8
    endloop
  endfacet
  facet normal 0 0 1
    outer loop
      vertex 24.353 43.5852 3.8
      vertex 5 42 3.8
      vertex 24.6737 43.5214 3.8
    endloop
  endfacet
  facet normal 0 0 1
    outer loop
      vertex 24.0433 43.6903 3.8
      vertex 5 42 3.8
      vertex 24.353 43.5852 3.8
    endloop
  endfacet
  facet normal 0 0 1
    outer loop
      vertex 23.75 43.8349 3.8
      vertex 5 42 3.8
      vertex 24.0433 43.6903 3.8
    endloop
  endfacet
  facet normal 0 0 1
    outer loop
      vertex 23.503 44 3.8
      vertex 5 42 3.8
      vertex 23.75 43.8349 3.8
    endloop
  endfacet
  facet normal -0 0 1
    outer loop
      vertex 3 44 3.8
      vertex 5 42 3.8
      vertex 23.503 44 3.8
    endloop
  endfacet
  facet normal 0 0 1
    outer loop
      vertex 4.00856 41.1305 3.8
      vertex 2 43 3.8
      vertex 4 41 3.8
    endloop
  endfacet
  facet normal 0 0 1
    outer loop
      vertex 4.03407 41.2588 3.8
      vertex 2 43 3.8
      vertex 4.00856 41.1305 3.8
    endloop
  endfacet
  facet normal 0 0 1
    outer loop
      vertex 4.07613 41.3827 3.8
      vertex 2 43 3.8
      vertex 4.03407 41.2588 3.8
    endloop
  endfacet
  facet normal 0 0 1
    outer loop
      vertex 4.13397 41.5 3.8
      vertex 2 43 3.8
      vertex 4.07613 41.3827 3.8
    endloop
  endfacet
  facet normal 0 0 1
    outer loop
      vertex 4.20665 41.6088 3.8
      vertex 2 43 3.8
      vertex 4.13397 41.5 3.8
    endloop
  endfacet
  facet normal 0 0 1
    outer loop
      vertex 4.29289 41.7071 3.8
      vertex 2 43 3.8
      vertex 4.20665 41.6088 3.8
    endloop
  endfacet
  facet normal -0 0 1
    outer loop
      vertex 2 43 3.8
      vertex 4.29289 41.7071 3.8
      vertex 3 44 3.8
    endloop
  endfacet
  facet normal 0 0 1
    outer loop
      vertex 4.39124 41.7934 3.8
      vertex 3 44 3.8
      vertex 4.29289 41.7071 3.8
    endloop
  endfacet
  facet normal 0 0 1
    outer loop
      vertex 4.5 41.866 3.8
      vertex 3 44 3.8
      vertex 4.39124 41.7934 3.8
    endloop
  endfacet
  facet normal 0 0 1
    outer loop
      vertex 4.61731 41.9239 3.8
      vertex 3 44 3.8
      vertex 4.5 41.866 3.8
    endloop
  endfacet
  facet normal 0 0 1
    outer loop
      vertex 4.74118 41.9659 3.8
      vertex 3 44 3.8
      vertex 4.61731 41.9239 3.8
    endloop
  endfacet
  facet normal 0 0 1
    outer loop
      vertex 4.86948 41.9914 3.8
      vertex 3 44 3.8
      vertex 4.74118 41.9659 3.8
    endloop
  endfacet
  facet normal 0 0 1
    outer loop
      vertex 5 42 3.8
      vertex 3 44 3.8
      vertex 4.86948 41.9914 3.8
    endloop
  endfacet
  facet normal 0 0 1
    outer loop
      vertex 67 44 3.8
      vertex 68 43 3.8
      vertex 67.9914 43.1305 3.8
    endloop
  endfacet
  facet normal 0 0 1
    outer loop
      vertex 67 44 3.8
      vertex 67.9914 43.1305 3.8
      vertex 67.9659 43.2588 3.8
    endloop
  endfacet
  facet normal 0 0 1
    outer loop
      vertex 67 44 3.8
      vertex 67.9659 43.2588 3.8
      vertex 67.9239 43.3827 3.8
    endloop
  endfacet
  facet normal 0 0 1
    outer loop
      vertex 67 44 3.8
      vertex 67.9239 43.3827 3.8
      vertex 67.866 43.5 3.8
    endloop
  endfacet
  facet normal 0 0 1
    outer loop
      vertex 67 44 3.8
      vertex 67.866 43.5 3.8
      vertex 67.7934 43.6088 3.8
    endloop
  endfacet
  facet normal 0 0 1
    outer loop
      vertex 67 44 3.8
      vertex 67.7934 43.6088 3.8
      vertex 67.7071 43.7071 3.8
    endloop
  endfacet
  facet normal 0 0 1
    outer loop
      vertex 67 44 3.8
      vertex 67.7071 43.7071 3.8
      vertex 67.6088 43.7934 3.8
    endloop
  endfacet
  facet normal 0 0 1
    outer loop
      vertex 67 44 3.8
      vertex 67.6088 43.7934 3.8
      vertex 67.5 43.866 3.8
    endloop
  endfacet
  facet normal 0 0 1
    outer loop
      vertex 67 44 3.8
      vertex 67.5 43.866 3.8
      vertex 67.3827 43.9239 3.8
    endloop
  endfacet
  facet normal 0 0 1
    outer loop
      vertex 67 44 3.8
      vertex 67.3827 43.9239 3.8
      vertex 67.2588 43.9659 3.8
    endloop
  endfacet
  facet normal 0 0 1
    outer loop
      vertex 67 44 3.8
      vertex 67.2588 43.9659 3.8
      vertex 67.1305 43.9914 3.8
    endloop
  endfacet
  facet normal 0 0 1
    outer loop
      vertex 65.7071 41.7071 3.8
      vertex 68 43 3.8
      vertex 67 44 3.8
    endloop
  endfacet
  facet normal 0 0 1
    outer loop
      vertex 68 43 3.8
      vertex 66 41 3.8
      vertex 68 13.5 3.8
    endloop
  endfacet
  facet normal 0 0 1
    outer loop
      vertex 68 13.5 3.8
      vertex 66 41 3.8
      vertex 66 13.5 3.8
    endloop
  endfacet
  facet normal -0 0 1
    outer loop
      vertex 65.9914 8.86948 3.8
      vertex 68 7 3.8
      vertex 68 10.5 3.8
    endloop
  endfacet
  facet normal -0 0 1
    outer loop
      vertex 65.9659 8.74118 3.8
      vertex 68 7 3.8
      vertex 65.9914 8.86948 3.8
    endloop
  endfacet
  facet normal -0 0 1
    outer loop
      vertex 65.9239 8.61731 3.8
      vertex 68 7 3.8
      vertex 65.9659 8.74118 3.8
    endloop
  endfacet
  facet normal -0 0 1
    outer loop
      vertex 65.866 8.5 3.8
      vertex 68 7 3.8
      vertex 65.9239 8.61731 3.8
    endloop
  endfacet
  facet normal -0 0 1
    outer loop
      vertex 65.7934 8.39124 3.8
      vertex 68 7 3.8
      vertex 65.866 8.5 3.8
    endloop
  endfacet
  facet normal -0 0 1
    outer loop
      vertex 65.7071 8.29289 3.8
      vertex 68 7 3.8
      vertex 65.7934 8.39124 3.8
    endloop
  endfacet
  facet normal 0 0 1
    outer loop
      vertex 68 7 3.8
      vertex 67 6 3.8
      vertex 67.9914 6.86948 3.8
    endloop
  endfacet
  facet normal 0 0 1
    outer loop
      vertex 67.9914 6.86948 3.8
      vertex 67 6 3.8
      vertex 67.9659 6.74118 3.8
    endloop
  endfacet
  facet normal 0 0 1
    outer loop
      vertex 67.9659 6.74118 3.8
      vertex 67 6 3.8
      vertex 67.9239 6.61731 3.8
    endloop
  endfacet
  facet normal 0 0 1
    outer loop
      vertex 67.9239 6.61731 3.8
      vertex 67 6 3.8
      vertex 67.866 6.5 3.8
    endloop
  endfacet
  facet normal 0 0 1
    outer loop
      vertex 67.7934 6.39124 3.8
      vertex 67 6 3.8
      vertex 67.7071 6.29289 3.8
    endloop
  endfacet
  facet normal 0 0 1
    outer loop
      vertex 67.7071 6.29289 3.8
      vertex 67 6 3.8
      vertex 67.6088 6.20665 3.8
    endloop
  endfacet
  facet normal 0 0 1
    outer loop
      vertex 66 9 3.8
      vertex 68 10.5 3.8
      vertex 66 10.5 3.8
    endloop
  endfacet
  facet normal 0 0 1
    outer loop
      vertex 65.9914 8.86948 3.8
      vertex 68 10.5 3.8
      vertex 66 9 3.8
    endloop
  endfacet
  facet normal 0 -0 1
    outer loop
      vertex 67 6 3.8
      vertex 68 7 3.8
      vertex 65.7071 8.29289 3.8
    endloop
  endfacet
  facet normal 0 0 1
    outer loop
      vertex 67.6088 6.20665 3.8
      vertex 67 6 3.8
      vertex 67.5 6.13397 3.8
    endloop
  endfacet
  facet normal 0 0 1
    outer loop
      vertex 67.5 6.13397 3.8
      vertex 67 6 3.8
      vertex 67.3827 6.07613 3.8
    endloop
  endfacet
  facet normal 0 0 1
    outer loop
      vertex 67.3827 6.07613 3.8
      vertex 67 6 3.8
      vertex 67.2588 6.03407 3.8
    endloop
  endfacet
  facet normal 0 0 1
    outer loop
      vertex 67.2588 6.03407 3.8
      vertex 67 6 3.8
      vertex 67.1305 6.00856 3.8
    endloop
  endfacet
  facet normal 0 0 1
    outer loop
      vertex 67.866 6.5 3.8
      vertex 67 6 3.8
      vertex 67.7934 6.39124 3.8
    endloop
  endfacet
  facet normal -0 0 1
    outer loop
      vertex 65.6088 8.20665 3.8
      vertex 67 6 3.8
      vertex 65.7071 8.29289 3.8
    endloop
  endfacet
  facet normal -0 0 1
    outer loop
      vertex 65.5 8.13397 3.8
      vertex 67 6 3.8
      vertex 65.6088 8.20665 3.8
    endloop
  endfacet
  facet normal -0 0 1
    outer loop
      vertex 65.3827 8.07613 3.8
      vertex 67 6 3.8
      vertex 65.5 8.13397 3.8
    endloop
  endfacet
  facet normal -0 0 1
    outer loop
      vertex 65.2588 8.03407 3.8
      vertex 67 6 3.8
      vertex 65.3827 8.07613 3.8
    endloop
  endfacet
  facet normal -0 0 1
    outer loop
      vertex 65.1305 8.00856 3.8
      vertex 67 6 3.8
      vertex 65.2588 8.03407 3.8
    endloop
  endfacet
  facet normal -0 0 1
    outer loop
      vertex 65 8 3.8
      vertex 67 6 3.8
      vertex 65.1305 8.00856 3.8
    endloop
  endfacet
  facet normal -0 0 1
    outer loop
      vertex 5 8 3.8
      vertex 67 6 3.8
      vertex 65 8 3.8
    endloop
  endfacet
  facet normal 0 0 1
    outer loop
      vertex 5 8 3.8
      vertex 3 6 3.8
      vertex 67 6 3.8
    endloop
  endfacet
  facet normal 0 0 1
    outer loop
      vertex 4.86948 8.00856 3.8
      vertex 3 6 3.8
      vertex 5 8 3.8
    endloop
  endfacet
  facet normal 0 0 1
    outer loop
      vertex 4.74118 8.03407 3.8
      vertex 3 6 3.8
      vertex 4.86948 8.00856 3.8
    endloop
  endfacet
  facet normal 0 0 1
    outer loop
      vertex 4.61731 8.07613 3.8
      vertex 3 6 3.8
      vertex 4.74118 8.03407 3.8
    endloop
  endfacet
  facet normal 0 0 1
    outer loop
      vertex 4.5 8.13397 3.8
      vertex 3 6 3.8
      vertex 4.61731 8.07613 3.8
    endloop
  endfacet
  facet normal 0 0 1
    outer loop
      vertex 4.39124 8.20665 3.8
      vertex 3 6 3.8
      vertex 4.5 8.13397 3.8
    endloop
  endfacet
  facet normal 0 0 1
    outer loop
      vertex 4.29289 8.29289 3.8
      vertex 3 6 3.8
      vertex 4.39124 8.20665 3.8
    endloop
  endfacet
  facet normal 0 0 1
    outer loop
      vertex 2 7 3.8
      vertex 4.29289 8.29289 3.8
      vertex 4.20665 8.39124 3.8
    endloop
  endfacet
  facet normal 0 0 1
    outer loop
      vertex 2 7 3.8
      vertex 4.20665 8.39124 3.8
      vertex 4.13397 8.5 3.8
    endloop
  endfacet
  facet normal 0 0 1
    outer loop
      vertex 2 7 3.8
      vertex 4.13397 8.5 3.8
      vertex 4.07613 8.61731 3.8
    endloop
  endfacet
  facet normal 0 0 1
    outer loop
      vertex 2 7 3.8
      vertex 4.07613 8.61731 3.8
      vertex 4.03407 8.74118 3.8
    endloop
  endfacet
  facet normal 0 0 1
    outer loop
      vertex 2 7 3.8
      vertex 4.03407 8.74118 3.8
      vertex 4.00856 8.86948 3.8
    endloop
  endfacet
  facet normal 0 0 1
    outer loop
      vertex 2 7 3.8
      vertex 4.00856 8.86948 3.8
      vertex 4 9 3.8
    endloop
  endfacet
  facet normal 0 0 1
    outer loop
      vertex 4 41 3.8
      vertex 2 43 3.8
      vertex 4 9 3.8
    endloop
  endfacet
  facet normal 0 0 1
    outer loop
      vertex 2 43 3.8
      vertex 3 44 3.8
      vertex 2.86948 43.9914 3.8
    endloop
  endfacet
  facet normal 0 0 1
    outer loop
      vertex 2 7 3.8
      vertex 4 9 3.8
      vertex 2 43 3.8
    endloop
  endfacet
  facet normal 0 0 1
    outer loop
      vertex 2 43 3.8
      vertex 2.86948 43.9914 3.8
      vertex 2.74118 43.9659 3.8
    endloop
  endfacet
  facet normal 0 0 1
    outer loop
      vertex 4.29289 8.29289 3.8
      vertex 2 7 3.8
      vertex 3 6 3.8
    endloop
  endfacet
  facet normal 0 0 1
    outer loop
      vertex 2 43 3.8
      vertex 2.74118 43.9659 3.8
      vertex 2.61731 43.9239 3.8
    endloop
  endfacet
  facet normal 0 0 1
    outer loop
      vertex 3 6 3.8
      vertex 2 7 3.8
      vertex 2.86948 6.00856 3.8
    endloop
  endfacet
  facet normal 0 0 1
    outer loop
      vertex 2 43 3.8
      vertex 2.61731 43.9239 3.8
      vertex 2.5 43.866 3.8
    endloop
  endfacet
  facet normal 0 0 1
    outer loop
      vertex 2.86948 6.00856 3.8
      vertex 2 7 3.8
      vertex 2.74118 6.03407 3.8
    endloop
  endfacet
  facet normal 0 0 1
    outer loop
      vertex 2 43 3.8
      vertex 2.5 43.866 3.8
      vertex 2.39124 43.7934 3.8
    endloop
  endfacet
  facet normal 0 0 1
    outer loop
      vertex 2.74118 6.03407 3.8
      vertex 2 7 3.8
      vertex 2.61731 6.07613 3.8
    endloop
  endfacet
  facet normal 0 0 1
    outer loop
      vertex 2 43 3.8
      vertex 2.39124 43.7934 3.8
      vertex 2.29289 43.7071 3.8
    endloop
  endfacet
  facet normal 0 0 1
    outer loop
      vertex 2.61731 6.07613 3.8
      vertex 2 7 3.8
      vertex 2.5 6.13397 3.8
    endloop
  endfacet
  facet normal 0 0 1
    outer loop
      vertex 2 43 3.8
      vertex 2.29289 43.7071 3.8
      vertex 2.20665 43.6088 3.8
    endloop
  endfacet
  facet normal 0 0 1
    outer loop
      vertex 2.5 6.13397 3.8
      vertex 2 7 3.8
      vertex 2.39124 6.20665 3.8
    endloop
  endfacet
  facet normal 0 0 1
    outer loop
      vertex 2 43 3.8
      vertex 2.20665 43.6088 3.8
      vertex 2.13397 43.5 3.8
    endloop
  endfacet
  facet normal 0 0 1
    outer loop
      vertex 2.39124 6.20665 3.8
      vertex 2 7 3.8
      vertex 2.29289 6.29289 3.8
    endloop
  endfacet
  facet normal 0 0 1
    outer loop
      vertex 2 43 3.8
      vertex 2.13397 43.5 3.8
      vertex 2.07613 43.3827 3.8
    endloop
  endfacet
  facet normal 0 0 1
    outer loop
      vertex 2.29289 6.29289 3.8
      vertex 2 7 3.8
      vertex 2.20665 6.39124 3.8
    endloop
  endfacet
  facet normal 0 0 1
    outer loop
      vertex 2 43 3.8
      vertex 2.07613 43.3827 3.8
      vertex 2.03407 43.2588 3.8
    endloop
  endfacet
  facet normal 0 0 1
    outer loop
      vertex 2.20665 6.39124 3.8
      vertex 2 7 3.8
      vertex 2.13397 6.5 3.8
    endloop
  endfacet
  facet normal 0 0 1
    outer loop
      vertex 2 43 3.8
      vertex 2.03407 43.2588 3.8
      vertex 2.00856 43.1305 3.8
    endloop
  endfacet
  facet normal 0 0 1
    outer loop
      vertex 2.13397 6.5 3.8
      vertex 2 7 3.8
      vertex 2.07613 6.61731 3.8
    endloop
  endfacet
  facet normal 0 0 1
    outer loop
      vertex 2.07613 6.61731 3.8
      vertex 2 7 3.8
      vertex 2.03407 6.74118 3.8
    endloop
  endfacet
  facet normal 0 0 1
    outer loop
      vertex 2.03407 6.74118 3.8
      vertex 2 7 3.8
      vertex 2.00856 6.86948 3.8
    endloop
  endfacet
  facet normal 0.442252 -0.896891 0
    outer loop
      vertex 67.3827 6.07613 1.8
      vertex 67.5 6.13397 3.8
      vertex 67.3827 6.07613 3.8
    endloop
  endfacet
  facet normal 0.442252 -0.896891 0
    outer loop
      vertex 67.5 6.13397 3.8
      vertex 67.3827 6.07613 1.8
      vertex 67.5 6.13397 1.8
    endloop
  endfacet
  facet normal 0.555476 -0.831533 0
    outer loop
      vertex 67.5 6.13397 1.8
      vertex 67.6088 6.20665 3.8
      vertex 67.5 6.13397 3.8
    endloop
  endfacet
  facet normal 0.555476 -0.831533 0
    outer loop
      vertex 67.6088 6.20665 3.8
      vertex 67.5 6.13397 1.8
      vertex 67.6088 6.20665 1.8
    endloop
  endfacet
  facet normal -0.321451 0.946926 0
    outer loop
      vertex 65.3827 8.07613 1.8
      vertex 65.2588 8.03407 3.8
      vertex 65.3827 8.07613 3.8
    endloop
  endfacet
  facet normal -0.321451 0.946926 0
    outer loop
      vertex 65.2588 8.03407 3.8
      vertex 65.3827 8.07613 1.8
      vertex 65.2588 8.03407 1.8
    endloop
  endfacet
  facet normal 0 1 -0
    outer loop
      vertex 65 8 1.8
      vertex 5 8 3.8
      vertex 65 8 3.8
    endloop
  endfacet
  facet normal 0 1 0
    outer loop
      vertex 5 8 3.8
      vertex 65 8 1.8
      vertex 5 8 1.8
    endloop
  endfacet
  facet normal -0.195013 0.980801 0
    outer loop
      vertex 65.2588 8.03407 1.8
      vertex 65.1305 8.00856 3.8
      vertex 65.2588 8.03407 3.8
    endloop
  endfacet
  facet normal -0.195013 0.980801 0
    outer loop
      vertex 65.1305 8.00856 3.8
      vertex 65.2588 8.03407 1.8
      vertex 65.1305 8.00856 1.8
    endloop
  endfacet
  facet normal -0.0657577 -0.997836 0
    outer loop
      vertex 65 42 1.8
      vertex 65.1305 41.9914 3.8
      vertex 65 42 3.8
    endloop
  endfacet
  facet normal -0.0657577 -0.997836 -0
    outer loop
      vertex 65.1305 41.9914 3.8
      vertex 65 42 1.8
      vertex 65.1305 41.9914 1.8
    endloop
  endfacet
  facet normal -0.0654532 0.997856 0
    outer loop
      vertex 65.1305 8.00856 1.8
      vertex 65 8 3.8
      vertex 65.1305 8.00856 3.8
    endloop
  endfacet
  facet normal -0.0654532 0.997856 0
    outer loop
      vertex 65 8 3.8
      vertex 65.1305 8.00856 1.8
      vertex 65 8 1.8
    endloop
  endfacet
  facet normal 0.896906 0.442222 0
    outer loop
      vertex 4.13397 8.5 3.8
      vertex 4.07613 8.61731 1.8
      vertex 4.07613 8.61731 3.8
    endloop
  endfacet
  facet normal 0.896906 0.442222 0
    outer loop
      vertex 4.07613 8.61731 1.8
      vertex 4.13397 8.5 3.8
      vertex 4.13397 8.5 1.8
    endloop
  endfacet
  facet normal 0.0654432 0.997856 -0
    outer loop
      vertex 5 8 1.8
      vertex 4.86948 8.00856 3.8
      vertex 5 8 3.8
    endloop
  endfacet
  facet normal 0.0654432 0.997856 0
    outer loop
      vertex 4.86948 8.00856 3.8
      vertex 5 8 1.8
      vertex 4.86948 8.00856 1.8
    endloop
  endfacet
  facet normal 0.32152 0.946903 -0
    outer loop
      vertex 4.74118 8.03407 1.8
      vertex 4.61731 8.07613 3.8
      vertex 4.74118 8.03407 3.8
    endloop
  endfacet
  facet normal 0.32152 0.946903 0
    outer loop
      vertex 4.61731 8.07613 3.8
      vertex 4.74118 8.03407 1.8
      vertex 4.61731 8.07613 1.8
    endloop
  endfacet
  facet normal 0.659559 -0.751653 0
    outer loop
      vertex 4.29289 41.7071 1.8
      vertex 4.39124 41.7934 3.8
      vertex 4.29289 41.7071 3.8
    endloop
  endfacet
  facet normal 0.659559 -0.751653 0
    outer loop
      vertex 4.39124 41.7934 3.8
      vertex 4.29289 41.7071 1.8
      vertex 4.39124 41.7934 1.8
    endloop
  endfacet
  facet normal 0.896891 -0.442252 0
    outer loop
      vertex 4.07613 41.3827 3.8
      vertex 4.13397 41.5 1.8
      vertex 4.13397 41.5 3.8
    endloop
  endfacet
  facet normal 0.896891 -0.442252 0
    outer loop
      vertex 4.13397 41.5 1.8
      vertex 4.07613 41.3827 3.8
      vertex 4.07613 41.3827 1.8
    endloop
  endfacet
  facet normal 0.442591 -0.896724 0
    outer loop
      vertex 4.5 41.866 1.8
      vertex 4.61731 41.9239 3.8
      vertex 4.5 41.866 3.8
    endloop
  endfacet
  facet normal 0.442591 -0.896724 0
    outer loop
      vertex 4.61731 41.9239 3.8
      vertex 4.5 41.866 1.8
      vertex 4.61731 41.9239 1.8
    endloop
  endfacet
  facet normal -1 0 0
    outer loop
      vertex 66 9 1.8
      vertex 66 10.5 3.8
      vertex 66 10.5 1.8
    endloop
  endfacet
  facet normal -1 -0 0
    outer loop
      vertex 66 10.5 3.8
      vertex 66 9 1.8
      vertex 66 9 3.8
    endloop
  endfacet
  facet normal -1 0 0
    outer loop
      vertex 66 13.5 1.8
      vertex 66 41 3.8
      vertex 66 41 1.8
    endloop
  endfacet
  facet normal -1 -0 0
    outer loop
      vertex 66 41 3.8
      vertex 66 13.5 1.8
      vertex 66 13.5 3.8
    endloop
  endfacet
  facet normal 1 -0 0
    outer loop
      vertex 4 9 3.8
      vertex 4 41 1.8
      vertex 4 41 3.8
    endloop
  endfacet
  facet normal 1 0 0
    outer loop
      vertex 4 41 1.8
      vertex 4 9 3.8
      vertex 4 9 1.8
    endloop
  endfacet
  facet normal 0.0657477 -0.997836 0
    outer loop
      vertex 4.86948 41.9914 1.8
      vertex 5 42 3.8
      vertex 4.86948 41.9914 3.8
    endloop
  endfacet
  facet normal 0.0657477 -0.997836 0
    outer loop
      vertex 5 42 3.8
      vertex 4.86948 41.9914 1.8
      vertex 5 42 1.8
    endloop
  endfacet
  facet normal -0.321039 -0.947066 0
    outer loop
      vertex 65.2588 41.9659 1.8
      vertex 65.3827 41.9239 3.8
      vertex 65.2588 41.9659 3.8
    endloop
  endfacet
  facet normal -0.321039 -0.947066 -0
    outer loop
      vertex 65.3827 41.9239 3.8
      vertex 65.2588 41.9659 1.8
      vertex 65.3827 41.9239 1.8
    endloop
  endfacet
  facet normal 0.6593 0.75188 -0
    outer loop
      vertex 4.39124 8.20665 1.8
      vertex 4.29289 8.29289 3.8
      vertex 4.39124 8.20665 3.8
    endloop
  endfacet
  facet normal 0.6593 0.75188 0
    outer loop
      vertex 4.29289 8.29289 3.8
      vertex 4.39124 8.20665 1.8
      vertex 4.29289 8.29289 1.8
    endloop
  endfacet
  facet normal 0.946926 -0.321451 0
    outer loop
      vertex 4.03407 41.2588 3.8
      vertex 4.07613 41.3827 1.8
      vertex 4.07613 41.3827 3.8
    endloop
  endfacet
  facet normal 0.946926 -0.321451 0
    outer loop
      vertex 4.07613 41.3827 1.8
      vertex 4.03407 41.2588 3.8
      vertex 4.03407 41.2588 1.8
    endloop
  endfacet
  facet normal 0.195013 0.980801 -0
    outer loop
      vertex 4.86948 8.00856 1.8
      vertex 4.74118 8.03407 3.8
      vertex 4.86948 8.00856 3.8
    endloop
  endfacet
  facet normal 0.195013 0.980801 0
    outer loop
      vertex 4.74118 8.03407 3.8
      vertex 4.86948 8.00856 1.8
      vertex 4.74118 8.03407 1.8
    endloop
  endfacet
  facet normal 0.751714 -0.659489 0
    outer loop
      vertex 4.20665 41.6088 3.8
      vertex 4.29289 41.7071 1.8
      vertex 4.29289 41.7071 3.8
    endloop
  endfacet
  facet normal 0.751714 -0.659489 0
    outer loop
      vertex 4.29289 41.7071 1.8
      vertex 4.20665 41.6088 3.8
      vertex 4.20665 41.6088 1.8
    endloop
  endfacet
  facet normal -0.980815 0.19494 0
    outer loop
      vertex 65.9659 8.74118 1.8
      vertex 65.9914 8.86948 3.8
      vertex 65.9914 8.86948 1.8
    endloop
  endfacet
  facet normal -0.980815 0.19494 0
    outer loop
      vertex 65.9914 8.86948 3.8
      vertex 65.9659 8.74118 1.8
      vertex 65.9659 8.74118 3.8
    endloop
  endfacet
  facet normal 0.442222 0.896906 -0
    outer loop
      vertex 4.61731 8.07613 1.8
      vertex 4.5 8.13397 3.8
      vertex 4.61731 8.07613 3.8
    endloop
  endfacet
  facet normal 0.442222 0.896906 0
    outer loop
      vertex 4.5 8.13397 3.8
      vertex 4.61731 8.07613 1.8
      vertex 4.5 8.13397 1.8
    endloop
  endfacet
  facet normal 0 -1 0
    outer loop
      vertex 5 42 1.8
      vertex 65 42 3.8
      vertex 5 42 3.8
    endloop
  endfacet
  facet normal 0 -1 -0
    outer loop
      vertex 65 42 3.8
      vertex 5 42 1.8
      vertex 65 42 1.8
    endloop
  endfacet
  facet normal -0.831815 -0.555053 0
    outer loop
      vertex 65.866 41.5 1.8
      vertex 65.7934 41.6088 3.8
      vertex 65.7934 41.6088 1.8
    endloop
  endfacet
  facet normal -0.831815 -0.555053 0
    outer loop
      vertex 65.7934 41.6088 3.8
      vertex 65.866 41.5 1.8
      vertex 65.866 41.5 3.8
    endloop
  endfacet
  facet normal 0.321109 -0.947042 0
    outer loop
      vertex 4.61731 41.9239 1.8
      vertex 4.74118 41.9659 3.8
      vertex 4.61731 41.9239 3.8
    endloop
  endfacet
  facet normal 0.321109 -0.947042 0
    outer loop
      vertex 4.74118 41.9659 3.8
      vertex 4.61731 41.9239 1.8
      vertex 4.74118 41.9659 1.8
    endloop
  endfacet
  facet normal 0.831533 -0.555476 0
    outer loop
      vertex 4.13397 41.5 3.8
      vertex 4.20665 41.6088 1.8
      vertex 4.20665 41.6088 3.8
    endloop
  endfacet
  facet normal 0.831533 -0.555476 0
    outer loop
      vertex 4.20665 41.6088 1.8
      vertex 4.13397 41.5 3.8
      vertex 4.13397 41.5 1.8
    endloop
  endfacet
  facet normal 0.555617 0.831438 -0
    outer loop
      vertex 4.5 8.13397 1.8
      vertex 4.39124 8.20665 3.8
      vertex 4.5 8.13397 3.8
    endloop
  endfacet
  facet normal 0.555617 0.831438 0
    outer loop
      vertex 4.39124 8.20665 3.8
      vertex 4.5 8.13397 1.8
      vertex 4.39124 8.20665 1.8
    endloop
  endfacet
  facet normal 0.19494 -0.980815 0
    outer loop
      vertex 4.74118 41.9659 1.8
      vertex 4.86948 41.9914 3.8
      vertex 4.74118 41.9659 3.8
    endloop
  endfacet
  facet normal 0.19494 -0.980815 0
    outer loop
      vertex 4.86948 41.9914 3.8
      vertex 4.74118 41.9659 1.8
      vertex 4.86948 41.9914 1.8
    endloop
  endfacet
  facet normal -0.896724 0.442591 0
    outer loop
      vertex 65.866 8.5 1.8
      vertex 65.9239 8.61731 3.8
      vertex 65.9239 8.61731 1.8
    endloop
  endfacet
  facet normal -0.896724 0.442591 0
    outer loop
      vertex 65.9239 8.61731 3.8
      vertex 65.866 8.5 1.8
      vertex 65.866 8.5 3.8
    endloop
  endfacet
  facet normal -0.659489 0.751714 0
    outer loop
      vertex 65.7071 8.29289 1.8
      vertex 65.6088 8.20665 3.8
      vertex 65.7071 8.29289 3.8
    endloop
  endfacet
  facet normal -0.659489 0.751714 0
    outer loop
      vertex 65.6088 8.20665 3.8
      vertex 65.7071 8.29289 1.8
      vertex 65.6088 8.20665 1.8
    endloop
  endfacet
  facet normal -0.555053 -0.831815 0
    outer loop
      vertex 65.5 41.866 1.8
      vertex 65.6088 41.7934 3.8
      vertex 65.5 41.866 3.8
    endloop
  endfacet
  facet normal -0.555053 -0.831815 -0
    outer loop
      vertex 65.6088 41.7934 3.8
      vertex 65.5 41.866 1.8
      vertex 65.6088 41.7934 1.8
    endloop
  endfacet
  facet normal -0.442621 -0.896709 0
    outer loop
      vertex 65.3827 41.9239 1.8
      vertex 65.5 41.866 3.8
      vertex 65.3827 41.9239 3.8
    endloop
  endfacet
  facet normal -0.442621 -0.896709 -0
    outer loop
      vertex 65.5 41.866 3.8
      vertex 65.3827 41.9239 1.8
      vertex 65.5 41.866 1.8
    endloop
  endfacet
  facet normal -0.947066 -0.321039 0
    outer loop
      vertex 65.9659 41.2588 1.8
      vertex 65.9239 41.3827 3.8
      vertex 65.9239 41.3827 1.8
    endloop
  endfacet
  facet normal -0.947066 -0.321039 0
    outer loop
      vertex 65.9239 41.3827 3.8
      vertex 65.9659 41.2588 1.8
      vertex 65.9659 41.2588 3.8
    endloop
  endfacet
  facet normal -0.19494 -0.980815 0
    outer loop
      vertex 65.1305 41.9914 1.8
      vertex 65.2588 41.9659 3.8
      vertex 65.1305 41.9914 3.8
    endloop
  endfacet
  facet normal -0.19494 -0.980815 -0
    outer loop
      vertex 65.2588 41.9659 3.8
      vertex 65.1305 41.9914 1.8
      vertex 65.2588 41.9659 1.8
    endloop
  endfacet
  facet normal -0.997836 -0.0657577 0
    outer loop
      vertex 66 41 1.8
      vertex 65.9914 41.1305 3.8
      vertex 65.9914 41.1305 1.8
    endloop
  endfacet
  facet normal -0.997836 -0.0657577 0
    outer loop
      vertex 65.9914 41.1305 3.8
      vertex 66 41 1.8
      vertex 66 41 3.8
    endloop
  endfacet
  facet normal 0.555194 -0.831721 0
    outer loop
      vertex 4.39124 41.7934 1.8
      vertex 4.5 41.866 3.8
      vertex 4.39124 41.7934 3.8
    endloop
  endfacet
  facet normal 0.555194 -0.831721 0
    outer loop
      vertex 4.5 41.866 3.8
      vertex 4.39124 41.7934 1.8
      vertex 4.5 41.866 1.8
    endloop
  endfacet
  facet normal -0.831721 0.555194 0
    outer loop
      vertex 65.7934 8.39124 1.8
      vertex 65.866 8.5 3.8
      vertex 65.866 8.5 1.8
    endloop
  endfacet
  facet normal -0.831721 0.555194 0
    outer loop
      vertex 65.866 8.5 3.8
      vertex 65.7934 8.39124 1.8
      vertex 65.7934 8.39124 3.8
    endloop
  endfacet
  facet normal -0.751653 0.659559 0
    outer loop
      vertex 65.7071 8.29289 1.8
      vertex 65.7934 8.39124 3.8
      vertex 65.7934 8.39124 1.8
    endloop
  endfacet
  facet normal -0.751653 0.659559 0
    outer loop
      vertex 65.7934 8.39124 3.8
      vertex 65.7071 8.29289 1.8
      vertex 65.7071 8.29289 3.8
    endloop
  endfacet
  facet normal 0.997856 0.0654432 0
    outer loop
      vertex 4.00856 8.86948 3.8
      vertex 4 9 1.8
      vertex 4 9 3.8
    endloop
  endfacet
  facet normal 0.997856 0.0654432 0
    outer loop
      vertex 4 9 1.8
      vertex 4.00856 8.86948 3.8
      vertex 4.00856 8.86948 1.8
    endloop
  endfacet
  facet normal 0.980801 -0.195013 0
    outer loop
      vertex 4.00856 41.1305 3.8
      vertex 4.03407 41.2588 1.8
      vertex 4.03407 41.2588 3.8
    endloop
  endfacet
  facet normal 0.980801 -0.195013 0
    outer loop
      vertex 4.03407 41.2588 1.8
      vertex 4.00856 41.1305 3.8
      vertex 4.00856 41.1305 1.8
    endloop
  endfacet
  facet normal 0.997856 -0.0654532 0
    outer loop
      vertex 4 41 3.8
      vertex 4.00856 41.1305 1.8
      vertex 4.00856 41.1305 3.8
    endloop
  endfacet
  facet normal 0.997856 -0.0654532 0
    outer loop
      vertex 4.00856 41.1305 1.8
      vertex 4 41 3.8
      vertex 4 41 1.8
    endloop
  endfacet
  facet normal -0.751486 -0.659749 0
    outer loop
      vertex 65.7934 41.6088 1.8
      vertex 65.7071 41.7071 3.8
      vertex 65.7071 41.7071 1.8
    endloop
  endfacet
  facet normal -0.751486 -0.659749 0
    outer loop
      vertex 65.7071 41.7071 3.8
      vertex 65.7934 41.6088 1.8
      vertex 65.7934 41.6088 3.8
    endloop
  endfacet
  facet normal -0.947042 0.321109 0
    outer loop
      vertex 65.9239 8.61731 1.8
      vertex 65.9659 8.74118 3.8
      vertex 65.9659 8.74118 1.8
    endloop
  endfacet
  facet normal -0.947042 0.321109 0
    outer loop
      vertex 65.9659 8.74118 3.8
      vertex 65.9239 8.61731 1.8
      vertex 65.9239 8.61731 3.8
    endloop
  endfacet
  facet normal -0.659749 -0.751486 0
    outer loop
      vertex 65.6088 41.7934 1.8
      vertex 65.7071 41.7071 3.8
      vertex 65.6088 41.7934 3.8
    endloop
  endfacet
  facet normal -0.659749 -0.751486 -0
    outer loop
      vertex 65.7071 41.7071 3.8
      vertex 65.6088 41.7934 1.8
      vertex 65.7071 41.7071 1.8
    endloop
  endfacet
  facet normal -0.896709 -0.442621 0
    outer loop
      vertex 65.9239 41.3827 1.8
      vertex 65.866 41.5 3.8
      vertex 65.866 41.5 1.8
    endloop
  endfacet
  facet normal -0.896709 -0.442621 0
    outer loop
      vertex 65.866 41.5 3.8
      vertex 65.9239 41.3827 1.8
      vertex 65.9239 41.3827 3.8
    endloop
  endfacet
  facet normal -0.980815 -0.19494 0
    outer loop
      vertex 65.9914 41.1305 1.8
      vertex 65.9659 41.2588 3.8
      vertex 65.9659 41.2588 1.8
    endloop
  endfacet
  facet normal -0.980815 -0.19494 0
    outer loop
      vertex 65.9659 41.2588 3.8
      vertex 65.9914 41.1305 1.8
      vertex 65.9914 41.1305 3.8
    endloop
  endfacet
  facet normal 0.980801 0.195013 0
    outer loop
      vertex 4.03407 8.74118 3.8
      vertex 4.00856 8.86948 1.8
      vertex 4.00856 8.86948 3.8
    endloop
  endfacet
  facet normal 0.980801 0.195013 0
    outer loop
      vertex 4.00856 8.86948 1.8
      vertex 4.03407 8.74118 3.8
      vertex 4.03407 8.74118 1.8
    endloop
  endfacet
  facet normal 0.946903 0.32152 0
    outer loop
      vertex 4.07613 8.61731 3.8
      vertex 4.03407 8.74118 1.8
      vertex 4.03407 8.74118 3.8
    endloop
  endfacet
  facet normal 0.946903 0.32152 0
    outer loop
      vertex 4.03407 8.74118 1.8
      vertex 4.07613 8.61731 3.8
      vertex 4.07613 8.61731 1.8
    endloop
  endfacet
  facet normal 0.831438 0.555617 0
    outer loop
      vertex 4.20665 8.39124 3.8
      vertex 4.13397 8.5 1.8
      vertex 4.13397 8.5 3.8
    endloop
  endfacet
  facet normal 0.831438 0.555617 0
    outer loop
      vertex 4.13397 8.5 1.8
      vertex 4.20665 8.39124 3.8
      vertex 4.20665 8.39124 1.8
    endloop
  endfacet
  facet normal 0.75188 0.6593 0
    outer loop
      vertex 4.29289 8.29289 3.8
      vertex 4.20665 8.39124 1.8
      vertex 4.20665 8.39124 3.8
    endloop
  endfacet
  facet normal 0.75188 0.6593 0
    outer loop
      vertex 4.20665 8.39124 1.8
      vertex 4.29289 8.29289 3.8
      vertex 4.29289 8.29289 1.8
    endloop
  endfacet
  facet normal -0.997836 0.0657477 0
    outer loop
      vertex 65.9914 8.86948 1.8
      vertex 66 9 3.8
      vertex 66 9 1.8
    endloop
  endfacet
  facet normal -0.997836 0.0657477 0
    outer loop
      vertex 66 9 3.8
      vertex 65.9914 8.86948 1.8
      vertex 65.9914 8.86948 3.8
    endloop
  endfacet
  facet normal -0.442252 0.896891 0
    outer loop
      vertex 65.5 8.13397 1.8
      vertex 65.3827 8.07613 3.8
      vertex 65.5 8.13397 3.8
    endloop
  endfacet
  facet normal -0.442252 0.896891 0
    outer loop
      vertex 65.3827 8.07613 3.8
      vertex 65.5 8.13397 1.8
      vertex 65.3827 8.07613 1.8
    endloop
  endfacet
  facet normal -0.555476 0.831533 0
    outer loop
      vertex 65.6088 8.20665 1.8
      vertex 65.5 8.13397 3.8
      vertex 65.6088 8.20665 3.8
    endloop
  endfacet
  facet normal -0.555476 0.831533 0
    outer loop
      vertex 65.5 8.13397 3.8
      vertex 65.6088 8.20665 1.8
      vertex 65.5 8.13397 1.8
    endloop
  endfacet
  facet normal 0.555635 0.831426 -0
    outer loop
      vertex 96.0178 44.2361 1.8
      vertex 95.3 44.7158 5.1
      vertex 96.0178 44.2361 5.1
    endloop
  endfacet
  facet normal 0.555635 0.831426 0
    outer loop
      vertex 95.3 44.7158 5.1
      vertex 96.0178 44.2361 1.8
      vertex 95.3 44.7158 1.8
    endloop
  endfacet
  facet normal 0.980794 0.195044 0
    outer loop
      vertex 98.5435 39.8615 5.1
      vertex 98.4 40.5831 1.8
      vertex 98.4 40.5831 5.1
    endloop
  endfacet
  facet normal 0.980794 0.195044 0
    outer loop
      vertex 98.4 40.5831 1.8
      vertex 98.5435 39.8615 5.1
      vertex 98.5435 39.8615 1.8
    endloop
  endfacet
  facet normal 0.997856 0.0654427 0
    outer loop
      vertex 98.6 39 5.1
      vertex 98.5435 39.8615 1.8
      vertex 98.5435 39.8615 5.1
    endloop
  endfacet
  facet normal 0.997856 0.0654427 0
    outer loop
      vertex 98.5435 39.8615 1.8
      vertex 98.6 39 5.1
      vertex 98.6 39 1.8
    endloop
  endfacet
  facet normal 0.321194 0.947014 -0
    outer loop
      vertex 94.5257 45.0976 1.8
      vertex 94.3485 45.1577 5.1
      vertex 94.5257 45.0976 5.1
    endloop
  endfacet
  facet normal 0.321194 0.947014 0
    outer loop
      vertex 94.3485 45.1577 5.1
      vertex 94.5257 45.0976 1.8
      vertex 94.3485 45.1577 1.8
    endloop
  endfacet
  facet normal 0.442249 0.896892 -0
    outer loop
      vertex 95.3 44.7158 1.8
      vertex 94.5257 45.0976 5.1
      vertex 95.3 44.7158 5.1
    endloop
  endfacet
  facet normal 0.442249 0.896892 0
    outer loop
      vertex 94.5257 45.0976 5.1
      vertex 95.3 44.7158 1.8
      vertex 94.5257 45.0976 1.8
    endloop
  endfacet
  facet normal 0 0 1
    outer loop
      vertex 90.2322 44.2322 5.1
      vertex 89.9335 43.9889 5.1
      vertex 90.3489 44.1299 5.1
    endloop
  endfacet
  facet normal 0 0 1
    outer loop
      vertex 90.0166 44.4781 5.1
      vertex 89.9335 43.9889 5.1
      vertex 90.2322 44.2322 5.1
    endloop
  endfacet
  facet normal 0 0 1
    outer loop
      vertex 89.8349 44.75 5.1
      vertex 89.9335 43.9889 5.1
      vertex 90.0166 44.4781 5.1
    endloop
  endfacet
  facet normal 0 0 1
    outer loop
      vertex 89.4743 45.0976 5.1
      vertex 89.8349 44.75 5.1
      vertex 89.6903 45.0433 5.1
    endloop
  endfacet
  facet normal -0 0 1
    outer loop
      vertex 89.4743 45.0976 5.1
      vertex 89.6903 45.0433 5.1
      vertex 89.6515 45.1577 5.1
    endloop
  endfacet
  facet normal 0 0 1
    outer loop
      vertex 88.7 44.7158 5.1
      vertex 89.8349 44.75 5.1
      vertex 89.4743 45.0976 5.1
    endloop
  endfacet
  facet normal 0 0 1
    outer loop
      vertex 89.8349 44.75 5.1
      vertex 89.3 43.6765 5.1
      vertex 89.9335 43.9889 5.1
    endloop
  endfacet
  facet normal 0 0 1
    outer loop
      vertex 89.8349 44.75 5.1
      vertex 88.7 44.7158 5.1
      vertex 89.3 43.6765 5.1
    endloop
  endfacet
  facet normal 0 0 1
    outer loop
      vertex 89.3 43.6765 5.1
      vertex 88.7 44.7158 5.1
      vertex 88.7127 43.2841 5.1
    endloop
  endfacet
  facet normal -0 0 1
    outer loop
      vertex 87.9822 44.2361 5.1
      vertex 88.7127 43.2841 5.1
      vertex 88.7 44.7158 5.1
    endloop
  endfacet
  facet normal 0 0 1
    outer loop
      vertex 88.7127 43.2841 5.1
      vertex 87.9822 44.2361 5.1
      vertex 88.1816 42.8184 5.1
    endloop
  endfacet
  facet normal -0 0 1
    outer loop
      vertex 87.3331 43.6669 5.1
      vertex 88.1816 42.8184 5.1
      vertex 87.9822 44.2361 5.1
    endloop
  endfacet
  facet normal 0 0 1
    outer loop
      vertex 88.1816 42.8184 5.1
      vertex 87.3331 43.6669 5.1
      vertex 87.7159 42.2873 5.1
    endloop
  endfacet
  facet normal -0 0 1
    outer loop
      vertex 86.7639 43.0178 5.1
      vertex 87.7159 42.2873 5.1
      vertex 87.3331 43.6669 5.1
    endloop
  endfacet
  facet normal 0 0 1
    outer loop
      vertex 87.7159 42.2873 5.1
      vertex 86.7639 43.0178 5.1
      vertex 87.3235 41.7 5.1
    endloop
  endfacet
  facet normal -0 0 1
    outer loop
      vertex 86.2842 42.3 5.1
      vertex 87.3235 41.7 5.1
      vertex 86.7639 43.0178 5.1
    endloop
  endfacet
  facet normal 0 0 1
    outer loop
      vertex 87.3235 41.7 5.1
      vertex 86.2842 42.3 5.1
      vertex 87.011 41.0665 5.1
    endloop
  endfacet
  facet normal -0 0 1
    outer loop
      vertex 85.9024 41.5257 5.1
      vertex 87.011 41.0665 5.1
      vertex 86.2842 42.3 5.1
    endloop
  endfacet
  facet normal 0 0 1
    outer loop
      vertex 87.011 41.0665 5.1
      vertex 85.9024 41.5257 5.1
      vertex 86.784 40.3976 5.1
    endloop
  endfacet
  facet normal -0 0 1
    outer loop
      vertex 85.6249 40.7082 5.1
      vertex 86.784 40.3976 5.1
      vertex 85.9024 41.5257 5.1
    endloop
  endfacet
  facet normal -0 0 1
    outer loop
      vertex 96.2841 35.7127 5.1
      vertex 96.4 34.099 5.1
      vertex 96.4 35.8861 5.1
    endloop
  endfacet
  facet normal -0 0 1
    outer loop
      vertex 95.8184 35.1816 5.1
      vertex 96.4 34.099 5.1
      vertex 96.2841 35.7127 5.1
    endloop
  endfacet
  facet normal -0 0 1
    outer loop
      vertex 95.2873 34.7159 5.1
      vertex 96.4 34.099 5.1
      vertex 95.8184 35.1816 5.1
    endloop
  endfacet
  facet normal 0 0 1
    outer loop
      vertex 96.4 34.099 5.1
      vertex 95.2873 34.7159 5.1
      vertex 96.0178 33.7639 5.1
    endloop
  endfacet
  facet normal 0 0 1
    outer loop
      vertex 96.0178 33.7639 5.1
      vertex 95.2873 34.7159 5.1
      vertex 95.3 33.2842 5.1
    endloop
  endfacet
  facet normal -0 0 1
    outer loop
      vertex 94.7 34.3235 5.1
      vertex 95.3 33.2842 5.1
      vertex 95.2873 34.7159 5.1
    endloop
  endfacet
  facet normal 0 0 1
    outer loop
      vertex 94.7 34.3235 5.1
      vertex 94.5257 32.9024 5.1
      vertex 95.3 33.2842 5.1
    endloop
  endfacet
  facet normal -0 0 1
    outer loop
      vertex 94.0665 34.0111 5.1
      vertex 94.5257 32.9024 5.1
      vertex 94.7 34.3235 5.1
    endloop
  endfacet
  facet normal 0 0 1
    outer loop
      vertex 94.0665 34.0111 5.1
      vertex 93.7082 32.6249 5.1
      vertex 94.5257 32.9024 5.1
    endloop
  endfacet
  facet normal -0 0 1
    outer loop
      vertex 93.3976 33.784 5.1
      vertex 93.7082 32.6249 5.1
      vertex 94.0665 34.0111 5.1
    endloop
  endfacet
  facet normal 0 0 1
    outer loop
      vertex 93.3976 33.784 5.1
      vertex 92.8615 32.4565 5.1
      vertex 93.7082 32.6249 5.1
    endloop
  endfacet
  facet normal -0 0 1
    outer loop
      vertex 92.7048 33.6462 5.1
      vertex 92.8615 32.4565 5.1
      vertex 93.3976 33.784 5.1
    endloop
  endfacet
  facet normal -0 0 1
    outer loop
      vertex 92 33.6 5.1
      vertex 92.8615 32.4565 5.1
      vertex 92.7048 33.6462 5.1
    endloop
  endfacet
  facet normal 0 0 1
    outer loop
      vertex 92 33.6 5.1
      vertex 92 32.4 5.1
      vertex 92.8615 32.4565 5.1
    endloop
  endfacet
  facet normal 0 0 1
    outer loop
      vertex 91.2952 33.6462 5.1
      vertex 92 32.4 5.1
      vertex 92 33.6 5.1
    endloop
  endfacet
  facet normal 0 0 1
    outer loop
      vertex 91.2952 33.6462 5.1
      vertex 91.1385 32.4565 5.1
      vertex 92 32.4 5.1
    endloop
  endfacet
  facet normal 0 0 1
    outer loop
      vertex 90.6024 33.784 5.1
      vertex 91.1385 32.4565 5.1
      vertex 91.2952 33.6462 5.1
    endloop
  endfacet
  facet normal 0 0 1
    outer loop
      vertex 90.6024 33.784 5.1
      vertex 90.2918 32.6249 5.1
      vertex 91.1385 32.4565 5.1
    endloop
  endfacet
  facet normal 0 0 1
    outer loop
      vertex 89.9335 34.0111 5.1
      vertex 90.2918 32.6249 5.1
      vertex 90.6024 33.784 5.1
    endloop
  endfacet
  facet normal 0 0 1
    outer loop
      vertex 89.9335 34.0111 5.1
      vertex 89.4743 32.9024 5.1
      vertex 90.2918 32.6249 5.1
    endloop
  endfacet
  facet normal 0 0 1
    outer loop
      vertex 89.3 34.3235 5.1
      vertex 89.4743 32.9024 5.1
      vertex 89.9335 34.0111 5.1
    endloop
  endfacet
  facet normal 0 0 1
    outer loop
      vertex 88.7 33.2842 5.1
      vertex 89.3 34.3235 5.1
      vertex 88.7127 34.7159 5.1
    endloop
  endfacet
  facet normal 0 0 1
    outer loop
      vertex 89.3 34.3235 5.1
      vertex 88.7 33.2842 5.1
      vertex 89.4743 32.9024 5.1
    endloop
  endfacet
  facet normal 0 0 1
    outer loop
      vertex 87.9822 33.7639 5.1
      vertex 88.7127 34.7159 5.1
      vertex 88.1816 35.1816 5.1
    endloop
  endfacet
  facet normal 0 0 1
    outer loop
      vertex 88.7127 34.7159 5.1
      vertex 87.9822 33.7639 5.1
      vertex 88.7 33.2842 5.1
    endloop
  endfacet
  facet normal 0 0 1
    outer loop
      vertex 87.3331 34.3331 5.1
      vertex 88.1816 35.1816 5.1
      vertex 87.7159 35.7127 5.1
    endloop
  endfacet
  facet normal 0 0 1
    outer loop
      vertex 88.1816 35.1816 5.1
      vertex 87.3331 34.3331 5.1
      vertex 87.9822 33.7639 5.1
    endloop
  endfacet
  facet normal 0 0 1
    outer loop
      vertex 86.7639 34.9822 5.1
      vertex 87.7159 35.7127 5.1
      vertex 87.3235 36.3 5.1
    endloop
  endfacet
  facet normal 0 0 1
    outer loop
      vertex 86.2842 35.7 5.1
      vertex 87.3235 36.3 5.1
      vertex 87.011 36.9335 5.1
    endloop
  endfacet
  facet normal 0 0 1
    outer loop
      vertex 85.9024 36.4743 5.1
      vertex 87.011 36.9335 5.1
      vertex 86.784 37.6024 5.1
    endloop
  endfacet
  facet normal 0 0 1
    outer loop
      vertex 87.7159 35.7127 5.1
      vertex 86.7639 34.9822 5.1
      vertex 87.3331 34.3331 5.1
    endloop
  endfacet
  facet normal 0 0 1
    outer loop
      vertex 85.6249 37.2918 5.1
      vertex 86.784 37.6024 5.1
      vertex 86.6462 38.2952 5.1
    endloop
  endfacet
  facet normal 0 0 1
    outer loop
      vertex 85.4565 38.1385 5.1
      vertex 86.6462 38.2952 5.1
      vertex 86.6 39 5.1
    endloop
  endfacet
  facet normal 0 0 1
    outer loop
      vertex 86.784 40.3976 5.1
      vertex 85.6249 40.7082 5.1
      vertex 86.6462 39.7048 5.1
    endloop
  endfacet
  facet normal 0 0 1
    outer loop
      vertex 87.3235 36.3 5.1
      vertex 86.2842 35.7 5.1
      vertex 86.7639 34.9822 5.1
    endloop
  endfacet
  facet normal -0 0 1
    outer loop
      vertex 85.4565 39.8615 5.1
      vertex 86.6462 39.7048 5.1
      vertex 85.6249 40.7082 5.1
    endloop
  endfacet
  facet normal 0 0 1
    outer loop
      vertex 87.011 36.9335 5.1
      vertex 85.9024 36.4743 5.1
      vertex 86.2842 35.7 5.1
    endloop
  endfacet
  facet normal 0 0 1
    outer loop
      vertex 86.6462 39.7048 5.1
      vertex 85.4565 39.8615 5.1
      vertex 86.6 39 5.1
    endloop
  endfacet
  facet normal 0 0 1
    outer loop
      vertex 86.784 37.6024 5.1
      vertex 85.6249 37.2918 5.1
      vertex 85.9024 36.4743 5.1
    endloop
  endfacet
  facet normal 0 0 1
    outer loop
      vertex 85.4 39 5.1
      vertex 86.6 39 5.1
      vertex 85.4565 39.8615 5.1
    endloop
  endfacet
  facet normal 0 0 1
    outer loop
      vertex 86.6462 38.2952 5.1
      vertex 85.4565 38.1385 5.1
      vertex 85.6249 37.2918 5.1
    endloop
  endfacet
  facet normal 0 0 1
    outer loop
      vertex 86.6 39 5.1
      vertex 85.4 39 5.1
      vertex 85.4565 38.1385 5.1
    endloop
  endfacet
  facet normal 0 0 1
    outer loop
      vertex 98.5435 39.8615 5.1
      vertex 98.5435 38.1385 5.1
      vertex 98.6 39 5.1
    endloop
  endfacet
  facet normal 0 0 1
    outer loop
      vertex 98.4 40.5831 5.1
      vertex 98.5435 38.1385 5.1
      vertex 98.5435 39.8615 5.1
    endloop
  endfacet
  facet normal 0 0 1
    outer loop
      vertex 98.5435 38.1385 5.1
      vertex 98.4 40.5831 5.1
      vertex 98.4 37.4169 5.1
    endloop
  endfacet
  facet normal 0 0 1
    outer loop
      vertex 96.4 43.901 5.1
      vertex 96.2841 42.2873 5.1
      vertex 96.4 42.1139 5.1
    endloop
  endfacet
  facet normal 0 0 1
    outer loop
      vertex 95.2873 43.2841 5.1
      vertex 96.4 43.901 5.1
      vertex 96.0178 44.2361 5.1
    endloop
  endfacet
  facet normal 0 0 1
    outer loop
      vertex 96.4 43.901 5.1
      vertex 95.8184 42.8184 5.1
      vertex 96.2841 42.2873 5.1
    endloop
  endfacet
  facet normal 0 0 1
    outer loop
      vertex 95.2873 43.2841 5.1
      vertex 96.0178 44.2361 5.1
      vertex 95.3 44.7158 5.1
    endloop
  endfacet
  facet normal 0 0 1
    outer loop
      vertex 96.4 43.901 5.1
      vertex 95.2873 43.2841 5.1
      vertex 95.8184 42.8184 5.1
    endloop
  endfacet
  facet normal 0 0 1
    outer loop
      vertex 95.3 44.7158 5.1
      vertex 94.7 43.6765 5.1
      vertex 95.2873 43.2841 5.1
    endloop
  endfacet
  facet normal -0 0 1
    outer loop
      vertex 94.1651 44.75 5.1
      vertex 95.3 44.7158 5.1
      vertex 94.5257 45.0976 5.1
    endloop
  endfacet
  facet normal 0 0 1
    outer loop
      vertex 94.3097 45.0433 5.1
      vertex 94.5257 45.0976 5.1
      vertex 94.3485 45.1577 5.1
    endloop
  endfacet
  facet normal 0 0 1
    outer loop
      vertex 94.1651 44.75 5.1
      vertex 94.5257 45.0976 5.1
      vertex 94.3097 45.0433 5.1
    endloop
  endfacet
  facet normal 0 0 1
    outer loop
      vertex 95.3 44.7158 5.1
      vertex 94.1651 44.75 5.1
      vertex 94.7 43.6765 5.1
    endloop
  endfacet
  facet normal 0 0 1
    outer loop
      vertex 94.1651 44.75 5.1
      vertex 94.0665 43.9889 5.1
      vertex 94.7 43.6765 5.1
    endloop
  endfacet
  facet normal -0 0 1
    outer loop
      vertex 93.9834 44.4781 5.1
      vertex 94.0665 43.9889 5.1
      vertex 94.1651 44.75 5.1
    endloop
  endfacet
  facet normal -0 0 1
    outer loop
      vertex 93.7678 44.2322 5.1
      vertex 94.0665 43.9889 5.1
      vertex 93.9834 44.4781 5.1
    endloop
  endfacet
  facet normal 0 0 1
    outer loop
      vertex 94.0665 43.9889 5.1
      vertex 93.7678 44.2322 5.1
      vertex 93.6511 44.1299 5.1
    endloop
  endfacet
  facet normal -0.195069 -0.98079 0
    outer loop
      vertex 90.2918 32.6249 1.8
      vertex 91.1385 32.4565 5.1
      vertex 90.2918 32.6249 5.1
    endloop
  endfacet
  facet normal -0.195069 -0.98079 -0
    outer loop
      vertex 91.1385 32.4565 5.1
      vertex 90.2918 32.6249 1.8
      vertex 91.1385 32.4565 1.8
    endloop
  endfacet
  facet normal -0.896892 -0.442249 0
    outer loop
      vertex 86.2842 35.7 1.8
      vertex 85.9024 36.4743 5.1
      vertex 85.9024 36.4743 1.8
    endloop
  endfacet
  facet normal -0.896892 -0.442249 0
    outer loop
      vertex 85.9024 36.4743 5.1
      vertex 86.2842 35.7 1.8
      vertex 86.2842 35.7 5.1
    endloop
  endfacet
  facet normal -0.98079 -0.195069 0
    outer loop
      vertex 85.6249 37.2918 1.8
      vertex 85.4565 38.1385 5.1
      vertex 85.4565 38.1385 1.8
    endloop
  endfacet
  facet normal -0.98079 -0.195069 0
    outer loop
      vertex 85.4565 38.1385 5.1
      vertex 85.6249 37.2918 1.8
      vertex 85.6249 37.2918 5.1
    endloop
  endfacet
  facet normal -0.442249 0.896892 0
    outer loop
      vertex 89.4743 45.0976 1.8
      vertex 88.7 44.7158 5.1
      vertex 89.4743 45.0976 5.1
    endloop
  endfacet
  facet normal -0.442249 0.896892 0
    outer loop
      vertex 88.7 44.7158 5.1
      vertex 89.4743 45.0976 1.8
      vertex 88.7 44.7158 1.8
    endloop
  endfacet
  facet normal -0.321194 0.947014 0
    outer loop
      vertex 89.6515 45.1577 1.8
      vertex 89.4743 45.0976 5.1
      vertex 89.6515 45.1577 5.1
    endloop
  endfacet
  facet normal -0.321194 0.947014 0
    outer loop
      vertex 89.4743 45.0976 5.1
      vertex 89.6515 45.1577 1.8
      vertex 89.4743 45.0976 1.8
    endloop
  endfacet
  facet normal 0.659256 0.751918 -0
    outer loop
      vertex 96.4 43.901 1.8
      vertex 96.0178 44.2361 5.1
      vertex 96.4 43.901 5.1
    endloop
  endfacet
  facet normal 0.659256 0.751918 0
    outer loop
      vertex 96.0178 44.2361 5.1
      vertex 96.4 43.901 1.8
      vertex 96.0178 44.2361 1.8
    endloop
  endfacet
  facet normal 0.980794 -0.195044 0
    outer loop
      vertex 98.4 37.4169 5.1
      vertex 98.5435 38.1385 1.8
      vertex 98.5435 38.1385 5.1
    endloop
  endfacet
  facet normal 0.980794 -0.195044 0
    outer loop
      vertex 98.5435 38.1385 1.8
      vertex 98.4 37.4169 5.1
      vertex 98.4 37.4169 1.8
    endloop
  endfacet
  facet normal -0.751866 -0.659316 0
    outer loop
      vertex 87.3331 34.3331 1.8
      vertex 86.7639 34.9822 5.1
      vertex 86.7639 34.9822 1.8
    endloop
  endfacet
  facet normal -0.751866 -0.659316 0
    outer loop
      vertex 86.7639 34.9822 5.1
      vertex 87.3331 34.3331 1.8
      vertex 87.3331 34.3331 5.1
    endloop
  endfacet
  facet normal 0.442249 -0.896892 0
    outer loop
      vertex 94.5257 32.9024 1.8
      vertex 95.3 33.2842 5.1
      vertex 94.5257 32.9024 5.1
    endloop
  endfacet
  facet normal 0.442249 -0.896892 0
    outer loop
      vertex 95.3 33.2842 5.1
      vertex 94.5257 32.9024 1.8
      vertex 95.3 33.2842 1.8
    endloop
  endfacet
  facet normal 0.195069 -0.98079 0
    outer loop
      vertex 92.8615 32.4565 1.8
      vertex 93.7082 32.6249 5.1
      vertex 92.8615 32.4565 5.1
    endloop
  endfacet
  facet normal 0.195069 -0.98079 0
    outer loop
      vertex 93.7082 32.6249 5.1
      vertex 92.8615 32.4565 1.8
      vertex 93.7082 32.6249 1.8
    endloop
  endfacet
  facet normal -0.659316 -0.751866 0
    outer loop
      vertex 87.3331 34.3331 1.8
      vertex 87.9822 33.7639 5.1
      vertex 87.3331 34.3331 5.1
    endloop
  endfacet
  facet normal -0.659316 -0.751866 -0
    outer loop
      vertex 87.9822 33.7639 5.1
      vertex 87.3331 34.3331 1.8
      vertex 87.9822 33.7639 1.8
    endloop
  endfacet
  facet normal -0.555635 0.831426 0
    outer loop
      vertex 88.7 44.7158 1.8
      vertex 87.9822 44.2361 5.1
      vertex 88.7 44.7158 5.1
    endloop
  endfacet
  facet normal -0.555635 0.831426 0
    outer loop
      vertex 87.9822 44.2361 5.1
      vertex 88.7 44.7158 1.8
      vertex 87.9822 44.2361 1.8
    endloop
  endfacet
  facet normal 0.997856 -0.0654427 0
    outer loop
      vertex 98.5435 38.1385 5.1
      vertex 98.6 39 1.8
      vertex 98.6 39 5.1
    endloop
  endfacet
  facet normal 0.997856 -0.0654427 0
    outer loop
      vertex 98.6 39 1.8
      vertex 98.5435 38.1385 5.1
      vertex 98.5435 38.1385 1.8
    endloop
  endfacet
  facet normal -0.997856 0.0654427 0
    outer loop
      vertex 85.4 39 1.8
      vertex 85.4565 39.8615 5.1
      vertex 85.4565 39.8615 1.8
    endloop
  endfacet
  facet normal -0.997856 0.0654427 0
    outer loop
      vertex 85.4565 39.8615 5.1
      vertex 85.4 39 1.8
      vertex 85.4 39 5.1
    endloop
  endfacet
  facet normal 0.321435 -0.946931 0
    outer loop
      vertex 93.7082 32.6249 1.8
      vertex 94.5257 32.9024 5.1
      vertex 93.7082 32.6249 5.1
    endloop
  endfacet
  facet normal 0.321435 -0.946931 0
    outer loop
      vertex 94.5257 32.9024 5.1
      vertex 93.7082 32.6249 1.8
      vertex 94.5257 32.9024 1.8
    endloop
  endfacet
  facet normal -0.98079 0.195069 0
    outer loop
      vertex 85.4565 39.8615 1.8
      vertex 85.6249 40.7082 5.1
      vertex 85.6249 40.7082 1.8
    endloop
  endfacet
  facet normal -0.98079 0.195069 0
    outer loop
      vertex 85.6249 40.7082 5.1
      vertex 85.4565 39.8615 1.8
      vertex 85.4565 39.8615 5.1
    endloop
  endfacet
  facet normal 0.0654427 -0.997856 0
    outer loop
      vertex 92 32.4 1.8
      vertex 92.8615 32.4565 5.1
      vertex 92 32.4 5.1
    endloop
  endfacet
  facet normal 0.0654427 -0.997856 0
    outer loop
      vertex 92.8615 32.4565 5.1
      vertex 92 32.4 1.8
      vertex 92.8615 32.4565 1.8
    endloop
  endfacet
  facet normal -0.831426 -0.555635 0
    outer loop
      vertex 86.7639 34.9822 1.8
      vertex 86.2842 35.7 5.1
      vertex 86.2842 35.7 1.8
    endloop
  endfacet
  facet normal -0.831426 -0.555635 0
    outer loop
      vertex 86.2842 35.7 5.1
      vertex 86.7639 34.9822 1.8
      vertex 86.7639 34.9822 5.1
    endloop
  endfacet
  facet normal -0.659316 0.751866 0
    outer loop
      vertex 87.9822 44.2361 1.8
      vertex 87.3331 43.6669 5.1
      vertex 87.9822 44.2361 5.1
    endloop
  endfacet
  facet normal -0.659316 0.751866 0
    outer loop
      vertex 87.3331 43.6669 5.1
      vertex 87.9822 44.2361 1.8
      vertex 87.3331 43.6669 1.8
    endloop
  endfacet
  facet normal -0.751866 0.659316 0
    outer loop
      vertex 86.7639 43.0178 1.8
      vertex 87.3331 43.6669 5.1
      vertex 87.3331 43.6669 1.8
    endloop
  endfacet
  facet normal -0.751866 0.659316 0
    outer loop
      vertex 87.3331 43.6669 5.1
      vertex 86.7639 43.0178 1.8
      vertex 86.7639 43.0178 5.1
    endloop
  endfacet
  facet normal 0.555635 -0.831426 0
    outer loop
      vertex 95.3 33.2842 1.8
      vertex 96.0178 33.7639 5.1
      vertex 95.3 33.2842 5.1
    endloop
  endfacet
  facet normal 0.555635 -0.831426 0
    outer loop
      vertex 96.0178 33.7639 5.1
      vertex 95.3 33.2842 1.8
      vertex 96.0178 33.7639 1.8
    endloop
  endfacet
  facet normal -0.946931 -0.321435 0
    outer loop
      vertex 85.9024 36.4743 1.8
      vertex 85.6249 37.2918 5.1
      vertex 85.6249 37.2918 1.8
    endloop
  endfacet
  facet normal -0.946931 -0.321435 0
    outer loop
      vertex 85.6249 37.2918 5.1
      vertex 85.9024 36.4743 1.8
      vertex 85.9024 36.4743 5.1
    endloop
  endfacet
  facet normal -0.997856 -0.0654427 0
    outer loop
      vertex 85.4565 38.1385 1.8
      vertex 85.4 39 5.1
      vertex 85.4 39 1.8
    endloop
  endfacet
  facet normal -0.997856 -0.0654427 0
    outer loop
      vertex 85.4 39 5.1
      vertex 85.4565 38.1385 1.8
      vertex 85.4565 38.1385 5.1
    endloop
  endfacet
  facet normal -0.946931 0.321435 0
    outer loop
      vertex 85.6249 40.7082 1.8
      vertex 85.9024 41.5257 5.1
      vertex 85.9024 41.5257 1.8
    endloop
  endfacet
  facet normal -0.946931 0.321435 0
    outer loop
      vertex 85.9024 41.5257 5.1
      vertex 85.6249 40.7082 1.8
      vertex 85.6249 40.7082 5.1
    endloop
  endfacet
  facet normal -0.555635 -0.831426 0
    outer loop
      vertex 87.9822 33.7639 1.8
      vertex 88.7 33.2842 5.1
      vertex 87.9822 33.7639 5.1
    endloop
  endfacet
  facet normal -0.555635 -0.831426 -0
    outer loop
      vertex 88.7 33.2842 5.1
      vertex 87.9822 33.7639 1.8
      vertex 88.7 33.2842 1.8
    endloop
  endfacet
  facet normal -0.896892 0.442249 0
    outer loop
      vertex 85.9024 41.5257 1.8
      vertex 86.2842 42.3 5.1
      vertex 86.2842 42.3 1.8
    endloop
  endfacet
  facet normal -0.896892 0.442249 0
    outer loop
      vertex 86.2842 42.3 5.1
      vertex 85.9024 41.5257 1.8
      vertex 85.9024 41.5257 5.1
    endloop
  endfacet
  facet normal 0.659256 -0.751918 0
    outer loop
      vertex 96.0178 33.7639 1.8
      vertex 96.4 34.099 5.1
      vertex 96.0178 33.7639 5.1
    endloop
  endfacet
  facet normal 0.659256 -0.751918 0
    outer loop
      vertex 96.4 34.099 5.1
      vertex 96.0178 33.7639 1.8
      vertex 96.4 34.099 1.8
    endloop
  endfacet
  facet normal -0.442249 -0.896892 0
    outer loop
      vertex 88.7 33.2842 1.8
      vertex 89.4743 32.9024 5.1
      vertex 88.7 33.2842 5.1
    endloop
  endfacet
  facet normal -0.442249 -0.896892 -0
    outer loop
      vertex 89.4743 32.9024 5.1
      vertex 88.7 33.2842 1.8
      vertex 89.4743 32.9024 1.8
    endloop
  endfacet
  facet normal -0.0654427 -0.997856 0
    outer loop
      vertex 91.1385 32.4565 1.8
      vertex 92 32.4 5.1
      vertex 91.1385 32.4565 5.1
    endloop
  endfacet
  facet normal -0.0654427 -0.997856 -0
    outer loop
      vertex 92 32.4 5.1
      vertex 91.1385 32.4565 1.8
      vertex 92 32.4 1.8
    endloop
  endfacet
  facet normal -0.831426 0.555635 0
    outer loop
      vertex 86.2842 42.3 1.8
      vertex 86.7639 43.0178 5.1
      vertex 86.7639 43.0178 1.8
    endloop
  endfacet
  facet normal -0.831426 0.555635 0
    outer loop
      vertex 86.7639 43.0178 5.1
      vertex 86.2842 42.3 1.8
      vertex 86.2842 42.3 5.1
    endloop
  endfacet
  facet normal -0.321435 -0.946931 0
    outer loop
      vertex 89.4743 32.9024 1.8
      vertex 90.2918 32.6249 5.1
      vertex 89.4743 32.9024 5.1
    endloop
  endfacet
  facet normal -0.321435 -0.946931 -0
    outer loop
      vertex 90.2918 32.6249 5.1
      vertex 89.4743 32.9024 1.8
      vertex 90.2918 32.6249 1.8
    endloop
  endfacet
  facet normal -0.659296 -0.751883 0
    outer loop
      vertex 95.2873 43.2841 1.8
      vertex 95.8184 42.8184 5.1
      vertex 95.2873 43.2841 5.1
    endloop
  endfacet
  facet normal -0.659296 -0.751883 -0
    outer loop
      vertex 95.8184 42.8184 5.1
      vertex 95.2873 43.2841 1.8
      vertex 95.8184 42.8184 1.8
    endloop
  endfacet
  facet normal -0.321489 0.946913 0
    outer loop
      vertex 94.0665 34.0111 1.8
      vertex 93.3976 33.784 5.1
      vertex 94.0665 34.0111 5.1
    endloop
  endfacet
  facet normal -0.321489 0.946913 0
    outer loop
      vertex 93.3976 33.784 5.1
      vertex 94.0665 34.0111 1.8
      vertex 93.3976 33.784 1.8
    endloop
  endfacet
  facet normal -0.44228 -0.896877 0
    outer loop
      vertex 94.0665 43.9889 1.8
      vertex 94.7 43.6765 5.1
      vertex 94.0665 43.9889 5.1
    endloop
  endfacet
  facet normal -0.44228 -0.896877 -0
    outer loop
      vertex 94.7 43.6765 5.1
      vertex 94.0665 43.9889 1.8
      vertex 94.7 43.6765 1.8
    endloop
  endfacet
  facet normal 0.44228 0.896877 -0
    outer loop
      vertex 89.9335 34.0111 1.8
      vertex 89.3 34.3235 5.1
      vertex 89.9335 34.0111 5.1
    endloop
  endfacet
  facet normal 0.44228 0.896877 0
    outer loop
      vertex 89.3 34.3235 5.1
      vertex 89.9335 34.0111 1.8
      vertex 89.3 34.3235 1.8
    endloop
  endfacet
  facet normal 0.751883 0.659296 0
    outer loop
      vertex 88.1816 35.1816 5.1
      vertex 87.7159 35.7127 1.8
      vertex 87.7159 35.7127 5.1
    endloop
  endfacet
  facet normal 0.751883 0.659296 0
    outer loop
      vertex 87.7159 35.7127 1.8
      vertex 88.1816 35.1816 5.1
      vertex 88.1816 35.1816 1.8
    endloop
  endfacet
  facet normal 0.659296 -0.751883 0
    outer loop
      vertex 88.1816 42.8184 1.8
      vertex 88.7127 43.2841 5.1
      vertex 88.1816 42.8184 5.1
    endloop
  endfacet
  facet normal 0.659296 -0.751883 0
    outer loop
      vertex 88.7127 43.2841 5.1
      vertex 88.1816 42.8184 1.8
      vertex 88.7127 43.2841 1.8
    endloop
  endfacet
  facet normal 0.751883 -0.659296 0
    outer loop
      vertex 87.7159 42.2873 5.1
      vertex 88.1816 42.8184 1.8
      vertex 88.1816 42.8184 5.1
    endloop
  endfacet
  facet normal 0.751883 -0.659296 0
    outer loop
      vertex 88.1816 42.8184 1.8
      vertex 87.7159 42.2873 5.1
      vertex 87.7159 42.2873 1.8
    endloop
  endfacet
  facet normal 0.321489 0.946913 -0
    outer loop
      vertex 90.6024 33.784 1.8
      vertex 89.9335 34.0111 5.1
      vertex 90.6024 33.784 5.1
    endloop
  endfacet
  facet normal 0.321489 0.946913 0
    outer loop
      vertex 89.9335 34.0111 5.1
      vertex 90.6024 33.784 1.8
      vertex 89.9335 34.0111 1.8
    endloop
  endfacet
  facet normal -0.555549 -0.831484 0
    outer loop
      vertex 94.7 43.6765 1.8
      vertex 95.2873 43.2841 5.1
      vertex 94.7 43.6765 5.1
    endloop
  endfacet
  facet normal -0.555549 -0.831484 -0
    outer loop
      vertex 95.2873 43.2841 5.1
      vertex 94.7 43.6765 1.8
      vertex 95.2873 43.2841 1.8
    endloop
  endfacet
  facet normal 0.980734 -0.195349 0
    outer loop
      vertex 86.784 40.3976 5.1
      vertex 86.7546 40.25 4.8
      vertex 86.784 40.3976 1.8
    endloop
  endfacet
  facet normal 0.980787 -0.195081 -0.000137038
    outer loop
      vertex 86.6462 39.7048 5.1
      vertex 86.7546 40.25 4.8
      vertex 86.784 40.3976 5.1
    endloop
  endfacet
  facet normal 0.980801 -0.195009 0
    outer loop
      vertex 86.7546 40.25 4.8
      vertex 86.6462 39.7048 5.1
      vertex 86.6462 39.7048 4.8
    endloop
  endfacet
  facet normal 0.980734 -0.195349 0
    outer loop
      vertex 86.784 40.3976 1.8
      vertex 86.7546 40.25 4.8
      vertex 86.7546 40.25 1.8
    endloop
  endfacet
  facet normal 0.997858 0.0654101 0
    outer loop
      vertex 86.6462 38.2952 5.1
      vertex 86.6 39 4.8
      vertex 86.6 39 5.1
    endloop
  endfacet
  facet normal 0.997858 0.0654101 0
    outer loop
      vertex 86.6 39 4.8
      vertex 86.6462 38.2952 5.1
      vertex 86.6462 38.2952 4.8
    endloop
  endfacet
  facet normal -0.831386 -0.555696 0
    outer loop
      vertex 96.4 42.1139 1.8
      vertex 96.2841 42.2873 5.1
      vertex 96.2841 42.2873 1.8
    endloop
  endfacet
  facet normal -0.831386 -0.555696 0
    outer loop
      vertex 96.2841 42.2873 5.1
      vertex 96.4 42.1139 1.8
      vertex 96.4 42.1139 5.1
    endloop
  endfacet
  facet normal 0.555549 -0.831484 0
    outer loop
      vertex 88.7127 43.2841 1.8
      vertex 89.3 43.6765 5.1
      vertex 88.7127 43.2841 5.1
    endloop
  endfacet
  facet normal 0.555549 -0.831484 0
    outer loop
      vertex 89.3 43.6765 5.1
      vertex 88.7127 43.2841 1.8
      vertex 89.3 43.6765 1.8
    endloop
  endfacet
  facet normal -0.195081 0.980787 0
    outer loop
      vertex 93.3976 33.784 1.8
      vertex 92.7048 33.6462 5.1
      vertex 93.3976 33.784 5.1
    endloop
  endfacet
  facet normal -0.195081 0.980787 0
    outer loop
      vertex 92.7048 33.6462 5.1
      vertex 93.3976 33.784 1.8
      vertex 92.7048 33.6462 1.8
    endloop
  endfacet
  facet normal -0.32142 -0.946937 0
    outer loop
      vertex 93.6511 44.1299 1.8
      vertex 94.0665 43.9889 5.1
      vertex 93.6511 44.1299 5.1
    endloop
  endfacet
  facet normal -0.32142 -0.946937 -0
    outer loop
      vertex 94.0665 43.9889 5.1
      vertex 93.6511 44.1299 1.8
      vertex 94.0665 43.9889 1.8
    endloop
  endfacet
  facet normal 0.44228 -0.896877 0
    outer loop
      vertex 89.3 43.6765 1.8
      vertex 89.9335 43.9889 5.1
      vertex 89.3 43.6765 5.1
    endloop
  endfacet
  facet normal 0.44228 -0.896877 0
    outer loop
      vertex 89.9335 43.9889 5.1
      vertex 89.3 43.6765 1.8
      vertex 89.9335 43.9889 1.8
    endloop
  endfacet
  facet normal -0.555549 0.831484 0
    outer loop
      vertex 95.2873 34.7159 1.8
      vertex 94.7 34.3235 5.1
      vertex 95.2873 34.7159 5.1
    endloop
  endfacet
  facet normal -0.555549 0.831484 0
    outer loop
      vertex 94.7 34.3235 5.1
      vertex 95.2873 34.7159 1.8
      vertex 94.7 34.3235 1.8
    endloop
  endfacet
  facet normal 0.896821 0.442394 0
    outer loop
      vertex 87.3235 36.3 5.1
      vertex 87.011 36.9335 1.8
      vertex 87.011 36.9335 5.1
    endloop
  endfacet
  facet normal 0.896821 0.442394 0
    outer loop
      vertex 87.011 36.9335 1.8
      vertex 87.3235 36.3 5.1
      vertex 87.3235 36.3 1.8
    endloop
  endfacet
  facet normal -0.659296 0.751883 0
    outer loop
      vertex 95.8184 35.1816 1.8
      vertex 95.2873 34.7159 5.1
      vertex 95.8184 35.1816 5.1
    endloop
  endfacet
  facet normal -0.659296 0.751883 0
    outer loop
      vertex 95.2873 34.7159 5.1
      vertex 95.8184 35.1816 1.8
      vertex 95.2873 34.7159 1.8
    endloop
  endfacet
  facet normal 0.997858 -0.0654101 0
    outer loop
      vertex 86.6 39 5.1
      vertex 86.6462 39.7048 4.8
      vertex 86.6462 39.7048 5.1
    endloop
  endfacet
  facet normal 0.997858 -0.0654101 0
    outer loop
      vertex 86.6462 39.7048 4.8
      vertex 86.6 39 5.1
      vertex 86.6 39 4.8
    endloop
  endfacet
  facet normal 0.555549 0.831484 -0
    outer loop
      vertex 89.3 34.3235 1.8
      vertex 88.7127 34.7159 5.1
      vertex 89.3 34.3235 5.1
    endloop
  endfacet
  facet normal 0.555549 0.831484 0
    outer loop
      vertex 88.7127 34.7159 5.1
      vertex 89.3 34.3235 1.8
      vertex 88.7127 34.7159 1.8
    endloop
  endfacet
  facet normal -0.751883 0.659296 0
    outer loop
      vertex 95.8184 35.1816 1.8
      vertex 96.2841 35.7127 5.1
      vertex 96.2841 35.7127 1.8
    endloop
  endfacet
  facet normal -0.751883 0.659296 0
    outer loop
      vertex 96.2841 35.7127 5.1
      vertex 95.8184 35.1816 1.8
      vertex 95.8184 35.1816 5.1
    endloop
  endfacet
  facet normal -0.831386 0.555696 0
    outer loop
      vertex 96.2841 35.7127 1.8
      vertex 96.4 35.8861 5.1
      vertex 96.4 35.8861 1.8
    endloop
  endfacet
  facet normal -0.831386 0.555696 0
    outer loop
      vertex 96.4 35.8861 5.1
      vertex 96.2841 35.7127 1.8
      vertex 96.2841 35.7127 5.1
    endloop
  endfacet
  facet normal 0.946956 -0.321362 0
    outer loop
      vertex 86.784 40.3976 5.1
      vertex 87.011 41.0665 1.8
      vertex 87.011 41.0665 5.1
    endloop
  endfacet
  facet normal 0.946956 -0.321362 0
    outer loop
      vertex 87.011 41.0665 1.8
      vertex 86.784 40.3976 5.1
      vertex 86.784 40.3976 1.8
    endloop
  endfacet
  facet normal 0.980801 0.195009 0
    outer loop
      vertex 86.6462 38.2952 5.1
      vertex 86.7546 37.75 4.8
      vertex 86.6462 38.2952 4.8
    endloop
  endfacet
  facet normal 0.980787 0.195081 -0.000137038
    outer loop
      vertex 86.784 37.6024 5.1
      vertex 86.7546 37.75 4.8
      vertex 86.6462 38.2952 5.1
    endloop
  endfacet
  facet normal 0.980734 0.195349 -0
    outer loop
      vertex 86.784 37.6024 1.8
      vertex 86.7546 37.75 4.8
      vertex 86.784 37.6024 5.1
    endloop
  endfacet
  facet normal 0.980734 0.195349 0
    outer loop
      vertex 86.7546 37.75 4.8
      vertex 86.784 37.6024 1.8
      vertex 86.7546 37.75 1.8
    endloop
  endfacet
  facet normal -0.44228 0.896877 0
    outer loop
      vertex 94.7 34.3235 1.8
      vertex 94.0665 34.0111 5.1
      vertex 94.7 34.3235 5.1
    endloop
  endfacet
  facet normal -0.44228 0.896877 0
    outer loop
      vertex 94.0665 34.0111 5.1
      vertex 94.7 34.3235 1.8
      vertex 94.0665 34.0111 1.8
    endloop
  endfacet
  facet normal -0.0654101 0.997858 0
    outer loop
      vertex 92.7048 33.6462 1.8
      vertex 92 33.6 5.1
      vertex 92.7048 33.6462 5.1
    endloop
  endfacet
  facet normal -0.0654101 0.997858 0
    outer loop
      vertex 92 33.6 5.1
      vertex 92.7048 33.6462 1.8
      vertex 92 33.6 1.8
    endloop
  endfacet
  facet normal 0.946956 0.321362 0
    outer loop
      vertex 87.011 36.9335 5.1
      vertex 86.784 37.6024 1.8
      vertex 86.784 37.6024 5.1
    endloop
  endfacet
  facet normal 0.946956 0.321362 0
    outer loop
      vertex 86.784 37.6024 1.8
      vertex 87.011 36.9335 5.1
      vertex 87.011 36.9335 1.8
    endloop
  endfacet
  facet normal 0.0654101 0.997858 -0
    outer loop
      vertex 92 33.6 1.8
      vertex 91.2952 33.6462 5.1
      vertex 92 33.6 5.1
    endloop
  endfacet
  facet normal 0.0654101 0.997858 0
    outer loop
      vertex 91.2952 33.6462 5.1
      vertex 92 33.6 1.8
      vertex 91.2952 33.6462 1.8
    endloop
  endfacet
  facet normal 0.831484 0.555549 0
    outer loop
      vertex 87.7159 35.7127 5.1
      vertex 87.3235 36.3 1.8
      vertex 87.3235 36.3 5.1
    endloop
  endfacet
  facet normal 0.831484 0.555549 0
    outer loop
      vertex 87.3235 36.3 1.8
      vertex 87.7159 35.7127 5.1
      vertex 87.7159 35.7127 1.8
    endloop
  endfacet
  facet normal -0.751883 -0.659296 0
    outer loop
      vertex 96.2841 42.2873 1.8
      vertex 95.8184 42.8184 5.1
      vertex 95.8184 42.8184 1.8
    endloop
  endfacet
  facet normal -0.751883 -0.659296 0
    outer loop
      vertex 95.8184 42.8184 5.1
      vertex 96.2841 42.2873 1.8
      vertex 96.2841 42.2873 5.1
    endloop
  endfacet
  facet normal 0.195081 0.980787 -0
    outer loop
      vertex 91.2952 33.6462 1.8
      vertex 90.6024 33.784 5.1
      vertex 91.2952 33.6462 5.1
    endloop
  endfacet
  facet normal 0.195081 0.980787 0
    outer loop
      vertex 90.6024 33.784 5.1
      vertex 91.2952 33.6462 1.8
      vertex 90.6024 33.784 1.8
    endloop
  endfacet
  facet normal 0.32142 -0.946937 0
    outer loop
      vertex 89.9335 43.9889 1.8
      vertex 90.3489 44.1299 5.1
      vertex 89.9335 43.9889 5.1
    endloop
  endfacet
  facet normal 0.32142 -0.946937 0
    outer loop
      vertex 90.3489 44.1299 5.1
      vertex 89.9335 43.9889 1.8
      vertex 90.3489 44.1299 1.8
    endloop
  endfacet
  facet normal 0.659296 0.751883 -0
    outer loop
      vertex 88.7127 34.7159 1.8
      vertex 88.1816 35.1816 5.1
      vertex 88.7127 34.7159 5.1
    endloop
  endfacet
  facet normal 0.659296 0.751883 0
    outer loop
      vertex 88.1816 35.1816 5.1
      vertex 88.7127 34.7159 1.8
      vertex 88.1816 35.1816 1.8
    endloop
  endfacet
  facet normal 0.831484 -0.555549 0
    outer loop
      vertex 87.3235 41.7 5.1
      vertex 87.7159 42.2873 1.8
      vertex 87.7159 42.2873 5.1
    endloop
  endfacet
  facet normal 0.831484 -0.555549 0
    outer loop
      vertex 87.7159 42.2873 1.8
      vertex 87.3235 41.7 5.1
      vertex 87.3235 41.7 1.8
    endloop
  endfacet
  facet normal 0.896821 -0.442394 0
    outer loop
      vertex 87.011 41.0665 5.1
      vertex 87.3235 41.7 1.8
      vertex 87.3235 41.7 5.1
    endloop
  endfacet
  facet normal 0.896821 -0.442394 0
    outer loop
      vertex 87.3235 41.7 1.8
      vertex 87.011 41.0665 5.1
      vertex 87.011 41.0665 1.8
    endloop
  endfacet
  facet normal -0.442622 0.896708 0
    outer loop
      vertex 92.6 44.9608 1.79
      vertex 92.4592 44.8913 8.8
      vertex 92.6 44.9608 8.8
    endloop
  endfacet
  facet normal -0.442622 0.896708 0
    outer loop
      vertex 92.4592 44.8913 8.8
      vertex 92.6 44.9608 1.79
      vertex 92.4592 44.8913 1.79
    endloop
  endfacet
  facet normal -0.980825 -0.194891 0
    outer loop
      vertex 93.1897 46.1566 1.79
      vertex 93.1591 46.3106 8.8
      vertex 93.1591 46.3106 1.79
    endloop
  endfacet
  facet normal -0.980825 -0.194891 0
    outer loop
      vertex 93.1591 46.3106 8.8
      vertex 93.1897 46.1566 1.79
      vertex 93.1897 46.1566 8.8
    endloop
  endfacet
  facet normal -0.997844 -0.0656309 0
    outer loop
      vertex 93.2 46 1.79
      vertex 93.1897 46.1566 8.8
      vertex 93.1897 46.1566 1.79
    endloop
  endfacet
  facet normal -0.997844 -0.0656309 0
    outer loop
      vertex 93.1897 46.1566 8.8
      vertex 93.2 46 1.79
      vertex 93.2 46 8.8
    endloop
  endfacet
  facet normal -0.947013 -0.321194 0
    outer loop
      vertex 93.1591 46.3106 1.79
      vertex 93.1087 46.4592 8.8
      vertex 93.1087 46.4592 1.79
    endloop
  endfacet
  facet normal -0.947013 -0.321194 0
    outer loop
      vertex 93.1087 46.4592 8.8
      vertex 93.1591 46.3106 1.79
      vertex 93.1591 46.3106 8.8
    endloop
  endfacet
  facet normal -0.321194 -0.947013 0
    outer loop
      vertex 92.3106 47.1591 1.79
      vertex 92.4592 47.1087 8.8
      vertex 92.3106 47.1591 8.8
    endloop
  endfacet
  facet normal -0.321194 -0.947013 -0
    outer loop
      vertex 92.4592 47.1087 8.8
      vertex 92.3106 47.1591 1.79
      vertex 92.4592 47.1087 1.79
    endloop
  endfacet
  facet normal -0.555582 0.831462 0
    outer loop
      vertex 92.7305 45.048 1.79
      vertex 92.6 44.9608 8.8
      vertex 92.7305 45.048 8.8
    endloop
  endfacet
  facet normal -0.555582 0.831462 0
    outer loop
      vertex 92.6 44.9608 8.8
      vertex 92.7305 45.048 1.79
      vertex 92.6 44.9608 1.79
    endloop
  endfacet
  facet normal -0.321194 0.947013 0
    outer loop
      vertex 92.4592 44.8913 1.79
      vertex 92.3106 44.8409 8.8
      vertex 92.4592 44.8913 8.8
    endloop
  endfacet
  facet normal -0.321194 0.947013 0
    outer loop
      vertex 92.3106 44.8409 8.8
      vertex 92.4592 44.8913 1.79
      vertex 92.3106 44.8409 1.79
    endloop
  endfacet
  facet normal 0.947013 -0.321194 0
    outer loop
      vertex 90.8409 46.3106 8.8
      vertex 90.8913 46.4592 1.79
      vertex 90.8913 46.4592 8.8
    endloop
  endfacet
  facet normal 0.947013 -0.321194 0
    outer loop
      vertex 90.8913 46.4592 1.79
      vertex 90.8409 46.3106 8.8
      vertex 90.8409 46.3106 1.79
    endloop
  endfacet
  facet normal -0.896708 -0.442622 0
    outer loop
      vertex 93.1087 46.4592 1.79
      vertex 93.0392 46.6 8.8
      vertex 93.0392 46.6 1.79
    endloop
  endfacet
  facet normal -0.896708 -0.442622 0
    outer loop
      vertex 93.0392 46.6 8.8
      vertex 93.1087 46.4592 1.79
      vertex 93.1087 46.4592 8.8
    endloop
  endfacet
  facet normal -0.751787 0.659406 0
    outer loop
      vertex 92.8485 45.1515 1.79
      vertex 92.952 45.2695 8.8
      vertex 92.952 45.2695 1.79
    endloop
  endfacet
  facet normal -0.751787 0.659406 0
    outer loop
      vertex 92.952 45.2695 8.8
      vertex 92.8485 45.1515 1.79
      vertex 92.8485 45.1515 8.8
    endloop
  endfacet
  facet normal -0.947013 0.321194 0
    outer loop
      vertex 93.1087 45.5408 1.79
      vertex 93.1591 45.6894 8.8
      vertex 93.1591 45.6894 1.79
    endloop
  endfacet
  facet normal -0.947013 0.321194 0
    outer loop
      vertex 93.1591 45.6894 8.8
      vertex 93.1087 45.5408 1.79
      vertex 93.1087 45.5408 8.8
    endloop
  endfacet
  facet normal 0.751787 0.659406 0
    outer loop
      vertex 91.1515 45.1515 8.8
      vertex 91.048 45.2695 1.79
      vertex 91.048 45.2695 8.8
    endloop
  endfacet
  facet normal 0.751787 0.659406 0
    outer loop
      vertex 91.048 45.2695 1.79
      vertex 91.1515 45.1515 8.8
      vertex 91.1515 45.1515 1.79
    endloop
  endfacet
  facet normal 0.751787 -0.659406 0
    outer loop
      vertex 91.048 46.7305 8.8
      vertex 91.1515 46.8485 1.79
      vertex 91.1515 46.8485 8.8
    endloop
  endfacet
  facet normal 0.751787 -0.659406 0
    outer loop
      vertex 91.1515 46.8485 1.79
      vertex 91.048 46.7305 8.8
      vertex 91.048 46.7305 1.79
    endloop
  endfacet
  facet normal -0.896708 0.442622 0
    outer loop
      vertex 93.0392 45.4 1.79
      vertex 93.1087 45.5408 8.8
      vertex 93.1087 45.5408 1.79
    endloop
  endfacet
  facet normal -0.896708 0.442622 0
    outer loop
      vertex 93.1087 45.5408 8.8
      vertex 93.0392 45.4 1.79
      vertex 93.0392 45.4 8.8
    endloop
  endfacet
  facet normal 0.980825 -0.194891 0
    outer loop
      vertex 90.8103 46.1566 8.8
      vertex 90.8409 46.3106 1.79
      vertex 90.8409 46.3106 8.8
    endloop
  endfacet
  facet normal 0.980825 -0.194891 0
    outer loop
      vertex 90.8409 46.3106 1.79
      vertex 90.8103 46.1566 8.8
      vertex 90.8103 46.1566 1.79
    endloop
  endfacet
  facet normal 0.442622 -0.896708 0
    outer loop
      vertex 91.4 47.0392 1.79
      vertex 91.5408 47.1087 8.8
      vertex 91.4 47.0392 8.8
    endloop
  endfacet
  facet normal 0.442622 -0.896708 0
    outer loop
      vertex 91.5408 47.1087 8.8
      vertex 91.4 47.0392 1.79
      vertex 91.5408 47.1087 1.79
    endloop
  endfacet
  facet normal -0.555582 -0.831462 0
    outer loop
      vertex 92.6 47.0392 1.79
      vertex 92.7305 46.952 8.8
      vertex 92.6 47.0392 8.8
    endloop
  endfacet
  facet normal -0.555582 -0.831462 -0
    outer loop
      vertex 92.7305 46.952 8.8
      vertex 92.6 47.0392 1.79
      vertex 92.7305 46.952 1.79
    endloop
  endfacet
  facet normal -0.0656309 -0.997844 0
    outer loop
      vertex 92 47.2 1.79
      vertex 92.1566 47.1897 8.8
      vertex 92 47.2 8.8
    endloop
  endfacet
  facet normal -0.0656309 -0.997844 -0
    outer loop
      vertex 92.1566 47.1897 8.8
      vertex 92 47.2 1.79
      vertex 92.1566 47.1897 1.79
    endloop
  endfacet
  facet normal -0.194891 0.980825 0
    outer loop
      vertex 92.3106 44.8409 1.79
      vertex 92.1566 44.8103 8.8
      vertex 92.3106 44.8409 8.8
    endloop
  endfacet
  facet normal -0.194891 0.980825 0
    outer loop
      vertex 92.1566 44.8103 8.8
      vertex 92.3106 44.8409 1.79
      vertex 92.1566 44.8103 1.79
    endloop
  endfacet
  facet normal 0.194891 -0.980825 0
    outer loop
      vertex 91.6894 47.1591 1.79
      vertex 91.8434 47.1897 8.8
      vertex 91.6894 47.1591 8.8
    endloop
  endfacet
  facet normal 0.194891 -0.980825 0
    outer loop
      vertex 91.8434 47.1897 8.8
      vertex 91.6894 47.1591 1.79
      vertex 91.8434 47.1897 1.79
    endloop
  endfacet
  facet normal -0.751787 -0.659406 0
    outer loop
      vertex 92.952 46.7305 1.79
      vertex 92.8485 46.8485 8.8
      vertex 92.8485 46.8485 1.79
    endloop
  endfacet
  facet normal -0.751787 -0.659406 0
    outer loop
      vertex 92.8485 46.8485 8.8
      vertex 92.952 46.7305 1.79
      vertex 92.952 46.7305 8.8
    endloop
  endfacet
  facet normal -0.442622 -0.896708 0
    outer loop
      vertex 92.4592 47.1087 1.79
      vertex 92.6 47.0392 8.8
      vertex 92.4592 47.1087 8.8
    endloop
  endfacet
  facet normal -0.442622 -0.896708 -0
    outer loop
      vertex 92.6 47.0392 8.8
      vertex 92.4592 47.1087 1.79
      vertex 92.6 47.0392 1.79
    endloop
  endfacet
  facet normal 0.555582 -0.831462 0
    outer loop
      vertex 91.2695 46.952 1.79
      vertex 91.4 47.0392 8.8
      vertex 91.2695 46.952 8.8
    endloop
  endfacet
  facet normal 0.555582 -0.831462 0
    outer loop
      vertex 91.4 47.0392 8.8
      vertex 91.2695 46.952 1.79
      vertex 91.4 47.0392 1.79
    endloop
  endfacet
  facet normal -0.659406 -0.751787 0
    outer loop
      vertex 92.7305 46.952 1.79
      vertex 92.8485 46.8485 8.8
      vertex 92.7305 46.952 8.8
    endloop
  endfacet
  facet normal -0.659406 -0.751787 -0
    outer loop
      vertex 92.8485 46.8485 8.8
      vertex 92.7305 46.952 1.79
      vertex 92.8485 46.8485 1.79
    endloop
  endfacet
  facet normal -0.980825 0.194891 0
    outer loop
      vertex 93.1591 45.6894 1.79
      vertex 93.1897 45.8434 8.8
      vertex 93.1897 45.8434 1.79
    endloop
  endfacet
  facet normal -0.980825 0.194891 0
    outer loop
      vertex 93.1897 45.8434 8.8
      vertex 93.1591 45.6894 1.79
      vertex 93.1591 45.6894 8.8
    endloop
  endfacet
  facet normal -0.831462 -0.555582 0
    outer loop
      vertex 93.0392 46.6 1.79
      vertex 92.952 46.7305 8.8
      vertex 92.952 46.7305 1.79
    endloop
  endfacet
  facet normal -0.831462 -0.555582 0
    outer loop
      vertex 92.952 46.7305 8.8
      vertex 93.0392 46.6 1.79
      vertex 93.0392 46.6 8.8
    endloop
  endfacet
  facet normal -0.997844 0.0656309 0
    outer loop
      vertex 93.1897 45.8434 1.79
      vertex 93.2 46 8.8
      vertex 93.2 46 1.79
    endloop
  endfacet
  facet normal -0.997844 0.0656309 0
    outer loop
      vertex 93.2 46 8.8
      vertex 93.1897 45.8434 1.79
      vertex 93.1897 45.8434 8.8
    endloop
  endfacet
  facet normal 0.321194 0.947013 -0
    outer loop
      vertex 91.6894 44.8409 1.79
      vertex 91.5408 44.8913 8.8
      vertex 91.6894 44.8409 8.8
    endloop
  endfacet
  facet normal 0.321194 0.947013 0
    outer loop
      vertex 91.5408 44.8913 8.8
      vertex 91.6894 44.8409 1.79
      vertex 91.5408 44.8913 1.79
    endloop
  endfacet
  facet normal -0.659406 0.751787 0
    outer loop
      vertex 92.8485 45.1515 1.79
      vertex 92.7305 45.048 8.8
      vertex 92.8485 45.1515 8.8
    endloop
  endfacet
  facet normal -0.659406 0.751787 0
    outer loop
      vertex 92.7305 45.048 8.8
      vertex 92.8485 45.1515 1.79
      vertex 92.7305 45.048 1.79
    endloop
  endfacet
  facet normal 0.659406 -0.751787 0
    outer loop
      vertex 91.1515 46.8485 1.79
      vertex 91.2695 46.952 8.8
      vertex 91.1515 46.8485 8.8
    endloop
  endfacet
  facet normal 0.659406 -0.751787 0
    outer loop
      vertex 91.2695 46.952 8.8
      vertex 91.1515 46.8485 1.79
      vertex 91.2695 46.952 1.79
    endloop
  endfacet
  facet normal 0.831462 0.555582 0
    outer loop
      vertex 91.048 45.2695 8.8
      vertex 90.9608 45.4 1.79
      vertex 90.9608 45.4 8.8
    endloop
  endfacet
  facet normal 0.831462 0.555582 0
    outer loop
      vertex 90.9608 45.4 1.79
      vertex 91.048 45.2695 8.8
      vertex 91.048 45.2695 1.79
    endloop
  endfacet
  facet normal 0.555582 0.831462 -0
    outer loop
      vertex 91.4 44.9608 1.79
      vertex 91.2695 45.048 8.8
      vertex 91.4 44.9608 8.8
    endloop
  endfacet
  facet normal 0.555582 0.831462 0
    outer loop
      vertex 91.2695 45.048 8.8
      vertex 91.4 44.9608 1.79
      vertex 91.2695 45.048 1.79
    endloop
  endfacet
  facet normal 0.997844 0.0656309 0
    outer loop
      vertex 90.8103 45.8434 8.8
      vertex 90.8 46 1.79
      vertex 90.8 46 8.8
    endloop
  endfacet
  facet normal 0.997844 0.0656309 0
    outer loop
      vertex 90.8 46 1.79
      vertex 90.8103 45.8434 8.8
      vertex 90.8103 45.8434 1.79
    endloop
  endfacet
  facet normal 0.896708 -0.442622 0
    outer loop
      vertex 90.8913 46.4592 8.8
      vertex 90.9608 46.6 1.79
      vertex 90.9608 46.6 8.8
    endloop
  endfacet
  facet normal 0.896708 -0.442622 0
    outer loop
      vertex 90.9608 46.6 1.79
      vertex 90.8913 46.4592 8.8
      vertex 90.8913 46.4592 1.79
    endloop
  endfacet
  facet normal 0 0 -1
    outer loop
      vertex 92.8923 45.8825 8.81
      vertex 92.8923 46.1175 8.81
      vertex 92.9 46 8.81
    endloop
  endfacet
  facet normal 0 0 -1
    outer loop
      vertex 92.8693 45.7671 8.81
      vertex 92.8923 46.1175 8.81
      vertex 92.8923 45.8825 8.81
    endloop
  endfacet
  facet normal 0 0 -1
    outer loop
      vertex 92.8693 45.7671 8.81
      vertex 92.8693 46.2329 8.81
      vertex 92.8923 46.1175 8.81
    endloop
  endfacet
  facet normal 0 0 -1
    outer loop
      vertex 92.8315 45.6556 8.81
      vertex 92.8693 46.2329 8.81
      vertex 92.8693 45.7671 8.81
    endloop
  endfacet
  facet normal 0 0 -1
    outer loop
      vertex 92.8315 45.6556 8.81
      vertex 92.8315 46.3444 8.81
      vertex 92.8693 46.2329 8.81
    endloop
  endfacet
  facet normal 0 0 -1
    outer loop
      vertex 92.7794 45.55 8.81
      vertex 92.8315 46.3444 8.81
      vertex 92.8315 45.6556 8.81
    endloop
  endfacet
  facet normal 0 0 -1
    outer loop
      vertex 92.7794 45.55 8.81
      vertex 92.7794 46.45 8.81
      vertex 92.8315 46.3444 8.81
    endloop
  endfacet
  facet normal 0 0 -1
    outer loop
      vertex 92.714 45.4521 8.81
      vertex 92.7794 46.45 8.81
      vertex 92.7794 45.55 8.81
    endloop
  endfacet
  facet normal 0 0 -1
    outer loop
      vertex 92.714 45.4521 8.81
      vertex 92.714 46.5479 8.81
      vertex 92.7794 46.45 8.81
    endloop
  endfacet
  facet normal 0 0 -1
    outer loop
      vertex 92.6364 45.3636 8.81
      vertex 92.714 46.5479 8.81
      vertex 92.714 45.4521 8.81
    endloop
  endfacet
  facet normal 0 0 -1
    outer loop
      vertex 92.6364 45.3636 8.81
      vertex 92.6364 46.6364 8.81
      vertex 92.714 46.5479 8.81
    endloop
  endfacet
  facet normal 0 0 -1
    outer loop
      vertex 92.5479 45.286 8.81
      vertex 92.6364 46.6364 8.81
      vertex 92.6364 45.3636 8.81
    endloop
  endfacet
  facet normal 0 0 -1
    outer loop
      vertex 92.5479 45.286 8.81
      vertex 92.5479 46.714 8.81
      vertex 92.6364 46.6364 8.81
    endloop
  endfacet
  facet normal 0 0 -1
    outer loop
      vertex 92.45 45.2206 8.81
      vertex 92.5479 46.714 8.81
      vertex 92.5479 45.286 8.81
    endloop
  endfacet
  facet normal 0 0 -1
    outer loop
      vertex 92.45 45.2206 8.81
      vertex 92.45 46.7794 8.81
      vertex 92.5479 46.714 8.81
    endloop
  endfacet
  facet normal 0 0 -1
    outer loop
      vertex 92.3444 45.1685 8.81
      vertex 92.45 46.7794 8.81
      vertex 92.45 45.2206 8.81
    endloop
  endfacet
  facet normal 0 0 -1
    outer loop
      vertex 92.3444 45.1685 8.81
      vertex 92.3444 46.8315 8.81
      vertex 92.45 46.7794 8.81
    endloop
  endfacet
  facet normal 0 0 -1
    outer loop
      vertex 92.2329 45.1307 8.81
      vertex 92.3444 46.8315 8.81
      vertex 92.3444 45.1685 8.81
    endloop
  endfacet
  facet normal 0 0 -1
    outer loop
      vertex 92.2329 45.1307 8.81
      vertex 92.2329 46.8693 8.81
      vertex 92.3444 46.8315 8.81
    endloop
  endfacet
  facet normal 0 0 -1
    outer loop
      vertex 92.1175 45.1077 8.81
      vertex 92.2329 46.8693 8.81
      vertex 92.2329 45.1307 8.81
    endloop
  endfacet
  facet normal 0 0 -1
    outer loop
      vertex 92.1175 45.1077 8.81
      vertex 92.1175 46.8923 8.81
      vertex 92.2329 46.8693 8.81
    endloop
  endfacet
  facet normal 0 0 -1
    outer loop
      vertex 92 45.1 8.81
      vertex 92.1175 46.8923 8.81
      vertex 92.1175 45.1077 8.81
    endloop
  endfacet
  facet normal 0 0 -1
    outer loop
      vertex 92 45.1 8.81
      vertex 92 46.9 8.81
      vertex 92.1175 46.8923 8.81
    endloop
  endfacet
  facet normal 0 0 -1
    outer loop
      vertex 91.8825 45.1077 8.81
      vertex 92 46.9 8.81
      vertex 92 45.1 8.81
    endloop
  endfacet
  facet normal 0 0 -1
    outer loop
      vertex 91.8825 45.1077 8.81
      vertex 91.8825 46.8923 8.81
      vertex 92 46.9 8.81
    endloop
  endfacet
  facet normal 0 0 -1
    outer loop
      vertex 91.7671 45.1307 8.81
      vertex 91.8825 46.8923 8.81
      vertex 91.8825 45.1077 8.81
    endloop
  endfacet
  facet normal 0 0 -1
    outer loop
      vertex 91.7671 45.1307 8.81
      vertex 91.7671 46.8693 8.81
      vertex 91.8825 46.8923 8.81
    endloop
  endfacet
  facet normal 0 0 -1
    outer loop
      vertex 91.6556 45.1685 8.81
      vertex 91.7671 46.8693 8.81
      vertex 91.7671 45.1307 8.81
    endloop
  endfacet
  facet normal 0 0 -1
    outer loop
      vertex 91.6556 45.1685 8.81
      vertex 91.6556 46.8315 8.81
      vertex 91.7671 46.8693 8.81
    endloop
  endfacet
  facet normal 0 0 -1
    outer loop
      vertex 91.55 45.2206 8.81
      vertex 91.6556 46.8315 8.81
      vertex 91.6556 45.1685 8.81
    endloop
  endfacet
  facet normal 0 0 -1
    outer loop
      vertex 91.55 45.2206 8.81
      vertex 91.55 46.7794 8.81
      vertex 91.6556 46.8315 8.81
    endloop
  endfacet
  facet normal 0 0 -1
    outer loop
      vertex 91.4521 45.286 8.81
      vertex 91.55 46.7794 8.81
      vertex 91.55 45.2206 8.81
    endloop
  endfacet
  facet normal 0 0 -1
    outer loop
      vertex 91.4521 45.286 8.81
      vertex 91.4521 46.714 8.81
      vertex 91.55 46.7794 8.81
    endloop
  endfacet
  facet normal 0 0 -1
    outer loop
      vertex 91.3636 45.3636 8.81
      vertex 91.4521 46.714 8.81
      vertex 91.4521 45.286 8.81
    endloop
  endfacet
  facet normal 0 0 -1
    outer loop
      vertex 91.3636 45.3636 8.81
      vertex 91.3636 46.6364 8.81
      vertex 91.4521 46.714 8.81
    endloop
  endfacet
  facet normal 0 0 -1
    outer loop
      vertex 91.286 45.4521 8.81
      vertex 91.3636 46.6364 8.81
      vertex 91.3636 45.3636 8.81
    endloop
  endfacet
  facet normal 0 0 -1
    outer loop
      vertex 91.286 45.4521 8.81
      vertex 91.286 46.5479 8.81
      vertex 91.3636 46.6364 8.81
    endloop
  endfacet
  facet normal 0 0 -1
    outer loop
      vertex 91.2206 45.55 8.81
      vertex 91.286 46.5479 8.81
      vertex 91.286 45.4521 8.81
    endloop
  endfacet
  facet normal 0 0 -1
    outer loop
      vertex 91.2206 45.55 8.81
      vertex 91.2206 46.45 8.81
      vertex 91.286 46.5479 8.81
    endloop
  endfacet
  facet normal 0 0 -1
    outer loop
      vertex 91.1685 45.6556 8.81
      vertex 91.2206 46.45 8.81
      vertex 91.2206 45.55 8.81
    endloop
  endfacet
  facet normal 0 0 -1
    outer loop
      vertex 91.1685 45.6556 8.81
      vertex 91.1685 46.3444 8.81
      vertex 91.2206 46.45 8.81
    endloop
  endfacet
  facet normal 0 0 -1
    outer loop
      vertex 91.1307 45.7671 8.81
      vertex 91.1685 46.3444 8.81
      vertex 91.1685 45.6556 8.81
    endloop
  endfacet
  facet normal 0 0 -1
    outer loop
      vertex 91.1307 45.7671 8.81
      vertex 91.1307 46.2329 8.81
      vertex 91.1685 46.3444 8.81
    endloop
  endfacet
  facet normal 0 0 -1
    outer loop
      vertex 91.1077 45.8825 8.81
      vertex 91.1307 46.2329 8.81
      vertex 91.1307 45.7671 8.81
    endloop
  endfacet
  facet normal 0 0 -1
    outer loop
      vertex 91.1077 45.8825 8.81
      vertex 91.1077 46.1175 8.81
      vertex 91.1307 46.2329 8.81
    endloop
  endfacet
  facet normal 0 -0 -1
    outer loop
      vertex 91.1077 46.1175 8.81
      vertex 91.1077 45.8825 8.81
      vertex 91.1 46 8.81
    endloop
  endfacet
  facet normal -0.831462 0.555582 0
    outer loop
      vertex 92.952 45.2695 1.79
      vertex 93.0392 45.4 8.8
      vertex 93.0392 45.4 1.79
    endloop
  endfacet
  facet normal -0.831462 0.555582 0
    outer loop
      vertex 93.0392 45.4 8.8
      vertex 92.952 45.2695 1.79
      vertex 92.952 45.2695 8.8
    endloop
  endfacet
  facet normal 0.997844 -0.0656309 0
    outer loop
      vertex 90.8 46 8.8
      vertex 90.8103 46.1566 1.79
      vertex 90.8103 46.1566 8.8
    endloop
  endfacet
  facet normal 0.997844 -0.0656309 0
    outer loop
      vertex 90.8103 46.1566 1.79
      vertex 90.8 46 8.8
      vertex 90.8 46 1.79
    endloop
  endfacet
  facet normal -0.194891 -0.980825 0
    outer loop
      vertex 92.1566 47.1897 1.79
      vertex 92.3106 47.1591 8.8
      vertex 92.1566 47.1897 8.8
    endloop
  endfacet
  facet normal -0.194891 -0.980825 -0
    outer loop
      vertex 92.3106 47.1591 8.8
      vertex 92.1566 47.1897 1.79
      vertex 92.3106 47.1591 1.79
    endloop
  endfacet
  facet normal 0.442622 0.896708 -0
    outer loop
      vertex 91.5408 44.8913 1.79
      vertex 91.4 44.9608 8.8
      vertex 91.5408 44.8913 8.8
    endloop
  endfacet
  facet normal 0.442622 0.896708 0
    outer loop
      vertex 91.4 44.9608 8.8
      vertex 91.5408 44.8913 1.79
      vertex 91.4 44.9608 1.79
    endloop
  endfacet
  facet normal 0.0656309 -0.997844 0
    outer loop
      vertex 91.8434 47.1897 1.79
      vertex 92 47.2 8.8
      vertex 91.8434 47.1897 8.8
    endloop
  endfacet
  facet normal 0.0656309 -0.997844 0
    outer loop
      vertex 92 47.2 8.8
      vertex 91.8434 47.1897 1.79
      vertex 92 47.2 1.79
    endloop
  endfacet
  facet normal 0.321194 -0.947013 0
    outer loop
      vertex 91.5408 47.1087 1.79
      vertex 91.6894 47.1591 8.8
      vertex 91.5408 47.1087 8.8
    endloop
  endfacet
  facet normal 0.321194 -0.947013 0
    outer loop
      vertex 91.6894 47.1591 8.8
      vertex 91.5408 47.1087 1.79
      vertex 91.6894 47.1591 1.79
    endloop
  endfacet
  facet normal -0.0656309 0.997844 0
    outer loop
      vertex 92.1566 44.8103 1.79
      vertex 92 44.8 8.8
      vertex 92.1566 44.8103 8.8
    endloop
  endfacet
  facet normal -0.0656309 0.997844 0
    outer loop
      vertex 92 44.8 8.8
      vertex 92.1566 44.8103 1.79
      vertex 92 44.8 1.79
    endloop
  endfacet
  facet normal 0.980825 0.194891 0
    outer loop
      vertex 90.8409 45.6894 8.8
      vertex 90.8103 45.8434 1.79
      vertex 90.8103 45.8434 8.8
    endloop
  endfacet
  facet normal 0.980825 0.194891 0
    outer loop
      vertex 90.8103 45.8434 1.79
      vertex 90.8409 45.6894 8.8
      vertex 90.8409 45.6894 1.79
    endloop
  endfacet
  facet normal 0.896708 0.442622 0
    outer loop
      vertex 90.9608 45.4 8.8
      vertex 90.8913 45.5408 1.79
      vertex 90.8913 45.5408 8.8
    endloop
  endfacet
  facet normal 0.896708 0.442622 0
    outer loop
      vertex 90.8913 45.5408 1.79
      vertex 90.9608 45.4 8.8
      vertex 90.9608 45.4 1.79
    endloop
  endfacet
  facet normal 0.947013 0.321194 0
    outer loop
      vertex 90.8913 45.5408 8.8
      vertex 90.8409 45.6894 1.79
      vertex 90.8409 45.6894 8.8
    endloop
  endfacet
  facet normal 0.947013 0.321194 0
    outer loop
      vertex 90.8409 45.6894 1.79
      vertex 90.8913 45.5408 8.8
      vertex 90.8913 45.5408 1.79
    endloop
  endfacet
  facet normal 0 0 1
    outer loop
      vertex 93.1897 46.1566 1.79
      vertex 93.1897 45.8434 1.79
      vertex 93.2 46 1.79
    endloop
  endfacet
  facet normal 0 0 1
    outer loop
      vertex 93.1591 46.3106 1.79
      vertex 93.1897 45.8434 1.79
      vertex 93.1897 46.1566 1.79
    endloop
  endfacet
  facet normal 0 0 1
    outer loop
      vertex 93.1591 46.3106 1.79
      vertex 93.1591 45.6894 1.79
      vertex 93.1897 45.8434 1.79
    endloop
  endfacet
  facet normal 0 0 1
    outer loop
      vertex 93.1087 46.4592 1.79
      vertex 93.1591 45.6894 1.79
      vertex 93.1591 46.3106 1.79
    endloop
  endfacet
  facet normal 0 0 1
    outer loop
      vertex 93.1087 46.4592 1.79
      vertex 93.1087 45.5408 1.79
      vertex 93.1591 45.6894 1.79
    endloop
  endfacet
  facet normal 0 0 1
    outer loop
      vertex 93.0392 46.6 1.79
      vertex 93.1087 45.5408 1.79
      vertex 93.1087 46.4592 1.79
    endloop
  endfacet
  facet normal 0 0 1
    outer loop
      vertex 93.0392 46.6 1.79
      vertex 93.0392 45.4 1.79
      vertex 93.1087 45.5408 1.79
    endloop
  endfacet
  facet normal 0 0 1
    outer loop
      vertex 92.952 46.7305 1.79
      vertex 93.0392 45.4 1.79
      vertex 93.0392 46.6 1.79
    endloop
  endfacet
  facet normal 0 0 1
    outer loop
      vertex 92.952 46.7305 1.79
      vertex 92.952 45.2695 1.79
      vertex 93.0392 45.4 1.79
    endloop
  endfacet
  facet normal 0 0 1
    outer loop
      vertex 92.8485 46.8485 1.79
      vertex 92.952 45.2695 1.79
      vertex 92.952 46.7305 1.79
    endloop
  endfacet
  facet normal 0 0 1
    outer loop
      vertex 92.8485 46.8485 1.79
      vertex 92.8485 45.1515 1.79
      vertex 92.952 45.2695 1.79
    endloop
  endfacet
  facet normal 0 0 1
    outer loop
      vertex 92.7305 46.952 1.79
      vertex 92.8485 45.1515 1.79
      vertex 92.8485 46.8485 1.79
    endloop
  endfacet
  facet normal 0 0 1
    outer loop
      vertex 92.7305 46.952 1.79
      vertex 92.7305 45.048 1.79
      vertex 92.8485 45.1515 1.79
    endloop
  endfacet
  facet normal 0 0 1
    outer loop
      vertex 92.6 47.0392 1.79
      vertex 92.7305 45.048 1.79
      vertex 92.7305 46.952 1.79
    endloop
  endfacet
  facet normal 0 0 1
    outer loop
      vertex 92.6 47.0392 1.79
      vertex 92.6 44.9608 1.79
      vertex 92.7305 45.048 1.79
    endloop
  endfacet
  facet normal 0 0 1
    outer loop
      vertex 92.4592 47.1087 1.79
      vertex 92.6 44.9608 1.79
      vertex 92.6 47.0392 1.79
    endloop
  endfacet
  facet normal 0 0 1
    outer loop
      vertex 92.4592 47.1087 1.79
      vertex 92.4592 44.8913 1.79
      vertex 92.6 44.9608 1.79
    endloop
  endfacet
  facet normal 0 0 1
    outer loop
      vertex 92.3106 47.1591 1.79
      vertex 92.4592 44.8913 1.79
      vertex 92.4592 47.1087 1.79
    endloop
  endfacet
  facet normal 0 0 1
    outer loop
      vertex 92.3106 47.1591 1.79
      vertex 92.3106 44.8409 1.79
      vertex 92.4592 44.8913 1.79
    endloop
  endfacet
  facet normal 0 0 1
    outer loop
      vertex 92.1566 47.1897 1.79
      vertex 92.3106 44.8409 1.79
      vertex 92.3106 47.1591 1.79
    endloop
  endfacet
  facet normal 0 0 1
    outer loop
      vertex 92.1566 47.1897 1.79
      vertex 92.1566 44.8103 1.79
      vertex 92.3106 44.8409 1.79
    endloop
  endfacet
  facet normal 0 0 1
    outer loop
      vertex 92 47.2 1.79
      vertex 92.1566 44.8103 1.79
      vertex 92.1566 47.1897 1.79
    endloop
  endfacet
  facet normal 0 0 1
    outer loop
      vertex 92 47.2 1.79
      vertex 92 44.8 1.79
      vertex 92.1566 44.8103 1.79
    endloop
  endfacet
  facet normal -0 0 1
    outer loop
      vertex 91.8434 47.1897 1.79
      vertex 92 44.8 1.79
      vertex 92 47.2 1.79
    endloop
  endfacet
  facet normal 0 0 1
    outer loop
      vertex 91.8434 47.1897 1.79
      vertex 91.8434 44.8103 1.79
      vertex 92 44.8 1.79
    endloop
  endfacet
  facet normal -0 0 1
    outer loop
      vertex 91.6894 47.1591 1.79
      vertex 91.8434 44.8103 1.79
      vertex 91.8434 47.1897 1.79
    endloop
  endfacet
  facet normal 0 0 1
    outer loop
      vertex 91.6894 47.1591 1.79
      vertex 91.6894 44.8409 1.79
      vertex 91.8434 44.8103 1.79
    endloop
  endfacet
  facet normal -0 0 1
    outer loop
      vertex 91.5408 47.1087 1.79
      vertex 91.6894 44.8409 1.79
      vertex 91.6894 47.1591 1.79
    endloop
  endfacet
  facet normal 0 0 1
    outer loop
      vertex 91.5408 47.1087 1.79
      vertex 91.5408 44.8913 1.79
      vertex 91.6894 44.8409 1.79
    endloop
  endfacet
  facet normal -0 0 1
    outer loop
      vertex 91.4 47.0392 1.79
      vertex 91.5408 44.8913 1.79
      vertex 91.5408 47.1087 1.79
    endloop
  endfacet
  facet normal 0 0 1
    outer loop
      vertex 91.4 47.0392 1.79
      vertex 91.4 44.9608 1.79
      vertex 91.5408 44.8913 1.79
    endloop
  endfacet
  facet normal -0 0 1
    outer loop
      vertex 91.2695 46.952 1.79
      vertex 91.4 44.9608 1.79
      vertex 91.4 47.0392 1.79
    endloop
  endfacet
  facet normal 0 0 1
    outer loop
      vertex 91.2695 46.952 1.79
      vertex 91.2695 45.048 1.79
      vertex 91.4 44.9608 1.79
    endloop
  endfacet
  facet normal -0 0 1
    outer loop
      vertex 91.1515 46.8485 1.79
      vertex 91.2695 45.048 1.79
      vertex 91.2695 46.952 1.79
    endloop
  endfacet
  facet normal 0 0 1
    outer loop
      vertex 91.1515 46.8485 1.79
      vertex 91.1515 45.1515 1.79
      vertex 91.2695 45.048 1.79
    endloop
  endfacet
  facet normal -0 0 1
    outer loop
      vertex 91.048 46.7305 1.79
      vertex 91.1515 45.1515 1.79
      vertex 91.1515 46.8485 1.79
    endloop
  endfacet
  facet normal 0 0 1
    outer loop
      vertex 91.048 46.7305 1.79
      vertex 91.048 45.2695 1.79
      vertex 91.1515 45.1515 1.79
    endloop
  endfacet
  facet normal -0 0 1
    outer loop
      vertex 90.9608 46.6 1.79
      vertex 91.048 45.2695 1.79
      vertex 91.048 46.7305 1.79
    endloop
  endfacet
  facet normal 0 0 1
    outer loop
      vertex 90.9608 46.6 1.79
      vertex 90.9608 45.4 1.79
      vertex 91.048 45.2695 1.79
    endloop
  endfacet
  facet normal -0 0 1
    outer loop
      vertex 90.8913 46.4592 1.79
      vertex 90.9608 45.4 1.79
      vertex 90.9608 46.6 1.79
    endloop
  endfacet
  facet normal 0 0 1
    outer loop
      vertex 90.8913 46.4592 1.79
      vertex 90.8913 45.5408 1.79
      vertex 90.9608 45.4 1.79
    endloop
  endfacet
  facet normal -0 0 1
    outer loop
      vertex 90.8409 46.3106 1.79
      vertex 90.8913 45.5408 1.79
      vertex 90.8913 46.4592 1.79
    endloop
  endfacet
  facet normal 0 0 1
    outer loop
      vertex 90.8409 46.3106 1.79
      vertex 90.8409 45.6894 1.79
      vertex 90.8913 45.5408 1.79
    endloop
  endfacet
  facet normal -0 0 1
    outer loop
      vertex 90.8103 46.1566 1.79
      vertex 90.8409 45.6894 1.79
      vertex 90.8409 46.3106 1.79
    endloop
  endfacet
  facet normal 0 0 1
    outer loop
      vertex 90.8103 46.1566 1.79
      vertex 90.8103 45.8434 1.79
      vertex 90.8409 45.6894 1.79
    endloop
  endfacet
  facet normal 0 -0 1
    outer loop
      vertex 90.8103 45.8434 1.79
      vertex 90.8103 46.1566 1.79
      vertex 90.8 46 1.79
    endloop
  endfacet
  facet normal 0.194891 0.980825 -0
    outer loop
      vertex 91.8434 44.8103 1.79
      vertex 91.6894 44.8409 8.8
      vertex 91.8434 44.8103 8.8
    endloop
  endfacet
  facet normal 0.194891 0.980825 0
    outer loop
      vertex 91.6894 44.8409 8.8
      vertex 91.8434 44.8103 1.79
      vertex 91.6894 44.8409 1.79
    endloop
  endfacet
  facet normal 0.0656309 0.997844 -0
    outer loop
      vertex 92 44.8 1.79
      vertex 91.8434 44.8103 8.8
      vertex 92 44.8 8.8
    endloop
  endfacet
  facet normal 0.0656309 0.997844 0
    outer loop
      vertex 91.8434 44.8103 8.8
      vertex 92 44.8 1.79
      vertex 91.8434 44.8103 1.79
    endloop
  endfacet
  facet normal 0.659406 0.751787 -0
    outer loop
      vertex 91.2695 45.048 1.79
      vertex 91.1515 45.1515 8.8
      vertex 91.2695 45.048 8.8
    endloop
  endfacet
  facet normal 0.659406 0.751787 0
    outer loop
      vertex 91.1515 45.1515 8.8
      vertex 91.2695 45.048 1.79
      vertex 91.1515 45.1515 1.79
    endloop
  endfacet
  facet normal 0.831462 -0.555582 0
    outer loop
      vertex 90.9608 46.6 8.8
      vertex 91.048 46.7305 1.79
      vertex 91.048 46.7305 8.8
    endloop
  endfacet
  facet normal 0.831462 -0.555582 0
    outer loop
      vertex 91.048 46.7305 1.79
      vertex 90.9608 46.6 8.8
      vertex 90.9608 46.6 1.79
    endloop
  endfacet
  facet normal -0.980776 -0.195136 0
    outer loop
      vertex 94.082 46.2741 0
      vertex 94.0284 46.5435 1.6
      vertex 94.0284 46.5435 0
    endloop
  endfacet
  facet normal -0.980776 -0.195136 0
    outer loop
      vertex 94.0284 46.5435 1.6
      vertex 94.082 46.2741 0
      vertex 94.082 46.2741 1.6
    endloop
  endfacet
  facet normal -0.997851 -0.0655283 0
    outer loop
      vertex 94.1 46 0
      vertex 94.082 46.2741 1.6
      vertex 94.082 46.2741 0
    endloop
  endfacet
  facet normal -0.997851 -0.0655283 0
    outer loop
      vertex 94.082 46.2741 1.6
      vertex 94.1 46 0
      vertex 94.1 46 1.6
    endloop
  endfacet
  facet normal -0.946921 -0.321465 0
    outer loop
      vertex 94.0284 46.5435 0
      vertex 93.9401 46.8036 1.6
      vertex 93.9401 46.8036 0
    endloop
  endfacet
  facet normal -0.946921 -0.321465 0
    outer loop
      vertex 93.9401 46.8036 1.6
      vertex 94.0284 46.5435 0
      vertex 94.0284 46.5435 1.6
    endloop
  endfacet
  facet normal -0.980776 0.195136 0
    outer loop
      vertex 94.0284 45.4565 0
      vertex 94.082 45.7259 1.6
      vertex 94.082 45.7259 0
    endloop
  endfacet
  facet normal -0.980776 0.195136 0
    outer loop
      vertex 94.082 45.7259 1.6
      vertex 94.0284 45.4565 0
      vertex 94.0284 45.4565 1.6
    endloop
  endfacet
  facet normal -0.0655283 0.997851 0
    outer loop
      vertex 92.2741 43.918 0
      vertex 92 43.9 1.6
      vertex 92.2741 43.918 1.6
    endloop
  endfacet
  facet normal -0.0655283 0.997851 0
    outer loop
      vertex 92 43.9 1.6
      vertex 92.2741 43.918 0
      vertex 92 43.9 0
    endloop
  endfacet
  facet normal -0.555792 -0.831322 0
    outer loop
      vertex 93.05 47.8187 0
      vertex 93.2784 47.666 1.6
      vertex 93.05 47.8187 1.6
    endloop
  endfacet
  facet normal -0.555792 -0.831322 -0
    outer loop
      vertex 93.2784 47.666 1.6
      vertex 93.05 47.8187 0
      vertex 93.2784 47.666 0
    endloop
  endfacet
  facet normal -0.441964 0.897033 0
    outer loop
      vertex 93.05 44.1813 0
      vertex 92.8036 44.0599 1.6
      vertex 93.05 44.1813 1.6
    endloop
  endfacet
  facet normal -0.441964 0.897033 0
    outer loop
      vertex 92.8036 44.0599 1.6
      vertex 93.05 44.1813 0
      vertex 92.8036 44.0599 0
    endloop
  endfacet
  facet normal 0.751832 -0.659355 0
    outer loop
      vertex 90.334 47.2784 1.6
      vertex 90.5151 47.4849 0
      vertex 90.5151 47.4849 1.6
    endloop
  endfacet
  facet normal 0.751832 -0.659355 0
    outer loop
      vertex 90.5151 47.4849 0
      vertex 90.334 47.2784 1.6
      vertex 90.334 47.2784 0
    endloop
  endfacet
  facet normal -0.896889 -0.442256 0
    outer loop
      vertex 93.9401 46.8036 0
      vertex 93.8186 47.05 1.6
      vertex 93.8186 47.05 0
    endloop
  endfacet
  facet normal -0.896889 -0.442256 0
    outer loop
      vertex 93.8186 47.05 1.6
      vertex 93.9401 46.8036 0
      vertex 93.9401 46.8036 1.6
    endloop
  endfacet
  facet normal 0.946921 0.321465 0
    outer loop
      vertex 90.0599 45.1964 1.6
      vertex 89.9716 45.4565 0
      vertex 89.9716 45.4565 1.6
    endloop
  endfacet
  facet normal 0.946921 0.321465 0
    outer loop
      vertex 89.9716 45.4565 0
      vertex 90.0599 45.1964 1.6
      vertex 90.0599 45.1964 0
    endloop
  endfacet
  facet normal -0.83149 0.55554 0
    outer loop
      vertex 93.666 44.7216 0
      vertex 93.8186 44.95 1.6
      vertex 93.8186 44.95 0
    endloop
  endfacet
  facet normal -0.83149 0.55554 0
    outer loop
      vertex 93.8186 44.95 1.6
      vertex 93.666 44.7216 0
      vertex 93.666 44.7216 1.6
    endloop
  endfacet
  facet normal 0.555792 0.831322 -0
    outer loop
      vertex 90.95 44.1813 0
      vertex 90.7216 44.334 1.6
      vertex 90.95 44.1813 1.6
    endloop
  endfacet
  facet normal 0.555792 0.831322 0
    outer loop
      vertex 90.7216 44.334 1.6
      vertex 90.95 44.1813 0
      vertex 90.7216 44.334 0
    endloop
  endfacet
  facet normal 0.195136 -0.980776 0
    outer loop
      vertex 91.4565 48.0284 0
      vertex 91.7259 48.082 1.6
      vertex 91.4565 48.0284 1.6
    endloop
  endfacet
  facet normal 0.195136 -0.980776 0
    outer loop
      vertex 91.7259 48.082 1.6
      vertex 91.4565 48.0284 0
      vertex 91.7259 48.082 0
    endloop
  endfacet
  facet normal 0.0655283 -0.997851 0
    outer loop
      vertex 91.7259 48.082 0
      vertex 92 48.1 1.6
      vertex 91.7259 48.082 1.6
    endloop
  endfacet
  facet normal 0.0655283 -0.997851 0
    outer loop
      vertex 92 48.1 1.6
      vertex 91.7259 48.082 0
      vertex 92 48.1 0
    endloop
  endfacet
  facet normal -0.195136 0.980776 0
    outer loop
      vertex 92.5435 43.9716 0
      vertex 92.2741 43.918 1.6
      vertex 92.5435 43.9716 1.6
    endloop
  endfacet
  facet normal -0.195136 0.980776 0
    outer loop
      vertex 92.2741 43.918 1.6
      vertex 92.5435 43.9716 0
      vertex 92.2741 43.918 0
    endloop
  endfacet
  facet normal 0.555792 -0.831322 0
    outer loop
      vertex 90.7216 47.666 0
      vertex 90.95 47.8187 1.6
      vertex 90.7216 47.666 1.6
    endloop
  endfacet
  facet normal 0.555792 -0.831322 0
    outer loop
      vertex 90.95 47.8187 1.6
      vertex 90.7216 47.666 0
      vertex 90.95 47.8187 0
    endloop
  endfacet
  facet normal 0.0655283 0.997851 -0
    outer loop
      vertex 92 43.9 0
      vertex 91.7259 43.918 1.6
      vertex 92 43.9 1.6
    endloop
  endfacet
  facet normal 0.0655283 0.997851 0
    outer loop
      vertex 91.7259 43.918 1.6
      vertex 92 43.9 0
      vertex 91.7259 43.918 0
    endloop
  endfacet
  facet normal -0.83149 -0.55554 0
    outer loop
      vertex 93.8186 47.05 0
      vertex 93.666 47.2784 1.6
      vertex 93.666 47.2784 0
    endloop
  endfacet
  facet normal -0.83149 -0.55554 0
    outer loop
      vertex 93.666 47.2784 1.6
      vertex 93.8186 47.05 0
      vertex 93.8186 47.05 1.6
    endloop
  endfacet
  facet normal 0.659355 0.751832 -0
    outer loop
      vertex 90.7216 44.334 0
      vertex 90.5151 44.5151 1.6
      vertex 90.7216 44.334 1.6
    endloop
  endfacet
  facet normal 0.659355 0.751832 0
    outer loop
      vertex 90.5151 44.5151 1.6
      vertex 90.7216 44.334 0
      vertex 90.5151 44.5151 0
    endloop
  endfacet
  facet normal -0.321465 -0.946921 0
    outer loop
      vertex 92.5435 48.0284 0
      vertex 92.8036 47.9401 1.6
      vertex 92.5435 48.0284 1.6
    endloop
  endfacet
  facet normal -0.321465 -0.946921 -0
    outer loop
      vertex 92.8036 47.9401 1.6
      vertex 92.5435 48.0284 0
      vertex 92.8036 47.9401 0
    endloop
  endfacet
  facet normal 0.321465 -0.946921 0
    outer loop
      vertex 91.1964 47.9401 0
      vertex 91.4565 48.0284 1.6
      vertex 91.1964 47.9401 1.6
    endloop
  endfacet
  facet normal 0.321465 -0.946921 0
    outer loop
      vertex 91.4565 48.0284 1.6
      vertex 91.1964 47.9401 0
      vertex 91.4565 48.0284 0
    endloop
  endfacet
  facet normal -0.997851 0.0655283 0
    outer loop
      vertex 94.082 45.7259 0
      vertex 94.1 46 1.6
      vertex 94.1 46 0
    endloop
  endfacet
  facet normal -0.997851 0.0655283 0
    outer loop
      vertex 94.1 46 1.6
      vertex 94.082 45.7259 0
      vertex 94.082 45.7259 1.6
    endloop
  endfacet
  facet normal -0.441964 -0.897033 0
    outer loop
      vertex 92.8036 47.9401 0
      vertex 93.05 47.8187 1.6
      vertex 92.8036 47.9401 1.6
    endloop
  endfacet
  facet normal -0.441964 -0.897033 -0
    outer loop
      vertex 93.05 47.8187 1.6
      vertex 92.8036 47.9401 0
      vertex 93.05 47.8187 0
    endloop
  endfacet
  facet normal 0 0 -1
    outer loop
      vertex 94.082 45.7259 1.6
      vertex 94.082 46.2741 1.6
      vertex 94.1 46 1.6
    endloop
  endfacet
  facet normal 0 0 -1
    outer loop
      vertex 94.0284 45.4565 1.6
      vertex 94.082 46.2741 1.6
      vertex 94.082 45.7259 1.6
    endloop
  endfacet
  facet normal 0 0 -1
    outer loop
      vertex 94.0284 45.4565 1.6
      vertex 94.0284 46.5435 1.6
      vertex 94.082 46.2741 1.6
    endloop
  endfacet
  facet normal 0 0 -1
    outer loop
      vertex 93.9401 45.1964 1.6
      vertex 94.0284 46.5435 1.6
      vertex 94.0284 45.4565 1.6
    endloop
  endfacet
  facet normal 0 0 -1
    outer loop
      vertex 93.9401 45.1964 1.6
      vertex 93.9401 46.8036 1.6
      vertex 94.0284 46.5435 1.6
    endloop
  endfacet
  facet normal 0 0 -1
    outer loop
      vertex 93.8186 44.95 1.6
      vertex 93.9401 46.8036 1.6
      vertex 93.9401 45.1964 1.6
    endloop
  endfacet
  facet normal 0 0 -1
    outer loop
      vertex 93.8186 44.95 1.6
      vertex 93.8186 47.05 1.6
      vertex 93.9401 46.8036 1.6
    endloop
  endfacet
  facet normal 0 0 -1
    outer loop
      vertex 93.666 44.7216 1.6
      vertex 93.8186 47.05 1.6
      vertex 93.8186 44.95 1.6
    endloop
  endfacet
  facet normal 0 0 -1
    outer loop
      vertex 93.666 44.7216 1.6
      vertex 93.666 47.2784 1.6
      vertex 93.8186 47.05 1.6
    endloop
  endfacet
  facet normal 0 0 -1
    outer loop
      vertex 93.4849 44.5151 1.6
      vertex 93.666 47.2784 1.6
      vertex 93.666 44.7216 1.6
    endloop
  endfacet
  facet normal 0 0 -1
    outer loop
      vertex 93.4849 44.5151 1.6
      vertex 93.4849 47.4849 1.6
      vertex 93.666 47.2784 1.6
    endloop
  endfacet
  facet normal 0 0 -1
    outer loop
      vertex 93.2784 44.334 1.6
      vertex 93.4849 47.4849 1.6
      vertex 93.4849 44.5151 1.6
    endloop
  endfacet
  facet normal 0 0 -1
    outer loop
      vertex 93.2784 44.334 1.6
      vertex 93.2784 47.666 1.6
      vertex 93.4849 47.4849 1.6
    endloop
  endfacet
  facet normal 0 0 -1
    outer loop
      vertex 93.05 44.1813 1.6
      vertex 93.2784 47.666 1.6
      vertex 93.2784 44.334 1.6
    endloop
  endfacet
  facet normal 0 0 -1
    outer loop
      vertex 93.05 44.1813 1.6
      vertex 93.05 47.8187 1.6
      vertex 93.2784 47.666 1.6
    endloop
  endfacet
  facet normal 0 0 -1
    outer loop
      vertex 92.8036 44.0599 1.6
      vertex 93.05 47.8187 1.6
      vertex 93.05 44.1813 1.6
    endloop
  endfacet
  facet normal 0 0 -1
    outer loop
      vertex 92.8036 44.0599 1.6
      vertex 92.8036 47.9401 1.6
      vertex 93.05 47.8187 1.6
    endloop
  endfacet
  facet normal 0 0 -1
    outer loop
      vertex 92.5435 43.9716 1.6
      vertex 92.8036 47.9401 1.6
      vertex 92.8036 44.0599 1.6
    endloop
  endfacet
  facet normal 0 0 -1
    outer loop
      vertex 92.5435 43.9716 1.6
      vertex 92.5435 48.0284 1.6
      vertex 92.8036 47.9401 1.6
    endloop
  endfacet
  facet normal 0 0 -1
    outer loop
      vertex 92.2741 43.918 1.6
      vertex 92.5435 48.0284 1.6
      vertex 92.5435 43.9716 1.6
    endloop
  endfacet
  facet normal 0 0 -1
    outer loop
      vertex 92.2741 43.918 1.6
      vertex 92.2741 48.082 1.6
      vertex 92.5435 48.0284 1.6
    endloop
  endfacet
  facet normal 0 0 -1
    outer loop
      vertex 92 43.9 1.6
      vertex 92.2741 48.082 1.6
      vertex 92.2741 43.918 1.6
    endloop
  endfacet
  facet normal 0 0 -1
    outer loop
      vertex 92 43.9 1.6
      vertex 92 48.1 1.6
      vertex 92.2741 48.082 1.6
    endloop
  endfacet
  facet normal 0 0 -1
    outer loop
      vertex 91.7259 43.918 1.6
      vertex 92 48.1 1.6
      vertex 92 43.9 1.6
    endloop
  endfacet
  facet normal 0 0 -1
    outer loop
      vertex 91.7259 43.918 1.6
      vertex 91.7259 48.082 1.6
      vertex 92 48.1 1.6
    endloop
  endfacet
  facet normal 0 0 -1
    outer loop
      vertex 91.4565 43.9716 1.6
      vertex 91.7259 48.082 1.6
      vertex 91.7259 43.918 1.6
    endloop
  endfacet
  facet normal 0 0 -1
    outer loop
      vertex 91.4565 43.9716 1.6
      vertex 91.4565 48.0284 1.6
      vertex 91.7259 48.082 1.6
    endloop
  endfacet
  facet normal 0 0 -1
    outer loop
      vertex 91.1964 44.0599 1.6
      vertex 91.4565 48.0284 1.6
      vertex 91.4565 43.9716 1.6
    endloop
  endfacet
  facet normal 0 0 -1
    outer loop
      vertex 91.1964 44.0599 1.6
      vertex 91.1964 47.9401 1.6
      vertex 91.4565 48.0284 1.6
    endloop
  endfacet
  facet normal 0 0 -1
    outer loop
      vertex 90.95 44.1813 1.6
      vertex 91.1964 47.9401 1.6
      vertex 91.1964 44.0599 1.6
    endloop
  endfacet
  facet normal 0 0 -1
    outer loop
      vertex 90.95 44.1813 1.6
      vertex 90.95 47.8187 1.6
      vertex 91.1964 47.9401 1.6
    endloop
  endfacet
  facet normal 0 0 -1
    outer loop
      vertex 90.7216 44.334 1.6
      vertex 90.95 47.8187 1.6
      vertex 90.95 44.1813 1.6
    endloop
  endfacet
  facet normal 0 0 -1
    outer loop
      vertex 90.7216 44.334 1.6
      vertex 90.7216 47.666 1.6
      vertex 90.95 47.8187 1.6
    endloop
  endfacet
  facet normal 0 0 -1
    outer loop
      vertex 90.5151 44.5151 1.6
      vertex 90.7216 47.666 1.6
      vertex 90.7216 44.334 1.6
    endloop
  endfacet
  facet normal 0 0 -1
    outer loop
      vertex 90.5151 44.5151 1.6
      vertex 90.5151 47.4849 1.6
      vertex 90.7216 47.666 1.6
    endloop
  endfacet
  facet normal 0 0 -1
    outer loop
      vertex 90.334 44.7216 1.6
      vertex 90.5151 47.4849 1.6
      vertex 90.5151 44.5151 1.6
    endloop
  endfacet
  facet normal 0 0 -1
    outer loop
      vertex 90.334 44.7216 1.6
      vertex 90.334 47.2784 1.6
      vertex 90.5151 47.4849 1.6
    endloop
  endfacet
  facet normal 0 0 -1
    outer loop
      vertex 90.1813 44.95 1.6
      vertex 90.334 47.2784 1.6
      vertex 90.334 44.7216 1.6
    endloop
  endfacet
  facet normal 0 0 -1
    outer loop
      vertex 90.1813 44.95 1.6
      vertex 90.1813 47.05 1.6
      vertex 90.334 47.2784 1.6
    endloop
  endfacet
  facet normal 0 0 -1
    outer loop
      vertex 90.0599 45.1964 1.6
      vertex 90.1813 47.05 1.6
      vertex 90.1813 44.95 1.6
    endloop
  endfacet
  facet normal 0 0 -1
    outer loop
      vertex 90.0599 45.1964 1.6
      vertex 90.0599 46.8036 1.6
      vertex 90.1813 47.05 1.6
    endloop
  endfacet
  facet normal 0 0 -1
    outer loop
      vertex 89.9716 45.4565 1.6
      vertex 90.0599 46.8036 1.6
      vertex 90.0599 45.1964 1.6
    endloop
  endfacet
  facet normal 0 0 -1
    outer loop
      vertex 89.9716 45.4565 1.6
      vertex 89.9716 46.5435 1.6
      vertex 90.0599 46.8036 1.6
    endloop
  endfacet
  facet normal 0 0 -1
    outer loop
      vertex 89.918 45.7259 1.6
      vertex 89.9716 46.5435 1.6
      vertex 89.9716 45.4565 1.6
    endloop
  endfacet
  facet normal 0 0 -1
    outer loop
      vertex 89.918 45.7259 1.6
      vertex 89.918 46.2741 1.6
      vertex 89.9716 46.5435 1.6
    endloop
  endfacet
  facet normal 0 -0 -1
    outer loop
      vertex 89.918 46.2741 1.6
      vertex 89.918 45.7259 1.6
      vertex 89.9 46 1.6
    endloop
  endfacet
  facet normal 0.997851 0.0655283 0
    outer loop
      vertex 89.918 45.7259 1.6
      vertex 89.9 46 0
      vertex 89.9 46 1.6
    endloop
  endfacet
  facet normal 0.997851 0.0655283 0
    outer loop
      vertex 89.9 46 0
      vertex 89.918 45.7259 1.6
      vertex 89.918 45.7259 0
    endloop
  endfacet
  facet normal 0.946921 -0.321465 0
    outer loop
      vertex 89.9716 46.5435 1.6
      vertex 90.0599 46.8036 0
      vertex 90.0599 46.8036 1.6
    endloop
  endfacet
  facet normal 0.946921 -0.321465 0
    outer loop
      vertex 90.0599 46.8036 0
      vertex 89.9716 46.5435 1.6
      vertex 89.9716 46.5435 0
    endloop
  endfacet
  facet normal -0.751832 0.659355 0
    outer loop
      vertex 93.4849 44.5151 0
      vertex 93.666 44.7216 1.6
      vertex 93.666 44.7216 0
    endloop
  endfacet
  facet normal -0.751832 0.659355 0
    outer loop
      vertex 93.666 44.7216 1.6
      vertex 93.4849 44.5151 0
      vertex 93.4849 44.5151 1.6
    endloop
  endfacet
  facet normal 0.441964 -0.897033 0
    outer loop
      vertex 90.95 47.8187 0
      vertex 91.1964 47.9401 1.6
      vertex 90.95 47.8187 1.6
    endloop
  endfacet
  facet normal 0.441964 -0.897033 0
    outer loop
      vertex 91.1964 47.9401 1.6
      vertex 90.95 47.8187 0
      vertex 91.1964 47.9401 0
    endloop
  endfacet
  facet normal 0.980776 -0.195136 0
    outer loop
      vertex 89.918 46.2741 1.6
      vertex 89.9716 46.5435 0
      vertex 89.9716 46.5435 1.6
    endloop
  endfacet
  facet normal 0.980776 -0.195136 0
    outer loop
      vertex 89.9716 46.5435 0
      vertex 89.918 46.2741 1.6
      vertex 89.918 46.2741 0
    endloop
  endfacet
  facet normal -0.321465 0.946921 0
    outer loop
      vertex 92.8036 44.0599 0
      vertex 92.5435 43.9716 1.6
      vertex 92.8036 44.0599 1.6
    endloop
  endfacet
  facet normal -0.321465 0.946921 0
    outer loop
      vertex 92.5435 43.9716 1.6
      vertex 92.8036 44.0599 0
      vertex 92.5435 43.9716 0
    endloop
  endfacet
  facet normal 0.441964 0.897033 -0
    outer loop
      vertex 91.1964 44.0599 0
      vertex 90.95 44.1813 1.6
      vertex 91.1964 44.0599 1.6
    endloop
  endfacet
  facet normal 0.441964 0.897033 0
    outer loop
      vertex 90.95 44.1813 1.6
      vertex 91.1964 44.0599 0
      vertex 90.95 44.1813 0
    endloop
  endfacet
  facet normal 0.997851 -0.0655283 0
    outer loop
      vertex 89.9 46 1.6
      vertex 89.918 46.2741 0
      vertex 89.918 46.2741 1.6
    endloop
  endfacet
  facet normal 0.997851 -0.0655283 0
    outer loop
      vertex 89.918 46.2741 0
      vertex 89.9 46 1.6
      vertex 89.9 46 0
    endloop
  endfacet
  facet normal 0.831322 0.555792 0
    outer loop
      vertex 90.334 44.7216 1.6
      vertex 90.1813 44.95 0
      vertex 90.1813 44.95 1.6
    endloop
  endfacet
  facet normal 0.831322 0.555792 0
    outer loop
      vertex 90.1813 44.95 0
      vertex 90.334 44.7216 1.6
      vertex 90.334 44.7216 0
    endloop
  endfacet
  facet normal 0.321465 0.946921 -0
    outer loop
      vertex 91.4565 43.9716 0
      vertex 91.1964 44.0599 1.6
      vertex 91.4565 43.9716 1.6
    endloop
  endfacet
  facet normal 0.321465 0.946921 0
    outer loop
      vertex 91.1964 44.0599 1.6
      vertex 91.4565 43.9716 0
      vertex 91.1964 44.0599 0
    endloop
  endfacet
  facet normal -0.751832 -0.659355 0
    outer loop
      vertex 93.666 47.2784 0
      vertex 93.4849 47.4849 1.6
      vertex 93.4849 47.4849 0
    endloop
  endfacet
  facet normal -0.751832 -0.659355 0
    outer loop
      vertex 93.4849 47.4849 1.6
      vertex 93.666 47.2784 0
      vertex 93.666 47.2784 1.6
    endloop
  endfacet
  facet normal 0.897033 0.441964 0
    outer loop
      vertex 90.1813 44.95 1.6
      vertex 90.0599 45.1964 0
      vertex 90.0599 45.1964 1.6
    endloop
  endfacet
  facet normal 0.897033 0.441964 0
    outer loop
      vertex 90.0599 45.1964 0
      vertex 90.1813 44.95 1.6
      vertex 90.1813 44.95 0
    endloop
  endfacet
  facet normal -0.896889 0.442256 0
    outer loop
      vertex 93.8186 44.95 0
      vertex 93.9401 45.1964 1.6
      vertex 93.9401 45.1964 0
    endloop
  endfacet
  facet normal -0.896889 0.442256 0
    outer loop
      vertex 93.9401 45.1964 1.6
      vertex 93.8186 44.95 0
      vertex 93.8186 44.95 1.6
    endloop
  endfacet
  facet normal -0.555792 0.831322 0
    outer loop
      vertex 93.2784 44.334 0
      vertex 93.05 44.1813 1.6
      vertex 93.2784 44.334 1.6
    endloop
  endfacet
  facet normal -0.555792 0.831322 0
    outer loop
      vertex 93.05 44.1813 1.6
      vertex 93.2784 44.334 0
      vertex 93.05 44.1813 0
    endloop
  endfacet
  facet normal -0.659355 0.751832 0
    outer loop
      vertex 93.4849 44.5151 0
      vertex 93.2784 44.334 1.6
      vertex 93.4849 44.5151 1.6
    endloop
  endfacet
  facet normal -0.659355 0.751832 0
    outer loop
      vertex 93.2784 44.334 1.6
      vertex 93.4849 44.5151 0
      vertex 93.2784 44.334 0
    endloop
  endfacet
  facet normal 0.831322 -0.555792 0
    outer loop
      vertex 90.1813 47.05 1.6
      vertex 90.334 47.2784 0
      vertex 90.334 47.2784 1.6
    endloop
  endfacet
  facet normal 0.831322 -0.555792 0
    outer loop
      vertex 90.334 47.2784 0
      vertex 90.1813 47.05 1.6
      vertex 90.1813 47.05 0
    endloop
  endfacet
  facet normal 0.897033 -0.441964 0
    outer loop
      vertex 90.0599 46.8036 1.6
      vertex 90.1813 47.05 0
      vertex 90.1813 47.05 1.6
    endloop
  endfacet
  facet normal 0.897033 -0.441964 0
    outer loop
      vertex 90.1813 47.05 0
      vertex 90.0599 46.8036 1.6
      vertex 90.0599 46.8036 0
    endloop
  endfacet
  facet normal 0.980776 0.195136 0
    outer loop
      vertex 89.9716 45.4565 1.6
      vertex 89.918 45.7259 0
      vertex 89.918 45.7259 1.6
    endloop
  endfacet
  facet normal 0.980776 0.195136 0
    outer loop
      vertex 89.918 45.7259 0
      vertex 89.9716 45.4565 1.6
      vertex 89.9716 45.4565 0
    endloop
  endfacet
  facet normal 0.659355 -0.751832 0
    outer loop
      vertex 90.5151 47.4849 0
      vertex 90.7216 47.666 1.6
      vertex 90.5151 47.4849 1.6
    endloop
  endfacet
  facet normal 0.659355 -0.751832 0
    outer loop
      vertex 90.7216 47.666 1.6
      vertex 90.5151 47.4849 0
      vertex 90.7216 47.666 0
    endloop
  endfacet
  facet normal -0.195136 -0.980776 0
    outer loop
      vertex 92.2741 48.082 0
      vertex 92.5435 48.0284 1.6
      vertex 92.2741 48.082 1.6
    endloop
  endfacet
  facet normal -0.195136 -0.980776 -0
    outer loop
      vertex 92.5435 48.0284 1.6
      vertex 92.2741 48.082 0
      vertex 92.5435 48.0284 0
    endloop
  endfacet
  facet normal -0.946921 0.321465 0
    outer loop
      vertex 93.9401 45.1964 0
      vertex 94.0284 45.4565 1.6
      vertex 94.0284 45.4565 0
    endloop
  endfacet
  facet normal -0.946921 0.321465 0
    outer loop
      vertex 94.0284 45.4565 1.6
      vertex 93.9401 45.1964 0
      vertex 93.9401 45.1964 1.6
    endloop
  endfacet
  facet normal 0.195136 0.980776 -0
    outer loop
      vertex 91.7259 43.918 0
      vertex 91.4565 43.9716 1.6
      vertex 91.7259 43.918 1.6
    endloop
  endfacet
  facet normal 0.195136 0.980776 0
    outer loop
      vertex 91.4565 43.9716 1.6
      vertex 91.7259 43.918 0
      vertex 91.4565 43.9716 0
    endloop
  endfacet
  facet normal 0.751832 0.659355 0
    outer loop
      vertex 90.5151 44.5151 1.6
      vertex 90.334 44.7216 0
      vertex 90.334 44.7216 1.6
    endloop
  endfacet
  facet normal 0.751832 0.659355 0
    outer loop
      vertex 90.334 44.7216 0
      vertex 90.5151 44.5151 1.6
      vertex 90.5151 44.5151 0
    endloop
  endfacet
  facet normal -0.659355 -0.751832 0
    outer loop
      vertex 93.2784 47.666 0
      vertex 93.4849 47.4849 1.6
      vertex 93.2784 47.666 1.6
    endloop
  endfacet
  facet normal -0.659355 -0.751832 -0
    outer loop
      vertex 93.4849 47.4849 1.6
      vertex 93.2784 47.666 0
      vertex 93.4849 47.4849 0
    endloop
  endfacet
  facet normal -0.0655283 -0.997851 0
    outer loop
      vertex 92 48.1 0
      vertex 92.2741 48.082 1.6
      vertex 92 48.1 1.6
    endloop
  endfacet
  facet normal -0.0655283 -0.997851 -0
    outer loop
      vertex 92.2741 48.082 1.6
      vertex 92 48.1 0
      vertex 92.2741 48.082 0
    endloop
  endfacet
  facet normal -0.442264 0.896885 0
    outer loop
      vertex 10.6 1.96077 1.79
      vertex 10.4592 1.89134 8.8
      vertex 10.6 1.96077 8.8
    endloop
  endfacet
  facet normal -0.442264 0.896885 0
    outer loop
      vertex 10.4592 1.89134 8.8
      vertex 10.6 1.96077 1.79
      vertex 10.4592 1.89134 1.79
    endloop
  endfacet
  facet normal -0.980813 -0.194952 0
    outer loop
      vertex 11.1897 3.15663 1.79
      vertex 11.1591 3.31058 8.8
      vertex 11.1591 3.31058 1.79
    endloop
  endfacet
  facet normal -0.980813 -0.194952 0
    outer loop
      vertex 11.1591 3.31058 8.8
      vertex 11.1897 3.15663 1.79
      vertex 11.1897 3.15663 8.8
    endloop
  endfacet
  facet normal -0.997845 -0.0656183 0
    outer loop
      vertex 11.2 3 1.79
      vertex 11.1897 3.15663 8.8
      vertex 11.1897 3.15663 1.79
    endloop
  endfacet
  facet normal -0.997845 -0.0656183 0
    outer loop
      vertex 11.1897 3.15663 8.8
      vertex 11.2 3 1.79
      vertex 11.2 3 8.8
    endloop
  endfacet
  facet normal -0.94704 -0.321117 0
    outer loop
      vertex 11.1591 3.31058 1.79
      vertex 11.1087 3.45922 8.8
      vertex 11.1087 3.45922 1.79
    endloop
  endfacet
  facet normal -0.94704 -0.321117 0
    outer loop
      vertex 11.1087 3.45922 8.8
      vertex 11.1591 3.31058 1.79
      vertex 11.1591 3.31058 8.8
    endloop
  endfacet
  facet normal -0.321537 -0.946897 0
    outer loop
      vertex 10.3106 4.15911 1.79
      vertex 10.4592 4.10865 8.8
      vertex 10.3106 4.15911 8.8
    endloop
  endfacet
  facet normal -0.321537 -0.946897 -0
    outer loop
      vertex 10.4592 4.10865 8.8
      vertex 10.3106 4.15911 1.79
      vertex 10.4592 4.10865 1.79
    endloop
  endfacet
  facet normal -0.555626 0.831432 0
    outer loop
      vertex 10.7305 2.04798 1.79
      vertex 10.6 1.96077 8.8
      vertex 10.7305 2.04798 8.8
    endloop
  endfacet
  facet normal -0.555626 0.831432 0
    outer loop
      vertex 10.6 1.96077 8.8
      vertex 10.7305 2.04798 1.79
      vertex 10.6 1.96077 1.79
    endloop
  endfacet
  facet normal -0.32148 0.946916 0
    outer loop
      vertex 10.4592 1.89134 1.79
      vertex 10.3106 1.84089 8.8
      vertex 10.4592 1.89134 8.8
    endloop
  endfacet
  facet normal -0.32148 0.946916 0
    outer loop
      vertex 10.3106 1.84089 8.8
      vertex 10.4592 1.89134 1.79
      vertex 10.3106 1.84089 1.79
    endloop
  endfacet
  facet normal 0.946943 -0.321402 0
    outer loop
      vertex 8.84089 3.31058 8.8
      vertex 8.89134 3.45922 1.79
      vertex 8.89134 3.45922 8.8
    endloop
  endfacet
  facet normal 0.946943 -0.321402 0
    outer loop
      vertex 8.89134 3.45922 1.79
      vertex 8.84089 3.31058 8.8
      vertex 8.84089 3.31058 1.79
    endloop
  endfacet
  facet normal -0.896683 -0.442673 0
    outer loop
      vertex 11.1087 3.45922 1.79
      vertex 11.0392 3.6 8.8
      vertex 11.0392 3.6 1.79
    endloop
  endfacet
  facet normal -0.896683 -0.442673 0
    outer loop
      vertex 11.0392 3.6 8.8
      vertex 11.1087 3.45922 1.79
      vertex 11.1087 3.45922 8.8
    endloop
  endfacet
  facet normal -0.751842 0.659343 0
    outer loop
      vertex 10.8485 2.15147 1.79
      vertex 10.952 2.26949 8.8
      vertex 10.952 2.26949 1.79
    endloop
  endfacet
  facet normal -0.751842 0.659343 0
    outer loop
      vertex 10.952 2.26949 8.8
      vertex 10.8485 2.15147 1.79
      vertex 10.8485 2.15147 8.8
    endloop
  endfacet
  facet normal -0.94704 0.321117 0
    outer loop
      vertex 11.1087 2.54078 1.79
      vertex 11.1591 2.68942 8.8
      vertex 11.1591 2.68942 1.79
    endloop
  endfacet
  facet normal -0.94704 0.321117 0
    outer loop
      vertex 11.1591 2.68942 8.8
      vertex 11.1087 2.54078 1.79
      vertex 11.1087 2.54078 8.8
    endloop
  endfacet
  facet normal 0.751874 0.659307 0
    outer loop
      vertex 9.15147 2.15147 8.8
      vertex 9.04798 2.26949 1.79
      vertex 9.04798 2.26949 8.8
    endloop
  endfacet
  facet normal 0.751874 0.659307 0
    outer loop
      vertex 9.04798 2.26949 1.79
      vertex 9.15147 2.15147 8.8
      vertex 9.15147 2.15147 1.79
    endloop
  endfacet
  facet normal 0.751874 -0.659307 0
    outer loop
      vertex 9.04798 3.73051 8.8
      vertex 9.15147 3.84853 1.79
      vertex 9.15147 3.84853 8.8
    endloop
  endfacet
  facet normal 0.751874 -0.659307 0
    outer loop
      vertex 9.15147 3.84853 1.79
      vertex 9.04798 3.73051 8.8
      vertex 9.04798 3.73051 1.79
    endloop
  endfacet
  facet normal -0.896683 0.442673 0
    outer loop
      vertex 11.0392 2.4 1.79
      vertex 11.1087 2.54078 8.8
      vertex 11.1087 2.54078 1.79
    endloop
  endfacet
  facet normal -0.896683 0.442673 0
    outer loop
      vertex 11.1087 2.54078 8.8
      vertex 11.0392 2.4 1.79
      vertex 11.0392 2.4 8.8
    endloop
  endfacet
  facet normal 0.980788 -0.195075 0
    outer loop
      vertex 8.81027 3.15663 8.8
      vertex 8.84089 3.31058 1.79
      vertex 8.84089 3.31058 8.8
    endloop
  endfacet
  facet normal 0.980788 -0.195075 0
    outer loop
      vertex 8.84089 3.31058 1.79
      vertex 8.81027 3.15663 8.8
      vertex 8.81027 3.15663 1.79
    endloop
  endfacet
  facet normal 0.442263 -0.896885 0
    outer loop
      vertex 9.4 4.03923 1.79
      vertex 9.54078 4.10865 8.8
      vertex 9.4 4.03923 8.8
    endloop
  endfacet
  facet normal 0.442263 -0.896885 0
    outer loop
      vertex 9.54078 4.10865 8.8
      vertex 9.4 4.03923 1.79
      vertex 9.54078 4.10865 1.79
    endloop
  endfacet
  facet normal -0.555626 -0.831432 0
    outer loop
      vertex 10.6 4.03923 1.79
      vertex 10.7305 3.95202 8.8
      vertex 10.6 4.03923 8.8
    endloop
  endfacet
  facet normal -0.555626 -0.831432 -0
    outer loop
      vertex 10.7305 3.95202 8.8
      vertex 10.6 4.03923 1.79
      vertex 10.7305 3.95202 1.79
    endloop
  endfacet
  facet normal -0.0654405 -0.997856 0
    outer loop
      vertex 10 4.2 1.79
      vertex 10.1566 4.18973 8.8
      vertex 10 4.2 8.8
    endloop
  endfacet
  facet normal -0.0654405 -0.997856 -0
    outer loop
      vertex 10.1566 4.18973 8.8
      vertex 10 4.2 1.79
      vertex 10.1566 4.18973 1.79
    endloop
  endfacet
  facet normal -0.195014 0.980801 0
    outer loop
      vertex 10.3106 1.84089 1.79
      vertex 10.1566 1.81027 8.8
      vertex 10.3106 1.84089 8.8
    endloop
  endfacet
  facet normal -0.195014 0.980801 0
    outer loop
      vertex 10.1566 1.81027 8.8
      vertex 10.3106 1.84089 1.79
      vertex 10.1566 1.81027 1.79
    endloop
  endfacet
  facet normal 0.195075 -0.980788 0
    outer loop
      vertex 9.68942 4.15911 1.79
      vertex 9.84337 4.18973 8.8
      vertex 9.68942 4.15911 8.8
    endloop
  endfacet
  facet normal 0.195075 -0.980788 0
    outer loop
      vertex 9.84337 4.18973 8.8
      vertex 9.68942 4.15911 1.79
      vertex 9.84337 4.18973 1.79
    endloop
  endfacet
  facet normal -0.751842 -0.659343 0
    outer loop
      vertex 10.952 3.73051 1.79
      vertex 10.8485 3.84853 8.8
      vertex 10.8485 3.84853 1.79
    endloop
  endfacet
  facet normal -0.751842 -0.659343 0
    outer loop
      vertex 10.8485 3.84853 8.8
      vertex 10.952 3.73051 1.79
      vertex 10.952 3.73051 8.8
    endloop
  endfacet
  facet normal -0.442212 -0.89691 0
    outer loop
      vertex 10.4592 4.10865 1.79
      vertex 10.6 4.03923 8.8
      vertex 10.4592 4.10865 8.8
    endloop
  endfacet
  facet normal -0.442212 -0.89691 -0
    outer loop
      vertex 10.6 4.03923 8.8
      vertex 10.4592 4.10865 1.79
      vertex 10.6 4.03923 1.79
    endloop
  endfacet
  facet normal 0.555597 -0.831452 0
    outer loop
      vertex 9.26949 3.95202 1.79
      vertex 9.4 4.03923 8.8
      vertex 9.26949 3.95202 8.8
    endloop
  endfacet
  facet normal 0.555597 -0.831452 0
    outer loop
      vertex 9.4 4.03923 8.8
      vertex 9.26949 3.95202 1.79
      vertex 9.4 4.03923 1.79
    endloop
  endfacet
  facet normal -0.65937 -0.751818 0
    outer loop
      vertex 10.7305 3.95202 1.79
      vertex 10.8485 3.84853 8.8
      vertex 10.7305 3.95202 8.8
    endloop
  endfacet
  facet normal -0.65937 -0.751818 -0
    outer loop
      vertex 10.8485 3.84853 8.8
      vertex 10.7305 3.95202 1.79
      vertex 10.8485 3.84853 1.79
    endloop
  endfacet
  facet normal -0.980813 0.194952 0
    outer loop
      vertex 11.1591 2.68942 1.79
      vertex 11.1897 2.84337 8.8
      vertex 11.1897 2.84337 1.79
    endloop
  endfacet
  facet normal -0.980813 0.194952 0
    outer loop
      vertex 11.1897 2.84337 8.8
      vertex 11.1591 2.68942 1.79
      vertex 11.1591 2.68942 8.8
    endloop
  endfacet
  facet normal -0.831481 -0.555553 0
    outer loop
      vertex 11.0392 3.6 1.79
      vertex 10.952 3.73051 8.8
      vertex 10.952 3.73051 1.79
    endloop
  endfacet
  facet normal -0.831481 -0.555553 0
    outer loop
      vertex 10.952 3.73051 8.8
      vertex 11.0392 3.6 1.79
      vertex 11.0392 3.6 8.8
    endloop
  endfacet
  facet normal -0.997845 0.0656183 0
    outer loop
      vertex 11.1897 2.84337 1.79
      vertex 11.2 3 8.8
      vertex 11.2 3 1.79
    endloop
  endfacet
  facet normal -0.997845 0.0656183 0
    outer loop
      vertex 11.2 3 8.8
      vertex 11.1897 2.84337 1.79
      vertex 11.1897 2.84337 8.8
    endloop
  endfacet
  facet normal 0.321402 0.946943 -0
    outer loop
      vertex 9.68942 1.84089 1.79
      vertex 9.54078 1.89134 8.8
      vertex 9.68942 1.84089 8.8
    endloop
  endfacet
  facet normal 0.321402 0.946943 0
    outer loop
      vertex 9.54078 1.89134 8.8
      vertex 9.68942 1.84089 1.79
      vertex 9.54078 1.89134 1.79
    endloop
  endfacet
  facet normal -0.65937 0.751818 0
    outer loop
      vertex 10.8485 2.15147 1.79
      vertex 10.7305 2.04798 8.8
      vertex 10.8485 2.15147 8.8
    endloop
  endfacet
  facet normal -0.65937 0.751818 0
    outer loop
      vertex 10.7305 2.04798 8.8
      vertex 10.8485 2.15147 1.79
      vertex 10.7305 2.04798 1.79
    endloop
  endfacet
  facet normal 0.659307 -0.751874 0
    outer loop
      vertex 9.15147 3.84853 1.79
      vertex 9.26949 3.95202 8.8
      vertex 9.15147 3.84853 8.8
    endloop
  endfacet
  facet normal 0.659307 -0.751874 0
    outer loop
      vertex 9.26949 3.95202 8.8
      vertex 9.15147 3.84853 1.79
      vertex 9.26949 3.95202 1.79
    endloop
  endfacet
  facet normal 0.831452 0.555597 0
    outer loop
      vertex 9.04798 2.26949 8.8
      vertex 8.96077 2.4 1.79
      vertex 8.96077 2.4 8.8
    endloop
  endfacet
  facet normal 0.831452 0.555597 0
    outer loop
      vertex 8.96077 2.4 1.79
      vertex 9.04798 2.26949 8.8
      vertex 9.04798 2.26949 1.79
    endloop
  endfacet
  facet normal 0.555597 0.831452 -0
    outer loop
      vertex 9.4 1.96077 1.79
      vertex 9.26949 2.04798 8.8
      vertex 9.4 1.96077 8.8
    endloop
  endfacet
  facet normal 0.555597 0.831452 0
    outer loop
      vertex 9.26949 2.04798 8.8
      vertex 9.4 1.96077 1.79
      vertex 9.26949 2.04798 1.79
    endloop
  endfacet
  facet normal 0.997857 0.065428 0
    outer loop
      vertex 8.81027 2.84337 8.8
      vertex 8.8 3 1.79
      vertex 8.8 3 8.8
    endloop
  endfacet
  facet normal 0.997857 0.065428 0
    outer loop
      vertex 8.8 3 1.79
      vertex 8.81027 2.84337 8.8
      vertex 8.81027 2.84337 1.79
    endloop
  endfacet
  facet normal 0.89686 -0.442314 0
    outer loop
      vertex 8.89134 3.45922 8.8
      vertex 8.96077 3.6 1.79
      vertex 8.96077 3.6 8.8
    endloop
  endfacet
  facet normal 0.89686 -0.442314 0
    outer loop
      vertex 8.96077 3.6 1.79
      vertex 8.89134 3.45922 8.8
      vertex 8.89134 3.45922 1.79
    endloop
  endfacet
  facet normal -0.831481 0.555553 0
    outer loop
      vertex 10.952 2.26949 1.79
      vertex 11.0392 2.4 8.8
      vertex 11.0392 2.4 1.79
    endloop
  endfacet
  facet normal -0.831481 0.555553 0
    outer loop
      vertex 11.0392 2.4 8.8
      vertex 10.952 2.26949 1.79
      vertex 10.952 2.26949 8.8
    endloop
  endfacet
  facet normal 0.997857 -0.065428 0
    outer loop
      vertex 8.8 3 8.8
      vertex 8.81027 3.15663 1.79
      vertex 8.81027 3.15663 8.8
    endloop
  endfacet
  facet normal 0.997857 -0.065428 0
    outer loop
      vertex 8.81027 3.15663 1.79
      vertex 8.8 3 8.8
      vertex 8.8 3 1.79
    endloop
  endfacet
  facet normal -0.195014 -0.980801 0
    outer loop
      vertex 10.1566 4.18973 1.79
      vertex 10.3106 4.15911 8.8
      vertex 10.1566 4.18973 8.8
    endloop
  endfacet
  facet normal -0.195014 -0.980801 -0
    outer loop
      vertex 10.3106 4.15911 8.8
      vertex 10.1566 4.18973 1.79
      vertex 10.3106 4.15911 1.79
    endloop
  endfacet
  facet normal 0.442314 0.89686 -0
    outer loop
      vertex 9.54078 1.89134 1.79
      vertex 9.4 1.96077 8.8
      vertex 9.54078 1.89134 8.8
    endloop
  endfacet
  facet normal 0.442314 0.89686 0
    outer loop
      vertex 9.4 1.96077 8.8
      vertex 9.54078 1.89134 1.79
      vertex 9.4 1.96077 1.79
    endloop
  endfacet
  facet normal 0.065428 -0.997857 0
    outer loop
      vertex 9.84337 4.18973 1.79
      vertex 10 4.2 8.8
      vertex 9.84337 4.18973 8.8
    endloop
  endfacet
  facet normal 0.065428 -0.997857 0
    outer loop
      vertex 10 4.2 8.8
      vertex 9.84337 4.18973 1.79
      vertex 10 4.2 1.79
    endloop
  endfacet
  facet normal 0.32146 -0.946923 0
    outer loop
      vertex 9.54078 4.10865 1.79
      vertex 9.68942 4.15911 8.8
      vertex 9.54078 4.10865 8.8
    endloop
  endfacet
  facet normal 0.32146 -0.946923 0
    outer loop
      vertex 9.68942 4.15911 8.8
      vertex 9.54078 4.10865 1.79
      vertex 9.68942 4.15911 1.79
    endloop
  endfacet
  facet normal -0.0654405 0.997856 0
    outer loop
      vertex 10.1566 1.81027 1.79
      vertex 10 1.8 8.8
      vertex 10.1566 1.81027 8.8
    endloop
  endfacet
  facet normal -0.0654405 0.997856 0
    outer loop
      vertex 10 1.8 8.8
      vertex 10.1566 1.81027 1.79
      vertex 10 1.8 1.79
    endloop
  endfacet
  facet normal 0.980788 0.195075 0
    outer loop
      vertex 8.84089 2.68942 8.8
      vertex 8.81027 2.84337 1.79
      vertex 8.81027 2.84337 8.8
    endloop
  endfacet
  facet normal 0.980788 0.195075 0
    outer loop
      vertex 8.81027 2.84337 1.79
      vertex 8.84089 2.68942 8.8
      vertex 8.84089 2.68942 1.79
    endloop
  endfacet
  facet normal 0.89686 0.442314 0
    outer loop
      vertex 8.96077 2.4 8.8
      vertex 8.89134 2.54078 1.79
      vertex 8.89134 2.54078 8.8
    endloop
  endfacet
  facet normal 0.89686 0.442314 0
    outer loop
      vertex 8.89134 2.54078 1.79
      vertex 8.96077 2.4 8.8
      vertex 8.96077 2.4 1.79
    endloop
  endfacet
  facet normal 0.946943 0.321402 0
    outer loop
      vertex 8.89134 2.54078 8.8
      vertex 8.84089 2.68942 1.79
      vertex 8.84089 2.68942 8.8
    endloop
  endfacet
  facet normal 0.946943 0.321402 0
    outer loop
      vertex 8.84089 2.68942 1.79
      vertex 8.89134 2.54078 8.8
      vertex 8.89134 2.54078 1.79
    endloop
  endfacet
  facet normal 0 0 -1
    outer loop
      vertex 10.8923 2.88253 8.81
      vertex 10.8923 3.11747 8.81
      vertex 10.9 3 8.81
    endloop
  endfacet
  facet normal 0 0 -1
    outer loop
      vertex 10.8693 2.76706 8.81
      vertex 10.8923 3.11747 8.81
      vertex 10.8923 2.88253 8.81
    endloop
  endfacet
  facet normal 0 0 -1
    outer loop
      vertex 10.8693 2.76706 8.81
      vertex 10.8693 3.23294 8.81
      vertex 10.8923 3.11747 8.81
    endloop
  endfacet
  facet normal 0 0 -1
    outer loop
      vertex 10.8315 2.65558 8.81
      vertex 10.8693 3.23294 8.81
      vertex 10.8693 2.76706 8.81
    endloop
  endfacet
  facet normal 0 0 -1
    outer loop
      vertex 10.8315 2.65558 8.81
      vertex 10.8315 3.34441 8.81
      vertex 10.8693 3.23294 8.81
    endloop
  endfacet
  facet normal 0 0 -1
    outer loop
      vertex 10.7794 2.55 8.81
      vertex 10.8315 3.34441 8.81
      vertex 10.8315 2.65558 8.81
    endloop
  endfacet
  facet normal 0 0 -1
    outer loop
      vertex 10.7794 2.55 8.81
      vertex 10.7794 3.45 8.81
      vertex 10.8315 3.34441 8.81
    endloop
  endfacet
  facet normal 0 0 -1
    outer loop
      vertex 10.714 2.45211 8.81
      vertex 10.7794 3.45 8.81
      vertex 10.7794 2.55 8.81
    endloop
  endfacet
  facet normal 0 0 -1
    outer loop
      vertex 10.714 2.45211 8.81
      vertex 10.714 3.54788 8.81
      vertex 10.7794 3.45 8.81
    endloop
  endfacet
  facet normal 0 0 -1
    outer loop
      vertex 10.6364 2.3636 8.81
      vertex 10.714 3.54788 8.81
      vertex 10.714 2.45211 8.81
    endloop
  endfacet
  facet normal 0 0 -1
    outer loop
      vertex 10.6364 2.3636 8.81
      vertex 10.6364 3.6364 8.81
      vertex 10.714 3.54788 8.81
    endloop
  endfacet
  facet normal 0 0 -1
    outer loop
      vertex 10.5479 2.28598 8.81
      vertex 10.6364 3.6364 8.81
      vertex 10.6364 2.3636 8.81
    endloop
  endfacet
  facet normal 0 0 -1
    outer loop
      vertex 10.5479 2.28598 8.81
      vertex 10.5479 3.71402 8.81
      vertex 10.6364 3.6364 8.81
    endloop
  endfacet
  facet normal 0 0 -1
    outer loop
      vertex 10.45 2.22058 8.81
      vertex 10.5479 3.71402 8.81
      vertex 10.5479 2.28598 8.81
    endloop
  endfacet
  facet normal 0 0 -1
    outer loop
      vertex 10.45 2.22058 8.81
      vertex 10.45 3.77942 8.81
      vertex 10.5479 3.71402 8.81
    endloop
  endfacet
  facet normal 0 0 -1
    outer loop
      vertex 10.3444 2.16851 8.81
      vertex 10.45 3.77942 8.81
      vertex 10.45 2.22058 8.81
    endloop
  endfacet
  facet normal 0 0 -1
    outer loop
      vertex 10.3444 2.16851 8.81
      vertex 10.3444 3.83149 8.81
      vertex 10.45 3.77942 8.81
    endloop
  endfacet
  facet normal 0 0 -1
    outer loop
      vertex 10.2329 2.13067 8.81
      vertex 10.3444 3.83149 8.81
      vertex 10.3444 2.16851 8.81
    endloop
  endfacet
  facet normal 0 0 -1
    outer loop
      vertex 10.2329 2.13067 8.81
      vertex 10.2329 3.86933 8.81
      vertex 10.3444 3.83149 8.81
    endloop
  endfacet
  facet normal 0 0 -1
    outer loop
      vertex 10.1175 2.1077 8.81
      vertex 10.2329 3.86933 8.81
      vertex 10.2329 2.13067 8.81
    endloop
  endfacet
  facet normal 0 0 -1
    outer loop
      vertex 10.1175 2.1077 8.81
      vertex 10.1175 3.8923 8.81
      vertex 10.2329 3.86933 8.81
    endloop
  endfacet
  facet normal 0 0 -1
    outer loop
      vertex 10 2.1 8.81
      vertex 10.1175 3.8923 8.81
      vertex 10.1175 2.1077 8.81
    endloop
  endfacet
  facet normal 0 0 -1
    outer loop
      vertex 10 2.1 8.81
      vertex 10 3.9 8.81
      vertex 10.1175 3.8923 8.81
    endloop
  endfacet
  facet normal 0 0 -1
    outer loop
      vertex 9.88253 2.1077 8.81
      vertex 10 3.9 8.81
      vertex 10 2.1 8.81
    endloop
  endfacet
  facet normal 0 0 -1
    outer loop
      vertex 9.88253 2.1077 8.81
      vertex 9.88253 3.8923 8.81
      vertex 10 3.9 8.81
    endloop
  endfacet
  facet normal 0 0 -1
    outer loop
      vertex 9.76706 2.13067 8.81
      vertex 9.88253 3.8923 8.81
      vertex 9.88253 2.1077 8.81
    endloop
  endfacet
  facet normal 0 0 -1
    outer loop
      vertex 9.76706 2.13067 8.81
      vertex 9.76706 3.86933 8.81
      vertex 9.88253 3.8923 8.81
    endloop
  endfacet
  facet normal 0 0 -1
    outer loop
      vertex 9.65558 2.16851 8.81
      vertex 9.76706 3.86933 8.81
      vertex 9.76706 2.13067 8.81
    endloop
  endfacet
  facet normal 0 0 -1
    outer loop
      vertex 9.65558 2.16851 8.81
      vertex 9.65558 3.83149 8.81
      vertex 9.76706 3.86933 8.81
    endloop
  endfacet
  facet normal 0 0 -1
    outer loop
      vertex 9.55 2.22058 8.81
      vertex 9.65558 3.83149 8.81
      vertex 9.65558 2.16851 8.81
    endloop
  endfacet
  facet normal 0 0 -1
    outer loop
      vertex 9.55 2.22058 8.81
      vertex 9.55 3.77942 8.81
      vertex 9.65558 3.83149 8.81
    endloop
  endfacet
  facet normal 0 0 -1
    outer loop
      vertex 9.45211 2.28598 8.81
      vertex 9.55 3.77942 8.81
      vertex 9.55 2.22058 8.81
    endloop
  endfacet
  facet normal 0 0 -1
    outer loop
      vertex 9.45211 2.28598 8.81
      vertex 9.45211 3.71402 8.81
      vertex 9.55 3.77942 8.81
    endloop
  endfacet
  facet normal 0 0 -1
    outer loop
      vertex 9.3636 2.3636 8.81
      vertex 9.45211 3.71402 8.81
      vertex 9.45211 2.28598 8.81
    endloop
  endfacet
  facet normal 0 0 -1
    outer loop
      vertex 9.3636 2.3636 8.81
      vertex 9.3636 3.6364 8.81
      vertex 9.45211 3.71402 8.81
    endloop
  endfacet
  facet normal 0 0 -1
    outer loop
      vertex 9.28598 2.45211 8.81
      vertex 9.3636 3.6364 8.81
      vertex 9.3636 2.3636 8.81
    endloop
  endfacet
  facet normal 0 0 -1
    outer loop
      vertex 9.28598 2.45211 8.81
      vertex 9.28598 3.54788 8.81
      vertex 9.3636 3.6364 8.81
    endloop
  endfacet
  facet normal 0 0 -1
    outer loop
      vertex 9.22058 2.55 8.81
      vertex 9.28598 3.54788 8.81
      vertex 9.28598 2.45211 8.81
    endloop
  endfacet
  facet normal 0 0 -1
    outer loop
      vertex 9.22058 2.55 8.81
      vertex 9.22058 3.45 8.81
      vertex 9.28598 3.54788 8.81
    endloop
  endfacet
  facet normal 0 0 -1
    outer loop
      vertex 9.16851 2.65558 8.81
      vertex 9.22058 3.45 8.81
      vertex 9.22058 2.55 8.81
    endloop
  endfacet
  facet normal 0 0 -1
    outer loop
      vertex 9.16851 2.65558 8.81
      vertex 9.16851 3.34441 8.81
      vertex 9.22058 3.45 8.81
    endloop
  endfacet
  facet normal 0 0 -1
    outer loop
      vertex 9.13067 2.76706 8.81
      vertex 9.16851 3.34441 8.81
      vertex 9.16851 2.65558 8.81
    endloop
  endfacet
  facet normal 0 0 -1
    outer loop
      vertex 9.13067 2.76706 8.81
      vertex 9.13067 3.23294 8.81
      vertex 9.16851 3.34441 8.81
    endloop
  endfacet
  facet normal 0 0 -1
    outer loop
      vertex 9.1077 2.88253 8.81
      vertex 9.13067 3.23294 8.81
      vertex 9.13067 2.76706 8.81
    endloop
  endfacet
  facet normal 0 0 -1
    outer loop
      vertex 9.1077 2.88253 8.81
      vertex 9.1077 3.11747 8.81
      vertex 9.13067 3.23294 8.81
    endloop
  endfacet
  facet normal 0 -0 -1
    outer loop
      vertex 9.1077 3.11747 8.81
      vertex 9.1077 2.88253 8.81
      vertex 9.1 3 8.81
    endloop
  endfacet
  facet normal 0 0 1
    outer loop
      vertex 11.1897 3.15663 1.79
      vertex 11.1897 2.84337 1.79
      vertex 11.2 3 1.79
    endloop
  endfacet
  facet normal 0 0 1
    outer loop
      vertex 11.1591 3.31058 1.79
      vertex 11.1897 2.84337 1.79
      vertex 11.1897 3.15663 1.79
    endloop
  endfacet
  facet normal 0 0 1
    outer loop
      vertex 11.1591 3.31058 1.79
      vertex 11.1591 2.68942 1.79
      vertex 11.1897 2.84337 1.79
    endloop
  endfacet
  facet normal 0 0 1
    outer loop
      vertex 11.1087 3.45922 1.79
      vertex 11.1591 2.68942 1.79
      vertex 11.1591 3.31058 1.79
    endloop
  endfacet
  facet normal 0 0 1
    outer loop
      vertex 11.1087 3.45922 1.79
      vertex 11.1087 2.54078 1.79
      vertex 11.1591 2.68942 1.79
    endloop
  endfacet
  facet normal 0 0 1
    outer loop
      vertex 11.0392 3.6 1.79
      vertex 11.1087 2.54078 1.79
      vertex 11.1087 3.45922 1.79
    endloop
  endfacet
  facet normal 0 0 1
    outer loop
      vertex 11.0392 3.6 1.79
      vertex 11.0392 2.4 1.79
      vertex 11.1087 2.54078 1.79
    endloop
  endfacet
  facet normal 0 0 1
    outer loop
      vertex 10.952 3.73051 1.79
      vertex 11.0392 2.4 1.79
      vertex 11.0392 3.6 1.79
    endloop
  endfacet
  facet normal 0 0 1
    outer loop
      vertex 10.952 3.73051 1.79
      vertex 10.952 2.26949 1.79
      vertex 11.0392 2.4 1.79
    endloop
  endfacet
  facet normal 0 0 1
    outer loop
      vertex 10.8485 3.84853 1.79
      vertex 10.952 2.26949 1.79
      vertex 10.952 3.73051 1.79
    endloop
  endfacet
  facet normal 0 0 1
    outer loop
      vertex 10.8485 3.84853 1.79
      vertex 10.8485 2.15147 1.79
      vertex 10.952 2.26949 1.79
    endloop
  endfacet
  facet normal 0 0 1
    outer loop
      vertex 10.7305 3.95202 1.79
      vertex 10.8485 2.15147 1.79
      vertex 10.8485 3.84853 1.79
    endloop
  endfacet
  facet normal 0 0 1
    outer loop
      vertex 10.7305 3.95202 1.79
      vertex 10.7305 2.04798 1.79
      vertex 10.8485 2.15147 1.79
    endloop
  endfacet
  facet normal 0 0 1
    outer loop
      vertex 10.6 4.03923 1.79
      vertex 10.7305 2.04798 1.79
      vertex 10.7305 3.95202 1.79
    endloop
  endfacet
  facet normal 0 0 1
    outer loop
      vertex 10.6 4.03923 1.79
      vertex 10.6 1.96077 1.79
      vertex 10.7305 2.04798 1.79
    endloop
  endfacet
  facet normal 0 0 1
    outer loop
      vertex 10.4592 4.10865 1.79
      vertex 10.6 1.96077 1.79
      vertex 10.6 4.03923 1.79
    endloop
  endfacet
  facet normal 0 0 1
    outer loop
      vertex 10.4592 4.10865 1.79
      vertex 10.4592 1.89134 1.79
      vertex 10.6 1.96077 1.79
    endloop
  endfacet
  facet normal 0 0 1
    outer loop
      vertex 10.3106 4.15911 1.79
      vertex 10.4592 1.89134 1.79
      vertex 10.4592 4.10865 1.79
    endloop
  endfacet
  facet normal 0 0 1
    outer loop
      vertex 10.3106 4.15911 1.79
      vertex 10.3106 1.84089 1.79
      vertex 10.4592 1.89134 1.79
    endloop
  endfacet
  facet normal 0 0 1
    outer loop
      vertex 10.1566 4.18973 1.79
      vertex 10.3106 1.84089 1.79
      vertex 10.3106 4.15911 1.79
    endloop
  endfacet
  facet normal 0 0 1
    outer loop
      vertex 10.1566 4.18973 1.79
      vertex 10.1566 1.81027 1.79
      vertex 10.3106 1.84089 1.79
    endloop
  endfacet
  facet normal 0 0 1
    outer loop
      vertex 10 4.2 1.79
      vertex 10.1566 1.81027 1.79
      vertex 10.1566 4.18973 1.79
    endloop
  endfacet
  facet normal 0 0 1
    outer loop
      vertex 10 4.2 1.79
      vertex 10 1.8 1.79
      vertex 10.1566 1.81027 1.79
    endloop
  endfacet
  facet normal -0 0 1
    outer loop
      vertex 9.84337 4.18973 1.79
      vertex 10 1.8 1.79
      vertex 10 4.2 1.79
    endloop
  endfacet
  facet normal 0 0 1
    outer loop
      vertex 9.84337 4.18973 1.79
      vertex 9.84337 1.81027 1.79
      vertex 10 1.8 1.79
    endloop
  endfacet
  facet normal -0 0 1
    outer loop
      vertex 9.68942 4.15911 1.79
      vertex 9.84337 1.81027 1.79
      vertex 9.84337 4.18973 1.79
    endloop
  endfacet
  facet normal 0 0 1
    outer loop
      vertex 9.68942 4.15911 1.79
      vertex 9.68942 1.84089 1.79
      vertex 9.84337 1.81027 1.79
    endloop
  endfacet
  facet normal -0 0 1
    outer loop
      vertex 9.54078 4.10865 1.79
      vertex 9.68942 1.84089 1.79
      vertex 9.68942 4.15911 1.79
    endloop
  endfacet
  facet normal 0 0 1
    outer loop
      vertex 9.54078 4.10865 1.79
      vertex 9.54078 1.89134 1.79
      vertex 9.68942 1.84089 1.79
    endloop
  endfacet
  facet normal -0 0 1
    outer loop
      vertex 9.4 4.03923 1.79
      vertex 9.54078 1.89134 1.79
      vertex 9.54078 4.10865 1.79
    endloop
  endfacet
  facet normal 0 0 1
    outer loop
      vertex 9.4 4.03923 1.79
      vertex 9.4 1.96077 1.79
      vertex 9.54078 1.89134 1.79
    endloop
  endfacet
  facet normal -0 0 1
    outer loop
      vertex 9.26949 3.95202 1.79
      vertex 9.4 1.96077 1.79
      vertex 9.4 4.03923 1.79
    endloop
  endfacet
  facet normal 0 0 1
    outer loop
      vertex 9.26949 3.95202 1.79
      vertex 9.26949 2.04798 1.79
      vertex 9.4 1.96077 1.79
    endloop
  endfacet
  facet normal -0 0 1
    outer loop
      vertex 9.15147 3.84853 1.79
      vertex 9.26949 2.04798 1.79
      vertex 9.26949 3.95202 1.79
    endloop
  endfacet
  facet normal 0 0 1
    outer loop
      vertex 9.15147 3.84853 1.79
      vertex 9.15147 2.15147 1.79
      vertex 9.26949 2.04798 1.79
    endloop
  endfacet
  facet normal -0 0 1
    outer loop
      vertex 9.04798 3.73051 1.79
      vertex 9.15147 2.15147 1.79
      vertex 9.15147 3.84853 1.79
    endloop
  endfacet
  facet normal 0 0 1
    outer loop
      vertex 9.04798 3.73051 1.79
      vertex 9.04798 2.26949 1.79
      vertex 9.15147 2.15147 1.79
    endloop
  endfacet
  facet normal -0 0 1
    outer loop
      vertex 8.96077 3.6 1.79
      vertex 9.04798 2.26949 1.79
      vertex 9.04798 3.73051 1.79
    endloop
  endfacet
  facet normal 0 0 1
    outer loop
      vertex 8.96077 3.6 1.79
      vertex 8.96077 2.4 1.79
      vertex 9.04798 2.26949 1.79
    endloop
  endfacet
  facet normal -0 0 1
    outer loop
      vertex 8.89134 3.45922 1.79
      vertex 8.96077 2.4 1.79
      vertex 8.96077 3.6 1.79
    endloop
  endfacet
  facet normal 0 0 1
    outer loop
      vertex 8.89134 3.45922 1.79
      vertex 8.89134 2.54078 1.79
      vertex 8.96077 2.4 1.79
    endloop
  endfacet
  facet normal -0 0 1
    outer loop
      vertex 8.84089 3.31058 1.79
      vertex 8.89134 2.54078 1.79
      vertex 8.89134 3.45922 1.79
    endloop
  endfacet
  facet normal 0 0 1
    outer loop
      vertex 8.84089 3.31058 1.79
      vertex 8.84089 2.68942 1.79
      vertex 8.89134 2.54078 1.79
    endloop
  endfacet
  facet normal -0 0 1
    outer loop
      vertex 8.81027 3.15663 1.79
      vertex 8.84089 2.68942 1.79
      vertex 8.84089 3.31058 1.79
    endloop
  endfacet
  facet normal 0 0 1
    outer loop
      vertex 8.81027 3.15663 1.79
      vertex 8.81027 2.84337 1.79
      vertex 8.84089 2.68942 1.79
    endloop
  endfacet
  facet normal 0 -0 1
    outer loop
      vertex 8.81027 2.84337 1.79
      vertex 8.81027 3.15663 1.79
      vertex 8.8 3 1.79
    endloop
  endfacet
  facet normal 0.195075 0.980788 -0
    outer loop
      vertex 9.84337 1.81027 1.79
      vertex 9.68942 1.84089 8.8
      vertex 9.84337 1.81027 8.8
    endloop
  endfacet
  facet normal 0.195075 0.980788 0
    outer loop
      vertex 9.68942 1.84089 8.8
      vertex 9.84337 1.81027 1.79
      vertex 9.68942 1.84089 1.79
    endloop
  endfacet
  facet normal 0.065428 0.997857 -0
    outer loop
      vertex 10 1.8 1.79
      vertex 9.84337 1.81027 8.8
      vertex 10 1.8 8.8
    endloop
  endfacet
  facet normal 0.065428 0.997857 0
    outer loop
      vertex 9.84337 1.81027 8.8
      vertex 10 1.8 1.79
      vertex 9.84337 1.81027 1.79
    endloop
  endfacet
  facet normal 0.659307 0.751874 -0
    outer loop
      vertex 9.26949 2.04798 1.79
      vertex 9.15147 2.15147 8.8
      vertex 9.26949 2.04798 8.8
    endloop
  endfacet
  facet normal 0.659307 0.751874 0
    outer loop
      vertex 9.15147 2.15147 8.8
      vertex 9.26949 2.04798 1.79
      vertex 9.15147 2.15147 1.79
    endloop
  endfacet
  facet normal 0.831452 -0.555597 0
    outer loop
      vertex 8.96077 3.6 8.8
      vertex 9.04798 3.73051 1.79
      vertex 9.04798 3.73051 8.8
    endloop
  endfacet
  facet normal 0.831452 -0.555597 0
    outer loop
      vertex 9.04798 3.73051 1.79
      vertex 8.96077 3.6 8.8
      vertex 8.96077 3.6 1.79
    endloop
  endfacet
  facet normal -0.980779 -0.195122 0
    outer loop
      vertex 12.082 3.2741 0
      vertex 12.0284 3.54352 1.6
      vertex 12.0284 3.54352 0
    endloop
  endfacet
  facet normal -0.980779 -0.195122 0
    outer loop
      vertex 12.0284 3.54352 1.6
      vertex 12.082 3.2741 0
      vertex 12.082 3.2741 1.6
    endloop
  endfacet
  facet normal -0.997851 -0.0655283 0
    outer loop
      vertex 12.1 3 0
      vertex 12.082 3.2741 1.6
      vertex 12.082 3.2741 0
    endloop
  endfacet
  facet normal -0.997851 -0.0655283 0
    outer loop
      vertex 12.082 3.2741 1.6
      vertex 12.1 3 0
      vertex 12.1 3 1.6
    endloop
  endfacet
  facet normal -0.946925 -0.321454 0
    outer loop
      vertex 12.0284 3.54352 0
      vertex 11.9401 3.80363 1.6
      vertex 11.9401 3.80363 0
    endloop
  endfacet
  facet normal -0.946925 -0.321454 0
    outer loop
      vertex 11.9401 3.80363 1.6
      vertex 12.0284 3.54352 0
      vertex 12.0284 3.54352 1.6
    endloop
  endfacet
  facet normal -0.980778 0.195129 0
    outer loop
      vertex 12.0284 2.45648 0
      vertex 12.082 2.72589 1.6
      vertex 12.082 2.72589 0
    endloop
  endfacet
  facet normal -0.980778 0.195129 0
    outer loop
      vertex 12.082 2.72589 1.6
      vertex 12.0284 2.45648 0
      vertex 12.0284 2.45648 1.6
    endloop
  endfacet
  facet normal -0.0654015 0.997859 0
    outer loop
      vertex 10.2741 0.917965 0
      vertex 10 0.9 1.6
      vertex 10.2741 0.917965 1.6
    endloop
  endfacet
  facet normal -0.0654015 0.997859 0
    outer loop
      vertex 10 0.9 1.6
      vertex 10.2741 0.917965 0
      vertex 10 0.9 0
    endloop
  endfacet
  facet normal -0.555565 -0.831473 0
    outer loop
      vertex 11.05 4.81865 0
      vertex 11.2784 4.66604 1.6
      vertex 11.05 4.81865 1.6
    endloop
  endfacet
  facet normal -0.555565 -0.831473 -0
    outer loop
      vertex 11.2784 4.66604 1.6
      vertex 11.05 4.81865 0
      vertex 11.2784 4.66604 0
    endloop
  endfacet
  facet normal -0.442256 0.896889 0
    outer loop
      vertex 11.05 1.18135 0
      vertex 10.8036 1.05985 1.6
      vertex 11.05 1.18135 1.6
    endloop
  endfacet
  facet normal -0.442256 0.896889 0
    outer loop
      vertex 10.8036 1.05985 1.6
      vertex 11.05 1.18135 0
      vertex 10.8036 1.05985 0
    endloop
  endfacet
  facet normal 0.751827 -0.65936 0
    outer loop
      vertex 8.33396 4.2784 1.6
      vertex 8.51508 4.48492 0
      vertex 8.51508 4.48492 1.6
    endloop
  endfacet
  facet normal 0.751827 -0.65936 0
    outer loop
      vertex 8.51508 4.48492 0
      vertex 8.33396 4.2784 1.6
      vertex 8.33396 4.2784 0
    endloop
  endfacet
  facet normal -0.897012 -0.442007 0
    outer loop
      vertex 11.9401 3.80363 0
      vertex 11.8187 4.05 1.6
      vertex 11.8187 4.05 0
    endloop
  endfacet
  facet normal -0.897012 -0.442007 0
    outer loop
      vertex 11.8187 4.05 1.6
      vertex 11.9401 3.80363 0
      vertex 11.9401 3.80363 1.6
    endloop
  endfacet
  facet normal 0.94694 0.321411 0
    outer loop
      vertex 8.05985 2.19636 1.6
      vertex 7.97156 2.45648 0
      vertex 7.97156 2.45648 1.6
    endloop
  endfacet
  facet normal 0.94694 0.321411 0
    outer loop
      vertex 7.97156 2.45648 0
      vertex 8.05985 2.19636 1.6
      vertex 8.05985 2.19636 0
    endloop
  endfacet
  facet normal -0.831322 0.555792 0
    outer loop
      vertex 11.666 1.7216 0
      vertex 11.8187 1.95 1.6
      vertex 11.8187 1.95 0
    endloop
  endfacet
  facet normal -0.831322 0.555792 0
    outer loop
      vertex 11.8187 1.95 1.6
      vertex 11.666 1.7216 0
      vertex 11.666 1.7216 1.6
    endloop
  endfacet
  facet normal 0.555565 0.831473 -0
    outer loop
      vertex 8.95 1.18135 0
      vertex 8.7216 1.33396 1.6
      vertex 8.95 1.18135 1.6
    endloop
  endfacet
  facet normal 0.555565 0.831473 0
    outer loop
      vertex 8.7216 1.33396 1.6
      vertex 8.95 1.18135 0
      vertex 8.7216 1.33396 0
    endloop
  endfacet
  facet normal 0.195094 -0.980785 0
    outer loop
      vertex 9.45648 5.02844 0
      vertex 9.72589 5.08203 1.6
      vertex 9.45648 5.02844 1.6
    endloop
  endfacet
  facet normal 0.195094 -0.980785 0
    outer loop
      vertex 9.72589 5.08203 1.6
      vertex 9.45648 5.02844 0
      vertex 9.72589 5.08203 0
    endloop
  endfacet
  facet normal 0.0654172 -0.997858 0
    outer loop
      vertex 9.72589 5.08203 0
      vertex 10 5.1 1.6
      vertex 9.72589 5.08203 1.6
    endloop
  endfacet
  facet normal 0.0654172 -0.997858 0
    outer loop
      vertex 10 5.1 1.6
      vertex 9.72589 5.08203 0
      vertex 10 5.1 0
    endloop
  endfacet
  facet normal -0.195104 0.980782 0
    outer loop
      vertex 10.5435 0.971556 0
      vertex 10.2741 0.917965 1.6
      vertex 10.5435 0.971556 1.6
    endloop
  endfacet
  facet normal -0.195104 0.980782 0
    outer loop
      vertex 10.2741 0.917965 1.6
      vertex 10.5435 0.971556 0
      vertex 10.2741 0.917965 0
    endloop
  endfacet
  facet normal 0.555565 -0.831473 0
    outer loop
      vertex 8.7216 4.66604 0
      vertex 8.95 4.81865 1.6
      vertex 8.7216 4.66604 1.6
    endloop
  endfacet
  facet normal 0.555565 -0.831473 0
    outer loop
      vertex 8.95 4.81865 1.6
      vertex 8.7216 4.66604 0
      vertex 8.95 4.81865 0
    endloop
  endfacet
  facet normal 0.0653991 0.997859 -0
    outer loop
      vertex 10 0.9 0
      vertex 9.72589 0.917965 1.6
      vertex 10 0.9 1.6
    endloop
  endfacet
  facet normal 0.0653991 0.997859 0
    outer loop
      vertex 9.72589 0.917965 1.6
      vertex 10 0.9 0
      vertex 9.72589 0.917965 0
    endloop
  endfacet
  facet normal -0.831322 -0.555792 0
    outer loop
      vertex 11.8187 4.05 0
      vertex 11.666 4.2784 1.6
      vertex 11.666 4.2784 0
    endloop
  endfacet
  facet normal -0.831322 -0.555792 0
    outer loop
      vertex 11.666 4.2784 1.6
      vertex 11.8187 4.05 0
      vertex 11.8187 4.05 1.6
    endloop
  endfacet
  facet normal -0.321433 -0.946932 0
    outer loop
      vertex 10.5435 5.02844 0
      vertex 10.8036 4.94015 1.6
      vertex 10.5435 5.02844 1.6
    endloop
  endfacet
  facet normal -0.321433 -0.946932 -0
    outer loop
      vertex 10.8036 4.94015 1.6
      vertex 10.5435 5.02844 0
      vertex 10.8036 4.94015 0
    endloop
  endfacet
  facet normal 0.321411 -0.94694 0
    outer loop
      vertex 9.19636 4.94015 0
      vertex 9.45648 5.02844 1.6
      vertex 9.19636 4.94015 1.6
    endloop
  endfacet
  facet normal 0.321411 -0.94694 0
    outer loop
      vertex 9.45648 5.02844 1.6
      vertex 9.19636 4.94015 0
      vertex 9.45648 5.02844 0
    endloop
  endfacet
  facet normal -0.997851 0.0655259 0
    outer loop
      vertex 12.082 2.72589 0
      vertex 12.1 3 1.6
      vertex 12.1 3 0
    endloop
  endfacet
  facet normal -0.997851 0.0655259 0
    outer loop
      vertex 12.1 3 1.6
      vertex 12.082 2.72589 0
      vertex 12.082 2.72589 1.6
    endloop
  endfacet
  facet normal -0.442256 -0.896889 0
    outer loop
      vertex 10.8036 4.94015 0
      vertex 11.05 4.81865 1.6
      vertex 10.8036 4.94015 1.6
    endloop
  endfacet
  facet normal -0.442256 -0.896889 -0
    outer loop
      vertex 11.05 4.81865 1.6
      vertex 10.8036 4.94015 0
      vertex 11.05 4.81865 0
    endloop
  endfacet
  facet normal 0.99786 0.065381 0
    outer loop
      vertex 7.91796 2.72589 1.6
      vertex 7.9 3 0
      vertex 7.9 3 1.6
    endloop
  endfacet
  facet normal 0.99786 0.065381 0
    outer loop
      vertex 7.9 3 0
      vertex 7.91796 2.72589 1.6
      vertex 7.91796 2.72589 0
    endloop
  endfacet
  facet normal 0.946936 -0.321422 0
    outer loop
      vertex 7.97156 3.54352 1.6
      vertex 8.05985 3.80363 0
      vertex 8.05985 3.80363 1.6
    endloop
  endfacet
  facet normal 0.946936 -0.321422 0
    outer loop
      vertex 8.05985 3.80363 0
      vertex 7.97156 3.54352 1.6
      vertex 7.97156 3.54352 0
    endloop
  endfacet
  facet normal -0.751864 0.659319 0
    outer loop
      vertex 11.4849 1.51508 0
      vertex 11.666 1.7216 1.6
      vertex 11.666 1.7216 0
    endloop
  endfacet
  facet normal -0.751864 0.659319 0
    outer loop
      vertex 11.666 1.7216 1.6
      vertex 11.4849 1.51508 0
      vertex 11.4849 1.51508 1.6
    endloop
  endfacet
  facet normal 0.442314 -0.89686 0
    outer loop
      vertex 8.95 4.81865 0
      vertex 9.19636 4.94015 1.6
      vertex 8.95 4.81865 1.6
    endloop
  endfacet
  facet normal 0.442314 -0.89686 0
    outer loop
      vertex 9.19636 4.94015 1.6
      vertex 8.95 4.81865 0
      vertex 9.19636 4.94015 0
    endloop
  endfacet
  facet normal 0.980779 -0.195122 0
    outer loop
      vertex 7.91796 3.2741 1.6
      vertex 7.97156 3.54352 0
      vertex 7.97156 3.54352 1.6
    endloop
  endfacet
  facet normal 0.980779 -0.195122 0
    outer loop
      vertex 7.97156 3.54352 0
      vertex 7.91796 3.2741 1.6
      vertex 7.91796 3.2741 0
    endloop
  endfacet
  facet normal -0.321446 0.946928 0
    outer loop
      vertex 10.8036 1.05985 0
      vertex 10.5435 0.971556 1.6
      vertex 10.8036 1.05985 1.6
    endloop
  endfacet
  facet normal -0.321446 0.946928 0
    outer loop
      vertex 10.5435 0.971556 1.6
      vertex 10.8036 1.05985 0
      vertex 10.5435 0.971556 0
    endloop
  endfacet
  facet normal 0.442314 0.89686 -0
    outer loop
      vertex 9.19636 1.05985 0
      vertex 8.95 1.18135 1.6
      vertex 9.19636 1.05985 1.6
    endloop
  endfacet
  facet normal 0.442314 0.89686 0
    outer loop
      vertex 8.95 1.18135 1.6
      vertex 9.19636 1.05985 0
      vertex 8.95 1.18135 0
    endloop
  endfacet
  facet normal 0.99786 -0.0653833 0
    outer loop
      vertex 7.9 3 1.6
      vertex 7.91796 3.2741 0
      vertex 7.91796 3.2741 1.6
    endloop
  endfacet
  facet normal 0.99786 -0.0653833 0
    outer loop
      vertex 7.91796 3.2741 0
      vertex 7.9 3 1.6
      vertex 7.9 3 0
    endloop
  endfacet
  facet normal 0.831473 0.555565 0
    outer loop
      vertex 8.33396 1.7216 1.6
      vertex 8.18135 1.95 0
      vertex 8.18135 1.95 1.6
    endloop
  endfacet
  facet normal 0.831473 0.555565 0
    outer loop
      vertex 8.18135 1.95 0
      vertex 8.33396 1.7216 1.6
      vertex 8.33396 1.7216 0
    endloop
  endfacet
  facet normal 0.321424 0.946935 -0
    outer loop
      vertex 9.45648 0.971556 0
      vertex 9.19636 1.05985 1.6
      vertex 9.45648 0.971556 1.6
    endloop
  endfacet
  facet normal 0.321424 0.946935 0
    outer loop
      vertex 9.19636 1.05985 1.6
      vertex 9.45648 0.971556 0
      vertex 9.19636 1.05985 0
    endloop
  endfacet
  facet normal -0.751864 -0.659319 0
    outer loop
      vertex 11.666 4.2784 0
      vertex 11.4849 4.48492 1.6
      vertex 11.4849 4.48492 0
    endloop
  endfacet
  facet normal -0.751864 -0.659319 0
    outer loop
      vertex 11.4849 4.48492 1.6
      vertex 11.666 4.2784 0
      vertex 11.666 4.2784 1.6
    endloop
  endfacet
  facet normal 0.89686 0.442314 0
    outer loop
      vertex 8.18135 1.95 1.6
      vertex 8.05985 2.19636 0
      vertex 8.05985 2.19636 1.6
    endloop
  endfacet
  facet normal 0.89686 0.442314 0
    outer loop
      vertex 8.05985 2.19636 0
      vertex 8.18135 1.95 1.6
      vertex 8.18135 1.95 0
    endloop
  endfacet
  facet normal -0.897005 0.442021 0
    outer loop
      vertex 11.8187 1.95 0
      vertex 11.9401 2.19636 1.6
      vertex 11.9401 2.19636 0
    endloop
  endfacet
  facet normal -0.897005 0.442021 0
    outer loop
      vertex 11.9401 2.19636 1.6
      vertex 11.8187 1.95 0
      vertex 11.8187 1.95 1.6
    endloop
  endfacet
  facet normal -0.555565 0.831473 0
    outer loop
      vertex 11.2784 1.33396 0
      vertex 11.05 1.18135 1.6
      vertex 11.2784 1.33396 1.6
    endloop
  endfacet
  facet normal -0.555565 0.831473 0
    outer loop
      vertex 11.05 1.18135 1.6
      vertex 11.2784 1.33396 0
      vertex 11.05 1.18135 0
    endloop
  endfacet
  facet normal -0.659396 0.751796 0
    outer loop
      vertex 11.4849 1.51508 0
      vertex 11.2784 1.33396 1.6
      vertex 11.4849 1.51508 1.6
    endloop
  endfacet
  facet normal -0.659396 0.751796 0
    outer loop
      vertex 11.2784 1.33396 1.6
      vertex 11.4849 1.51508 0
      vertex 11.2784 1.33396 0
    endloop
  endfacet
  facet normal 0 0 -1
    outer loop
      vertex 12.082 2.72589 1.6
      vertex 12.082 3.2741 1.6
      vertex 12.1 3 1.6
    endloop
  endfacet
  facet normal 0 0 -1
    outer loop
      vertex 12.0284 2.45648 1.6
      vertex 12.082 3.2741 1.6
      vertex 12.082 2.72589 1.6
    endloop
  endfacet
  facet normal 0 0 -1
    outer loop
      vertex 12.0284 2.45648 1.6
      vertex 12.0284 3.54352 1.6
      vertex 12.082 3.2741 1.6
    endloop
  endfacet
  facet normal 0 0 -1
    outer loop
      vertex 11.9401 2.19636 1.6
      vertex 12.0284 3.54352 1.6
      vertex 12.0284 2.45648 1.6
    endloop
  endfacet
  facet normal 0 0 -1
    outer loop
      vertex 11.9401 2.19636 1.6
      vertex 11.9401 3.80363 1.6
      vertex 12.0284 3.54352 1.6
    endloop
  endfacet
  facet normal 0 0 -1
    outer loop
      vertex 11.8187 1.95 1.6
      vertex 11.9401 3.80363 1.6
      vertex 11.9401 2.19636 1.6
    endloop
  endfacet
  facet normal 0 0 -1
    outer loop
      vertex 11.8187 1.95 1.6
      vertex 11.8187 4.05 1.6
      vertex 11.9401 3.80363 1.6
    endloop
  endfacet
  facet normal 0 0 -1
    outer loop
      vertex 11.666 1.7216 1.6
      vertex 11.8187 4.05 1.6
      vertex 11.8187 1.95 1.6
    endloop
  endfacet
  facet normal 0 0 -1
    outer loop
      vertex 11.666 1.7216 1.6
      vertex 11.666 4.2784 1.6
      vertex 11.8187 4.05 1.6
    endloop
  endfacet
  facet normal 0 0 -1
    outer loop
      vertex 11.4849 1.51508 1.6
      vertex 11.666 4.2784 1.6
      vertex 11.666 1.7216 1.6
    endloop
  endfacet
  facet normal 0 0 -1
    outer loop
      vertex 11.4849 1.51508 1.6
      vertex 11.4849 4.48492 1.6
      vertex 11.666 4.2784 1.6
    endloop
  endfacet
  facet normal 0 0 -1
    outer loop
      vertex 11.2784 1.33396 1.6
      vertex 11.4849 4.48492 1.6
      vertex 11.4849 1.51508 1.6
    endloop
  endfacet
  facet normal 0 0 -1
    outer loop
      vertex 11.2784 1.33396 1.6
      vertex 11.2784 4.66604 1.6
      vertex 11.4849 4.48492 1.6
    endloop
  endfacet
  facet normal 0 0 -1
    outer loop
      vertex 11.05 1.18135 1.6
      vertex 11.2784 4.66604 1.6
      vertex 11.2784 1.33396 1.6
    endloop
  endfacet
  facet normal 0 0 -1
    outer loop
      vertex 11.05 1.18135 1.6
      vertex 11.05 4.81865 1.6
      vertex 11.2784 4.66604 1.6
    endloop
  endfacet
  facet normal 0 0 -1
    outer loop
      vertex 10.8036 1.05985 1.6
      vertex 11.05 4.81865 1.6
      vertex 11.05 1.18135 1.6
    endloop
  endfacet
  facet normal 0 0 -1
    outer loop
      vertex 10.8036 1.05985 1.6
      vertex 10.8036 4.94015 1.6
      vertex 11.05 4.81865 1.6
    endloop
  endfacet
  facet normal 0 0 -1
    outer loop
      vertex 10.5435 0.971556 1.6
      vertex 10.8036 4.94015 1.6
      vertex 10.8036 1.05985 1.6
    endloop
  endfacet
  facet normal 0 0 -1
    outer loop
      vertex 10.5435 0.971556 1.6
      vertex 10.5435 5.02844 1.6
      vertex 10.8036 4.94015 1.6
    endloop
  endfacet
  facet normal 0 0 -1
    outer loop
      vertex 10.2741 0.917965 1.6
      vertex 10.5435 5.02844 1.6
      vertex 10.5435 0.971556 1.6
    endloop
  endfacet
  facet normal 0 0 -1
    outer loop
      vertex 10.2741 0.917965 1.6
      vertex 10.2741 5.08203 1.6
      vertex 10.5435 5.02844 1.6
    endloop
  endfacet
  facet normal 0 0 -1
    outer loop
      vertex 10 0.9 1.6
      vertex 10.2741 5.08203 1.6
      vertex 10.2741 0.917965 1.6
    endloop
  endfacet
  facet normal 0 0 -1
    outer loop
      vertex 10 0.9 1.6
      vertex 10 5.1 1.6
      vertex 10.2741 5.08203 1.6
    endloop
  endfacet
  facet normal 0 0 -1
    outer loop
      vertex 9.72589 0.917965 1.6
      vertex 10 5.1 1.6
      vertex 10 0.9 1.6
    endloop
  endfacet
  facet normal 0 0 -1
    outer loop
      vertex 9.72589 0.917965 1.6
      vertex 9.72589 5.08203 1.6
      vertex 10 5.1 1.6
    endloop
  endfacet
  facet normal 0 0 -1
    outer loop
      vertex 9.45648 0.971556 1.6
      vertex 9.72589 5.08203 1.6
      vertex 9.72589 0.917965 1.6
    endloop
  endfacet
  facet normal 0 0 -1
    outer loop
      vertex 9.45648 0.971556 1.6
      vertex 9.45648 5.02844 1.6
      vertex 9.72589 5.08203 1.6
    endloop
  endfacet
  facet normal 0 0 -1
    outer loop
      vertex 9.19636 1.05985 1.6
      vertex 9.45648 5.02844 1.6
      vertex 9.45648 0.971556 1.6
    endloop
  endfacet
  facet normal 0 0 -1
    outer loop
      vertex 9.19636 1.05985 1.6
      vertex 9.19636 4.94015 1.6
      vertex 9.45648 5.02844 1.6
    endloop
  endfacet
  facet normal 0 0 -1
    outer loop
      vertex 8.95 1.18135 1.6
      vertex 9.19636 4.94015 1.6
      vertex 9.19636 1.05985 1.6
    endloop
  endfacet
  facet normal 0 0 -1
    outer loop
      vertex 8.95 1.18135 1.6
      vertex 8.95 4.81865 1.6
      vertex 9.19636 4.94015 1.6
    endloop
  endfacet
  facet normal 0 0 -1
    outer loop
      vertex 8.7216 1.33396 1.6
      vertex 8.95 4.81865 1.6
      vertex 8.95 1.18135 1.6
    endloop
  endfacet
  facet normal 0 0 -1
    outer loop
      vertex 8.7216 1.33396 1.6
      vertex 8.7216 4.66604 1.6
      vertex 8.95 4.81865 1.6
    endloop
  endfacet
  facet normal 0 0 -1
    outer loop
      vertex 8.51508 1.51508 1.6
      vertex 8.7216 4.66604 1.6
      vertex 8.7216 1.33396 1.6
    endloop
  endfacet
  facet normal 0 0 -1
    outer loop
      vertex 8.51508 1.51508 1.6
      vertex 8.51508 4.48492 1.6
      vertex 8.7216 4.66604 1.6
    endloop
  endfacet
  facet normal 0 0 -1
    outer loop
      vertex 8.33396 1.7216 1.6
      vertex 8.51508 4.48492 1.6
      vertex 8.51508 1.51508 1.6
    endloop
  endfacet
  facet normal 0 0 -1
    outer loop
      vertex 8.33396 1.7216 1.6
      vertex 8.33396 4.2784 1.6
      vertex 8.51508 4.48492 1.6
    endloop
  endfacet
  facet normal 0 0 -1
    outer loop
      vertex 8.18135 1.95 1.6
      vertex 8.33396 4.2784 1.6
      vertex 8.33396 1.7216 1.6
    endloop
  endfacet
  facet normal 0 0 -1
    outer loop
      vertex 8.18135 1.95 1.6
      vertex 8.18135 4.05 1.6
      vertex 8.33396 4.2784 1.6
    endloop
  endfacet
  facet normal 0 0 -1
    outer loop
      vertex 8.05985 2.19636 1.6
      vertex 8.18135 4.05 1.6
      vertex 8.18135 1.95 1.6
    endloop
  endfacet
  facet normal 0 0 -1
    outer loop
      vertex 8.05985 2.19636 1.6
      vertex 8.05985 3.80363 1.6
      vertex 8.18135 4.05 1.6
    endloop
  endfacet
  facet normal 0 0 -1
    outer loop
      vertex 7.97156 2.45648 1.6
      vertex 8.05985 3.80363 1.6
      vertex 8.05985 2.19636 1.6
    endloop
  endfacet
  facet normal 0 0 -1
    outer loop
      vertex 7.97156 2.45648 1.6
      vertex 7.97156 3.54352 1.6
      vertex 8.05985 3.80363 1.6
    endloop
  endfacet
  facet normal 0 0 -1
    outer loop
      vertex 7.91796 2.72589 1.6
      vertex 7.97156 3.54352 1.6
      vertex 7.97156 2.45648 1.6
    endloop
  endfacet
  facet normal 0 0 -1
    outer loop
      vertex 7.91796 2.72589 1.6
      vertex 7.91796 3.2741 1.6
      vertex 7.97156 3.54352 1.6
    endloop
  endfacet
  facet normal 0 -0 -1
    outer loop
      vertex 7.91796 3.2741 1.6
      vertex 7.91796 2.72589 1.6
      vertex 7.9 3 1.6
    endloop
  endfacet
  facet normal 0.831473 -0.555565 0
    outer loop
      vertex 8.18135 4.05 1.6
      vertex 8.33396 4.2784 0
      vertex 8.33396 4.2784 1.6
    endloop
  endfacet
  facet normal 0.831473 -0.555565 0
    outer loop
      vertex 8.33396 4.2784 0
      vertex 8.18135 4.05 1.6
      vertex 8.18135 4.05 0
    endloop
  endfacet
  facet normal 0.896867 -0.4423 0
    outer loop
      vertex 8.05985 3.80363 1.6
      vertex 8.18135 4.05 0
      vertex 8.18135 4.05 1.6
    endloop
  endfacet
  facet normal 0.896867 -0.4423 0
    outer loop
      vertex 8.18135 4.05 0
      vertex 8.05985 3.80363 1.6
      vertex 8.05985 3.80363 0
    endloop
  endfacet
  facet normal 0.980778 0.195129 0
    outer loop
      vertex 7.97156 2.45648 1.6
      vertex 7.91796 2.72589 0
      vertex 7.91796 2.72589 1.6
    endloop
  endfacet
  facet normal 0.980778 0.195129 0
    outer loop
      vertex 7.91796 2.72589 0
      vertex 7.97156 2.45648 1.6
      vertex 7.97156 2.45648 0
    endloop
  endfacet
  facet normal 0.65936 -0.751827 0
    outer loop
      vertex 8.51508 4.48492 0
      vertex 8.7216 4.66604 1.6
      vertex 8.51508 4.48492 1.6
    endloop
  endfacet
  facet normal 0.65936 -0.751827 0
    outer loop
      vertex 8.7216 4.66604 1.6
      vertex 8.51508 4.48492 0
      vertex 8.7216 4.66604 0
    endloop
  endfacet
  facet normal -0.195101 -0.980783 0
    outer loop
      vertex 10.2741 5.08203 0
      vertex 10.5435 5.02844 1.6
      vertex 10.2741 5.08203 1.6
    endloop
  endfacet
  facet normal -0.195101 -0.980783 -0
    outer loop
      vertex 10.5435 5.02844 1.6
      vertex 10.2741 5.08203 0
      vertex 10.5435 5.02844 0
    endloop
  endfacet
  facet normal -0.946929 0.321443 0
    outer loop
      vertex 11.9401 2.19636 0
      vertex 12.0284 2.45648 1.6
      vertex 12.0284 2.45648 0
    endloop
  endfacet
  facet normal -0.946929 0.321443 0
    outer loop
      vertex 12.0284 2.45648 1.6
      vertex 11.9401 2.19636 0
      vertex 11.9401 2.19636 1.6
    endloop
  endfacet
  facet normal 0.751827 0.65936 0
    outer loop
      vertex 8.51508 1.51508 1.6
      vertex 8.33396 1.7216 0
      vertex 8.33396 1.7216 1.6
    endloop
  endfacet
  facet normal 0.751827 0.65936 0
    outer loop
      vertex 8.33396 1.7216 0
      vertex 8.51508 1.51508 1.6
      vertex 8.51508 1.51508 0
    endloop
  endfacet
  facet normal -0.659396 -0.751796 0
    outer loop
      vertex 11.2784 4.66604 0
      vertex 11.4849 4.48492 1.6
      vertex 11.2784 4.66604 1.6
    endloop
  endfacet
  facet normal -0.659396 -0.751796 -0
    outer loop
      vertex 11.4849 4.48492 1.6
      vertex 11.2784 4.66604 0
      vertex 11.4849 4.48492 0
    endloop
  endfacet
  facet normal -0.0654196 -0.997858 0
    outer loop
      vertex 10 5.1 0
      vertex 10.2741 5.08203 1.6
      vertex 10 5.1 1.6
    endloop
  endfacet
  facet normal -0.0654196 -0.997858 -0
    outer loop
      vertex 10.2741 5.08203 1.6
      vertex 10 5.1 0
      vertex 10.2741 5.08203 0
    endloop
  endfacet
  facet normal 0.195097 0.980784 -0
    outer loop
      vertex 9.72589 0.917965 0
      vertex 9.45648 0.971556 1.6
      vertex 9.72589 0.917965 1.6
    endloop
  endfacet
  facet normal 0.195097 0.980784 0
    outer loop
      vertex 9.45648 0.971556 1.6
      vertex 9.72589 0.917965 0
      vertex 9.45648 0.971556 0
    endloop
  endfacet
  facet normal 0.65936 0.751827 -0
    outer loop
      vertex 8.7216 1.33396 0
      vertex 8.51508 1.51508 1.6
      vertex 8.7216 1.33396 1.6
    endloop
  endfacet
  facet normal 0.65936 0.751827 0
    outer loop
      vertex 8.51508 1.51508 1.6
      vertex 8.7216 1.33396 0
      vertex 8.51508 1.51508 0
    endloop
  endfacet
  facet normal -0.442264 0.896885 0
    outer loop
      vertex 92.6 2.96077 1.79
      vertex 92.4592 2.89134 8.8
      vertex 92.6 2.96077 8.8
    endloop
  endfacet
  facet normal -0.442264 0.896885 0
    outer loop
      vertex 92.4592 2.89134 8.8
      vertex 92.6 2.96077 1.79
      vertex 92.4592 2.89134 1.79
    endloop
  endfacet
  facet normal -0.980813 -0.194952 0
    outer loop
      vertex 93.1897 4.15663 1.79
      vertex 93.1591 4.31058 8.8
      vertex 93.1591 4.31058 1.79
    endloop
  endfacet
  facet normal -0.980813 -0.194952 0
    outer loop
      vertex 93.1591 4.31058 8.8
      vertex 93.1897 4.15663 1.79
      vertex 93.1897 4.15663 8.8
    endloop
  endfacet
  facet normal -0.997845 -0.0656183 0
    outer loop
      vertex 93.2 4 1.79
      vertex 93.1897 4.15663 8.8
      vertex 93.1897 4.15663 1.79
    endloop
  endfacet
  facet normal -0.997845 -0.0656183 0
    outer loop
      vertex 93.1897 4.15663 8.8
      vertex 93.2 4 1.79
      vertex 93.2 4 8.8
    endloop
  endfacet
  facet normal -0.94704 -0.321117 0
    outer loop
      vertex 93.1591 4.31058 1.79
      vertex 93.1087 4.45922 8.8
      vertex 93.1087 4.45922 1.79
    endloop
  endfacet
  facet normal -0.94704 -0.321117 0
    outer loop
      vertex 93.1087 4.45922 8.8
      vertex 93.1591 4.31058 1.79
      vertex 93.1591 4.31058 8.8
    endloop
  endfacet
  facet normal -0.321537 -0.946897 0
    outer loop
      vertex 92.3106 5.15911 1.79
      vertex 92.4592 5.10865 8.8
      vertex 92.3106 5.15911 8.8
    endloop
  endfacet
  facet normal -0.321537 -0.946897 -0
    outer loop
      vertex 92.4592 5.10865 8.8
      vertex 92.3106 5.15911 1.79
      vertex 92.4592 5.10865 1.79
    endloop
  endfacet
  facet normal -0.555626 0.831432 0
    outer loop
      vertex 92.7305 3.04798 1.79
      vertex 92.6 2.96077 8.8
      vertex 92.7305 3.04798 8.8
    endloop
  endfacet
  facet normal -0.555626 0.831432 0
    outer loop
      vertex 92.6 2.96077 8.8
      vertex 92.7305 3.04798 1.79
      vertex 92.6 2.96077 1.79
    endloop
  endfacet
  facet normal -0.32148 0.946916 0
    outer loop
      vertex 92.4592 2.89134 1.79
      vertex 92.3106 2.84089 8.8
      vertex 92.4592 2.89134 8.8
    endloop
  endfacet
  facet normal -0.32148 0.946916 0
    outer loop
      vertex 92.3106 2.84089 8.8
      vertex 92.4592 2.89134 1.79
      vertex 92.3106 2.84089 1.79
    endloop
  endfacet
  facet normal 0.94704 -0.321117 0
    outer loop
      vertex 90.8409 4.31058 8.8
      vertex 90.8913 4.45922 1.79
      vertex 90.8913 4.45922 8.8
    endloop
  endfacet
  facet normal 0.94704 -0.321117 0
    outer loop
      vertex 90.8913 4.45922 1.79
      vertex 90.8409 4.31058 8.8
      vertex 90.8409 4.31058 1.79
    endloop
  endfacet
  facet normal -0.896683 -0.442673 0
    outer loop
      vertex 93.1087 4.45922 1.79
      vertex 93.0392 4.6 8.8
      vertex 93.0392 4.6 1.79
    endloop
  endfacet
  facet normal -0.896683 -0.442673 0
    outer loop
      vertex 93.0392 4.6 8.8
      vertex 93.1087 4.45922 1.79
      vertex 93.1087 4.45922 8.8
    endloop
  endfacet
  facet normal -0.751842 0.659343 0
    outer loop
      vertex 92.8485 3.15147 1.79
      vertex 92.952 3.26949 8.8
      vertex 92.952 3.26949 1.79
    endloop
  endfacet
  facet normal -0.751842 0.659343 0
    outer loop
      vertex 92.952 3.26949 8.8
      vertex 92.8485 3.15147 1.79
      vertex 92.8485 3.15147 8.8
    endloop
  endfacet
  facet normal -0.94704 0.321117 0
    outer loop
      vertex 93.1087 3.54078 1.79
      vertex 93.1591 3.68942 8.8
      vertex 93.1591 3.68942 1.79
    endloop
  endfacet
  facet normal -0.94704 0.321117 0
    outer loop
      vertex 93.1591 3.68942 8.8
      vertex 93.1087 3.54078 1.79
      vertex 93.1087 3.54078 8.8
    endloop
  endfacet
  facet normal 0.751842 0.659343 0
    outer loop
      vertex 91.1515 3.15147 8.8
      vertex 91.048 3.26949 1.79
      vertex 91.048 3.26949 8.8
    endloop
  endfacet
  facet normal 0.751842 0.659343 0
    outer loop
      vertex 91.048 3.26949 1.79
      vertex 91.1515 3.15147 8.8
      vertex 91.1515 3.15147 1.79
    endloop
  endfacet
  facet normal -0.65937 0.751818 0
    outer loop
      vertex 92.8485 3.15147 1.79
      vertex 92.7305 3.04798 8.8
      vertex 92.8485 3.15147 8.8
    endloop
  endfacet
  facet normal -0.65937 0.751818 0
    outer loop
      vertex 92.7305 3.04798 8.8
      vertex 92.8485 3.15147 1.79
      vertex 92.7305 3.04798 1.79
    endloop
  endfacet
  facet normal 0.751842 -0.659343 0
    outer loop
      vertex 91.048 4.73051 8.8
      vertex 91.1515 4.84853 1.79
      vertex 91.1515 4.84853 8.8
    endloop
  endfacet
  facet normal 0.751842 -0.659343 0
    outer loop
      vertex 91.1515 4.84853 1.79
      vertex 91.048 4.73051 8.8
      vertex 91.048 4.73051 1.79
    endloop
  endfacet
  facet normal -0.896683 0.442673 0
    outer loop
      vertex 93.0392 3.4 1.79
      vertex 93.1087 3.54078 8.8
      vertex 93.1087 3.54078 1.79
    endloop
  endfacet
  facet normal -0.896683 0.442673 0
    outer loop
      vertex 93.1087 3.54078 8.8
      vertex 93.0392 3.4 1.79
      vertex 93.0392 3.4 8.8
    endloop
  endfacet
  facet normal 0.980813 -0.194952 0
    outer loop
      vertex 90.8103 4.15663 8.8
      vertex 90.8409 4.31058 1.79
      vertex 90.8409 4.31058 8.8
    endloop
  endfacet
  facet normal 0.980813 -0.194952 0
    outer loop
      vertex 90.8409 4.31058 1.79
      vertex 90.8103 4.15663 8.8
      vertex 90.8103 4.15663 1.79
    endloop
  endfacet
  facet normal 0.442212 -0.89691 0
    outer loop
      vertex 91.4 5.03923 1.79
      vertex 91.5408 5.10865 8.8
      vertex 91.4 5.03923 8.8
    endloop
  endfacet
  facet normal 0.442212 -0.89691 0
    outer loop
      vertex 91.5408 5.10865 8.8
      vertex 91.4 5.03923 1.79
      vertex 91.5408 5.10865 1.79
    endloop
  endfacet
  facet normal -0.555626 -0.831432 0
    outer loop
      vertex 92.6 5.03923 1.79
      vertex 92.7305 4.95202 8.8
      vertex 92.6 5.03923 8.8
    endloop
  endfacet
  facet normal -0.555626 -0.831432 -0
    outer loop
      vertex 92.7305 4.95202 8.8
      vertex 92.6 5.03923 1.79
      vertex 92.7305 4.95202 1.79
    endloop
  endfacet
  facet normal -0.0654405 -0.997856 0
    outer loop
      vertex 92 5.2 1.79
      vertex 92.1566 5.18973 8.8
      vertex 92 5.2 8.8
    endloop
  endfacet
  facet normal -0.0654405 -0.997856 -0
    outer loop
      vertex 92.1566 5.18973 8.8
      vertex 92 5.2 1.79
      vertex 92.1566 5.18973 1.79
    endloop
  endfacet
  facet normal -0.195014 0.980801 0
    outer loop
      vertex 92.3106 2.84089 1.79
      vertex 92.1566 2.81027 8.8
      vertex 92.3106 2.84089 8.8
    endloop
  endfacet
  facet normal -0.195014 0.980801 0
    outer loop
      vertex 92.1566 2.81027 8.8
      vertex 92.3106 2.84089 1.79
      vertex 92.1566 2.81027 1.79
    endloop
  endfacet
  facet normal 0.195014 -0.980801 0
    outer loop
      vertex 91.6894 5.15911 1.79
      vertex 91.8434 5.18973 8.8
      vertex 91.6894 5.15911 8.8
    endloop
  endfacet
  facet normal 0.195014 -0.980801 0
    outer loop
      vertex 91.8434 5.18973 8.8
      vertex 91.6894 5.15911 1.79
      vertex 91.8434 5.18973 1.79
    endloop
  endfacet
  facet normal -0.751842 -0.659343 0
    outer loop
      vertex 92.952 4.73051 1.79
      vertex 92.8485 4.84853 8.8
      vertex 92.8485 4.84853 1.79
    endloop
  endfacet
  facet normal -0.751842 -0.659343 0
    outer loop
      vertex 92.8485 4.84853 8.8
      vertex 92.952 4.73051 1.79
      vertex 92.952 4.73051 8.8
    endloop
  endfacet
  facet normal -0.442212 -0.89691 0
    outer loop
      vertex 92.4592 5.10865 1.79
      vertex 92.6 5.03923 8.8
      vertex 92.4592 5.10865 8.8
    endloop
  endfacet
  facet normal -0.442212 -0.89691 -0
    outer loop
      vertex 92.6 5.03923 8.8
      vertex 92.4592 5.10865 1.79
      vertex 92.6 5.03923 1.79
    endloop
  endfacet
  facet normal 0.555626 -0.831432 0
    outer loop
      vertex 91.2695 4.95202 1.79
      vertex 91.4 5.03923 8.8
      vertex 91.2695 4.95202 8.8
    endloop
  endfacet
  facet normal 0.555626 -0.831432 0
    outer loop
      vertex 91.4 5.03923 8.8
      vertex 91.2695 4.95202 1.79
      vertex 91.4 5.03923 1.79
    endloop
  endfacet
  facet normal -0.65937 -0.751818 0
    outer loop
      vertex 92.7305 4.95202 1.79
      vertex 92.8485 4.84853 8.8
      vertex 92.7305 4.95202 8.8
    endloop
  endfacet
  facet normal -0.65937 -0.751818 -0
    outer loop
      vertex 92.8485 4.84853 8.8
      vertex 92.7305 4.95202 1.79
      vertex 92.8485 4.84853 1.79
    endloop
  endfacet
  facet normal -0.980813 0.194952 0
    outer loop
      vertex 93.1591 3.68942 1.79
      vertex 93.1897 3.84337 8.8
      vertex 93.1897 3.84337 1.79
    endloop
  endfacet
  facet normal -0.980813 0.194952 0
    outer loop
      vertex 93.1897 3.84337 8.8
      vertex 93.1591 3.68942 1.79
      vertex 93.1591 3.68942 8.8
    endloop
  endfacet
  facet normal -0.831481 -0.555553 0
    outer loop
      vertex 93.0392 4.6 1.79
      vertex 92.952 4.73051 8.8
      vertex 92.952 4.73051 1.79
    endloop
  endfacet
  facet normal -0.831481 -0.555553 0
    outer loop
      vertex 92.952 4.73051 8.8
      vertex 93.0392 4.6 1.79
      vertex 93.0392 4.6 8.8
    endloop
  endfacet
  facet normal -0.997845 0.0656183 0
    outer loop
      vertex 93.1897 3.84337 1.79
      vertex 93.2 4 8.8
      vertex 93.2 4 1.79
    endloop
  endfacet
  facet normal -0.997845 0.0656183 0
    outer loop
      vertex 93.2 4 8.8
      vertex 93.1897 3.84337 1.79
      vertex 93.1897 3.84337 8.8
    endloop
  endfacet
  facet normal 0.32148 0.946916 -0
    outer loop
      vertex 91.6894 2.84089 1.79
      vertex 91.5408 2.89134 8.8
      vertex 91.6894 2.84089 8.8
    endloop
  endfacet
  facet normal 0.32148 0.946916 0
    outer loop
      vertex 91.5408 2.89134 8.8
      vertex 91.6894 2.84089 1.79
      vertex 91.5408 2.89134 1.79
    endloop
  endfacet
  facet normal 0.65937 -0.751818 0
    outer loop
      vertex 91.1515 4.84853 1.79
      vertex 91.2695 4.95202 8.8
      vertex 91.1515 4.84853 8.8
    endloop
  endfacet
  facet normal 0.65937 -0.751818 0
    outer loop
      vertex 91.2695 4.95202 8.8
      vertex 91.1515 4.84853 1.79
      vertex 91.2695 4.95202 1.79
    endloop
  endfacet
  facet normal 0.831481 0.555553 0
    outer loop
      vertex 91.048 3.26949 8.8
      vertex 90.9608 3.4 1.79
      vertex 90.9608 3.4 8.8
    endloop
  endfacet
  facet normal 0.831481 0.555553 0
    outer loop
      vertex 90.9608 3.4 1.79
      vertex 91.048 3.26949 8.8
      vertex 91.048 3.26949 1.79
    endloop
  endfacet
  facet normal 0.555626 0.831432 -0
    outer loop
      vertex 91.4 2.96077 1.79
      vertex 91.2695 3.04798 8.8
      vertex 91.4 2.96077 8.8
    endloop
  endfacet
  facet normal 0.555626 0.831432 0
    outer loop
      vertex 91.2695 3.04798 8.8
      vertex 91.4 2.96077 1.79
      vertex 91.2695 3.04798 1.79
    endloop
  endfacet
  facet normal 0.997845 0.0656183 0
    outer loop
      vertex 90.8103 3.84337 8.8
      vertex 90.8 4 1.79
      vertex 90.8 4 8.8
    endloop
  endfacet
  facet normal 0.997845 0.0656183 0
    outer loop
      vertex 90.8 4 1.79
      vertex 90.8103 3.84337 8.8
      vertex 90.8103 3.84337 1.79
    endloop
  endfacet
  facet normal 0.896683 -0.442673 0
    outer loop
      vertex 90.8913 4.45922 8.8
      vertex 90.9608 4.6 1.79
      vertex 90.9608 4.6 8.8
    endloop
  endfacet
  facet normal 0.896683 -0.442673 0
    outer loop
      vertex 90.9608 4.6 1.79
      vertex 90.8913 4.45922 8.8
      vertex 90.8913 4.45922 1.79
    endloop
  endfacet
  facet normal -0.831481 0.555553 0
    outer loop
      vertex 92.952 3.26949 1.79
      vertex 93.0392 3.4 8.8
      vertex 93.0392 3.4 1.79
    endloop
  endfacet
  facet normal -0.831481 0.555553 0
    outer loop
      vertex 93.0392 3.4 8.8
      vertex 92.952 3.26949 1.79
      vertex 92.952 3.26949 8.8
    endloop
  endfacet
  facet normal 0.997845 -0.0656183 0
    outer loop
      vertex 90.8 4 8.8
      vertex 90.8103 4.15663 1.79
      vertex 90.8103 4.15663 8.8
    endloop
  endfacet
  facet normal 0.997845 -0.0656183 0
    outer loop
      vertex 90.8103 4.15663 1.79
      vertex 90.8 4 8.8
      vertex 90.8 4 1.79
    endloop
  endfacet
  facet normal -0.195014 -0.980801 0
    outer loop
      vertex 92.1566 5.18973 1.79
      vertex 92.3106 5.15911 8.8
      vertex 92.1566 5.18973 8.8
    endloop
  endfacet
  facet normal -0.195014 -0.980801 -0
    outer loop
      vertex 92.3106 5.15911 8.8
      vertex 92.1566 5.18973 1.79
      vertex 92.3106 5.15911 1.79
    endloop
  endfacet
  facet normal 0.442264 0.896885 -0
    outer loop
      vertex 91.5408 2.89134 1.79
      vertex 91.4 2.96077 8.8
      vertex 91.5408 2.89134 8.8
    endloop
  endfacet
  facet normal 0.442264 0.896885 0
    outer loop
      vertex 91.4 2.96077 8.8
      vertex 91.5408 2.89134 1.79
      vertex 91.4 2.96077 1.79
    endloop
  endfacet
  facet normal 0.0654405 -0.997856 0
    outer loop
      vertex 91.8434 5.18973 1.79
      vertex 92 5.2 8.8
      vertex 91.8434 5.18973 8.8
    endloop
  endfacet
  facet normal 0.0654405 -0.997856 0
    outer loop
      vertex 92 5.2 8.8
      vertex 91.8434 5.18973 1.79
      vertex 92 5.2 1.79
    endloop
  endfacet
  facet normal 0.321537 -0.946897 0
    outer loop
      vertex 91.5408 5.10865 1.79
      vertex 91.6894 5.15911 8.8
      vertex 91.5408 5.10865 8.8
    endloop
  endfacet
  facet normal 0.321537 -0.946897 0
    outer loop
      vertex 91.6894 5.15911 8.8
      vertex 91.5408 5.10865 1.79
      vertex 91.6894 5.15911 1.79
    endloop
  endfacet
  facet normal -0.0654405 0.997856 0
    outer loop
      vertex 92.1566 2.81027 1.79
      vertex 92 2.8 8.8
      vertex 92.1566 2.81027 8.8
    endloop
  endfacet
  facet normal -0.0654405 0.997856 0
    outer loop
      vertex 92 2.8 8.8
      vertex 92.1566 2.81027 1.79
      vertex 92 2.8 1.79
    endloop
  endfacet
  facet normal 0.980813 0.194952 0
    outer loop
      vertex 90.8409 3.68942 8.8
      vertex 90.8103 3.84337 1.79
      vertex 90.8103 3.84337 8.8
    endloop
  endfacet
  facet normal 0.980813 0.194952 0
    outer loop
      vertex 90.8103 3.84337 1.79
      vertex 90.8409 3.68942 8.8
      vertex 90.8409 3.68942 1.79
    endloop
  endfacet
  facet normal 0.896683 0.442673 0
    outer loop
      vertex 90.9608 3.4 8.8
      vertex 90.8913 3.54078 1.79
      vertex 90.8913 3.54078 8.8
    endloop
  endfacet
  facet normal 0.896683 0.442673 0
    outer loop
      vertex 90.8913 3.54078 1.79
      vertex 90.9608 3.4 8.8
      vertex 90.9608 3.4 1.79
    endloop
  endfacet
  facet normal 0.94704 0.321117 0
    outer loop
      vertex 90.8913 3.54078 8.8
      vertex 90.8409 3.68942 1.79
      vertex 90.8409 3.68942 8.8
    endloop
  endfacet
  facet normal 0.94704 0.321117 0
    outer loop
      vertex 90.8409 3.68942 1.79
      vertex 90.8913 3.54078 8.8
      vertex 90.8913 3.54078 1.79
    endloop
  endfacet
  facet normal 0 0 -1
    outer loop
      vertex 92.8923 3.88253 8.81
      vertex 92.8923 4.11747 8.81
      vertex 92.9 4 8.81
    endloop
  endfacet
  facet normal 0 0 -1
    outer loop
      vertex 92.8693 3.76706 8.81
      vertex 92.8923 4.11747 8.81
      vertex 92.8923 3.88253 8.81
    endloop
  endfacet
  facet normal 0 0 -1
    outer loop
      vertex 92.8693 3.76706 8.81
      vertex 92.8693 4.23294 8.81
      vertex 92.8923 4.11747 8.81
    endloop
  endfacet
  facet normal 0 0 -1
    outer loop
      vertex 92.8315 3.65558 8.81
      vertex 92.8693 4.23294 8.81
      vertex 92.8693 3.76706 8.81
    endloop
  endfacet
  facet normal 0 0 -1
    outer loop
      vertex 92.8315 3.65558 8.81
      vertex 92.8315 4.34441 8.81
      vertex 92.8693 4.23294 8.81
    endloop
  endfacet
  facet normal 0 0 -1
    outer loop
      vertex 92.7794 3.55 8.81
      vertex 92.8315 4.34441 8.81
      vertex 92.8315 3.65558 8.81
    endloop
  endfacet
  facet normal 0 0 -1
    outer loop
      vertex 92.7794 3.55 8.81
      vertex 92.7794 4.45 8.81
      vertex 92.8315 4.34441 8.81
    endloop
  endfacet
  facet normal 0 0 -1
    outer loop
      vertex 92.714 3.45211 8.81
      vertex 92.7794 4.45 8.81
      vertex 92.7794 3.55 8.81
    endloop
  endfacet
  facet normal 0 0 -1
    outer loop
      vertex 92.714 3.45211 8.81
      vertex 92.714 4.54788 8.81
      vertex 92.7794 4.45 8.81
    endloop
  endfacet
  facet normal 0 0 -1
    outer loop
      vertex 92.6364 3.3636 8.81
      vertex 92.714 4.54788 8.81
      vertex 92.714 3.45211 8.81
    endloop
  endfacet
  facet normal 0 0 -1
    outer loop
      vertex 92.6364 3.3636 8.81
      vertex 92.6364 4.6364 8.81
      vertex 92.714 4.54788 8.81
    endloop
  endfacet
  facet normal 0 0 -1
    outer loop
      vertex 92.5479 3.28598 8.81
      vertex 92.6364 4.6364 8.81
      vertex 92.6364 3.3636 8.81
    endloop
  endfacet
  facet normal 0 0 -1
    outer loop
      vertex 92.5479 3.28598 8.81
      vertex 92.5479 4.71402 8.81
      vertex 92.6364 4.6364 8.81
    endloop
  endfacet
  facet normal 0 0 -1
    outer loop
      vertex 92.45 3.22058 8.81
      vertex 92.5479 4.71402 8.81
      vertex 92.5479 3.28598 8.81
    endloop
  endfacet
  facet normal 0 0 -1
    outer loop
      vertex 92.45 3.22058 8.81
      vertex 92.45 4.77942 8.81
      vertex 92.5479 4.71402 8.81
    endloop
  endfacet
  facet normal 0 0 -1
    outer loop
      vertex 92.3444 3.16851 8.81
      vertex 92.45 4.77942 8.81
      vertex 92.45 3.22058 8.81
    endloop
  endfacet
  facet normal 0 0 -1
    outer loop
      vertex 92.3444 3.16851 8.81
      vertex 92.3444 4.83149 8.81
      vertex 92.45 4.77942 8.81
    endloop
  endfacet
  facet normal 0 0 -1
    outer loop
      vertex 92.2329 3.13067 8.81
      vertex 92.3444 4.83149 8.81
      vertex 92.3444 3.16851 8.81
    endloop
  endfacet
  facet normal 0 0 -1
    outer loop
      vertex 92.2329 3.13067 8.81
      vertex 92.2329 4.86933 8.81
      vertex 92.3444 4.83149 8.81
    endloop
  endfacet
  facet normal 0 0 -1
    outer loop
      vertex 92.1175 3.1077 8.81
      vertex 92.2329 4.86933 8.81
      vertex 92.2329 3.13067 8.81
    endloop
  endfacet
  facet normal 0 0 -1
    outer loop
      vertex 92.1175 3.1077 8.81
      vertex 92.1175 4.8923 8.81
      vertex 92.2329 4.86933 8.81
    endloop
  endfacet
  facet normal 0 0 -1
    outer loop
      vertex 92 3.1 8.81
      vertex 92.1175 4.8923 8.81
      vertex 92.1175 3.1077 8.81
    endloop
  endfacet
  facet normal 0 0 -1
    outer loop
      vertex 92 3.1 8.81
      vertex 92 4.9 8.81
      vertex 92.1175 4.8923 8.81
    endloop
  endfacet
  facet normal 0 0 -1
    outer loop
      vertex 91.8825 3.1077 8.81
      vertex 92 4.9 8.81
      vertex 92 3.1 8.81
    endloop
  endfacet
  facet normal 0 0 -1
    outer loop
      vertex 91.8825 3.1077 8.81
      vertex 91.8825 4.8923 8.81
      vertex 92 4.9 8.81
    endloop
  endfacet
  facet normal 0 0 -1
    outer loop
      vertex 91.7671 3.13067 8.81
      vertex 91.8825 4.8923 8.81
      vertex 91.8825 3.1077 8.81
    endloop
  endfacet
  facet normal 0 0 -1
    outer loop
      vertex 91.7671 3.13067 8.81
      vertex 91.7671 4.86933 8.81
      vertex 91.8825 4.8923 8.81
    endloop
  endfacet
  facet normal 0 0 -1
    outer loop
      vertex 91.6556 3.16851 8.81
      vertex 91.7671 4.86933 8.81
      vertex 91.7671 3.13067 8.81
    endloop
  endfacet
  facet normal 0 0 -1
    outer loop
      vertex 91.6556 3.16851 8.81
      vertex 91.6556 4.83149 8.81
      vertex 91.7671 4.86933 8.81
    endloop
  endfacet
  facet normal 0 0 -1
    outer loop
      vertex 91.55 3.22058 8.81
      vertex 91.6556 4.83149 8.81
      vertex 91.6556 3.16851 8.81
    endloop
  endfacet
  facet normal 0 0 -1
    outer loop
      vertex 91.55 3.22058 8.81
      vertex 91.55 4.77942 8.81
      vertex 91.6556 4.83149 8.81
    endloop
  endfacet
  facet normal 0 0 -1
    outer loop
      vertex 91.4521 3.28598 8.81
      vertex 91.55 4.77942 8.81
      vertex 91.55 3.22058 8.81
    endloop
  endfacet
  facet normal 0 0 -1
    outer loop
      vertex 91.4521 3.28598 8.81
      vertex 91.4521 4.71402 8.81
      vertex 91.55 4.77942 8.81
    endloop
  endfacet
  facet normal 0 0 -1
    outer loop
      vertex 91.3636 3.3636 8.81
      vertex 91.4521 4.71402 8.81
      vertex 91.4521 3.28598 8.81
    endloop
  endfacet
  facet normal 0 0 -1
    outer loop
      vertex 91.3636 3.3636 8.81
      vertex 91.3636 4.6364 8.81
      vertex 91.4521 4.71402 8.81
    endloop
  endfacet
  facet normal 0 0 -1
    outer loop
      vertex 91.286 3.45211 8.81
      vertex 91.3636 4.6364 8.81
      vertex 91.3636 3.3636 8.81
    endloop
  endfacet
  facet normal 0 0 -1
    outer loop
      vertex 91.286 3.45211 8.81
      vertex 91.286 4.54788 8.81
      vertex 91.3636 4.6364 8.81
    endloop
  endfacet
  facet normal 0 0 -1
    outer loop
      vertex 91.2206 3.55 8.81
      vertex 91.286 4.54788 8.81
      vertex 91.286 3.45211 8.81
    endloop
  endfacet
  facet normal 0 0 -1
    outer loop
      vertex 91.2206 3.55 8.81
      vertex 91.2206 4.45 8.81
      vertex 91.286 4.54788 8.81
    endloop
  endfacet
  facet normal 0 0 -1
    outer loop
      vertex 91.1685 3.65558 8.81
      vertex 91.2206 4.45 8.81
      vertex 91.2206 3.55 8.81
    endloop
  endfacet
  facet normal 0 0 -1
    outer loop
      vertex 91.1685 3.65558 8.81
      vertex 91.1685 4.34441 8.81
      vertex 91.2206 4.45 8.81
    endloop
  endfacet
  facet normal 0 0 -1
    outer loop
      vertex 91.1307 3.76706 8.81
      vertex 91.1685 4.34441 8.81
      vertex 91.1685 3.65558 8.81
    endloop
  endfacet
  facet normal 0 0 -1
    outer loop
      vertex 91.1307 3.76706 8.81
      vertex 91.1307 4.23294 8.81
      vertex 91.1685 4.34441 8.81
    endloop
  endfacet
  facet normal 0 0 -1
    outer loop
      vertex 91.1077 3.88253 8.81
      vertex 91.1307 4.23294 8.81
      vertex 91.1307 3.76706 8.81
    endloop
  endfacet
  facet normal 0 0 -1
    outer loop
      vertex 91.1077 3.88253 8.81
      vertex 91.1077 4.11747 8.81
      vertex 91.1307 4.23294 8.81
    endloop
  endfacet
  facet normal 0 -0 -1
    outer loop
      vertex 91.1077 4.11747 8.81
      vertex 91.1077 3.88253 8.81
      vertex 91.1 4 8.81
    endloop
  endfacet
  facet normal 0 0 1
    outer loop
      vertex 93.1897 4.15663 1.79
      vertex 93.1897 3.84337 1.79
      vertex 93.2 4 1.79
    endloop
  endfacet
  facet normal 0 0 1
    outer loop
      vertex 93.1591 4.31058 1.79
      vertex 93.1897 3.84337 1.79
      vertex 93.1897 4.15663 1.79
    endloop
  endfacet
  facet normal 0 0 1
    outer loop
      vertex 93.1591 4.31058 1.79
      vertex 93.1591 3.68942 1.79
      vertex 93.1897 3.84337 1.79
    endloop
  endfacet
  facet normal 0 0 1
    outer loop
      vertex 93.1087 4.45922 1.79
      vertex 93.1591 3.68942 1.79
      vertex 93.1591 4.31058 1.79
    endloop
  endfacet
  facet normal 0 0 1
    outer loop
      vertex 93.1087 4.45922 1.79
      vertex 93.1087 3.54078 1.79
      vertex 93.1591 3.68942 1.79
    endloop
  endfacet
  facet normal 0 0 1
    outer loop
      vertex 93.0392 4.6 1.79
      vertex 93.1087 3.54078 1.79
      vertex 93.1087 4.45922 1.79
    endloop
  endfacet
  facet normal 0 0 1
    outer loop
      vertex 93.0392 4.6 1.79
      vertex 93.0392 3.4 1.79
      vertex 93.1087 3.54078 1.79
    endloop
  endfacet
  facet normal 0 0 1
    outer loop
      vertex 92.952 4.73051 1.79
      vertex 93.0392 3.4 1.79
      vertex 93.0392 4.6 1.79
    endloop
  endfacet
  facet normal 0 0 1
    outer loop
      vertex 92.952 4.73051 1.79
      vertex 92.952 3.26949 1.79
      vertex 93.0392 3.4 1.79
    endloop
  endfacet
  facet normal 0 0 1
    outer loop
      vertex 92.8485 4.84853 1.79
      vertex 92.952 3.26949 1.79
      vertex 92.952 4.73051 1.79
    endloop
  endfacet
  facet normal 0 0 1
    outer loop
      vertex 92.8485 4.84853 1.79
      vertex 92.8485 3.15147 1.79
      vertex 92.952 3.26949 1.79
    endloop
  endfacet
  facet normal 0 0 1
    outer loop
      vertex 92.7305 4.95202 1.79
      vertex 92.8485 3.15147 1.79
      vertex 92.8485 4.84853 1.79
    endloop
  endfacet
  facet normal 0 0 1
    outer loop
      vertex 92.7305 4.95202 1.79
      vertex 92.7305 3.04798 1.79
      vertex 92.8485 3.15147 1.79
    endloop
  endfacet
  facet normal 0 0 1
    outer loop
      vertex 92.6 5.03923 1.79
      vertex 92.7305 3.04798 1.79
      vertex 92.7305 4.95202 1.79
    endloop
  endfacet
  facet normal 0 0 1
    outer loop
      vertex 92.6 5.03923 1.79
      vertex 92.6 2.96077 1.79
      vertex 92.7305 3.04798 1.79
    endloop
  endfacet
  facet normal 0 0 1
    outer loop
      vertex 92.4592 5.10865 1.79
      vertex 92.6 2.96077 1.79
      vertex 92.6 5.03923 1.79
    endloop
  endfacet
  facet normal 0 0 1
    outer loop
      vertex 92.4592 5.10865 1.79
      vertex 92.4592 2.89134 1.79
      vertex 92.6 2.96077 1.79
    endloop
  endfacet
  facet normal 0 0 1
    outer loop
      vertex 92.3106 5.15911 1.79
      vertex 92.4592 2.89134 1.79
      vertex 92.4592 5.10865 1.79
    endloop
  endfacet
  facet normal 0 0 1
    outer loop
      vertex 92.3106 5.15911 1.79
      vertex 92.3106 2.84089 1.79
      vertex 92.4592 2.89134 1.79
    endloop
  endfacet
  facet normal 0 0 1
    outer loop
      vertex 92.1566 5.18973 1.79
      vertex 92.3106 2.84089 1.79
      vertex 92.3106 5.15911 1.79
    endloop
  endfacet
  facet normal 0 0 1
    outer loop
      vertex 92.1566 5.18973 1.79
      vertex 92.1566 2.81027 1.79
      vertex 92.3106 2.84089 1.79
    endloop
  endfacet
  facet normal 0 0 1
    outer loop
      vertex 92 5.2 1.79
      vertex 92.1566 2.81027 1.79
      vertex 92.1566 5.18973 1.79
    endloop
  endfacet
  facet normal 0 0 1
    outer loop
      vertex 92 5.2 1.79
      vertex 92 2.8 1.79
      vertex 92.1566 2.81027 1.79
    endloop
  endfacet
  facet normal -0 0 1
    outer loop
      vertex 91.8434 5.18973 1.79
      vertex 92 2.8 1.79
      vertex 92 5.2 1.79
    endloop
  endfacet
  facet normal 0 0 1
    outer loop
      vertex 91.8434 5.18973 1.79
      vertex 91.8434 2.81027 1.79
      vertex 92 2.8 1.79
    endloop
  endfacet
  facet normal -0 0 1
    outer loop
      vertex 91.6894 5.15911 1.79
      vertex 91.8434 2.81027 1.79
      vertex 91.8434 5.18973 1.79
    endloop
  endfacet
  facet normal 0 0 1
    outer loop
      vertex 91.6894 5.15911 1.79
      vertex 91.6894 2.84089 1.79
      vertex 91.8434 2.81027 1.79
    endloop
  endfacet
  facet normal -0 0 1
    outer loop
      vertex 91.5408 5.10865 1.79
      vertex 91.6894 2.84089 1.79
      vertex 91.6894 5.15911 1.79
    endloop
  endfacet
  facet normal 0 0 1
    outer loop
      vertex 91.5408 5.10865 1.79
      vertex 91.5408 2.89134 1.79
      vertex 91.6894 2.84089 1.79
    endloop
  endfacet
  facet normal -0 0 1
    outer loop
      vertex 91.4 5.03923 1.79
      vertex 91.5408 2.89134 1.79
      vertex 91.5408 5.10865 1.79
    endloop
  endfacet
  facet normal 0 0 1
    outer loop
      vertex 91.4 5.03923 1.79
      vertex 91.4 2.96077 1.79
      vertex 91.5408 2.89134 1.79
    endloop
  endfacet
  facet normal -0 0 1
    outer loop
      vertex 91.2695 4.95202 1.79
      vertex 91.4 2.96077 1.79
      vertex 91.4 5.03923 1.79
    endloop
  endfacet
  facet normal 0 0 1
    outer loop
      vertex 91.2695 4.95202 1.79
      vertex 91.2695 3.04798 1.79
      vertex 91.4 2.96077 1.79
    endloop
  endfacet
  facet normal -0 0 1
    outer loop
      vertex 91.1515 4.84853 1.79
      vertex 91.2695 3.04798 1.79
      vertex 91.2695 4.95202 1.79
    endloop
  endfacet
  facet normal 0 0 1
    outer loop
      vertex 91.1515 4.84853 1.79
      vertex 91.1515 3.15147 1.79
      vertex 91.2695 3.04798 1.79
    endloop
  endfacet
  facet normal -0 0 1
    outer loop
      vertex 91.048 4.73051 1.79
      vertex 91.1515 3.15147 1.79
      vertex 91.1515 4.84853 1.79
    endloop
  endfacet
  facet normal 0 0 1
    outer loop
      vertex 91.048 4.73051 1.79
      vertex 91.048 3.26949 1.79
      vertex 91.1515 3.15147 1.79
    endloop
  endfacet
  facet normal -0 0 1
    outer loop
      vertex 90.9608 4.6 1.79
      vertex 91.048 3.26949 1.79
      vertex 91.048 4.73051 1.79
    endloop
  endfacet
  facet normal 0 0 1
    outer loop
      vertex 90.9608 4.6 1.79
      vertex 90.9608 3.4 1.79
      vertex 91.048 3.26949 1.79
    endloop
  endfacet
  facet normal -0 0 1
    outer loop
      vertex 90.8913 4.45922 1.79
      vertex 90.9608 3.4 1.79
      vertex 90.9608 4.6 1.79
    endloop
  endfacet
  facet normal 0 0 1
    outer loop
      vertex 90.8913 4.45922 1.79
      vertex 90.8913 3.54078 1.79
      vertex 90.9608 3.4 1.79
    endloop
  endfacet
  facet normal -0 0 1
    outer loop
      vertex 90.8409 4.31058 1.79
      vertex 90.8913 3.54078 1.79
      vertex 90.8913 4.45922 1.79
    endloop
  endfacet
  facet normal 0 0 1
    outer loop
      vertex 90.8409 4.31058 1.79
      vertex 90.8409 3.68942 1.79
      vertex 90.8913 3.54078 1.79
    endloop
  endfacet
  facet normal -0 0 1
    outer loop
      vertex 90.8103 4.15663 1.79
      vertex 90.8409 3.68942 1.79
      vertex 90.8409 4.31058 1.79
    endloop
  endfacet
  facet normal 0 0 1
    outer loop
      vertex 90.8103 4.15663 1.79
      vertex 90.8103 3.84337 1.79
      vertex 90.8409 3.68942 1.79
    endloop
  endfacet
  facet normal 0 -0 1
    outer loop
      vertex 90.8103 3.84337 1.79
      vertex 90.8103 4.15663 1.79
      vertex 90.8 4 1.79
    endloop
  endfacet
  facet normal 0.195014 0.980801 -0
    outer loop
      vertex 91.8434 2.81027 1.79
      vertex 91.6894 2.84089 8.8
      vertex 91.8434 2.81027 8.8
    endloop
  endfacet
  facet normal 0.195014 0.980801 0
    outer loop
      vertex 91.6894 2.84089 8.8
      vertex 91.8434 2.81027 1.79
      vertex 91.6894 2.84089 1.79
    endloop
  endfacet
  facet normal 0.0654405 0.997856 -0
    outer loop
      vertex 92 2.8 1.79
      vertex 91.8434 2.81027 8.8
      vertex 92 2.8 8.8
    endloop
  endfacet
  facet normal 0.0654405 0.997856 0
    outer loop
      vertex 91.8434 2.81027 8.8
      vertex 92 2.8 1.79
      vertex 91.8434 2.81027 1.79
    endloop
  endfacet
  facet normal 0.65937 0.751818 -0
    outer loop
      vertex 91.2695 3.04798 1.79
      vertex 91.1515 3.15147 8.8
      vertex 91.2695 3.04798 8.8
    endloop
  endfacet
  facet normal 0.65937 0.751818 0
    outer loop
      vertex 91.1515 3.15147 8.8
      vertex 91.2695 3.04798 1.79
      vertex 91.1515 3.15147 1.79
    endloop
  endfacet
  facet normal 0.831481 -0.555553 0
    outer loop
      vertex 90.9608 4.6 8.8
      vertex 91.048 4.73051 1.79
      vertex 91.048 4.73051 8.8
    endloop
  endfacet
  facet normal 0.831481 -0.555553 0
    outer loop
      vertex 91.048 4.73051 1.79
      vertex 90.9608 4.6 8.8
      vertex 90.9608 4.6 1.79
    endloop
  endfacet
  facet normal -0.980779 -0.195122 0
    outer loop
      vertex 94.082 4.2741 0
      vertex 94.0284 4.54352 1.6
      vertex 94.0284 4.54352 0
    endloop
  endfacet
  facet normal -0.980779 -0.195122 0
    outer loop
      vertex 94.0284 4.54352 1.6
      vertex 94.082 4.2741 0
      vertex 94.082 4.2741 1.6
    endloop
  endfacet
  facet normal -0.997851 -0.0655283 0
    outer loop
      vertex 94.1 4 0
      vertex 94.082 4.2741 1.6
      vertex 94.082 4.2741 0
    endloop
  endfacet
  facet normal -0.997851 -0.0655283 0
    outer loop
      vertex 94.082 4.2741 1.6
      vertex 94.1 4 0
      vertex 94.1 4 1.6
    endloop
  endfacet
  facet normal -0.946925 -0.321454 0
    outer loop
      vertex 94.0284 4.54352 0
      vertex 93.9401 4.80363 1.6
      vertex 93.9401 4.80363 0
    endloop
  endfacet
  facet normal -0.946925 -0.321454 0
    outer loop
      vertex 93.9401 4.80363 1.6
      vertex 94.0284 4.54352 0
      vertex 94.0284 4.54352 1.6
    endloop
  endfacet
  facet normal -0.980778 0.195129 0
    outer loop
      vertex 94.0284 3.45648 0
      vertex 94.082 3.72589 1.6
      vertex 94.082 3.72589 0
    endloop
  endfacet
  facet normal -0.980778 0.195129 0
    outer loop
      vertex 94.082 3.72589 1.6
      vertex 94.0284 3.45648 0
      vertex 94.0284 3.45648 1.6
    endloop
  endfacet
  facet normal -0.0653833 0.99786 0
    outer loop
      vertex 92.2741 1.91796 0
      vertex 92 1.9 1.6
      vertex 92.2741 1.91796 1.6
    endloop
  endfacet
  facet normal -0.0653833 0.99786 0
    outer loop
      vertex 92 1.9 1.6
      vertex 92.2741 1.91796 0
      vertex 92 1.9 0
    endloop
  endfacet
  facet normal -0.555565 -0.831473 0
    outer loop
      vertex 93.05 5.81865 0
      vertex 93.2784 5.66604 1.6
      vertex 93.05 5.81865 1.6
    endloop
  endfacet
  facet normal -0.555565 -0.831473 -0
    outer loop
      vertex 93.2784 5.66604 1.6
      vertex 93.05 5.81865 0
      vertex 93.2784 5.66604 0
    endloop
  endfacet
  facet normal -0.442256 0.896889 0
    outer loop
      vertex 93.05 2.18135 0
      vertex 92.8036 2.05985 1.6
      vertex 93.05 2.18135 1.6
    endloop
  endfacet
  facet normal -0.442256 0.896889 0
    outer loop
      vertex 92.8036 2.05985 1.6
      vertex 93.05 2.18135 0
      vertex 92.8036 2.05985 0
    endloop
  endfacet
  facet normal 0.751864 -0.659319 0
    outer loop
      vertex 90.334 5.2784 1.6
      vertex 90.5151 5.48492 0
      vertex 90.5151 5.48492 1.6
    endloop
  endfacet
  facet normal 0.751864 -0.659319 0
    outer loop
      vertex 90.5151 5.48492 0
      vertex 90.334 5.2784 1.6
      vertex 90.334 5.2784 0
    endloop
  endfacet
  facet normal -0.896867 -0.4423 0
    outer loop
      vertex 93.9401 4.80363 0
      vertex 93.8186 5.05 1.6
      vertex 93.8186 5.05 0
    endloop
  endfacet
  facet normal -0.896867 -0.4423 0
    outer loop
      vertex 93.8186 5.05 1.6
      vertex 93.9401 4.80363 0
      vertex 93.9401 4.80363 1.6
    endloop
  endfacet
  facet normal 0.946929 0.321443 0
    outer loop
      vertex 90.0599 3.19636 1.6
      vertex 89.9716 3.45648 0
      vertex 89.9716 3.45648 1.6
    endloop
  endfacet
  facet normal 0.946929 0.321443 0
    outer loop
      vertex 89.9716 3.45648 0
      vertex 90.0599 3.19636 1.6
      vertex 90.0599 3.19636 0
    endloop
  endfacet
  facet normal -0.83149 0.55554 0
    outer loop
      vertex 93.666 2.7216 0
      vertex 93.8186 2.95 1.6
      vertex 93.8186 2.95 0
    endloop
  endfacet
  facet normal -0.83149 0.55554 0
    outer loop
      vertex 93.8186 2.95 1.6
      vertex 93.666 2.7216 0
      vertex 93.666 2.7216 1.6
    endloop
  endfacet
  facet normal 0.555565 0.831473 -0
    outer loop
      vertex 90.95 2.18135 0
      vertex 90.7216 2.33396 1.6
      vertex 90.95 2.18135 1.6
    endloop
  endfacet
  facet normal 0.555565 0.831473 0
    outer loop
      vertex 90.7216 2.33396 1.6
      vertex 90.95 2.18135 0
      vertex 90.7216 2.33396 0
    endloop
  endfacet
  facet normal 0.195101 -0.980783 0
    outer loop
      vertex 91.4565 6.02844 0
      vertex 91.7259 6.08203 1.6
      vertex 91.4565 6.02844 1.6
    endloop
  endfacet
  facet normal 0.195101 -0.980783 0
    outer loop
      vertex 91.7259 6.08203 1.6
      vertex 91.4565 6.02844 0
      vertex 91.7259 6.08203 0
    endloop
  endfacet
  facet normal 0.0654196 -0.997858 0
    outer loop
      vertex 91.7259 6.08203 0
      vertex 92 6.1 1.6
      vertex 91.7259 6.08203 1.6
    endloop
  endfacet
  facet normal 0.0654196 -0.997858 0
    outer loop
      vertex 92 6.1 1.6
      vertex 91.7259 6.08203 0
      vertex 92 6.1 0
    endloop
  endfacet
  facet normal -0.195136 0.980776 0
    outer loop
      vertex 92.5435 1.97156 0
      vertex 92.2741 1.91796 1.6
      vertex 92.5435 1.97156 1.6
    endloop
  endfacet
  facet normal -0.195136 0.980776 0
    outer loop
      vertex 92.2741 1.91796 1.6
      vertex 92.5435 1.97156 0
      vertex 92.2741 1.91796 0
    endloop
  endfacet
  facet normal 0.555565 -0.831473 0
    outer loop
      vertex 90.7216 5.66604 0
      vertex 90.95 5.81865 1.6
      vertex 90.7216 5.66604 1.6
    endloop
  endfacet
  facet normal 0.555565 -0.831473 0
    outer loop
      vertex 90.95 5.81865 1.6
      vertex 90.7216 5.66604 0
      vertex 90.95 5.81865 0
    endloop
  endfacet
  facet normal 0.0653833 0.99786 -0
    outer loop
      vertex 92 1.9 0
      vertex 91.7259 1.91796 1.6
      vertex 92 1.9 1.6
    endloop
  endfacet
  facet normal 0.0653833 0.99786 0
    outer loop
      vertex 91.7259 1.91796 1.6
      vertex 92 1.9 0
      vertex 91.7259 1.91796 0
    endloop
  endfacet
  facet normal -0.83149 -0.55554 0
    outer loop
      vertex 93.8186 5.05 0
      vertex 93.666 5.2784 1.6
      vertex 93.666 5.2784 0
    endloop
  endfacet
  facet normal -0.83149 -0.55554 0
    outer loop
      vertex 93.666 5.2784 1.6
      vertex 93.8186 5.05 0
      vertex 93.8186 5.05 1.6
    endloop
  endfacet
  facet normal 0.659396 0.751796 -0
    outer loop
      vertex 90.7216 2.33396 0
      vertex 90.5151 2.51508 1.6
      vertex 90.7216 2.33396 1.6
    endloop
  endfacet
  facet normal 0.659396 0.751796 0
    outer loop
      vertex 90.5151 2.51508 1.6
      vertex 90.7216 2.33396 0
      vertex 90.5151 2.51508 0
    endloop
  endfacet
  facet normal -0.321433 -0.946932 0
    outer loop
      vertex 92.5435 6.02844 0
      vertex 92.8036 5.94015 1.6
      vertex 92.5435 6.02844 1.6
    endloop
  endfacet
  facet normal -0.321433 -0.946932 -0
    outer loop
      vertex 92.8036 5.94015 1.6
      vertex 92.5435 6.02844 0
      vertex 92.8036 5.94015 0
    endloop
  endfacet
  facet normal 0.321433 -0.946932 0
    outer loop
      vertex 91.1964 5.94015 0
      vertex 91.4565 6.02844 1.6
      vertex 91.1964 5.94015 1.6
    endloop
  endfacet
  facet normal 0.321433 -0.946932 0
    outer loop
      vertex 91.4565 6.02844 1.6
      vertex 91.1964 5.94015 0
      vertex 91.4565 6.02844 0
    endloop
  endfacet
  facet normal -0.997851 0.0655259 0
    outer loop
      vertex 94.082 3.72589 0
      vertex 94.1 4 1.6
      vertex 94.1 4 0
    endloop
  endfacet
  facet normal -0.997851 0.0655259 0
    outer loop
      vertex 94.1 4 1.6
      vertex 94.082 3.72589 0
      vertex 94.082 3.72589 1.6
    endloop
  endfacet
  facet normal -0.442256 -0.896889 0
    outer loop
      vertex 92.8036 5.94015 0
      vertex 93.05 5.81865 1.6
      vertex 92.8036 5.94015 1.6
    endloop
  endfacet
  facet normal -0.442256 -0.896889 -0
    outer loop
      vertex 93.05 5.81865 1.6
      vertex 92.8036 5.94015 0
      vertex 93.05 5.81865 0
    endloop
  endfacet
  facet normal 0.997851 0.0655259 0
    outer loop
      vertex 89.918 3.72589 1.6
      vertex 89.9 4 0
      vertex 89.9 4 1.6
    endloop
  endfacet
  facet normal 0.997851 0.0655259 0
    outer loop
      vertex 89.9 4 0
      vertex 89.918 3.72589 1.6
      vertex 89.918 3.72589 0
    endloop
  endfacet
  facet normal 0.946925 -0.321454 0
    outer loop
      vertex 89.9716 4.54352 1.6
      vertex 90.0599 4.80363 0
      vertex 90.0599 4.80363 1.6
    endloop
  endfacet
  facet normal 0.946925 -0.321454 0
    outer loop
      vertex 90.0599 4.80363 0
      vertex 89.9716 4.54352 1.6
      vertex 89.9716 4.54352 0
    endloop
  endfacet
  facet normal -0.751864 0.659319 0
    outer loop
      vertex 93.4849 2.51508 0
      vertex 93.666 2.7216 1.6
      vertex 93.666 2.7216 0
    endloop
  endfacet
  facet normal -0.751864 0.659319 0
    outer loop
      vertex 93.666 2.7216 1.6
      vertex 93.4849 2.51508 0
      vertex 93.4849 2.51508 1.6
    endloop
  endfacet
  facet normal 0.442256 -0.896889 0
    outer loop
      vertex 90.95 5.81865 0
      vertex 91.1964 5.94015 1.6
      vertex 90.95 5.81865 1.6
    endloop
  endfacet
  facet normal 0.442256 -0.896889 0
    outer loop
      vertex 91.1964 5.94015 1.6
      vertex 90.95 5.81865 0
      vertex 91.1964 5.94015 0
    endloop
  endfacet
  facet normal 0.980779 -0.195122 0
    outer loop
      vertex 89.918 4.2741 1.6
      vertex 89.9716 4.54352 0
      vertex 89.9716 4.54352 1.6
    endloop
  endfacet
  facet normal 0.980779 -0.195122 0
    outer loop
      vertex 89.9716 4.54352 0
      vertex 89.918 4.2741 1.6
      vertex 89.918 4.2741 0
    endloop
  endfacet
  facet normal -0.321433 0.946932 0
    outer loop
      vertex 92.8036 2.05985 0
      vertex 92.5435 1.97156 1.6
      vertex 92.8036 2.05985 1.6
    endloop
  endfacet
  facet normal -0.321433 0.946932 0
    outer loop
      vertex 92.5435 1.97156 1.6
      vertex 92.8036 2.05985 0
      vertex 92.5435 1.97156 0
    endloop
  endfacet
  facet normal 0.997851 -0.0655283 0
    outer loop
      vertex 89.9 4 1.6
      vertex 89.918 4.2741 0
      vertex 89.918 4.2741 1.6
    endloop
  endfacet
  facet normal 0.997851 -0.0655283 0
    outer loop
      vertex 89.918 4.2741 0
      vertex 89.9 4 1.6
      vertex 89.9 4 0
    endloop
  endfacet
  facet normal 0.831322 0.555792 0
    outer loop
      vertex 90.334 2.7216 1.6
      vertex 90.1813 2.95 0
      vertex 90.1813 2.95 1.6
    endloop
  endfacet
  facet normal 0.831322 0.555792 0
    outer loop
      vertex 90.1813 2.95 0
      vertex 90.334 2.7216 1.6
      vertex 90.334 2.7216 0
    endloop
  endfacet
  facet normal 0.321433 0.946932 -0
    outer loop
      vertex 91.4565 1.97156 0
      vertex 91.1964 2.05985 1.6
      vertex 91.4565 1.97156 1.6
    endloop
  endfacet
  facet normal 0.321433 0.946932 0
    outer loop
      vertex 91.1964 2.05985 1.6
      vertex 91.4565 1.97156 0
      vertex 91.1964 2.05985 0
    endloop
  endfacet
  facet normal -0.751864 -0.659319 0
    outer loop
      vertex 93.666 5.2784 0
      vertex 93.4849 5.48492 1.6
      vertex 93.4849 5.48492 0
    endloop
  endfacet
  facet normal -0.751864 -0.659319 0
    outer loop
      vertex 93.4849 5.48492 1.6
      vertex 93.666 5.2784 0
      vertex 93.666 5.2784 1.6
    endloop
  endfacet
  facet normal 0.897005 0.442021 0
    outer loop
      vertex 90.1813 2.95 1.6
      vertex 90.0599 3.19636 0
      vertex 90.0599 3.19636 1.6
    endloop
  endfacet
  facet normal 0.897005 0.442021 0
    outer loop
      vertex 90.0599 3.19636 0
      vertex 90.1813 2.95 1.6
      vertex 90.1813 2.95 0
    endloop
  endfacet
  facet normal -0.89686 0.442314 0
    outer loop
      vertex 93.8186 2.95 0
      vertex 93.9401 3.19636 1.6
      vertex 93.9401 3.19636 0
    endloop
  endfacet
  facet normal -0.89686 0.442314 0
    outer loop
      vertex 93.9401 3.19636 1.6
      vertex 93.8186 2.95 0
      vertex 93.8186 2.95 1.6
    endloop
  endfacet
  facet normal -0.555565 0.831473 0
    outer loop
      vertex 93.2784 2.33396 0
      vertex 93.05 2.18135 1.6
      vertex 93.2784 2.33396 1.6
    endloop
  endfacet
  facet normal -0.555565 0.831473 0
    outer loop
      vertex 93.05 2.18135 1.6
      vertex 93.2784 2.33396 0
      vertex 93.05 2.18135 0
    endloop
  endfacet
  facet normal -0.659396 0.751796 0
    outer loop
      vertex 93.4849 2.51508 0
      vertex 93.2784 2.33396 1.6
      vertex 93.4849 2.51508 1.6
    endloop
  endfacet
  facet normal -0.659396 0.751796 0
    outer loop
      vertex 93.2784 2.33396 1.6
      vertex 93.4849 2.51508 0
      vertex 93.2784 2.33396 0
    endloop
  endfacet
  facet normal 0 0 -1
    outer loop
      vertex 94.082 3.72589 1.6
      vertex 94.082 4.2741 1.6
      vertex 94.1 4 1.6
    endloop
  endfacet
  facet normal 0 0 -1
    outer loop
      vertex 94.0284 3.45648 1.6
      vertex 94.082 4.2741 1.6
      vertex 94.082 3.72589 1.6
    endloop
  endfacet
  facet normal 0 0 -1
    outer loop
      vertex 94.0284 3.45648 1.6
      vertex 94.0284 4.54352 1.6
      vertex 94.082 4.2741 1.6
    endloop
  endfacet
  facet normal 0 0 -1
    outer loop
      vertex 93.9401 3.19636 1.6
      vertex 94.0284 4.54352 1.6
      vertex 94.0284 3.45648 1.6
    endloop
  endfacet
  facet normal 0 0 -1
    outer loop
      vertex 93.9401 3.19636 1.6
      vertex 93.9401 4.80363 1.6
      vertex 94.0284 4.54352 1.6
    endloop
  endfacet
  facet normal 0 0 -1
    outer loop
      vertex 93.8186 2.95 1.6
      vertex 93.9401 4.80363 1.6
      vertex 93.9401 3.19636 1.6
    endloop
  endfacet
  facet normal 0 0 -1
    outer loop
      vertex 93.8186 2.95 1.6
      vertex 93.8186 5.05 1.6
      vertex 93.9401 4.80363 1.6
    endloop
  endfacet
  facet normal 0 0 -1
    outer loop
      vertex 93.666 2.7216 1.6
      vertex 93.8186 5.05 1.6
      vertex 93.8186 2.95 1.6
    endloop
  endfacet
  facet normal 0 0 -1
    outer loop
      vertex 93.666 2.7216 1.6
      vertex 93.666 5.2784 1.6
      vertex 93.8186 5.05 1.6
    endloop
  endfacet
  facet normal 0 0 -1
    outer loop
      vertex 93.4849 2.51508 1.6
      vertex 93.666 5.2784 1.6
      vertex 93.666 2.7216 1.6
    endloop
  endfacet
  facet normal 0 0 -1
    outer loop
      vertex 93.4849 2.51508 1.6
      vertex 93.4849 5.48492 1.6
      vertex 93.666 5.2784 1.6
    endloop
  endfacet
  facet normal 0 0 -1
    outer loop
      vertex 93.2784 2.33396 1.6
      vertex 93.4849 5.48492 1.6
      vertex 93.4849 2.51508 1.6
    endloop
  endfacet
  facet normal 0 0 -1
    outer loop
      vertex 93.2784 2.33396 1.6
      vertex 93.2784 5.66604 1.6
      vertex 93.4849 5.48492 1.6
    endloop
  endfacet
  facet normal 0 0 -1
    outer loop
      vertex 93.05 2.18135 1.6
      vertex 93.2784 5.66604 1.6
      vertex 93.2784 2.33396 1.6
    endloop
  endfacet
  facet normal 0 0 -1
    outer loop
      vertex 93.05 2.18135 1.6
      vertex 93.05 5.81865 1.6
      vertex 93.2784 5.66604 1.6
    endloop
  endfacet
  facet normal 0 0 -1
    outer loop
      vertex 92.8036 2.05985 1.6
      vertex 93.05 5.81865 1.6
      vertex 93.05 2.18135 1.6
    endloop
  endfacet
  facet normal 0 0 -1
    outer loop
      vertex 92.8036 2.05985 1.6
      vertex 92.8036 5.94015 1.6
      vertex 93.05 5.81865 1.6
    endloop
  endfacet
  facet normal 0 0 -1
    outer loop
      vertex 92.5435 1.97156 1.6
      vertex 92.8036 5.94015 1.6
      vertex 92.8036 2.05985 1.6
    endloop
  endfacet
  facet normal 0 0 -1
    outer loop
      vertex 92.5435 1.97156 1.6
      vertex 92.5435 6.02844 1.6
      vertex 92.8036 5.94015 1.6
    endloop
  endfacet
  facet normal 0 0 -1
    outer loop
      vertex 92.2741 1.91796 1.6
      vertex 92.5435 6.02844 1.6
      vertex 92.5435 1.97156 1.6
    endloop
  endfacet
  facet normal 0 0 -1
    outer loop
      vertex 92.2741 1.91796 1.6
      vertex 92.2741 6.08203 1.6
      vertex 92.5435 6.02844 1.6
    endloop
  endfacet
  facet normal 0 0 -1
    outer loop
      vertex 92 1.9 1.6
      vertex 92.2741 6.08203 1.6
      vertex 92.2741 1.91796 1.6
    endloop
  endfacet
  facet normal 0 0 -1
    outer loop
      vertex 92 1.9 1.6
      vertex 92 6.1 1.6
      vertex 92.2741 6.08203 1.6
    endloop
  endfacet
  facet normal 0 0 -1
    outer loop
      vertex 91.7259 1.91796 1.6
      vertex 92 6.1 1.6
      vertex 92 1.9 1.6
    endloop
  endfacet
  facet normal 0 0 -1
    outer loop
      vertex 91.7259 1.91796 1.6
      vertex 91.7259 6.08203 1.6
      vertex 92 6.1 1.6
    endloop
  endfacet
  facet normal 0 0 -1
    outer loop
      vertex 91.4565 1.97156 1.6
      vertex 91.7259 6.08203 1.6
      vertex 91.7259 1.91796 1.6
    endloop
  endfacet
  facet normal 0 0 -1
    outer loop
      vertex 91.4565 1.97156 1.6
      vertex 91.4565 6.02844 1.6
      vertex 91.7259 6.08203 1.6
    endloop
  endfacet
  facet normal 0 0 -1
    outer loop
      vertex 91.1964 2.05985 1.6
      vertex 91.4565 6.02844 1.6
      vertex 91.4565 1.97156 1.6
    endloop
  endfacet
  facet normal 0 0 -1
    outer loop
      vertex 91.1964 2.05985 1.6
      vertex 91.1964 5.94015 1.6
      vertex 91.4565 6.02844 1.6
    endloop
  endfacet
  facet normal 0 0 -1
    outer loop
      vertex 90.95 2.18135 1.6
      vertex 91.1964 5.94015 1.6
      vertex 91.1964 2.05985 1.6
    endloop
  endfacet
  facet normal 0 0 -1
    outer loop
      vertex 90.95 2.18135 1.6
      vertex 90.95 5.81865 1.6
      vertex 91.1964 5.94015 1.6
    endloop
  endfacet
  facet normal 0 0 -1
    outer loop
      vertex 90.7216 2.33396 1.6
      vertex 90.95 5.81865 1.6
      vertex 90.95 2.18135 1.6
    endloop
  endfacet
  facet normal 0 0 -1
    outer loop
      vertex 90.7216 2.33396 1.6
      vertex 90.7216 5.66604 1.6
      vertex 90.95 5.81865 1.6
    endloop
  endfacet
  facet normal 0 0 -1
    outer loop
      vertex 90.5151 2.51508 1.6
      vertex 90.7216 5.66604 1.6
      vertex 90.7216 2.33396 1.6
    endloop
  endfacet
  facet normal 0 0 -1
    outer loop
      vertex 90.5151 2.51508 1.6
      vertex 90.5151 5.48492 1.6
      vertex 90.7216 5.66604 1.6
    endloop
  endfacet
  facet normal 0 0 -1
    outer loop
      vertex 90.334 2.7216 1.6
      vertex 90.5151 5.48492 1.6
      vertex 90.5151 2.51508 1.6
    endloop
  endfacet
  facet normal 0 0 -1
    outer loop
      vertex 90.334 2.7216 1.6
      vertex 90.334 5.2784 1.6
      vertex 90.5151 5.48492 1.6
    endloop
  endfacet
  facet normal 0 0 -1
    outer loop
      vertex 90.1813 2.95 1.6
      vertex 90.334 5.2784 1.6
      vertex 90.334 2.7216 1.6
    endloop
  endfacet
  facet normal 0 0 -1
    outer loop
      vertex 90.1813 2.95 1.6
      vertex 90.1813 5.05 1.6
      vertex 90.334 5.2784 1.6
    endloop
  endfacet
  facet normal 0 0 -1
    outer loop
      vertex 90.0599 3.19636 1.6
      vertex 90.1813 5.05 1.6
      vertex 90.1813 2.95 1.6
    endloop
  endfacet
  facet normal 0 0 -1
    outer loop
      vertex 90.0599 3.19636 1.6
      vertex 90.0599 4.80363 1.6
      vertex 90.1813 5.05 1.6
    endloop
  endfacet
  facet normal 0 0 -1
    outer loop
      vertex 89.9716 3.45648 1.6
      vertex 90.0599 4.80363 1.6
      vertex 90.0599 3.19636 1.6
    endloop
  endfacet
  facet normal 0 0 -1
    outer loop
      vertex 89.9716 3.45648 1.6
      vertex 89.9716 4.54352 1.6
      vertex 90.0599 4.80363 1.6
    endloop
  endfacet
  facet normal 0 0 -1
    outer loop
      vertex 89.918 3.72589 1.6
      vertex 89.9716 4.54352 1.6
      vertex 89.9716 3.45648 1.6
    endloop
  endfacet
  facet normal 0 0 -1
    outer loop
      vertex 89.918 3.72589 1.6
      vertex 89.918 4.2741 1.6
      vertex 89.9716 4.54352 1.6
    endloop
  endfacet
  facet normal 0 -0 -1
    outer loop
      vertex 89.918 4.2741 1.6
      vertex 89.918 3.72589 1.6
      vertex 89.9 4 1.6
    endloop
  endfacet
  facet normal 0.831322 -0.555792 0
    outer loop
      vertex 90.1813 5.05 1.6
      vertex 90.334 5.2784 0
      vertex 90.334 5.2784 1.6
    endloop
  endfacet
  facet normal 0.831322 -0.555792 0
    outer loop
      vertex 90.334 5.2784 0
      vertex 90.1813 5.05 1.6
      vertex 90.1813 5.05 0
    endloop
  endfacet
  facet normal 0.897012 -0.442007 0
    outer loop
      vertex 90.0599 4.80363 1.6
      vertex 90.1813 5.05 0
      vertex 90.1813 5.05 1.6
    endloop
  endfacet
  facet normal 0.897012 -0.442007 0
    outer loop
      vertex 90.1813 5.05 0
      vertex 90.0599 4.80363 1.6
      vertex 90.0599 4.80363 0
    endloop
  endfacet
  facet normal 0.980778 0.195129 0
    outer loop
      vertex 89.9716 3.45648 1.6
      vertex 89.918 3.72589 0
      vertex 89.918 3.72589 1.6
    endloop
  endfacet
  facet normal 0.980778 0.195129 0
    outer loop
      vertex 89.918 3.72589 0
      vertex 89.9716 3.45648 1.6
      vertex 89.9716 3.45648 0
    endloop
  endfacet
  facet normal 0.659396 -0.751796 0
    outer loop
      vertex 90.5151 5.48492 0
      vertex 90.7216 5.66604 1.6
      vertex 90.5151 5.48492 1.6
    endloop
  endfacet
  facet normal 0.659396 -0.751796 0
    outer loop
      vertex 90.7216 5.66604 1.6
      vertex 90.5151 5.48492 0
      vertex 90.7216 5.66604 0
    endloop
  endfacet
  facet normal -0.195101 -0.980783 0
    outer loop
      vertex 92.2741 6.08203 0
      vertex 92.5435 6.02844 1.6
      vertex 92.2741 6.08203 1.6
    endloop
  endfacet
  facet normal -0.195101 -0.980783 -0
    outer loop
      vertex 92.5435 6.02844 1.6
      vertex 92.2741 6.08203 0
      vertex 92.5435 6.02844 0
    endloop
  endfacet
  facet normal -0.946929 0.321443 0
    outer loop
      vertex 93.9401 3.19636 0
      vertex 94.0284 3.45648 1.6
      vertex 94.0284 3.45648 0
    endloop
  endfacet
  facet normal -0.946929 0.321443 0
    outer loop
      vertex 94.0284 3.45648 1.6
      vertex 93.9401 3.19636 0
      vertex 93.9401 3.19636 1.6
    endloop
  endfacet
  facet normal 0.751864 0.659319 0
    outer loop
      vertex 90.5151 2.51508 1.6
      vertex 90.334 2.7216 0
      vertex 90.334 2.7216 1.6
    endloop
  endfacet
  facet normal 0.751864 0.659319 0
    outer loop
      vertex 90.334 2.7216 0
      vertex 90.5151 2.51508 1.6
      vertex 90.5151 2.51508 0
    endloop
  endfacet
  facet normal -0.659396 -0.751796 0
    outer loop
      vertex 93.2784 5.66604 0
      vertex 93.4849 5.48492 1.6
      vertex 93.2784 5.66604 1.6
    endloop
  endfacet
  facet normal -0.659396 -0.751796 -0
    outer loop
      vertex 93.4849 5.48492 1.6
      vertex 93.2784 5.66604 0
      vertex 93.4849 5.48492 0
    endloop
  endfacet
  facet normal -0.0654196 -0.997858 0
    outer loop
      vertex 92 6.1 0
      vertex 92.2741 6.08203 1.6
      vertex 92 6.1 1.6
    endloop
  endfacet
  facet normal -0.0654196 -0.997858 -0
    outer loop
      vertex 92.2741 6.08203 1.6
      vertex 92 6.1 0
      vertex 92.2741 6.08203 0
    endloop
  endfacet
  facet normal 0.195136 0.980776 -0
    outer loop
      vertex 91.7259 1.91796 0
      vertex 91.4565 1.97156 1.6
      vertex 91.7259 1.91796 1.6
    endloop
  endfacet
  facet normal 0.195136 0.980776 0
    outer loop
      vertex 91.4565 1.97156 1.6
      vertex 91.7259 1.91796 0
      vertex 91.4565 1.97156 0
    endloop
  endfacet
  facet normal 0.442256 0.896889 -0
    outer loop
      vertex 91.1964 2.05985 0
      vertex 90.95 2.18135 1.6
      vertex 91.1964 2.05985 1.6
    endloop
  endfacet
  facet normal 0.442256 0.896889 0
    outer loop
      vertex 90.95 2.18135 1.6
      vertex 91.1964 2.05985 0
      vertex 90.95 2.18135 0
    endloop
  endfacet
  facet normal -1 0 0
    outer loop
      vertex 52.77 -2.4 10.12
      vertex 52.77 -1.2 10.4
      vertex 52.77 -1.2 10.12
    endloop
  endfacet
  facet normal -1 -0 0
    outer loop
      vertex 52.77 -1.2 10.4
      vertex 52.77 -2.4 10.12
      vertex 52.77 -2.4 10.4
    endloop
  endfacet
  facet normal 0 0 -1
    outer loop
      vertex 47.372 -2.36855 10.12
      vertex 47.8485 -2.4 10.12
      vertex 47.395 -2.37007 10.12
    endloop
  endfacet
  facet normal 0 0 1
    outer loop
      vertex 43.23 -2.4 10.12
      vertex 46.8116 -2.25821 10.12
      vertex 46.7219 -2.24053 10.12
    endloop
  endfacet
  facet normal 0 0 1
    outer loop
      vertex 43.23 -2.4 10.12
      vertex 45.6247 -1.83585 10.12
      vertex 45.246 -1.66681 10.12
    endloop
  endfacet
  facet normal 0 0 1
    outer loop
      vertex 43.23 -2.4 10.12
      vertex 44.4682 -1.23066 10.12
      vertex 44.4135 -1.2 10.12
    endloop
  endfacet
  facet normal 0 0 1
    outer loop
      vertex 43.23 -2.4 10.12
      vertex 44.4135 -1.2 10.12
      vertex 43.23 -1.2 10.12
    endloop
  endfacet
  facet normal 0 0 1
    outer loop
      vertex 44.4682 -1.23066 10.12
      vertex 43.23 -2.4 10.12
      vertex 45.246 -1.66681 10.12
    endloop
  endfacet
  facet normal 0 0 1
    outer loop
      vertex 45.6247 -1.83585 10.12
      vertex 43.23 -2.4 10.12
      vertex 46.0242 -2.01418 10.12
    endloop
  endfacet
  facet normal 0 0 1
    outer loop
      vertex 46.0242 -2.01418 10.12
      vertex 43.23 -2.4 10.12
      vertex 46.5979 -2.2003 10.12
    endloop
  endfacet
  facet normal 0 0 1
    outer loop
      vertex 47.372 -2.36855 10.12
      vertex 43.23 -2.4 10.12
      vertex 47.8485 -2.4 10.12
    endloop
  endfacet
  facet normal 0 0 1
    outer loop
      vertex 46.8116 -2.25821 10.12
      vertex 43.23 -2.4 10.12
      vertex 47.372 -2.36855 10.12
    endloop
  endfacet
  facet normal 0 0 1
    outer loop
      vertex 46.5979 -2.2003 10.12
      vertex 43.23 -2.4 10.12
      vertex 46.7219 -2.24053 10.12
    endloop
  endfacet
  facet normal -0 0 1
    outer loop
      vertex 51.5864 -1.2 10.12
      vertex 52.77 -2.4 10.12
      vertex 52.77 -1.2 10.12
    endloop
  endfacet
  facet normal -0 0 1
    outer loop
      vertex 51.5318 -1.23066 10.12
      vertex 52.77 -2.4 10.12
      vertex 51.5864 -1.2 10.12
    endloop
  endfacet
  facet normal -0 0 1
    outer loop
      vertex 50.754 -1.66681 10.12
      vertex 52.77 -2.4 10.12
      vertex 51.5318 -1.23066 10.12
    endloop
  endfacet
  facet normal -0 0 1
    outer loop
      vertex 50.3753 -1.83585 10.12
      vertex 52.77 -2.4 10.12
      vertex 50.754 -1.66681 10.12
    endloop
  endfacet
  facet normal -0 0 1
    outer loop
      vertex 49.9758 -2.01418 10.12
      vertex 52.77 -2.4 10.12
      vertex 50.3753 -1.83585 10.12
    endloop
  endfacet
  facet normal -0 0 1
    outer loop
      vertex 49.4021 -2.2003 10.12
      vertex 52.77 -2.4 10.12
      vertex 49.9758 -2.01418 10.12
    endloop
  endfacet
  facet normal -0 0 1
    outer loop
      vertex 49.2781 -2.24053 10.12
      vertex 52.77 -2.4 10.12
      vertex 49.4021 -2.2003 10.12
    endloop
  endfacet
  facet normal -0 0 1
    outer loop
      vertex 49.1884 -2.25821 10.12
      vertex 52.77 -2.4 10.12
      vertex 49.2781 -2.24053 10.12
    endloop
  endfacet
  facet normal -0 0 1
    outer loop
      vertex 48.628 -2.36855 10.12
      vertex 52.77 -2.4 10.12
      vertex 49.1884 -2.25821 10.12
    endloop
  endfacet
  facet normal -0 0 1
    outer loop
      vertex 48.605 -2.37007 10.12
      vertex 52.77 -2.4 10.12
      vertex 48.628 -2.36855 10.12
    endloop
  endfacet
  facet normal 0 0 1
    outer loop
      vertex 52.77 -2.4 10.12
      vertex 48.605 -2.37007 10.12
      vertex 48.1515 -2.4 10.12
    endloop
  endfacet
  facet normal 1 -0 0
    outer loop
      vertex 43.23 -2.4 10.4
      vertex 43.23 -1.2 10.12
      vertex 43.23 -1.2 10.4
    endloop
  endfacet
  facet normal 1 0 0
    outer loop
      vertex 43.23 -1.2 10.12
      vertex 43.23 -2.4 10.4
      vertex 43.23 -2.4 10.12
    endloop
  endfacet
  facet normal -1 0 0
    outer loop
      vertex 54.77 -1.2 9.12
      vertex 54.77 -0.4 10.4
      vertex 54.77 -0.4 9.12
    endloop
  endfacet
  facet normal -1 -0 0
    outer loop
      vertex 54.77 -0.4 10.4
      vertex 54.77 -1.2 9.12
      vertex 54.77 -1.2 10.4
    endloop
  endfacet
  facet normal -0 0 1
    outer loop
      vertex 41.23 -0.4 9.12
      vertex 54.77 -1.2 9.12
      vertex 54.77 -0.4 9.12
    endloop
  endfacet
  facet normal 0 0 1
    outer loop
      vertex 54.77 -1.2 9.12
      vertex 41.23 -0.4 9.12
      vertex 41.23 -1.2 9.12
    endloop
  endfacet
  facet normal 1 -0 0
    outer loop
      vertex 41.23 -1.2 10.4
      vertex 41.23 -0.4 9.12
      vertex 41.23 -0.4 10.4
    endloop
  endfacet
  facet normal 1 0 0
    outer loop
      vertex 41.23 -0.4 9.12
      vertex 41.23 -1.2 10.4
      vertex 41.23 -1.2 9.12
    endloop
  endfacet
  facet normal 0 1 0
    outer loop
      vertex 54.77 -1.2 10.4
      vertex 52.77 -1.2 10.12
      vertex 52.77 -1.2 10.4
    endloop
  endfacet
  facet normal 0 1 0
    outer loop
      vertex 52.77 -1.2 10.12
      vertex 51.5616 -1.2 10.1133
      vertex 51.5864 -1.2 10.12
    endloop
  endfacet
  facet normal 0 1 0
    outer loop
      vertex 52.77 -1.2 10.12
      vertex 50.9857 -1.2 9.95759
      vertex 51.5616 -1.2 10.1133
    endloop
  endfacet
  facet normal 0 1 0
    outer loop
      vertex 54.77 -1.2 9.12
      vertex 50.9857 -1.2 9.95759
      vertex 52.77 -1.2 10.12
    endloop
  endfacet
  facet normal 0 1 0
    outer loop
      vertex 50.9857 -1.2 9.95759
      vertex 54.77 -1.2 9.12
      vertex 50.3645 -1.2 9.83364
    endloop
  endfacet
  facet normal 0 1 0
    outer loop
      vertex 50.3645 -1.2 9.83364
      vertex 54.77 -1.2 9.12
      vertex 50.2852 -1.2 9.81781
    endloop
  endfacet
  facet normal 0 1 0
    outer loop
      vertex 50.2852 -1.2 9.81781
      vertex 54.77 -1.2 9.12
      vertex 50.2014 -1.2 9.8063
    endloop
  endfacet
  facet normal 0 1 0
    outer loop
      vertex 48.0883 -1.2 9.63623
      vertex 54.77 -1.2 9.12
      vertex 48 -1.2 9.63389
    endloop
  endfacet
  facet normal 0 1 0
    outer loop
      vertex 48.7794 -1.2 9.65456
      vertex 54.77 -1.2 9.12
      vertex 48.0883 -1.2 9.63623
    endloop
  endfacet
  facet normal 0 1 0
    outer loop
      vertex 48.8662 -1.2 9.66155
      vertex 54.77 -1.2 9.12
      vertex 48.7794 -1.2 9.65456
    endloop
  endfacet
  facet normal 0 1 0
    outer loop
      vertex 49.5455 -1.2 9.71622
      vertex 54.77 -1.2 9.12
      vertex 48.8662 -1.2 9.66155
    endloop
  endfacet
  facet normal 0 1 0
    outer loop
      vertex 50.2014 -1.2 9.8063
      vertex 54.77 -1.2 9.12
      vertex 49.5455 -1.2 9.71622
    endloop
  endfacet
  facet normal 0 1 -0
    outer loop
      vertex 54.77 -1.2 9.12
      vertex 52.77 -1.2 10.12
      vertex 54.77 -1.2 10.4
    endloop
  endfacet
  facet normal 0 1 0
    outer loop
      vertex 44.4135 -1.2 10.12
      vertex 44.4384 -1.2 10.1133
      vertex 43.23 -1.2 10.12
    endloop
  endfacet
  facet normal 0 1 -0
    outer loop
      vertex 43.23 -1.2 10.12
      vertex 41.23 -1.2 10.4
      vertex 43.23 -1.2 10.4
    endloop
  endfacet
  facet normal 0 1 0
    outer loop
      vertex 45.0143 -1.2 9.95759
      vertex 43.23 -1.2 10.12
      vertex 44.4384 -1.2 10.1133
    endloop
  endfacet
  facet normal 0 1 0
    outer loop
      vertex 41.23 -1.2 9.12
      vertex 45.0143 -1.2 9.95759
      vertex 45.6355 -1.2 9.83364
    endloop
  endfacet
  facet normal 0 1 0
    outer loop
      vertex 41.23 -1.2 9.12
      vertex 45.6355 -1.2 9.83364
      vertex 45.7148 -1.2 9.81781
    endloop
  endfacet
  facet normal 0 1 0
    outer loop
      vertex 41.23 -1.2 9.12
      vertex 45.7148 -1.2 9.81781
      vertex 45.7986 -1.2 9.8063
    endloop
  endfacet
  facet normal 0 1 0
    outer loop
      vertex 41.23 -1.2 9.12
      vertex 45.7986 -1.2 9.8063
      vertex 46.4545 -1.2 9.71622
    endloop
  endfacet
  facet normal 0 1 0
    outer loop
      vertex 41.23 -1.2 9.12
      vertex 48 -1.2 9.63389
      vertex 54.77 -1.2 9.12
    endloop
  endfacet
  facet normal 0 1 0
    outer loop
      vertex 48 -1.2 9.63389
      vertex 41.23 -1.2 9.12
      vertex 47.9117 -1.2 9.63623
    endloop
  endfacet
  facet normal 0 1 0
    outer loop
      vertex 43.23 -1.2 10.12
      vertex 41.23 -1.2 9.12
      vertex 41.23 -1.2 10.4
    endloop
  endfacet
  facet normal 0 1 0
    outer loop
      vertex 45.0143 -1.2 9.95759
      vertex 41.23 -1.2 9.12
      vertex 43.23 -1.2 10.12
    endloop
  endfacet
  facet normal 0 1 0
    outer loop
      vertex 47.1338 -1.2 9.66155
      vertex 41.23 -1.2 9.12
      vertex 46.4545 -1.2 9.71622
    endloop
  endfacet
  facet normal 0 1 0
    outer loop
      vertex 47.2206 -1.2 9.65456
      vertex 41.23 -1.2 9.12
      vertex 47.1338 -1.2 9.66155
    endloop
  endfacet
  facet normal 0 1 0
    outer loop
      vertex 47.9117 -1.2 9.63623
      vertex 41.23 -1.2 9.12
      vertex 47.2206 -1.2 9.65456
    endloop
  endfacet
  facet normal -0.0246289 0.372673 0.927636
    outer loop
      vertex 48.7794 -1.2 9.65456
      vertex 48.605 -2.37007 10.12
      vertex 48.628 -2.36855 10.12
    endloop
  endfacet
  facet normal -0.0246037 0.37267 0.927638
    outer loop
      vertex 48.605 -2.37007 10.12
      vertex 48.7794 -1.2 9.65456
      vertex 48.0883 -1.2 9.63623
    endloop
  endfacet
  facet normal -0.236542 0.42124 0.87556
    outer loop
      vertex 51.5864 -1.2 10.12
      vertex 51.5616 -1.2 10.1133
      vertex 51.5318 -1.23066 10.12
    endloop
  endfacet
  facet normal 0.179198 0.401457 0.898176
    outer loop
      vertex 45.6355 -1.2 9.83364
      vertex 45.246 -1.66681 10.12
      vertex 45.6247 -1.83585 10.12
    endloop
  endfacet
  facet normal 0.179216 0.401443 0.898179
    outer loop
      vertex 45.246 -1.66681 10.12
      vertex 45.6355 -1.2 9.83364
      vertex 45.0143 -1.2 9.95759
    endloop
  endfacet
  facet normal -0.0743379 0.377286 0.923109
    outer loop
      vertex 48.7794 -1.2 9.65456
      vertex 49.1884 -2.25821 10.12
      vertex 48.8662 -1.2 9.66155
    endloop
  endfacet
  facet normal -0.0742891 0.377303 0.923105
    outer loop
      vertex 49.1884 -2.25821 10.12
      vertex 48.7794 -1.2 9.65456
      vertex 48.628 -2.36855 10.12
    endloop
  endfacet
  facet normal -0.179216 0.401443 0.898179
    outer loop
      vertex 50.3645 -1.2 9.83364
      vertex 50.754 -1.66681 10.12
      vertex 50.9857 -1.2 9.95759
    endloop
  endfacet
  facet normal -0.179198 0.401457 0.898176
    outer loop
      vertex 50.754 -1.66681 10.12
      vertex 50.3645 -1.2 9.83364
      vertex 50.3753 -1.83585 10.12
    endloop
  endfacet
  facet normal 0.125477 0.386774 0.913598
    outer loop
      vertex 45.7986 -1.2 9.8063
      vertex 46.0242 -2.01418 10.12
      vertex 46.5979 -2.2003 10.12
    endloop
  endfacet
  facet normal 0.125483 0.386775 0.913597
    outer loop
      vertex 46.0242 -2.01418 10.12
      vertex 45.7986 -1.2 9.8063
      vertex 45.7148 -1.2 9.81781
    endloop
  endfacet
  facet normal 0.0743379 0.377286 0.923109
    outer loop
      vertex 46.8116 -2.25821 10.12
      vertex 47.2206 -1.2 9.65456
      vertex 47.1338 -1.2 9.66155
    endloop
  endfacet
  facet normal 0.0742891 0.377303 0.923105
    outer loop
      vertex 47.2206 -1.2 9.65456
      vertex 46.8116 -2.25821 10.12
      vertex 47.372 -2.36855 10.12
    endloop
  endfacet
  facet normal -0.125483 0.386775 0.913597
    outer loop
      vertex 50.2014 -1.2 9.8063
      vertex 49.9758 -2.01418 10.12
      vertex 50.2852 -1.2 9.81781
    endloop
  endfacet
  facet normal -0.125477 0.386774 0.913598
    outer loop
      vertex 49.9758 -2.01418 10.12
      vertex 50.2014 -1.2 9.8063
      vertex 49.4021 -2.2003 10.12
    endloop
  endfacet
  facet normal 0.179292 0.401449 0.898161
    outer loop
      vertex 45.6247 -1.83585 10.12
      vertex 45.7148 -1.2 9.81781
      vertex 45.6355 -1.2 9.83364
    endloop
  endfacet
  facet normal 0.179207 0.401465 0.898171
    outer loop
      vertex 45.7148 -1.2 9.81781
      vertex 45.6247 -1.83585 10.12
      vertex 46.0242 -2.01418 10.12
    endloop
  endfacet
  facet normal 0.236598 0.421934 0.87521
    outer loop
      vertex 45.0143 -1.2 9.95759
      vertex 44.4682 -1.23066 10.12
      vertex 45.246 -1.66681 10.12
    endloop
  endfacet
  facet normal 0.236702 0.421372 0.875453
    outer loop
      vertex 44.4682 -1.23066 10.12
      vertex 45.0143 -1.2 9.95759
      vertex 44.4384 -1.2 10.1133
    endloop
  endfacet
  facet normal -0.0742914 0.377305 0.923105
    outer loop
      vertex 48.8662 -1.2 9.66155
      vertex 49.2781 -2.24053 10.12
      vertex 49.5455 -1.2 9.71622
    endloop
  endfacet
  facet normal -0.0743622 0.377279 0.923109
    outer loop
      vertex 49.2781 -2.24053 10.12
      vertex 48.8662 -1.2 9.66155
      vertex 49.1884 -2.25821 10.12
    endloop
  endfacet
  facet normal -0.179292 0.401449 0.898161
    outer loop
      vertex 50.2852 -1.2 9.81781
      vertex 50.3753 -1.83585 10.12
      vertex 50.3645 -1.2 9.83364
    endloop
  endfacet
  facet normal -0.179207 0.401465 0.898171
    outer loop
      vertex 50.3753 -1.83585 10.12
      vertex 50.2852 -1.2 9.81781
      vertex 49.9758 -2.01418 10.12
    endloop
  endfacet
  facet normal 0.0245828 0.372684 0.927633
    outer loop
      vertex 47.9117 -1.2 9.63623
      vertex 48 -2.4 10.116
      vertex 48 -1.2 9.63389
    endloop
  endfacet
  facet normal 0.0244921 0.372679 0.927637
    outer loop
      vertex 47.9117 -1.2 9.63623
      vertex 47.8485 -2.4 10.12
      vertex 48 -2.4 10.116
    endloop
  endfacet
  facet normal 0.0245956 0.372674 0.927637
    outer loop
      vertex 47.8485 -2.4 10.12
      vertex 47.9117 -1.2 9.63623
      vertex 47.395 -2.37007 10.12
    endloop
  endfacet
  facet normal -0.125472 0.38677 0.9136
    outer loop
      vertex 49.5455 -1.2 9.71622
      vertex 49.4021 -2.2003 10.12
      vertex 50.2014 -1.2 9.8063
    endloop
  endfacet
  facet normal -0.125482 0.386771 0.913599
    outer loop
      vertex 49.4021 -2.2003 10.12
      vertex 49.5455 -1.2 9.71622
      vertex 49.2781 -2.24053 10.12
    endloop
  endfacet
  facet normal 0.0743622 0.377279 0.923109
    outer loop
      vertex 47.1338 -1.2 9.66155
      vertex 46.7219 -2.24053 10.12
      vertex 46.8116 -2.25821 10.12
    endloop
  endfacet
  facet normal 0.0742914 0.377305 0.923105
    outer loop
      vertex 46.7219 -2.24053 10.12
      vertex 47.1338 -1.2 9.66155
      vertex 46.4545 -1.2 9.71622
    endloop
  endfacet
  facet normal -0.236702 0.421372 0.875453
    outer loop
      vertex 50.9857 -1.2 9.95759
      vertex 51.5318 -1.23066 10.12
      vertex 51.5616 -1.2 10.1133
    endloop
  endfacet
  facet normal -0.236598 0.421934 0.87521
    outer loop
      vertex 51.5318 -1.23066 10.12
      vertex 50.9857 -1.2 9.95759
      vertex 50.754 -1.66681 10.12
    endloop
  endfacet
  facet normal 0.0246037 0.37267 0.927638
    outer loop
      vertex 47.2206 -1.2 9.65456
      vertex 47.395 -2.37007 10.12
      vertex 47.9117 -1.2 9.63623
    endloop
  endfacet
  facet normal 0.0246289 0.372673 0.927636
    outer loop
      vertex 47.395 -2.37007 10.12
      vertex 47.2206 -1.2 9.65456
      vertex 47.372 -2.36855 10.12
    endloop
  endfacet
  facet normal 0.235737 0.420574 0.876097
    outer loop
      vertex 44.4682 -1.23066 10.12
      vertex 44.4384 -1.2 10.1133
      vertex 44.4135 -1.2 10.12
    endloop
  endfacet
  facet normal -0.0245956 0.372674 0.927637
    outer loop
      vertex 48.0883 -1.2 9.63623
      vertex 48.1515 -2.4 10.12
      vertex 48.605 -2.37007 10.12
    endloop
  endfacet
  facet normal -0.0245828 0.372684 0.927633
    outer loop
      vertex 48 -2.4 10.116
      vertex 48.0883 -1.2 9.63623
      vertex 48 -1.2 9.63389
    endloop
  endfacet
  facet normal -0.0244921 0.372679 0.927637
    outer loop
      vertex 48.0883 -1.2 9.63623
      vertex 48 -2.4 10.116
      vertex 48.1515 -2.4 10.12
    endloop
  endfacet
  facet normal 0.125482 0.386771 0.913599
    outer loop
      vertex 46.4545 -1.2 9.71622
      vertex 46.5979 -2.2003 10.12
      vertex 46.7219 -2.24053 10.12
    endloop
  endfacet
  facet normal 0.125472 0.38677 0.9136
    outer loop
      vertex 46.5979 -2.2003 10.12
      vertex 46.4545 -1.2 9.71622
      vertex 45.7986 -1.2 9.8063
    endloop
  endfacet
  facet normal 0 -1 0
    outer loop
      vertex 66 13.5 1.8
      vertex 68 13.5 3.8
      vertex 66 13.5 3.8
    endloop
  endfacet
  facet normal 0 -1 -0
    outer loop
      vertex 68 13.5 3.8
      vertex 66 13.5 1.8
      vertex 68 13.5 1.8
    endloop
  endfacet
  facet normal 0 1 -0
    outer loop
      vertex 68 10.5 1.8
      vertex 66 10.5 3.8
      vertex 68 10.5 3.8
    endloop
  endfacet
  facet normal 0 1 0
    outer loop
      vertex 66 10.5 3.8
      vertex 68 10.5 1.8
      vertex 66 10.5 1.8
    endloop
  endfacet
  facet normal -0 0 -1
    outer loop
      vertex 86.6462 38.2952 4.8
      vertex 86 37.75 4.8
      vertex 86.6 39 4.8
    endloop
  endfacet
  facet normal 0 0 -1
    outer loop
      vertex 86 37.75 4.8
      vertex 86.6462 38.2952 4.8
      vertex 86.7546 37.75 4.8
    endloop
  endfacet
  facet normal 0 0 -1
    outer loop
      vertex 86 40.25 4.8
      vertex 86.6 39 4.8
      vertex 86 37.75 4.8
    endloop
  endfacet
  facet normal 0 0 -1
    outer loop
      vertex 86.6 39 4.8
      vertex 86 40.25 4.8
      vertex 86.6462 39.7048 4.8
    endloop
  endfacet
  facet normal 0 0 -1
    outer loop
      vertex 86.6462 39.7048 4.8
      vertex 86 40.25 4.8
      vertex 86.7546 40.25 4.8
    endloop
  endfacet
  facet normal 1 -0 0
    outer loop
      vertex 86 37.75 4.8
      vertex 86 40.25 1.8
      vertex 86 40.25 4.8
    endloop
  endfacet
  facet normal 1 0 0
    outer loop
      vertex 86 40.25 1.8
      vertex 86 37.75 4.8
      vertex 86 37.75 1.8
    endloop
  endfacet
  facet normal 0 -1 0
    outer loop
      vertex 86 40.25 1.8
      vertex 86.7546 40.25 4.8
      vertex 86 40.25 4.8
    endloop
  endfacet
  facet normal 0 -1 -0
    outer loop
      vertex 86.7546 40.25 4.8
      vertex 86 40.25 1.8
      vertex 86.7546 40.25 1.8
    endloop
  endfacet
  facet normal 0 1 -0
    outer loop
      vertex 86.7546 37.75 1.8
      vertex 86 37.75 4.8
      vertex 86.7546 37.75 4.8
    endloop
  endfacet
  facet normal 0 1 0
    outer loop
      vertex 86 37.75 4.8
      vertex 86.7546 37.75 1.8
      vertex 86 37.75 1.8
    endloop
  endfacet
  facet normal 0 0 -1
    outer loop
      vertex 75.72 11.492 0.599999
      vertex 77.72 13.492 0.599999
      vertex 77.7029 13.231 0.599999
    endloop
  endfacet
  facet normal -0 0 -1
    outer loop
      vertex 77.72 13.492 0.599999
      vertex 75.72 11.492 0.599999
      vertex 77.72 36.508 0.599999
    endloop
  endfacet
  facet normal 0 0 -1
    outer loop
      vertex 75.72 11.492 0.599999
      vertex 77.7029 13.231 0.599999
      vertex 77.6518 12.9744 0.599999
    endloop
  endfacet
  facet normal 0 0 -1
    outer loop
      vertex 75.72 38.508 0.599999
      vertex 77.72 36.508 0.599999
      vertex 75.72 11.492 0.599999
    endloop
  endfacet
  facet normal 0 0 -1
    outer loop
      vertex 75.72 11.492 0.599999
      vertex 77.6518 12.9744 0.599999
      vertex 77.5677 12.7266 0.599999
    endloop
  endfacet
  facet normal 0 0 -1
    outer loop
      vertex 77.72 36.508 0.599999
      vertex 75.72 38.508 0.599999
      vertex 77.7029 36.769 0.599999
    endloop
  endfacet
  facet normal 0 0 -1
    outer loop
      vertex 75.72 11.492 0.599999
      vertex 77.5677 12.7266 0.599999
      vertex 77.452 12.492 0.599999
    endloop
  endfacet
  facet normal 0 0 -1
    outer loop
      vertex 77.7029 36.769 0.599999
      vertex 75.72 38.508 0.599999
      vertex 77.6518 37.0256 0.599999
    endloop
  endfacet
  facet normal 0 0 -1
    outer loop
      vertex 75.72 11.492 0.599999
      vertex 77.452 12.492 0.599999
      vertex 77.3067 12.2745 0.599999
    endloop
  endfacet
  facet normal 0 0 -1
    outer loop
      vertex 77.6518 37.0256 0.599999
      vertex 75.72 38.508 0.599999
      vertex 77.5677 37.2734 0.599999
    endloop
  endfacet
  facet normal 0 0 -1
    outer loop
      vertex 75.72 11.492 0.599999
      vertex 77.3067 12.2745 0.599999
      vertex 77.1342 12.0778 0.599999
    endloop
  endfacet
  facet normal 0 0 -1
    outer loop
      vertex 77.5677 37.2734 0.599999
      vertex 75.72 38.508 0.599999
      vertex 77.452 37.508 0.599999
    endloop
  endfacet
  facet normal 0 0 -1
    outer loop
      vertex 75.72 11.492 0.599999
      vertex 77.1342 12.0778 0.599999
      vertex 76.9375 11.9053 0.599999
    endloop
  endfacet
  facet normal 0 0 -1
    outer loop
      vertex 77.452 37.508 0.599999
      vertex 75.72 38.508 0.599999
      vertex 77.3067 37.7255 0.599999
    endloop
  endfacet
  facet normal 0 0 -1
    outer loop
      vertex 75.72 11.492 0.599999
      vertex 76.9375 11.9053 0.599999
      vertex 76.72 11.7599 0.599999
    endloop
  endfacet
  facet normal 0 0 -1
    outer loop
      vertex 77.3067 37.7255 0.599999
      vertex 75.72 38.508 0.599999
      vertex 77.1342 37.9222 0.599999
    endloop
  endfacet
  facet normal 0 0 -1
    outer loop
      vertex 75.72 11.492 0.599999
      vertex 76.72 11.7599 0.599999
      vertex 76.4854 11.6442 0.599999
    endloop
  endfacet
  facet normal 0 0 -1
    outer loop
      vertex 77.1342 37.9222 0.599999
      vertex 75.72 38.508 0.599999
      vertex 76.9375 38.0947 0.599999
    endloop
  endfacet
  facet normal 0 0 -1
    outer loop
      vertex 75.72 11.492 0.599999
      vertex 76.4854 11.6442 0.599999
      vertex 76.2376 11.5602 0.599999
    endloop
  endfacet
  facet normal 0 0 -1
    outer loop
      vertex 76.9375 38.0947 0.599999
      vertex 75.72 38.508 0.599999
      vertex 76.72 38.2401 0.599999
    endloop
  endfacet
  facet normal 0 0 -1
    outer loop
      vertex 75.72 11.492 0.599999
      vertex 76.2376 11.5602 0.599999
      vertex 75.981 11.5091 0.599999
    endloop
  endfacet
  facet normal 0 0 -1
    outer loop
      vertex 76.72 38.2401 0.599999
      vertex 75.72 38.508 0.599999
      vertex 76.4854 38.3558 0.599999
    endloop
  endfacet
  facet normal 0 0 -1
    outer loop
      vertex 76.4854 38.3558 0.599999
      vertex 75.72 38.508 0.599999
      vertex 76.2376 38.4398 0.599999
    endloop
  endfacet
  facet normal 0 0 -1
    outer loop
      vertex 76.2376 38.4398 0.599999
      vertex 75.72 38.508 0.599999
      vertex 75.981 38.4909 0.599999
    endloop
  endfacet
  facet normal 0 0 -1
    outer loop
      vertex 20.28 11.492 0.599999
      vertex 75.72 38.508 0.599999
      vertex 75.72 11.492 0.599999
    endloop
  endfacet
  facet normal 0 0 -1
    outer loop
      vertex 20.28 11.492 0.599999
      vertex 20.28 38.508 0.599999
      vertex 75.72 38.508 0.599999
    endloop
  endfacet
  facet normal 0 0 -1
    outer loop
      vertex 18.28 13.492 0.599999
      vertex 20.28 11.492 0.599999
      vertex 20.019 11.5091 0.599999
    endloop
  endfacet
  facet normal 0 0 -1
    outer loop
      vertex 20.28 11.492 0.599999
      vertex 18.28 13.492 0.599999
      vertex 20.28 38.508 0.599999
    endloop
  endfacet
  facet normal 0 0 -1
    outer loop
      vertex 18.28 13.492 0.599999
      vertex 20.019 11.5091 0.599999
      vertex 19.7624 11.5602 0.599999
    endloop
  endfacet
  facet normal 0 0 -1
    outer loop
      vertex 18.28 36.508 0.599999
      vertex 20.28 38.508 0.599999
      vertex 18.28 13.492 0.599999
    endloop
  endfacet
  facet normal 0 0 -1
    outer loop
      vertex 18.28 13.492 0.599999
      vertex 19.7624 11.5602 0.599999
      vertex 19.5146 11.6442 0.599999
    endloop
  endfacet
  facet normal 0 0 -1
    outer loop
      vertex 20.28 38.508 0.599999
      vertex 18.28 36.508 0.599999
      vertex 20.019 38.4909 0.599999
    endloop
  endfacet
  facet normal 0 0 -1
    outer loop
      vertex 18.28 13.492 0.599999
      vertex 19.5146 11.6442 0.599999
      vertex 19.28 11.7599 0.599999
    endloop
  endfacet
  facet normal 0 0 -1
    outer loop
      vertex 20.019 38.4909 0.599999
      vertex 18.28 36.508 0.599999
      vertex 19.7624 38.4398 0.599999
    endloop
  endfacet
  facet normal 0 0 -1
    outer loop
      vertex 18.28 13.492 0.599999
      vertex 19.28 11.7599 0.599999
      vertex 19.0625 11.9053 0.599999
    endloop
  endfacet
  facet normal 0 0 -1
    outer loop
      vertex 19.7624 38.4398 0.599999
      vertex 18.28 36.508 0.599999
      vertex 19.5146 38.3558 0.599999
    endloop
  endfacet
  facet normal 0 0 -1
    outer loop
      vertex 18.28 13.492 0.599999
      vertex 19.0625 11.9053 0.599999
      vertex 18.8658 12.0778 0.599999
    endloop
  endfacet
  facet normal 0 0 -1
    outer loop
      vertex 19.5146 38.3558 0.599999
      vertex 18.28 36.508 0.599999
      vertex 19.28 38.2401 0.599999
    endloop
  endfacet
  facet normal 0 0 -1
    outer loop
      vertex 18.28 13.492 0.599999
      vertex 18.8658 12.0778 0.599999
      vertex 18.6933 12.2745 0.599999
    endloop
  endfacet
  facet normal 0 0 -1
    outer loop
      vertex 19.28 38.2401 0.599999
      vertex 18.28 36.508 0.599999
      vertex 19.0625 38.0947 0.599999
    endloop
  endfacet
  facet normal 0 0 -1
    outer loop
      vertex 18.28 13.492 0.599999
      vertex 18.6933 12.2745 0.599999
      vertex 18.548 12.492 0.599999
    endloop
  endfacet
  facet normal 0 0 -1
    outer loop
      vertex 19.0625 38.0947 0.599999
      vertex 18.28 36.508 0.599999
      vertex 18.8658 37.9222 0.599999
    endloop
  endfacet
  facet normal 0 0 -1
    outer loop
      vertex 18.28 13.492 0.599999
      vertex 18.548 12.492 0.599999
      vertex 18.4323 12.7266 0.599999
    endloop
  endfacet
  facet normal 0 0 -1
    outer loop
      vertex 18.8658 37.9222 0.599999
      vertex 18.28 36.508 0.599999
      vertex 18.6933 37.7255 0.599999
    endloop
  endfacet
  facet normal 0 0 -1
    outer loop
      vertex 18.28 13.492 0.599999
      vertex 18.4323 12.7266 0.599999
      vertex 18.3482 12.9744 0.599999
    endloop
  endfacet
  facet normal 0 0 -1
    outer loop
      vertex 18.6933 37.7255 0.599999
      vertex 18.28 36.508 0.599999
      vertex 18.548 37.508 0.599999
    endloop
  endfacet
  facet normal 0 0 -1
    outer loop
      vertex 18.28 13.492 0.599999
      vertex 18.3482 12.9744 0.599999
      vertex 18.2971 13.231 0.599999
    endloop
  endfacet
  facet normal 0 0 -1
    outer loop
      vertex 18.548 37.508 0.599999
      vertex 18.28 36.508 0.599999
      vertex 18.4323 37.2734 0.599999
    endloop
  endfacet
  facet normal 0 0 -1
    outer loop
      vertex 18.4323 37.2734 0.599999
      vertex 18.28 36.508 0.599999
      vertex 18.3482 37.0256 0.599999
    endloop
  endfacet
  facet normal 0 0 -1
    outer loop
      vertex 18.3482 37.0256 0.599999
      vertex 18.28 36.508 0.599999
      vertex 18.2971 36.769 0.599999
    endloop
  endfacet
  facet normal -0.0653771 0.997861 0
    outer loop
      vertex 75.981 11.5091 0
      vertex 75.72 11.492 0.599999
      vertex 75.981 11.5091 0.599999
    endloop
  endfacet
  facet normal -0.0653771 0.997861 0
    outer loop
      vertex 75.72 11.492 0.599999
      vertex 75.981 11.5091 0
      vertex 75.72 11.492 0
    endloop
  endfacet
  facet normal -0.980742 0.195308 0
    outer loop
      vertex 77.6518 12.9744 0
      vertex 77.7029 13.231 0.599999
      vertex 77.7029 13.231 0
    endloop
  endfacet
  facet normal -0.980742 0.195308 0
    outer loop
      vertex 77.7029 13.231 0.599999
      vertex 77.6518 12.9744 0
      vertex 77.6518 12.9744 0.599999
    endloop
  endfacet
  facet normal 0.94695 -0.321382 0
    outer loop
      vertex 18.3482 37.0256 0.599999
      vertex 18.4323 37.2734 0
      vertex 18.4323 37.2734 0.599999
    endloop
  endfacet
  facet normal 0.94695 -0.321382 0
    outer loop
      vertex 18.4323 37.2734 0
      vertex 18.3482 37.0256 0.599999
      vertex 18.3482 37.0256 0
    endloop
  endfacet
  facet normal 0.0653771 0.997861 -0
    outer loop
      vertex 20.28 11.492 0
      vertex 20.019 11.5091 0.599999
      vertex 20.28 11.492 0.599999
    endloop
  endfacet
  facet normal 0.0653771 0.997861 0
    outer loop
      vertex 20.019 11.5091 0.599999
      vertex 20.28 11.492 0
      vertex 20.019 11.5091 0
    endloop
  endfacet
  facet normal 0.195308 0.980742 -0
    outer loop
      vertex 20.019 11.5091 0
      vertex 19.7624 11.5602 0.599999
      vertex 20.019 11.5091 0.599999
    endloop
  endfacet
  facet normal 0.195308 0.980742 0
    outer loop
      vertex 19.7624 11.5602 0.599999
      vertex 20.019 11.5091 0
      vertex 19.7624 11.5602 0
    endloop
  endfacet
  facet normal 0 -1 0
    outer loop
      vertex 20.28 38.508 0.599999
      vertex 46 38.508 0.00999928
      vertex 75.72 38.508 0.599999
    endloop
  endfacet
  facet normal 0 -1 0
    outer loop
      vertex 20.28 38.508 0
      vertex 46 38.508 0.00999928
      vertex 20.28 38.508 0.599999
    endloop
  endfacet
  facet normal 0 -1 -0
    outer loop
      vertex 46 38.508 0.00999928
      vertex 20.28 38.508 0
      vertex 46 38.508 0
    endloop
  endfacet
  facet normal 0 -1 0
    outer loop
      vertex 50 38.508 0.00999928
      vertex 75.72 38.508 0.599999
      vertex 46 38.508 0.00999928
    endloop
  endfacet
  facet normal 0 -1 0
    outer loop
      vertex 75.72 38.508 0
      vertex 50 38.508 0.00999928
      vertex 50 38.508 0
    endloop
  endfacet
  facet normal 0 -1 0
    outer loop
      vertex 50 38.508 0.00999928
      vertex 75.72 38.508 0
      vertex 75.72 38.508 0.599999
    endloop
  endfacet
  facet normal -0.0653771 -0.997861 0
    outer loop
      vertex 75.72 38.508 0
      vertex 75.981 38.4909 0.599999
      vertex 75.72 38.508 0.599999
    endloop
  endfacet
  facet normal -0.0653771 -0.997861 -0
    outer loop
      vertex 75.981 38.4909 0.599999
      vertex 75.72 38.508 0
      vertex 75.981 38.4909 0
    endloop
  endfacet
  facet normal 0.997861 -0.0653771 0
    outer loop
      vertex 18.28 36.508 0.599999
      vertex 18.2971 36.769 0
      vertex 18.2971 36.769 0.599999
    endloop
  endfacet
  facet normal 0.997861 -0.0653771 0
    outer loop
      vertex 18.2971 36.769 0
      vertex 18.28 36.508 0.599999
      vertex 18.28 36.508 0
    endloop
  endfacet
  facet normal 1 -0 0
    outer loop
      vertex 18.28 13.492 0.599999
      vertex 18.28 36.508 0
      vertex 18.28 36.508 0.599999
    endloop
  endfacet
  facet normal 1 0 0
    outer loop
      vertex 18.28 36.508 0
      vertex 18.28 13.492 0.599999
      vertex 18.28 13.492 0
    endloop
  endfacet
  facet normal 0.195308 -0.980742 0
    outer loop
      vertex 19.7624 38.4398 0
      vertex 20.019 38.4909 0.599999
      vertex 19.7624 38.4398 0.599999
    endloop
  endfacet
  facet normal 0.195308 -0.980742 0
    outer loop
      vertex 20.019 38.4909 0.599999
      vertex 19.7624 38.4398 0
      vertex 20.019 38.4909 0
    endloop
  endfacet
  facet normal 0 1 0
    outer loop
      vertex 75.72 11.492 0.599999
      vertex 50 11.492 0.00999928
      vertex 20.28 11.492 0.599999
    endloop
  endfacet
  facet normal 0 1 -0
    outer loop
      vertex 75.72 11.492 0
      vertex 50 11.492 0.00999928
      vertex 75.72 11.492 0.599999
    endloop
  endfacet
  facet normal 0 1 0
    outer loop
      vertex 50 11.492 0.00999928
      vertex 75.72 11.492 0
      vertex 50 11.492 0
    endloop
  endfacet
  facet normal 0 1 -0
    outer loop
      vertex 46 11.492 0.00999928
      vertex 20.28 11.492 0.599999
      vertex 50 11.492 0.00999928
    endloop
  endfacet
  facet normal 0 1 0
    outer loop
      vertex 20.28 11.492 0
      vertex 46 11.492 0.00999928
      vertex 46 11.492 0
    endloop
  endfacet
  facet normal 0 1 0
    outer loop
      vertex 46 11.492 0.00999928
      vertex 20.28 11.492 0
      vertex 20.28 11.492 0.599999
    endloop
  endfacet
  facet normal 0.659343 -0.751842 0
    outer loop
      vertex 18.8658 37.9222 0
      vertex 19.0625 38.0947 0.599999
      vertex 18.8658 37.9222 0.599999
    endloop
  endfacet
  facet normal 0.659343 -0.751842 0
    outer loop
      vertex 19.0625 38.0947 0.599999
      vertex 18.8658 37.9222 0
      vertex 19.0625 38.0947 0
    endloop
  endfacet
  facet normal 0.659343 0.751842 -0
    outer loop
      vertex 19.0625 11.9053 0
      vertex 18.8658 12.0778 0.599999
      vertex 19.0625 11.9053 0.599999
    endloop
  endfacet
  facet normal 0.659343 0.751842 0
    outer loop
      vertex 18.8658 12.0778 0.599999
      vertex 19.0625 11.9053 0
      vertex 18.8658 12.0778 0
    endloop
  endfacet
  facet normal 0.980742 -0.195308 0
    outer loop
      vertex 18.2971 36.769 0.599999
      vertex 18.3482 37.0256 0
      vertex 18.3482 37.0256 0.599999
    endloop
  endfacet
  facet normal 0.980742 -0.195308 0
    outer loop
      vertex 18.3482 37.0256 0
      vertex 18.2971 36.769 0.599999
      vertex 18.2971 36.769 0
    endloop
  endfacet
  facet normal 0.442314 0.89686 -0
    outer loop
      vertex 19.5146 11.6442 0
      vertex 19.28 11.7599 0.599999
      vertex 19.5146 11.6442 0.599999
    endloop
  endfacet
  facet normal 0.442314 0.89686 0
    outer loop
      vertex 19.28 11.7599 0.599999
      vertex 19.5146 11.6442 0
      vertex 19.28 11.7599 0
    endloop
  endfacet
  facet normal -0.94695 -0.321382 0
    outer loop
      vertex 77.6518 37.0256 0
      vertex 77.5677 37.2734 0.599999
      vertex 77.5677 37.2734 0
    endloop
  endfacet
  facet normal -0.94695 -0.321382 0
    outer loop
      vertex 77.5677 37.2734 0.599999
      vertex 77.6518 37.0256 0
      vertex 77.6518 37.0256 0.599999
    endloop
  endfacet
  facet normal 0.0653771 -0.997861 0
    outer loop
      vertex 20.019 38.4909 0
      vertex 20.28 38.508 0.599999
      vertex 20.019 38.4909 0.599999
    endloop
  endfacet
  facet normal 0.0653771 -0.997861 0
    outer loop
      vertex 20.28 38.508 0.599999
      vertex 20.019 38.4909 0
      vertex 20.28 38.508 0
    endloop
  endfacet
  facet normal -1 0 0
    outer loop
      vertex 77.72 13.492 0
      vertex 77.72 36.508 0.599999
      vertex 77.72 36.508 0
    endloop
  endfacet
  facet normal -1 -0 0
    outer loop
      vertex 77.72 36.508 0.599999
      vertex 77.72 13.492 0
      vertex 77.72 13.492 0.599999
    endloop
  endfacet
  facet normal 0.555758 -0.831344 0
    outer loop
      vertex 19.0625 38.0947 0
      vertex 19.28 38.2401 0.599999
      vertex 19.0625 38.0947 0.599999
    endloop
  endfacet
  facet normal 0.555758 -0.831344 0
    outer loop
      vertex 19.28 38.2401 0.599999
      vertex 19.0625 38.0947 0
      vertex 19.28 38.2401 0
    endloop
  endfacet
  facet normal -0.555758 -0.831344 0
    outer loop
      vertex 76.72 38.2401 0
      vertex 76.9375 38.0947 0.599999
      vertex 76.72 38.2401 0.599999
    endloop
  endfacet
  facet normal -0.555758 -0.831344 -0
    outer loop
      vertex 76.9375 38.0947 0.599999
      vertex 76.72 38.2401 0
      vertex 76.9375 38.0947 0
    endloop
  endfacet
  facet normal 0.321039 0.947066 -0
    outer loop
      vertex 19.7624 11.5602 0
      vertex 19.5146 11.6442 0.599999
      vertex 19.7624 11.5602 0.599999
    endloop
  endfacet
  facet normal 0.321039 0.947066 0
    outer loop
      vertex 19.5146 11.6442 0.599999
      vertex 19.7624 11.5602 0
      vertex 19.5146 11.6442 0
    endloop
  endfacet
  facet normal -0.195308 -0.980742 0
    outer loop
      vertex 75.981 38.4909 0
      vertex 76.2376 38.4398 0.599999
      vertex 75.981 38.4909 0.599999
    endloop
  endfacet
  facet normal -0.195308 -0.980742 -0
    outer loop
      vertex 76.2376 38.4398 0.599999
      vertex 75.981 38.4909 0
      vertex 76.2376 38.4398 0
    endloop
  endfacet
  facet normal -0.321039 -0.947066 0
    outer loop
      vertex 76.2376 38.4398 0
      vertex 76.4854 38.3558 0.599999
      vertex 76.2376 38.4398 0.599999
    endloop
  endfacet
  facet normal -0.321039 -0.947066 -0
    outer loop
      vertex 76.4854 38.3558 0.599999
      vertex 76.2376 38.4398 0
      vertex 76.4854 38.3558 0
    endloop
  endfacet
  facet normal -0.997861 -0.0653771 0
    outer loop
      vertex 77.72 36.508 0
      vertex 77.7029 36.769 0.599999
      vertex 77.7029 36.769 0
    endloop
  endfacet
  facet normal -0.997861 -0.0653771 0
    outer loop
      vertex 77.7029 36.769 0.599999
      vertex 77.72 36.508 0
      vertex 77.72 36.508 0.599999
    endloop
  endfacet
  facet normal 0.442314 -0.89686 0
    outer loop
      vertex 19.28 38.2401 0
      vertex 19.5146 38.3558 0.599999
      vertex 19.28 38.2401 0.599999
    endloop
  endfacet
  facet normal 0.442314 -0.89686 0
    outer loop
      vertex 19.5146 38.3558 0.599999
      vertex 19.28 38.2401 0
      vertex 19.5146 38.3558 0
    endloop
  endfacet
  facet normal -0.555758 0.831344 0
    outer loop
      vertex 76.9375 11.9053 0
      vertex 76.72 11.7599 0.599999
      vertex 76.9375 11.9053 0.599999
    endloop
  endfacet
  facet normal -0.555758 0.831344 0
    outer loop
      vertex 76.72 11.7599 0.599999
      vertex 76.9375 11.9053 0
      vertex 76.72 11.7599 0
    endloop
  endfacet
  facet normal 0.89686 -0.442314 0
    outer loop
      vertex 18.4323 37.2734 0.599999
      vertex 18.548 37.508 0
      vertex 18.548 37.508 0.599999
    endloop
  endfacet
  facet normal 0.89686 -0.442314 0
    outer loop
      vertex 18.548 37.508 0
      vertex 18.4323 37.2734 0.599999
      vertex 18.4323 37.2734 0
    endloop
  endfacet
  facet normal -0.751842 0.659343 0
    outer loop
      vertex 77.1342 12.0778 0
      vertex 77.3067 12.2745 0.599999
      vertex 77.3067 12.2745 0
    endloop
  endfacet
  facet normal -0.751842 0.659343 0
    outer loop
      vertex 77.3067 12.2745 0.599999
      vertex 77.1342 12.0778 0
      vertex 77.1342 12.0778 0.599999
    endloop
  endfacet
  facet normal 0.997861 0.0653771 0
    outer loop
      vertex 18.2971 13.231 0.599999
      vertex 18.28 13.492 0
      vertex 18.28 13.492 0.599999
    endloop
  endfacet
  facet normal 0.997861 0.0653771 0
    outer loop
      vertex 18.28 13.492 0
      vertex 18.2971 13.231 0.599999
      vertex 18.2971 13.231 0
    endloop
  endfacet
  facet normal -0.321039 0.947066 0
    outer loop
      vertex 76.4854 11.6442 0
      vertex 76.2376 11.5602 0.599999
      vertex 76.4854 11.6442 0.599999
    endloop
  endfacet
  facet normal -0.321039 0.947066 0
    outer loop
      vertex 76.2376 11.5602 0.599999
      vertex 76.4854 11.6442 0
      vertex 76.2376 11.5602 0
    endloop
  endfacet
  facet normal 0.321039 -0.947066 0
    outer loop
      vertex 19.5146 38.3558 0
      vertex 19.7624 38.4398 0.599999
      vertex 19.5146 38.3558 0.599999
    endloop
  endfacet
  facet normal 0.321039 -0.947066 0
    outer loop
      vertex 19.7624 38.4398 0.599999
      vertex 19.5146 38.3558 0
      vertex 19.7624 38.4398 0
    endloop
  endfacet
  facet normal -0.89686 0.442314 0
    outer loop
      vertex 77.452 12.492 0
      vertex 77.5677 12.7266 0.599999
      vertex 77.5677 12.7266 0
    endloop
  endfacet
  facet normal -0.89686 0.442314 0
    outer loop
      vertex 77.5677 12.7266 0.599999
      vertex 77.452 12.492 0
      vertex 77.452 12.492 0.599999
    endloop
  endfacet
  facet normal 0.831521 -0.555494 0
    outer loop
      vertex 18.548 37.508 0.599999
      vertex 18.6933 37.7255 0
      vertex 18.6933 37.7255 0.599999
    endloop
  endfacet
  facet normal 0.831521 -0.555494 0
    outer loop
      vertex 18.6933 37.7255 0
      vertex 18.548 37.508 0.599999
      vertex 18.548 37.508 0
    endloop
  endfacet
  facet normal -0.997861 0.0653771 0
    outer loop
      vertex 77.7029 13.231 0
      vertex 77.72 13.492 0.599999
      vertex 77.72 13.492 0
    endloop
  endfacet
  facet normal -0.997861 0.0653771 0
    outer loop
      vertex 77.72 13.492 0.599999
      vertex 77.7029 13.231 0
      vertex 77.7029 13.231 0.599999
    endloop
  endfacet
  facet normal -0.980742 -0.195308 0
    outer loop
      vertex 77.7029 36.769 0
      vertex 77.6518 37.0256 0.599999
      vertex 77.6518 37.0256 0
    endloop
  endfacet
  facet normal -0.980742 -0.195308 0
    outer loop
      vertex 77.6518 37.0256 0.599999
      vertex 77.7029 36.769 0
      vertex 77.7029 36.769 0.599999
    endloop
  endfacet
  facet normal 0.555758 0.831344 -0
    outer loop
      vertex 19.28 11.7599 0
      vertex 19.0625 11.9053 0.599999
      vertex 19.28 11.7599 0.599999
    endloop
  endfacet
  facet normal 0.555758 0.831344 0
    outer loop
      vertex 19.0625 11.9053 0.599999
      vertex 19.28 11.7599 0
      vertex 19.0625 11.9053 0
    endloop
  endfacet
  facet normal -0.442314 -0.89686 0
    outer loop
      vertex 76.4854 38.3558 0
      vertex 76.72 38.2401 0.599999
      vertex 76.4854 38.3558 0.599999
    endloop
  endfacet
  facet normal -0.442314 -0.89686 -0
    outer loop
      vertex 76.72 38.2401 0.599999
      vertex 76.4854 38.3558 0
      vertex 76.72 38.2401 0
    endloop
  endfacet
  facet normal -0.442314 0.89686 0
    outer loop
      vertex 76.72 11.7599 0
      vertex 76.4854 11.6442 0.599999
      vertex 76.72 11.7599 0.599999
    endloop
  endfacet
  facet normal -0.442314 0.89686 0
    outer loop
      vertex 76.4854 11.6442 0.599999
      vertex 76.72 11.7599 0
      vertex 76.4854 11.6442 0
    endloop
  endfacet
  facet normal -0.195308 0.980742 0
    outer loop
      vertex 76.2376 11.5602 0
      vertex 75.981 11.5091 0.599999
      vertex 76.2376 11.5602 0.599999
    endloop
  endfacet
  facet normal -0.195308 0.980742 0
    outer loop
      vertex 75.981 11.5091 0.599999
      vertex 76.2376 11.5602 0
      vertex 75.981 11.5091 0
    endloop
  endfacet
  facet normal 0.94695 0.321382 0
    outer loop
      vertex 18.4323 12.7266 0.599999
      vertex 18.3482 12.9744 0
      vertex 18.3482 12.9744 0.599999
    endloop
  endfacet
  facet normal 0.94695 0.321382 0
    outer loop
      vertex 18.3482 12.9744 0
      vertex 18.4323 12.7266 0.599999
      vertex 18.4323 12.7266 0
    endloop
  endfacet
  facet normal -0.89686 -0.442314 0
    outer loop
      vertex 77.5677 37.2734 0
      vertex 77.452 37.508 0.599999
      vertex 77.452 37.508 0
    endloop
  endfacet
  facet normal -0.89686 -0.442314 0
    outer loop
      vertex 77.452 37.508 0.599999
      vertex 77.5677 37.2734 0
      vertex 77.5677 37.2734 0.599999
    endloop
  endfacet
  facet normal 0.89686 0.442314 0
    outer loop
      vertex 18.548 12.492 0.599999
      vertex 18.4323 12.7266 0
      vertex 18.4323 12.7266 0.599999
    endloop
  endfacet
  facet normal 0.89686 0.442314 0
    outer loop
      vertex 18.4323 12.7266 0
      vertex 18.548 12.492 0.599999
      vertex 18.548 12.492 0
    endloop
  endfacet
  facet normal -0.659343 0.751842 0
    outer loop
      vertex 77.1342 12.0778 0
      vertex 76.9375 11.9053 0.599999
      vertex 77.1342 12.0778 0.599999
    endloop
  endfacet
  facet normal -0.659343 0.751842 0
    outer loop
      vertex 76.9375 11.9053 0.599999
      vertex 77.1342 12.0778 0
      vertex 76.9375 11.9053 0
    endloop
  endfacet
  facet normal -0.659343 -0.751842 0
    outer loop
      vertex 76.9375 38.0947 0
      vertex 77.1342 37.9222 0.599999
      vertex 76.9375 38.0947 0.599999
    endloop
  endfacet
  facet normal -0.659343 -0.751842 -0
    outer loop
      vertex 77.1342 37.9222 0.599999
      vertex 76.9375 38.0947 0
      vertex 77.1342 37.9222 0
    endloop
  endfacet
  facet normal 0.831521 0.555494 0
    outer loop
      vertex 18.6933 12.2745 0.599999
      vertex 18.548 12.492 0
      vertex 18.548 12.492 0.599999
    endloop
  endfacet
  facet normal 0.831521 0.555494 0
    outer loop
      vertex 18.548 12.492 0
      vertex 18.6933 12.2745 0.599999
      vertex 18.6933 12.2745 0
    endloop
  endfacet
  facet normal -0.831521 -0.555494 0
    outer loop
      vertex 77.452 37.508 0
      vertex 77.3067 37.7255 0.599999
      vertex 77.3067 37.7255 0
    endloop
  endfacet
  facet normal -0.831521 -0.555494 0
    outer loop
      vertex 77.3067 37.7255 0.599999
      vertex 77.452 37.508 0
      vertex 77.452 37.508 0.599999
    endloop
  endfacet
  facet normal 0.751842 0.659343 0
    outer loop
      vertex 18.8658 12.0778 0.599999
      vertex 18.6933 12.2745 0
      vertex 18.6933 12.2745 0.599999
    endloop
  endfacet
  facet normal 0.751842 0.659343 0
    outer loop
      vertex 18.6933 12.2745 0
      vertex 18.8658 12.0778 0.599999
      vertex 18.8658 12.0778 0
    endloop
  endfacet
  facet normal -0.751842 -0.659343 0
    outer loop
      vertex 77.3067 37.7255 0
      vertex 77.1342 37.9222 0.599999
      vertex 77.1342 37.9222 0
    endloop
  endfacet
  facet normal -0.751842 -0.659343 0
    outer loop
      vertex 77.1342 37.9222 0.599999
      vertex 77.3067 37.7255 0
      vertex 77.3067 37.7255 0.599999
    endloop
  endfacet
  facet normal 0.751842 -0.659343 0
    outer loop
      vertex 18.6933 37.7255 0.599999
      vertex 18.8658 37.9222 0
      vertex 18.8658 37.9222 0.599999
    endloop
  endfacet
  facet normal 0.751842 -0.659343 0
    outer loop
      vertex 18.8658 37.9222 0
      vertex 18.6933 37.7255 0.599999
      vertex 18.6933 37.7255 0
    endloop
  endfacet
  facet normal -0.831521 0.555494 0
    outer loop
      vertex 77.3067 12.2745 0
      vertex 77.452 12.492 0.599999
      vertex 77.452 12.492 0
    endloop
  endfacet
  facet normal -0.831521 0.555494 0
    outer loop
      vertex 77.452 12.492 0.599999
      vertex 77.3067 12.2745 0
      vertex 77.3067 12.2745 0.599999
    endloop
  endfacet
  facet normal -0.94695 0.321382 0
    outer loop
      vertex 77.5677 12.7266 0
      vertex 77.6518 12.9744 0.599999
      vertex 77.6518 12.9744 0
    endloop
  endfacet
  facet normal -0.94695 0.321382 0
    outer loop
      vertex 77.6518 12.9744 0.599999
      vertex 77.5677 12.7266 0
      vertex 77.5677 12.7266 0.599999
    endloop
  endfacet
  facet normal 0.980742 0.195308 0
    outer loop
      vertex 18.3482 12.9744 0.599999
      vertex 18.2971 13.231 0
      vertex 18.2971 13.231 0.599999
    endloop
  endfacet
  facet normal 0.980742 0.195308 0
    outer loop
      vertex 18.2971 13.231 0
      vertex 18.3482 12.9744 0.599999
      vertex 18.3482 12.9744 0
    endloop
  endfacet
  facet normal 1 0 0
    outer loop
      vertex 50 38.508 0.00999928
      vertex 50 11.492 0.00999928
      vertex 50 38.508 0
    endloop
  endfacet
  facet normal 1 -0 0
    outer loop
      vertex 50 38.508 0
      vertex 50 43 -2
      vertex 50 43 0
    endloop
  endfacet
  facet normal 1 0 0
    outer loop
      vertex 50 11.492 0
      vertex 50 38.508 0
      vertex 50 11.492 0.00999928
    endloop
  endfacet
  facet normal 1 0 0
    outer loop
      vertex 50 9 -2
      vertex 50 38.508 0
      vertex 50 11.492 0
    endloop
  endfacet
  facet normal 1 0 0
    outer loop
      vertex 50 9 -2
      vertex 50 11.492 0
      vertex 50 9 0
    endloop
  endfacet
  facet normal 1 0 0
    outer loop
      vertex 50 38.508 0
      vertex 50 9 -2
      vertex 50 43 -2
    endloop
  endfacet
  facet normal -0 0 1
    outer loop
      vertex 46 38.508 0.00999928
      vertex 50 11.492 0.00999928
      vertex 50 38.508 0.00999928
    endloop
  endfacet
  facet normal 0 0 1
    outer loop
      vertex 50 11.492 0.00999928
      vertex 46 38.508 0.00999928
      vertex 46 11.492 0.00999928
    endloop
  endfacet
  facet normal -0 0 1
    outer loop
      vertex 50 43 -2
      vertex 52 9 -2
      vertex 52 43 -2
    endloop
  endfacet
  facet normal 0 0 1
    outer loop
      vertex 52 9 -2
      vertex 50 43 -2
      vertex 50 9 -2
    endloop
  endfacet
  facet normal -0 0 1
    outer loop
      vertex 44 43 -2
      vertex 46 9 -2
      vertex 46 43 -2
    endloop
  endfacet
  facet normal 0 0 1
    outer loop
      vertex 46 9 -2
      vertex 44 43 -2
      vertex 44 9 -2
    endloop
  endfacet
  facet normal -1 0 0
    outer loop
      vertex 46 43 -2
      vertex 46 38.508 0
      vertex 46 43 0
    endloop
  endfacet
  facet normal -1 0 0
    outer loop
      vertex 46 38.508 0
      vertex 46 11.492 0
      vertex 46 38.508 0.00999928
    endloop
  endfacet
  facet normal -1 0 0
    outer loop
      vertex 46 9 -2
      vertex 46 38.508 0
      vertex 46 43 -2
    endloop
  endfacet
  facet normal -1 -0 0
    outer loop
      vertex 46 38.508 0
      vertex 46 9 -2
      vertex 46 11.492 0
    endloop
  endfacet
  facet normal -1 -0 0
    outer loop
      vertex 46 11.492 0
      vertex 46 9 -2
      vertex 46 9 0
    endloop
  endfacet
  facet normal -1 -0 0
    outer loop
      vertex 46 38.508 0.00999928
      vertex 46 11.492 0
      vertex 46 11.492 0.00999928
    endloop
  endfacet
  facet normal 0 1 -0
    outer loop
      vertex 52 43 -3.6
      vertex 50 43 -2
      vertex 52 43 -2
    endloop
  endfacet
  facet normal 0 1 0
    outer loop
      vertex 50 43 -2
      vertex 52 43 -3.6
      vertex 46 43 -2
    endloop
  endfacet
  facet normal 0 1 0
    outer loop
      vertex 44 43 -3.6
      vertex 46 43 -2
      vertex 52 43 -3.6
    endloop
  endfacet
  facet normal 0 1 0
    outer loop
      vertex 46 43 -2
      vertex 44 43 -3.6
      vertex 44 43 -2
    endloop
  endfacet
  facet normal 0 1 -0
    outer loop
      vertex 50 43 -2
      vertex 46 43 0
      vertex 50 43 0
    endloop
  endfacet
  facet normal 0 1 0
    outer loop
      vertex 46 43 0
      vertex 50 43 -2
      vertex 46 43 -2
    endloop
  endfacet
  facet normal 0 -1 0
    outer loop
      vertex 44 9 -3.6
      vertex 46 9 -2
      vertex 44 9 -2
    endloop
  endfacet
  facet normal 0 -1 -0
    outer loop
      vertex 46 9 -2
      vertex 44 9 -3.6
      vertex 50 9 -2
    endloop
  endfacet
  facet normal 0 -1 0
    outer loop
      vertex 52 9 -3.6
      vertex 50 9 -2
      vertex 44 9 -3.6
    endloop
  endfacet
  facet normal 0 -1 0
    outer loop
      vertex 50 9 -2
      vertex 52 9 -3.6
      vertex 52 9 -2
    endloop
  endfacet
  facet normal 0 -1 0
    outer loop
      vertex 46 9 -2
      vertex 50 9 0
      vertex 46 9 0
    endloop
  endfacet
  facet normal 0 -1 -0
    outer loop
      vertex 50 9 0
      vertex 46 9 -2
      vertex 50 9 -2
    endloop
  endfacet
  facet normal 1 -0 0
    outer loop
      vertex 52 9 -2
      vertex 52 43 -3.6
      vertex 52 43 -2
    endloop
  endfacet
  facet normal 1 0 0
    outer loop
      vertex 52 43 -3.6
      vertex 52 9 -2
      vertex 52 9 -3.6
    endloop
  endfacet
  facet normal 0 0 -1
    outer loop
      vertex 44 9 -3.6
      vertex 52 43 -3.6
      vertex 52 9 -3.6
    endloop
  endfacet
  facet normal -0 0 -1
    outer loop
      vertex 52 43 -3.6
      vertex 44 9 -3.6
      vertex 44 43 -3.6
    endloop
  endfacet
  facet normal -1 0 0
    outer loop
      vertex 44 9 -3.6
      vertex 44 43 -2
      vertex 44 43 -3.6
    endloop
  endfacet
  facet normal -1 -0 0
    outer loop
      vertex 44 43 -2
      vertex 44 9 -3.6
      vertex 44 9 -2
    endloop
  endfacet
endsolid OpenSCAD_Model
