solid OpenSCAD_Model
  facet normal 0.980785 0.195089 0
    outer loop
      vertex 3.66835 0.482946 2.3
      vertex 3.57393 0.95763 0.25
      vertex 3.57393 0.95763 2.3
    endloop
  endfacet
  facet normal 0.980785 0.195089 0
    outer loop
      vertex 3.57393 0.95763 0.25
      vertex 3.66835 0.482946 2.3
      vertex 3.66835 0.482946 0.25
    endloop
  endfacet
  facet normal 0.997859 0.065395 0
    outer loop
      vertex 3.7 0 2.3
      vertex 3.66835 0.482946 0.25
      vertex 3.66835 0.482946 2.3
    endloop
  endfacet
  facet normal 0.997859 0.065395 0
    outer loop
      vertex 3.66835 0.482946 0.25
      vertex 3.7 0 2.3
      vertex 3.7 0 0.25
    endloop
  endfacet
  facet normal 0.946925 0.321454 0
    outer loop
      vertex 3.57393 0.95763 2.3
      vertex 3.41835 1.41593 0.25
      vertex 3.41835 1.41593 2.3
    endloop
  endfacet
  facet normal 0.946925 0.321454 0
    outer loop
      vertex 3.41835 1.41593 0.25
      vertex 3.57393 0.95763 2.3
      vertex 3.57393 0.95763 0.25
    endloop
  endfacet
  facet normal -0.896872 0.442289 0
    outer loop
      vertex -3.41835 1.41593 0.25
      vertex -3.20429 1.85 2.3
      vertex -3.20429 1.85 0.25
    endloop
  endfacet
  facet normal -0.896872 0.442289 0
    outer loop
      vertex -3.20429 1.85 2.3
      vertex -3.41835 1.41593 0.25
      vertex -3.41835 1.41593 2.3
    endloop
  endfacet
  facet normal 0.751825 -0.659363 0
    outer loop
      vertex 2.61629 -2.61629 2.3
      vertex 2.93541 -2.25242 0.25
      vertex 2.93541 -2.25242 2.3
    endloop
  endfacet
  facet normal 0.751825 -0.659363 0
    outer loop
      vertex 2.93541 -2.25242 0.25
      vertex 2.61629 -2.61629 2.3
      vertex 2.61629 -2.61629 0.25
    endloop
  endfacet
  facet normal 0 0 -1
    outer loop
      vertex 2.85 0 0.25
      vertex 3.7 0 0.25
      vertex 3.66835 -0.482946 0.25
    endloop
  endfacet
  facet normal 0 0 -1
    outer loop
      vertex 2.82562 -0.371999 0.25
      vertex 3.66835 -0.482946 0.25
      vertex 3.57393 -0.95763 0.25
    endloop
  endfacet
  facet normal 0 0 -1
    outer loop
      vertex 3.7 0 0.25
      vertex 2.85 0 0.25
      vertex 3.66835 0.482946 0.25
    endloop
  endfacet
  facet normal 0 0 -1
    outer loop
      vertex 2.75289 -0.737634 0.25
      vertex 3.57393 -0.95763 0.25
      vertex 3.41835 -1.41593 0.25
    endloop
  endfacet
  facet normal 0 0 -1
    outer loop
      vertex 2.82562 0.371999 0.25
      vertex 3.66835 0.482946 0.25
      vertex 2.85 0 0.25
    endloop
  endfacet
  facet normal 0 0 -1
    outer loop
      vertex 2.63306 -1.09065 0.25
      vertex 3.41835 -1.41593 0.25
      vertex 3.20429 -1.85 0.25
    endloop
  endfacet
  facet normal -0 0 -1
    outer loop
      vertex 3.66835 0.482946 0.25
      vertex 2.82562 0.371999 0.25
      vertex 3.57393 0.95763 0.25
    endloop
  endfacet
  facet normal 0 0 -1
    outer loop
      vertex 2.46817 -1.425 0.25
      vertex 3.20429 -1.85 0.25
      vertex 2.93541 -2.25242 0.25
    endloop
  endfacet
  facet normal 0 0 -1
    outer loop
      vertex 2.75289 0.737634 0.25
      vertex 3.57393 0.95763 0.25
      vertex 2.82562 0.371999 0.25
    endloop
  endfacet
  facet normal -0 0 -1
    outer loop
      vertex 3.57393 0.95763 0.25
      vertex 2.75289 0.737634 0.25
      vertex 3.41835 1.41593 0.25
    endloop
  endfacet
  facet normal 0 0 -1
    outer loop
      vertex 3.66835 -0.482946 0.25
      vertex 2.82562 -0.371999 0.25
      vertex 2.85 0 0.25
    endloop
  endfacet
  facet normal 0 0 -1
    outer loop
      vertex 3.57393 -0.95763 0.25
      vertex 2.75289 -0.737634 0.25
      vertex 2.82562 -0.371999 0.25
    endloop
  endfacet
  facet normal 0 0 -1
    outer loop
      vertex 3.41835 -1.41593 0.25
      vertex 2.63306 -1.09065 0.25
      vertex 2.75289 -0.737634 0.25
    endloop
  endfacet
  facet normal 0 0 -1
    outer loop
      vertex 2.26106 -1.73497 0.25
      vertex 2.93541 -2.25242 0.25
      vertex 2.61629 -2.61629 0.25
    endloop
  endfacet
  facet normal 0 0 -1
    outer loop
      vertex 3.20429 -1.85 0.25
      vertex 2.46817 -1.425 0.25
      vertex 2.63306 -1.09065 0.25
    endloop
  endfacet
  facet normal 0 0 -1
    outer loop
      vertex 2.93541 -2.25242 0.25
      vertex 2.26106 -1.73497 0.25
      vertex 2.46817 -1.425 0.25
    endloop
  endfacet
  facet normal 0 0 -1
    outer loop
      vertex 2.01525 -2.01525 0.25
      vertex 2.61629 -2.61629 0.25
      vertex 2.25242 -2.93541 0.25
    endloop
  endfacet
  facet normal 0 0 -1
    outer loop
      vertex 2.61629 -2.61629 0.25
      vertex 2.01525 -2.01525 0.25
      vertex 2.26106 -1.73497 0.25
    endloop
  endfacet
  facet normal 0 0 -1
    outer loop
      vertex 1.73497 -2.26106 0.25
      vertex 2.25242 -2.93541 0.25
      vertex 1.85 -3.20429 0.25
    endloop
  endfacet
  facet normal 0 0 -1
    outer loop
      vertex 2.25242 -2.93541 0.25
      vertex 1.73497 -2.26106 0.25
      vertex 2.01525 -2.01525 0.25
    endloop
  endfacet
  facet normal 0 0 -1
    outer loop
      vertex 1.85 -3.20429 0.25
      vertex 1.425 -2.46817 0.25
      vertex 1.73497 -2.26106 0.25
    endloop
  endfacet
  facet normal 0 0 -1
    outer loop
      vertex 1.41593 -3.41835 0.25
      vertex 1.425 -2.46817 0.25
      vertex 1.85 -3.20429 0.25
    endloop
  endfacet
  facet normal 0 0 -1
    outer loop
      vertex 1.41593 -3.41835 0.25
      vertex 1.09065 -2.63306 0.25
      vertex 1.425 -2.46817 0.25
    endloop
  endfacet
  facet normal 0 0 -1
    outer loop
      vertex 0.95763 -3.57393 0.25
      vertex 1.09065 -2.63306 0.25
      vertex 1.41593 -3.41835 0.25
    endloop
  endfacet
  facet normal 0 0 -1
    outer loop
      vertex 0.95763 -3.57393 0.25
      vertex 0.737634 -2.75289 0.25
      vertex 1.09065 -2.63306 0.25
    endloop
  endfacet
  facet normal 0 0 -1
    outer loop
      vertex 0.482946 -3.66835 0.25
      vertex 0.737634 -2.75289 0.25
      vertex 0.95763 -3.57393 0.25
    endloop
  endfacet
  facet normal 0 0 -1
    outer loop
      vertex 0.482946 -3.66835 0.25
      vertex 0.371999 -2.82562 0.25
      vertex 0.737634 -2.75289 0.25
    endloop
  endfacet
  facet normal 0 0 -1
    outer loop
      vertex 0 -3.7 0.25
      vertex 0.371999 -2.82562 0.25
      vertex 0.482946 -3.66835 0.25
    endloop
  endfacet
  facet normal 0 0 -1
    outer loop
      vertex 0 -3.7 0.25
      vertex 0 -2.85 0.25
      vertex 0.371999 -2.82562 0.25
    endloop
  endfacet
  facet normal 0 0 -1
    outer loop
      vertex 0 -3.7 0.25
      vertex -0.371999 -2.82562 0.25
      vertex 0 -2.85 0.25
    endloop
  endfacet
  facet normal 0 0 -1
    outer loop
      vertex -0.482946 -3.66835 0.25
      vertex -0.371999 -2.82562 0.25
      vertex 0 -3.7 0.25
    endloop
  endfacet
  facet normal 0 0 -1
    outer loop
      vertex -0.482946 -3.66835 0.25
      vertex -0.737634 -2.75289 0.25
      vertex -0.371999 -2.82562 0.25
    endloop
  endfacet
  facet normal 0 0 -1
    outer loop
      vertex -0.95763 -3.57393 0.25
      vertex -0.737634 -2.75289 0.25
      vertex -0.482946 -3.66835 0.25
    endloop
  endfacet
  facet normal 0 0 -1
    outer loop
      vertex -0.95763 -3.57393 0.25
      vertex -1.09065 -2.63306 0.25
      vertex -0.737634 -2.75289 0.25
    endloop
  endfacet
  facet normal 0 0 -1
    outer loop
      vertex -1.41593 -3.41835 0.25
      vertex -1.09065 -2.63306 0.25
      vertex -0.95763 -3.57393 0.25
    endloop
  endfacet
  facet normal 0 0 -1
    outer loop
      vertex -1.41593 -3.41835 0.25
      vertex -1.425 -2.46817 0.25
      vertex -1.09065 -2.63306 0.25
    endloop
  endfacet
  facet normal 0 0 -1
    outer loop
      vertex -1.85 -3.20429 0.25
      vertex -1.425 -2.46817 0.25
      vertex -1.41593 -3.41835 0.25
    endloop
  endfacet
  facet normal -0 0 -1
    outer loop
      vertex -1.425 -2.46817 0.25
      vertex -1.85 -3.20429 0.25
      vertex -1.73497 -2.26106 0.25
    endloop
  endfacet
  facet normal 0 0 -1
    outer loop
      vertex -2.25242 -2.93541 0.25
      vertex -1.73497 -2.26106 0.25
      vertex -1.85 -3.20429 0.25
    endloop
  endfacet
  facet normal -0 0 -1
    outer loop
      vertex -1.73497 -2.26106 0.25
      vertex -2.25242 -2.93541 0.25
      vertex -2.01525 -2.01525 0.25
    endloop
  endfacet
  facet normal 0 0 -1
    outer loop
      vertex -2.61629 -2.61629 0.25
      vertex -2.01525 -2.01525 0.25
      vertex -2.25242 -2.93541 0.25
    endloop
  endfacet
  facet normal -0 0 -1
    outer loop
      vertex -2.01525 -2.01525 0.25
      vertex -2.61629 -2.61629 0.25
      vertex -2.26106 -1.73497 0.25
    endloop
  endfacet
  facet normal 0 0 -1
    outer loop
      vertex -2.93541 -2.25242 0.25
      vertex -2.26106 -1.73497 0.25
      vertex -2.61629 -2.61629 0.25
    endloop
  endfacet
  facet normal -0 0 -1
    outer loop
      vertex -2.26106 -1.73497 0.25
      vertex -2.93541 -2.25242 0.25
      vertex -2.46817 -1.425 0.25
    endloop
  endfacet
  facet normal 0 0 -1
    outer loop
      vertex -3.20429 -1.85 0.25
      vertex -2.46817 -1.425 0.25
      vertex -2.93541 -2.25242 0.25
    endloop
  endfacet
  facet normal -0 0 -1
    outer loop
      vertex -2.46817 -1.425 0.25
      vertex -3.20429 -1.85 0.25
      vertex -2.63306 -1.09065 0.25
    endloop
  endfacet
  facet normal -0 0 -1
    outer loop
      vertex -2.63306 -1.09065 0.25
      vertex -3.41835 -1.41593 0.25
      vertex -2.75289 -0.737634 0.25
    endloop
  endfacet
  facet normal 0 0 -1
    outer loop
      vertex -3.41835 -1.41593 0.25
      vertex -2.63306 -1.09065 0.25
      vertex -3.20429 -1.85 0.25
    endloop
  endfacet
  facet normal 0 0 -1
    outer loop
      vertex 2.63306 1.09065 0.25
      vertex 3.41835 1.41593 0.25
      vertex 2.75289 0.737634 0.25
    endloop
  endfacet
  facet normal -0 0 -1
    outer loop
      vertex 3.41835 1.41593 0.25
      vertex 2.63306 1.09065 0.25
      vertex 3.20429 1.85 0.25
    endloop
  endfacet
  facet normal 0 0 -1
    outer loop
      vertex 2.46817 1.425 0.25
      vertex 3.20429 1.85 0.25
      vertex 2.63306 1.09065 0.25
    endloop
  endfacet
  facet normal -0 0 -1
    outer loop
      vertex 3.20429 1.85 0.25
      vertex 2.46817 1.425 0.25
      vertex 2.93541 2.25242 0.25
    endloop
  endfacet
  facet normal 0 0 -1
    outer loop
      vertex 2.26106 1.73497 0.25
      vertex 2.93541 2.25242 0.25
      vertex 2.46817 1.425 0.25
    endloop
  endfacet
  facet normal -0 0 -1
    outer loop
      vertex 2.93541 2.25242 0.25
      vertex 2.26106 1.73497 0.25
      vertex 2.61629 2.61629 0.25
    endloop
  endfacet
  facet normal 0 0 -1
    outer loop
      vertex 2.01525 2.01525 0.25
      vertex 2.61629 2.61629 0.25
      vertex 2.26106 1.73497 0.25
    endloop
  endfacet
  facet normal -0 0 -1
    outer loop
      vertex 2.61629 2.61629 0.25
      vertex 2.01525 2.01525 0.25
      vertex 2.25242 2.93541 0.25
    endloop
  endfacet
  facet normal 0 0 -1
    outer loop
      vertex 1.73497 2.26106 0.25
      vertex 2.25242 2.93541 0.25
      vertex 2.01525 2.01525 0.25
    endloop
  endfacet
  facet normal -0 0 -1
    outer loop
      vertex 2.25242 2.93541 0.25
      vertex 1.73497 2.26106 0.25
      vertex 1.85 3.20429 0.25
    endloop
  endfacet
  facet normal 0 0 -1
    outer loop
      vertex 1.425 2.46817 0.25
      vertex 1.85 3.20429 0.25
      vertex 1.73497 2.26106 0.25
    endloop
  endfacet
  facet normal 0 0 -1
    outer loop
      vertex 1.425 2.46817 0.25
      vertex 1.41593 3.41835 0.25
      vertex 1.85 3.20429 0.25
    endloop
  endfacet
  facet normal 0 0 -1
    outer loop
      vertex 1.09065 2.63306 0.25
      vertex 1.41593 3.41835 0.25
      vertex 1.425 2.46817 0.25
    endloop
  endfacet
  facet normal 0 0 -1
    outer loop
      vertex 1.09065 2.63306 0.25
      vertex 0.95763 3.57393 0.25
      vertex 1.41593 3.41835 0.25
    endloop
  endfacet
  facet normal 0 0 -1
    outer loop
      vertex 0.737634 2.75289 0.25
      vertex 0.95763 3.57393 0.25
      vertex 1.09065 2.63306 0.25
    endloop
  endfacet
  facet normal 0 0 -1
    outer loop
      vertex 0.737634 2.75289 0.25
      vertex 0.482946 3.66835 0.25
      vertex 0.95763 3.57393 0.25
    endloop
  endfacet
  facet normal 0 0 -1
    outer loop
      vertex 0.371999 2.82562 0.25
      vertex 0.482946 3.66835 0.25
      vertex 0.737634 2.75289 0.25
    endloop
  endfacet
  facet normal 0 0 -1
    outer loop
      vertex 0 2.85 0.25
      vertex 0.482946 3.66835 0.25
      vertex 0.371999 2.82562 0.25
    endloop
  endfacet
  facet normal 0 0 -1
    outer loop
      vertex 0 2.85 0.25
      vertex 0 3.7 0.25
      vertex 0.482946 3.66835 0.25
    endloop
  endfacet
  facet normal 0 0 -1
    outer loop
      vertex -0.371999 2.82562 0.25
      vertex 0 3.7 0.25
      vertex 0 2.85 0.25
    endloop
  endfacet
  facet normal 0 0 -1
    outer loop
      vertex -0.371999 2.82562 0.25
      vertex -0.482946 3.66835 0.25
      vertex 0 3.7 0.25
    endloop
  endfacet
  facet normal 0 0 -1
    outer loop
      vertex -0.737634 2.75289 0.25
      vertex -0.482946 3.66835 0.25
      vertex -0.371999 2.82562 0.25
    endloop
  endfacet
  facet normal 0 0 -1
    outer loop
      vertex -0.737634 2.75289 0.25
      vertex -0.95763 3.57393 0.25
      vertex -0.482946 3.66835 0.25
    endloop
  endfacet
  facet normal 0 0 -1
    outer loop
      vertex -1.09065 2.63306 0.25
      vertex -0.95763 3.57393 0.25
      vertex -0.737634 2.75289 0.25
    endloop
  endfacet
  facet normal 0 0 -1
    outer loop
      vertex -1.09065 2.63306 0.25
      vertex -1.41593 3.41835 0.25
      vertex -0.95763 3.57393 0.25
    endloop
  endfacet
  facet normal 0 0 -1
    outer loop
      vertex -1.425 2.46817 0.25
      vertex -1.41593 3.41835 0.25
      vertex -1.09065 2.63306 0.25
    endloop
  endfacet
  facet normal 0 0 -1
    outer loop
      vertex -1.85 3.20429 0.25
      vertex -1.425 2.46817 0.25
      vertex -1.73497 2.26106 0.25
    endloop
  endfacet
  facet normal 0 0 -1
    outer loop
      vertex -1.425 2.46817 0.25
      vertex -1.85 3.20429 0.25
      vertex -1.41593 3.41835 0.25
    endloop
  endfacet
  facet normal 0 0 -1
    outer loop
      vertex -2.25242 2.93541 0.25
      vertex -1.73497 2.26106 0.25
      vertex -2.01525 2.01525 0.25
    endloop
  endfacet
  facet normal 0 0 -1
    outer loop
      vertex -1.73497 2.26106 0.25
      vertex -2.25242 2.93541 0.25
      vertex -1.85 3.20429 0.25
    endloop
  endfacet
  facet normal 0 0 -1
    outer loop
      vertex -2.61629 2.61629 0.25
      vertex -2.01525 2.01525 0.25
      vertex -2.26106 1.73497 0.25
    endloop
  endfacet
  facet normal 0 0 -1
    outer loop
      vertex -2.93541 2.25242 0.25
      vertex -2.26106 1.73497 0.25
      vertex -2.46817 1.425 0.25
    endloop
  endfacet
  facet normal 0 0 -1
    outer loop
      vertex -2.01525 2.01525 0.25
      vertex -2.61629 2.61629 0.25
      vertex -2.25242 2.93541 0.25
    endloop
  endfacet
  facet normal 0 0 -1
    outer loop
      vertex -3.20429 1.85 0.25
      vertex -2.46817 1.425 0.25
      vertex -2.63306 1.09065 0.25
    endloop
  endfacet
  facet normal 0 0 -1
    outer loop
      vertex -3.41835 1.41593 0.25
      vertex -2.63306 1.09065 0.25
      vertex -2.75289 0.737634 0.25
    endloop
  endfacet
  facet normal 0 0 -1
    outer loop
      vertex -3.57393 0.95763 0.25
      vertex -2.75289 0.737634 0.25
      vertex -2.82562 0.371999 0.25
    endloop
  endfacet
  facet normal 0 0 -1
    outer loop
      vertex -2.26106 1.73497 0.25
      vertex -2.93541 2.25242 0.25
      vertex -2.61629 2.61629 0.25
    endloop
  endfacet
  facet normal 0 0 -1
    outer loop
      vertex -3.66835 0.482946 0.25
      vertex -2.82562 0.371999 0.25
      vertex -2.85 0 0.25
    endloop
  endfacet
  facet normal 0 0 -1
    outer loop
      vertex -3.57393 -0.95763 0.25
      vertex -2.75289 -0.737634 0.25
      vertex -3.41835 -1.41593 0.25
    endloop
  endfacet
  facet normal -0 0 -1
    outer loop
      vertex -2.75289 -0.737634 0.25
      vertex -3.57393 -0.95763 0.25
      vertex -2.82562 -0.371999 0.25
    endloop
  endfacet
  facet normal 0 0 -1
    outer loop
      vertex -2.46817 1.425 0.25
      vertex -3.20429 1.85 0.25
      vertex -2.93541 2.25242 0.25
    endloop
  endfacet
  facet normal 0 0 -1
    outer loop
      vertex -3.66835 -0.482946 0.25
      vertex -2.82562 -0.371999 0.25
      vertex -3.57393 -0.95763 0.25
    endloop
  endfacet
  facet normal 0 0 -1
    outer loop
      vertex -2.63306 1.09065 0.25
      vertex -3.41835 1.41593 0.25
      vertex -3.20429 1.85 0.25
    endloop
  endfacet
  facet normal -0 0 -1
    outer loop
      vertex -2.82562 -0.371999 0.25
      vertex -3.66835 -0.482946 0.25
      vertex -2.85 0 0.25
    endloop
  endfacet
  facet normal 0 0 -1
    outer loop
      vertex -2.75289 0.737634 0.25
      vertex -3.57393 0.95763 0.25
      vertex -3.41835 1.41593 0.25
    endloop
  endfacet
  facet normal 0 0 -1
    outer loop
      vertex -3.7 0 0.25
      vertex -2.85 0 0.25
      vertex -3.66835 -0.482946 0.25
    endloop
  endfacet
  facet normal 0 0 -1
    outer loop
      vertex -2.82562 0.371999 0.25
      vertex -3.66835 0.482946 0.25
      vertex -3.57393 0.95763 0.25
    endloop
  endfacet
  facet normal 0 0 -1
    outer loop
      vertex -2.85 0 0.25
      vertex -3.7 0 0.25
      vertex -3.66835 0.482946 0.25
    endloop
  endfacet
  facet normal 0 0 1
    outer loop
      vertex 1.5 0 2.3
      vertex 3.7 0 2.3
      vertex 3.66835 0.482946 2.3
    endloop
  endfacet
  facet normal 0 0 1
    outer loop
      vertex 1.48717 0.195788 2.3
      vertex 3.66835 0.482946 2.3
      vertex 3.57393 0.95763 2.3
    endloop
  endfacet
  facet normal 0 0 1
    outer loop
      vertex 3.7 0 2.3
      vertex 1.5 0 2.3
      vertex 3.66835 -0.482946 2.3
    endloop
  endfacet
  facet normal 0 0 1
    outer loop
      vertex 1.44889 0.388228 2.3
      vertex 3.57393 0.95763 2.3
      vertex 3.41835 1.41593 2.3
    endloop
  endfacet
  facet normal -0 0 1
    outer loop
      vertex 1.48717 -0.195788 2.3
      vertex 3.66835 -0.482946 2.3
      vertex 1.5 0 2.3
    endloop
  endfacet
  facet normal 0 0 1
    outer loop
      vertex 1.38582 0.574024 2.3
      vertex 3.41835 1.41593 2.3
      vertex 3.20429 1.85 2.3
    endloop
  endfacet
  facet normal 0 0 1
    outer loop
      vertex 3.66835 -0.482946 2.3
      vertex 1.48717 -0.195788 2.3
      vertex 3.57393 -0.95763 2.3
    endloop
  endfacet
  facet normal 0 0 1
    outer loop
      vertex 1.29904 0.75 2.3
      vertex 3.20429 1.85 2.3
      vertex 2.93541 2.25242 2.3
    endloop
  endfacet
  facet normal -0 0 1
    outer loop
      vertex 1.44889 -0.388228 2.3
      vertex 3.57393 -0.95763 2.3
      vertex 1.48717 -0.195788 2.3
    endloop
  endfacet
  facet normal 0 0 1
    outer loop
      vertex 1.19003 0.913141 2.3
      vertex 2.93541 2.25242 2.3
      vertex 2.61629 2.61629 2.3
    endloop
  endfacet
  facet normal 0 0 1
    outer loop
      vertex 3.57393 -0.95763 2.3
      vertex 1.44889 -0.388228 2.3
      vertex 3.41835 -1.41593 2.3
    endloop
  endfacet
  facet normal 0 0 1
    outer loop
      vertex 1.06066 1.06066 2.3
      vertex 2.61629 2.61629 2.3
      vertex 2.25242 2.93541 2.3
    endloop
  endfacet
  facet normal -0 0 1
    outer loop
      vertex 1.38582 -0.574024 2.3
      vertex 3.41835 -1.41593 2.3
      vertex 1.44889 -0.388228 2.3
    endloop
  endfacet
  facet normal 0 0 1
    outer loop
      vertex 0.913141 1.19003 2.3
      vertex 2.25242 2.93541 2.3
      vertex 1.85 3.20429 2.3
    endloop
  endfacet
  facet normal 0 0 1
    outer loop
      vertex 3.41835 -1.41593 2.3
      vertex 1.38582 -0.574024 2.3
      vertex 3.20429 -1.85 2.3
    endloop
  endfacet
  facet normal -0 0 1
    outer loop
      vertex 1.29904 -0.75 2.3
      vertex 3.20429 -1.85 2.3
      vertex 1.38582 -0.574024 2.3
    endloop
  endfacet
  facet normal 0 0 1
    outer loop
      vertex 3.66835 0.482946 2.3
      vertex 1.48717 0.195788 2.3
      vertex 1.5 0 2.3
    endloop
  endfacet
  facet normal 0 0 1
    outer loop
      vertex 3.57393 0.95763 2.3
      vertex 1.44889 0.388228 2.3
      vertex 1.48717 0.195788 2.3
    endloop
  endfacet
  facet normal 0 0 1
    outer loop
      vertex 0.75 1.29904 2.3
      vertex 1.85 3.20429 2.3
      vertex 1.41593 3.41835 2.3
    endloop
  endfacet
  facet normal 0 0 1
    outer loop
      vertex 3.41835 1.41593 2.3
      vertex 1.38582 0.574024 2.3
      vertex 1.44889 0.388228 2.3
    endloop
  endfacet
  facet normal 0 0 1
    outer loop
      vertex 3.20429 1.85 2.3
      vertex 1.29904 0.75 2.3
      vertex 1.38582 0.574024 2.3
    endloop
  endfacet
  facet normal 0 0 1
    outer loop
      vertex 2.93541 2.25242 2.3
      vertex 1.19003 0.913141 2.3
      vertex 1.29904 0.75 2.3
    endloop
  endfacet
  facet normal 0 0 1
    outer loop
      vertex 2.61629 2.61629 2.3
      vertex 1.06066 1.06066 2.3
      vertex 1.19003 0.913141 2.3
    endloop
  endfacet
  facet normal 0 0 1
    outer loop
      vertex 0.574024 1.38582 2.3
      vertex 1.41593 3.41835 2.3
      vertex 0.95763 3.57393 2.3
    endloop
  endfacet
  facet normal 0 0 1
    outer loop
      vertex 2.25242 2.93541 2.3
      vertex 0.913141 1.19003 2.3
      vertex 1.06066 1.06066 2.3
    endloop
  endfacet
  facet normal 0 0 1
    outer loop
      vertex 1.85 3.20429 2.3
      vertex 0.75 1.29904 2.3
      vertex 0.913141 1.19003 2.3
    endloop
  endfacet
  facet normal 0 0 1
    outer loop
      vertex 1.41593 3.41835 2.3
      vertex 0.574024 1.38582 2.3
      vertex 0.75 1.29904 2.3
    endloop
  endfacet
  facet normal 0 0 1
    outer loop
      vertex 0.388228 1.44889 2.3
      vertex 0.95763 3.57393 2.3
      vertex 0.482946 3.66835 2.3
    endloop
  endfacet
  facet normal 0 0 1
    outer loop
      vertex 0.95763 3.57393 2.3
      vertex 0.388228 1.44889 2.3
      vertex 0.574024 1.38582 2.3
    endloop
  endfacet
  facet normal 0 0 1
    outer loop
      vertex 0.482946 3.66835 2.3
      vertex 0.195788 1.48717 2.3
      vertex 0.388228 1.44889 2.3
    endloop
  endfacet
  facet normal 0 0 1
    outer loop
      vertex 0 3.7 2.3
      vertex 0.195788 1.48717 2.3
      vertex 0.482946 3.66835 2.3
    endloop
  endfacet
  facet normal 0 0 1
    outer loop
      vertex 0 3.7 2.3
      vertex 0 1.5 2.3
      vertex 0.195788 1.48717 2.3
    endloop
  endfacet
  facet normal 0 0 1
    outer loop
      vertex 0 3.7 2.3
      vertex -0.195788 1.48717 2.3
      vertex 0 1.5 2.3
    endloop
  endfacet
  facet normal -0 0 1
    outer loop
      vertex -0.482946 3.66835 2.3
      vertex -0.195788 1.48717 2.3
      vertex 0 3.7 2.3
    endloop
  endfacet
  facet normal 0 0 1
    outer loop
      vertex -0.195788 1.48717 2.3
      vertex -0.482946 3.66835 2.3
      vertex -0.388228 1.44889 2.3
    endloop
  endfacet
  facet normal -0 0 1
    outer loop
      vertex -0.95763 3.57393 2.3
      vertex -0.388228 1.44889 2.3
      vertex -0.482946 3.66835 2.3
    endloop
  endfacet
  facet normal 0 0 1
    outer loop
      vertex -0.388228 1.44889 2.3
      vertex -0.95763 3.57393 2.3
      vertex -0.574024 1.38582 2.3
    endloop
  endfacet
  facet normal -0 0 1
    outer loop
      vertex -1.41593 3.41835 2.3
      vertex -0.574024 1.38582 2.3
      vertex -0.95763 3.57393 2.3
    endloop
  endfacet
  facet normal 0 0 1
    outer loop
      vertex -0.574024 1.38582 2.3
      vertex -1.41593 3.41835 2.3
      vertex -0.75 1.29904 2.3
    endloop
  endfacet
  facet normal -0 0 1
    outer loop
      vertex -1.85 3.20429 2.3
      vertex -0.75 1.29904 2.3
      vertex -1.41593 3.41835 2.3
    endloop
  endfacet
  facet normal 0 0 1
    outer loop
      vertex -0.75 1.29904 2.3
      vertex -1.85 3.20429 2.3
      vertex -0.913141 1.19003 2.3
    endloop
  endfacet
  facet normal -0 0 1
    outer loop
      vertex -2.25242 2.93541 2.3
      vertex -0.913141 1.19003 2.3
      vertex -1.85 3.20429 2.3
    endloop
  endfacet
  facet normal 0 0 1
    outer loop
      vertex -0.913141 1.19003 2.3
      vertex -2.25242 2.93541 2.3
      vertex -1.06066 1.06066 2.3
    endloop
  endfacet
  facet normal -0 0 1
    outer loop
      vertex -2.61629 2.61629 2.3
      vertex -1.06066 1.06066 2.3
      vertex -2.25242 2.93541 2.3
    endloop
  endfacet
  facet normal 0 0 1
    outer loop
      vertex -1.06066 1.06066 2.3
      vertex -2.61629 2.61629 2.3
      vertex -1.19003 0.913141 2.3
    endloop
  endfacet
  facet normal -0 0 1
    outer loop
      vertex -2.93541 2.25242 2.3
      vertex -1.19003 0.913141 2.3
      vertex -2.61629 2.61629 2.3
    endloop
  endfacet
  facet normal 0 0 1
    outer loop
      vertex -1.19003 0.913141 2.3
      vertex -2.93541 2.25242 2.3
      vertex -1.29904 0.75 2.3
    endloop
  endfacet
  facet normal -0 0 1
    outer loop
      vertex -3.20429 1.85 2.3
      vertex -1.29904 0.75 2.3
      vertex -2.93541 2.25242 2.3
    endloop
  endfacet
  facet normal 0 0 1
    outer loop
      vertex 3.20429 -1.85 2.3
      vertex 1.29904 -0.75 2.3
      vertex 2.93541 -2.25242 2.3
    endloop
  endfacet
  facet normal -0 0 1
    outer loop
      vertex 1.19003 -0.913141 2.3
      vertex 2.93541 -2.25242 2.3
      vertex 1.29904 -0.75 2.3
    endloop
  endfacet
  facet normal 0 0 1
    outer loop
      vertex 2.93541 -2.25242 2.3
      vertex 1.19003 -0.913141 2.3
      vertex 2.61629 -2.61629 2.3
    endloop
  endfacet
  facet normal -0 0 1
    outer loop
      vertex 1.06066 -1.06066 2.3
      vertex 2.61629 -2.61629 2.3
      vertex 1.19003 -0.913141 2.3
    endloop
  endfacet
  facet normal 0 0 1
    outer loop
      vertex 2.61629 -2.61629 2.3
      vertex 1.06066 -1.06066 2.3
      vertex 2.25242 -2.93541 2.3
    endloop
  endfacet
  facet normal -0 0 1
    outer loop
      vertex 0.913141 -1.19003 2.3
      vertex 2.25242 -2.93541 2.3
      vertex 1.06066 -1.06066 2.3
    endloop
  endfacet
  facet normal 0 0 1
    outer loop
      vertex 2.25242 -2.93541 2.3
      vertex 0.913141 -1.19003 2.3
      vertex 1.85 -3.20429 2.3
    endloop
  endfacet
  facet normal -0 0 1
    outer loop
      vertex 0.75 -1.29904 2.3
      vertex 1.85 -3.20429 2.3
      vertex 0.913141 -1.19003 2.3
    endloop
  endfacet
  facet normal 0 0 1
    outer loop
      vertex 1.85 -3.20429 2.3
      vertex 0.75 -1.29904 2.3
      vertex 1.41593 -3.41835 2.3
    endloop
  endfacet
  facet normal -0 0 1
    outer loop
      vertex 0.574024 -1.38582 2.3
      vertex 1.41593 -3.41835 2.3
      vertex 0.75 -1.29904 2.3
    endloop
  endfacet
  facet normal 0 0 1
    outer loop
      vertex 1.41593 -3.41835 2.3
      vertex 0.574024 -1.38582 2.3
      vertex 0.95763 -3.57393 2.3
    endloop
  endfacet
  facet normal -0 0 1
    outer loop
      vertex 0.388228 -1.44889 2.3
      vertex 0.95763 -3.57393 2.3
      vertex 0.574024 -1.38582 2.3
    endloop
  endfacet
  facet normal 0 0 1
    outer loop
      vertex 0.95763 -3.57393 2.3
      vertex 0.388228 -1.44889 2.3
      vertex 0.482946 -3.66835 2.3
    endloop
  endfacet
  facet normal -0 0 1
    outer loop
      vertex 0.195788 -1.48717 2.3
      vertex 0.482946 -3.66835 2.3
      vertex 0.388228 -1.44889 2.3
    endloop
  endfacet
  facet normal -0 0 1
    outer loop
      vertex 0 -1.5 2.3
      vertex 0.482946 -3.66835 2.3
      vertex 0.195788 -1.48717 2.3
    endloop
  endfacet
  facet normal 0 0 1
    outer loop
      vertex 0 -1.5 2.3
      vertex 0 -3.7 2.3
      vertex 0.482946 -3.66835 2.3
    endloop
  endfacet
  facet normal 0 0 1
    outer loop
      vertex -0.195788 -1.48717 2.3
      vertex 0 -3.7 2.3
      vertex 0 -1.5 2.3
    endloop
  endfacet
  facet normal 0 0 1
    outer loop
      vertex -0.482946 -3.66835 2.3
      vertex -0.195788 -1.48717 2.3
      vertex -0.388228 -1.44889 2.3
    endloop
  endfacet
  facet normal 0 0 1
    outer loop
      vertex -0.195788 -1.48717 2.3
      vertex -0.482946 -3.66835 2.3
      vertex 0 -3.7 2.3
    endloop
  endfacet
  facet normal 0 0 1
    outer loop
      vertex -0.95763 -3.57393 2.3
      vertex -0.388228 -1.44889 2.3
      vertex -0.574024 -1.38582 2.3
    endloop
  endfacet
  facet normal 0 0 1
    outer loop
      vertex -1.41593 -3.41835 2.3
      vertex -0.574024 -1.38582 2.3
      vertex -0.75 -1.29904 2.3
    endloop
  endfacet
  facet normal 0 0 1
    outer loop
      vertex -1.85 -3.20429 2.3
      vertex -0.75 -1.29904 2.3
      vertex -0.913141 -1.19003 2.3
    endloop
  endfacet
  facet normal 0 0 1
    outer loop
      vertex -0.388228 -1.44889 2.3
      vertex -0.95763 -3.57393 2.3
      vertex -0.482946 -3.66835 2.3
    endloop
  endfacet
  facet normal 0 0 1
    outer loop
      vertex -2.25242 -2.93541 2.3
      vertex -0.913141 -1.19003 2.3
      vertex -1.06066 -1.06066 2.3
    endloop
  endfacet
  facet normal 0 0 1
    outer loop
      vertex -2.61629 -2.61629 2.3
      vertex -1.06066 -1.06066 2.3
      vertex -1.19003 -0.913141 2.3
    endloop
  endfacet
  facet normal 0 0 1
    outer loop
      vertex -2.93541 -2.25242 2.3
      vertex -1.19003 -0.913141 2.3
      vertex -1.29904 -0.75 2.3
    endloop
  endfacet
  facet normal 0 0 1
    outer loop
      vertex -3.20429 -1.85 2.3
      vertex -1.29904 -0.75 2.3
      vertex -1.38582 -0.574024 2.3
    endloop
  endfacet
  facet normal 0 0 1
    outer loop
      vertex -0.574024 -1.38582 2.3
      vertex -1.41593 -3.41835 2.3
      vertex -0.95763 -3.57393 2.3
    endloop
  endfacet
  facet normal 0 0 1
    outer loop
      vertex -3.41835 -1.41593 2.3
      vertex -1.38582 -0.574024 2.3
      vertex -1.44889 -0.388228 2.3
    endloop
  endfacet
  facet normal 0 0 1
    outer loop
      vertex -3.57393 -0.95763 2.3
      vertex -1.44889 -0.388228 2.3
      vertex -1.48717 -0.195788 2.3
    endloop
  endfacet
  facet normal 0 0 1
    outer loop
      vertex -3.66835 -0.482946 2.3
      vertex -1.48717 -0.195788 2.3
      vertex -1.5 0 2.3
    endloop
  endfacet
  facet normal 0 0 1
    outer loop
      vertex -1.29904 0.75 2.3
      vertex -3.20429 1.85 2.3
      vertex -1.38582 0.574024 2.3
    endloop
  endfacet
  facet normal 0 0 1
    outer loop
      vertex -0.75 -1.29904 2.3
      vertex -1.85 -3.20429 2.3
      vertex -1.41593 -3.41835 2.3
    endloop
  endfacet
  facet normal -0 0 1
    outer loop
      vertex -3.41835 1.41593 2.3
      vertex -1.38582 0.574024 2.3
      vertex -3.20429 1.85 2.3
    endloop
  endfacet
  facet normal 0 0 1
    outer loop
      vertex -0.913141 -1.19003 2.3
      vertex -2.25242 -2.93541 2.3
      vertex -1.85 -3.20429 2.3
    endloop
  endfacet
  facet normal 0 0 1
    outer loop
      vertex -1.38582 0.574024 2.3
      vertex -3.41835 1.41593 2.3
      vertex -1.44889 0.388228 2.3
    endloop
  endfacet
  facet normal 0 0 1
    outer loop
      vertex -1.06066 -1.06066 2.3
      vertex -2.61629 -2.61629 2.3
      vertex -2.25242 -2.93541 2.3
    endloop
  endfacet
  facet normal -0 0 1
    outer loop
      vertex -3.57393 0.95763 2.3
      vertex -1.44889 0.388228 2.3
      vertex -3.41835 1.41593 2.3
    endloop
  endfacet
  facet normal 0 0 1
    outer loop
      vertex -1.19003 -0.913141 2.3
      vertex -2.93541 -2.25242 2.3
      vertex -2.61629 -2.61629 2.3
    endloop
  endfacet
  facet normal 0 0 1
    outer loop
      vertex -1.44889 0.388228 2.3
      vertex -3.57393 0.95763 2.3
      vertex -1.48717 0.195788 2.3
    endloop
  endfacet
  facet normal 0 0 1
    outer loop
      vertex -1.29904 -0.75 2.3
      vertex -3.20429 -1.85 2.3
      vertex -2.93541 -2.25242 2.3
    endloop
  endfacet
  facet normal -0 0 1
    outer loop
      vertex -3.66835 0.482946 2.3
      vertex -1.48717 0.195788 2.3
      vertex -3.57393 0.95763 2.3
    endloop
  endfacet
  facet normal 0 0 1
    outer loop
      vertex -1.38582 -0.574024 2.3
      vertex -3.41835 -1.41593 2.3
      vertex -3.20429 -1.85 2.3
    endloop
  endfacet
  facet normal 0 0 1
    outer loop
      vertex -1.48717 0.195788 2.3
      vertex -3.66835 0.482946 2.3
      vertex -1.5 0 2.3
    endloop
  endfacet
  facet normal 0 0 1
    outer loop
      vertex -1.44889 -0.388228 2.3
      vertex -3.57393 -0.95763 2.3
      vertex -3.41835 -1.41593 2.3
    endloop
  endfacet
  facet normal 0 0 1
    outer loop
      vertex -3.7 0 2.3
      vertex -1.5 0 2.3
      vertex -3.66835 0.482946 2.3
    endloop
  endfacet
  facet normal 0 0 1
    outer loop
      vertex -1.48717 -0.195788 2.3
      vertex -3.66835 -0.482946 2.3
      vertex -3.57393 -0.95763 2.3
    endloop
  endfacet
  facet normal 0 0 1
    outer loop
      vertex -1.5 0 2.3
      vertex -3.7 0 2.3
      vertex -3.66835 -0.482946 2.3
    endloop
  endfacet
  facet normal -0.751825 0.659363 0
    outer loop
      vertex -2.93541 2.25242 0.25
      vertex -2.61629 2.61629 2.3
      vertex -2.61629 2.61629 0.25
    endloop
  endfacet
  facet normal -0.751825 0.659363 0
    outer loop
      vertex -2.61629 2.61629 2.3
      vertex -2.93541 2.25242 0.25
      vertex -2.93541 2.25242 2.3
    endloop
  endfacet
  facet normal -0.831478 -0.555558 0
    outer loop
      vertex -2.93541 -2.25242 0.25
      vertex -3.20429 -1.85 2.3
      vertex -3.20429 -1.85 0.25
    endloop
  endfacet
  facet normal -0.831478 -0.555558 0
    outer loop
      vertex -3.20429 -1.85 2.3
      vertex -2.93541 -2.25242 0.25
      vertex -2.93541 -2.25242 2.3
    endloop
  endfacet
  facet normal 0.195089 0.980785 -0
    outer loop
      vertex 0.95763 3.57393 0.25
      vertex 0.482946 3.66835 2.3
      vertex 0.95763 3.57393 2.3
    endloop
  endfacet
  facet normal 0.195089 0.980785 0
    outer loop
      vertex 0.482946 3.66835 2.3
      vertex 0.95763 3.57393 0.25
      vertex 0.482946 3.66835 0.25
    endloop
  endfacet
  facet normal -0.321454 0.946925 0
    outer loop
      vertex -0.95763 3.57393 0.25
      vertex -1.41593 3.41835 2.3
      vertex -0.95763 3.57393 2.3
    endloop
  endfacet
  facet normal -0.321454 0.946925 0
    outer loop
      vertex -1.41593 3.41835 2.3
      vertex -0.95763 3.57393 0.25
      vertex -1.41593 3.41835 0.25
    endloop
  endfacet
  facet normal -0.065395 -0.997859 0
    outer loop
      vertex -0.482946 -3.66835 0.25
      vertex 0 -3.7 2.3
      vertex -0.482946 -3.66835 2.3
    endloop
  endfacet
  facet normal -0.065395 -0.997859 -0
    outer loop
      vertex 0 -3.7 2.3
      vertex -0.482946 -3.66835 0.25
      vertex 0 -3.7 0.25
    endloop
  endfacet
  facet normal -0.831478 0.555558 0
    outer loop
      vertex -3.20429 1.85 0.25
      vertex -2.93541 2.25242 2.3
      vertex -2.93541 2.25242 0.25
    endloop
  endfacet
  facet normal -0.831478 0.555558 0
    outer loop
      vertex -2.93541 2.25242 2.3
      vertex -3.20429 1.85 0.25
      vertex -3.20429 1.85 2.3
    endloop
  endfacet
  facet normal 0.442289 -0.896872 0
    outer loop
      vertex 1.41593 -3.41835 0.25
      vertex 1.85 -3.20429 2.3
      vertex 1.41593 -3.41835 2.3
    endloop
  endfacet
  facet normal 0.442289 -0.896872 0
    outer loop
      vertex 1.85 -3.20429 2.3
      vertex 1.41593 -3.41835 0.25
      vertex 1.85 -3.20429 0.25
    endloop
  endfacet
  facet normal -0.980785 0.195089 0
    outer loop
      vertex -3.66835 0.482946 0.25
      vertex -3.57393 0.95763 2.3
      vertex -3.57393 0.95763 0.25
    endloop
  endfacet
  facet normal -0.980785 0.195089 0
    outer loop
      vertex -3.57393 0.95763 2.3
      vertex -3.66835 0.482946 0.25
      vertex -3.66835 0.482946 2.3
    endloop
  endfacet
  facet normal 0.896872 -0.442289 0
    outer loop
      vertex 3.20429 -1.85 2.3
      vertex 3.41835 -1.41593 0.25
      vertex 3.41835 -1.41593 2.3
    endloop
  endfacet
  facet normal 0.896872 -0.442289 0
    outer loop
      vertex 3.41835 -1.41593 0.25
      vertex 3.20429 -1.85 2.3
      vertex 3.20429 -1.85 0.25
    endloop
  endfacet
  facet normal -0.980785 -0.195089 0
    outer loop
      vertex -3.57393 -0.95763 0.25
      vertex -3.66835 -0.482946 2.3
      vertex -3.66835 -0.482946 0.25
    endloop
  endfacet
  facet normal -0.980785 -0.195089 0
    outer loop
      vertex -3.66835 -0.482946 2.3
      vertex -3.57393 -0.95763 0.25
      vertex -3.57393 -0.95763 2.3
    endloop
  endfacet
  facet normal 0.946925 -0.321454 0
    outer loop
      vertex 3.41835 -1.41593 2.3
      vertex 3.57393 -0.95763 0.25
      vertex 3.57393 -0.95763 2.3
    endloop
  endfacet
  facet normal 0.946925 -0.321454 0
    outer loop
      vertex 3.57393 -0.95763 0.25
      vertex 3.41835 -1.41593 2.3
      vertex 3.41835 -1.41593 0.25
    endloop
  endfacet
  facet normal -0.946925 0.321454 0
    outer loop
      vertex -3.57393 0.95763 0.25
      vertex -3.41835 1.41593 2.3
      vertex -3.41835 1.41593 0.25
    endloop
  endfacet
  facet normal -0.946925 0.321454 0
    outer loop
      vertex -3.41835 1.41593 2.3
      vertex -3.57393 0.95763 0.25
      vertex -3.57393 0.95763 2.3
    endloop
  endfacet
  facet normal 0.321454 -0.946925 0
    outer loop
      vertex 0.95763 -3.57393 0.25
      vertex 1.41593 -3.41835 2.3
      vertex 0.95763 -3.57393 2.3
    endloop
  endfacet
  facet normal 0.321454 -0.946925 0
    outer loop
      vertex 1.41593 -3.41835 2.3
      vertex 0.95763 -3.57393 0.25
      vertex 1.41593 -3.41835 0.25
    endloop
  endfacet
  facet normal -0.946925 -0.321454 0
    outer loop
      vertex -3.41835 -1.41593 0.25
      vertex -3.57393 -0.95763 2.3
      vertex -3.57393 -0.95763 0.25
    endloop
  endfacet
  facet normal -0.946925 -0.321454 0
    outer loop
      vertex -3.57393 -0.95763 2.3
      vertex -3.41835 -1.41593 0.25
      vertex -3.41835 -1.41593 2.3
    endloop
  endfacet
  facet normal -0.442289 -0.896872 0
    outer loop
      vertex -1.85 -3.20429 0.25
      vertex -1.41593 -3.41835 2.3
      vertex -1.85 -3.20429 2.3
    endloop
  endfacet
  facet normal -0.442289 -0.896872 -0
    outer loop
      vertex -1.41593 -3.41835 2.3
      vertex -1.85 -3.20429 0.25
      vertex -1.41593 -3.41835 0.25
    endloop
  endfacet
  facet normal 0.997859 -0.065395 0
    outer loop
      vertex 3.66835 -0.482946 2.3
      vertex 3.7 0 0.25
      vertex 3.7 0 2.3
    endloop
  endfacet
  facet normal 0.997859 -0.065395 0
    outer loop
      vertex 3.7 0 0.25
      vertex 3.66835 -0.482946 2.3
      vertex 3.66835 -0.482946 0.25
    endloop
  endfacet
  facet normal 0.442289 0.896872 -0
    outer loop
      vertex 1.85 3.20429 0.25
      vertex 1.41593 3.41835 2.3
      vertex 1.85 3.20429 2.3
    endloop
  endfacet
  facet normal 0.442289 0.896872 0
    outer loop
      vertex 1.41593 3.41835 2.3
      vertex 1.85 3.20429 0.25
      vertex 1.41593 3.41835 0.25
    endloop
  endfacet
  facet normal 0.831478 0.555558 0
    outer loop
      vertex 3.20429 1.85 2.3
      vertex 2.93541 2.25242 0.25
      vertex 2.93541 2.25242 2.3
    endloop
  endfacet
  facet normal 0.831478 0.555558 0
    outer loop
      vertex 2.93541 2.25242 0.25
      vertex 3.20429 1.85 2.3
      vertex 3.20429 1.85 0.25
    endloop
  endfacet
  facet normal 0.321454 0.946925 -0
    outer loop
      vertex 1.41593 3.41835 0.25
      vertex 0.95763 3.57393 2.3
      vertex 1.41593 3.41835 2.3
    endloop
  endfacet
  facet normal 0.321454 0.946925 0
    outer loop
      vertex 0.95763 3.57393 2.3
      vertex 1.41593 3.41835 0.25
      vertex 0.95763 3.57393 0.25
    endloop
  endfacet
  facet normal 0.896872 0.442289 0
    outer loop
      vertex 3.41835 1.41593 2.3
      vertex 3.20429 1.85 0.25
      vertex 3.20429 1.85 2.3
    endloop
  endfacet
  facet normal 0.896872 0.442289 0
    outer loop
      vertex 3.20429 1.85 0.25
      vertex 3.41835 1.41593 2.3
      vertex 3.41835 1.41593 0.25
    endloop
  endfacet
  facet normal 0.659363 0.751825 -0
    outer loop
      vertex 2.61629 2.61629 0.25
      vertex 2.25242 2.93541 2.3
      vertex 2.61629 2.61629 2.3
    endloop
  endfacet
  facet normal 0.659363 0.751825 0
    outer loop
      vertex 2.25242 2.93541 2.3
      vertex 2.61629 2.61629 0.25
      vertex 2.25242 2.93541 0.25
    endloop
  endfacet
  facet normal -0.442289 0.896872 0
    outer loop
      vertex -1.41593 3.41835 0.25
      vertex -1.85 3.20429 2.3
      vertex -1.41593 3.41835 2.3
    endloop
  endfacet
  facet normal -0.442289 0.896872 0
    outer loop
      vertex -1.85 3.20429 2.3
      vertex -1.41593 3.41835 0.25
      vertex -1.85 3.20429 0.25
    endloop
  endfacet
  facet normal -0.065395 0.997859 0
    outer loop
      vertex 0 3.7 0.25
      vertex -0.482946 3.66835 2.3
      vertex 0 3.7 2.3
    endloop
  endfacet
  facet normal -0.065395 0.997859 0
    outer loop
      vertex -0.482946 3.66835 2.3
      vertex 0 3.7 0.25
      vertex -0.482946 3.66835 0.25
    endloop
  endfacet
  facet normal 0.555558 0.831478 -0
    outer loop
      vertex 2.25242 2.93541 0.25
      vertex 1.85 3.20429 2.3
      vertex 2.25242 2.93541 2.3
    endloop
  endfacet
  facet normal 0.555558 0.831478 0
    outer loop
      vertex 1.85 3.20429 2.3
      vertex 2.25242 2.93541 0.25
      vertex 1.85 3.20429 0.25
    endloop
  endfacet
  facet normal 0.751825 0.659363 0
    outer loop
      vertex 2.93541 2.25242 2.3
      vertex 2.61629 2.61629 0.25
      vertex 2.61629 2.61629 2.3
    endloop
  endfacet
  facet normal 0.751825 0.659363 0
    outer loop
      vertex 2.61629 2.61629 0.25
      vertex 2.93541 2.25242 2.3
      vertex 2.93541 2.25242 0.25
    endloop
  endfacet
  facet normal -0.555558 0.831478 0
    outer loop
      vertex -1.85 3.20429 0.25
      vertex -2.25242 2.93541 2.3
      vertex -1.85 3.20429 2.3
    endloop
  endfacet
  facet normal -0.555558 0.831478 0
    outer loop
      vertex -2.25242 2.93541 2.3
      vertex -1.85 3.20429 0.25
      vertex -2.25242 2.93541 0.25
    endloop
  endfacet
  facet normal 0.980785 -0.195089 0
    outer loop
      vertex 3.57393 -0.95763 2.3
      vertex 3.66835 -0.482946 0.25
      vertex 3.66835 -0.482946 2.3
    endloop
  endfacet
  facet normal 0.980785 -0.195089 0
    outer loop
      vertex 3.66835 -0.482946 0.25
      vertex 3.57393 -0.95763 2.3
      vertex 3.57393 -0.95763 0.25
    endloop
  endfacet
  facet normal -0.659363 -0.751825 0
    outer loop
      vertex -2.61629 -2.61629 0.25
      vertex -2.25242 -2.93541 2.3
      vertex -2.61629 -2.61629 2.3
    endloop
  endfacet
  facet normal -0.659363 -0.751825 -0
    outer loop
      vertex -2.25242 -2.93541 2.3
      vertex -2.61629 -2.61629 0.25
      vertex -2.25242 -2.93541 0.25
    endloop
  endfacet
  facet normal -0.896872 -0.442289 0
    outer loop
      vertex -3.20429 -1.85 0.25
      vertex -3.41835 -1.41593 2.3
      vertex -3.41835 -1.41593 0.25
    endloop
  endfacet
  facet normal -0.896872 -0.442289 0
    outer loop
      vertex -3.41835 -1.41593 2.3
      vertex -3.20429 -1.85 0.25
      vertex -3.20429 -1.85 2.3
    endloop
  endfacet
  facet normal 0.065395 -0.997859 0
    outer loop
      vertex 0 -3.7 0.25
      vertex 0.482946 -3.66835 2.3
      vertex 0 -3.7 2.3
    endloop
  endfacet
  facet normal 0.065395 -0.997859 0
    outer loop
      vertex 0.482946 -3.66835 2.3
      vertex 0 -3.7 0.25
      vertex 0.482946 -3.66835 0.25
    endloop
  endfacet
  facet normal -0.195089 -0.980785 0
    outer loop
      vertex -0.95763 -3.57393 0.25
      vertex -0.482946 -3.66835 2.3
      vertex -0.95763 -3.57393 2.3
    endloop
  endfacet
  facet normal -0.195089 -0.980785 -0
    outer loop
      vertex -0.482946 -3.66835 2.3
      vertex -0.95763 -3.57393 0.25
      vertex -0.482946 -3.66835 0.25
    endloop
  endfacet
  facet normal 0.659363 -0.751825 0
    outer loop
      vertex 2.25242 -2.93541 0.25
      vertex 2.61629 -2.61629 2.3
      vertex 2.25242 -2.93541 2.3
    endloop
  endfacet
  facet normal 0.659363 -0.751825 0
    outer loop
      vertex 2.61629 -2.61629 2.3
      vertex 2.25242 -2.93541 0.25
      vertex 2.61629 -2.61629 0.25
    endloop
  endfacet
  facet normal 0.831478 -0.555558 0
    outer loop
      vertex 2.93541 -2.25242 2.3
      vertex 3.20429 -1.85 0.25
      vertex 3.20429 -1.85 2.3
    endloop
  endfacet
  facet normal 0.831478 -0.555558 0
    outer loop
      vertex 3.20429 -1.85 0.25
      vertex 2.93541 -2.25242 2.3
      vertex 2.93541 -2.25242 0.25
    endloop
  endfacet
  facet normal -0.659363 0.751825 0
    outer loop
      vertex -2.25242 2.93541 0.25
      vertex -2.61629 2.61629 2.3
      vertex -2.25242 2.93541 2.3
    endloop
  endfacet
  facet normal -0.659363 0.751825 0
    outer loop
      vertex -2.61629 2.61629 2.3
      vertex -2.25242 2.93541 0.25
      vertex -2.61629 2.61629 0.25
    endloop
  endfacet
  facet normal 0.195089 -0.980785 0
    outer loop
      vertex 0.482946 -3.66835 0.25
      vertex 0.95763 -3.57393 2.3
      vertex 0.482946 -3.66835 2.3
    endloop
  endfacet
  facet normal 0.195089 -0.980785 0
    outer loop
      vertex 0.95763 -3.57393 2.3
      vertex 0.482946 -3.66835 0.25
      vertex 0.95763 -3.57393 0.25
    endloop
  endfacet
  facet normal -0.321454 -0.946925 0
    outer loop
      vertex -1.41593 -3.41835 0.25
      vertex -0.95763 -3.57393 2.3
      vertex -1.41593 -3.41835 2.3
    endloop
  endfacet
  facet normal -0.321454 -0.946925 -0
    outer loop
      vertex -0.95763 -3.57393 2.3
      vertex -1.41593 -3.41835 0.25
      vertex -0.95763 -3.57393 0.25
    endloop
  endfacet
  facet normal -0.997859 -0.065395 0
    outer loop
      vertex -3.66835 -0.482946 0.25
      vertex -3.7 0 2.3
      vertex -3.7 0 0.25
    endloop
  endfacet
  facet normal -0.997859 -0.065395 0
    outer loop
      vertex -3.7 0 2.3
      vertex -3.66835 -0.482946 0.25
      vertex -3.66835 -0.482946 2.3
    endloop
  endfacet
  facet normal -0.751825 -0.659363 0
    outer loop
      vertex -2.61629 -2.61629 0.25
      vertex -2.93541 -2.25242 2.3
      vertex -2.93541 -2.25242 0.25
    endloop
  endfacet
  facet normal -0.751825 -0.659363 0
    outer loop
      vertex -2.93541 -2.25242 2.3
      vertex -2.61629 -2.61629 0.25
      vertex -2.61629 -2.61629 2.3
    endloop
  endfacet
  facet normal -0.997859 0.065395 0
    outer loop
      vertex -3.7 0 0.25
      vertex -3.66835 0.482946 2.3
      vertex -3.66835 0.482946 0.25
    endloop
  endfacet
  facet normal -0.997859 0.065395 0
    outer loop
      vertex -3.66835 0.482946 2.3
      vertex -3.7 0 0.25
      vertex -3.7 0 2.3
    endloop
  endfacet
  facet normal 0.065395 0.997859 -0
    outer loop
      vertex 0.482946 3.66835 0.25
      vertex 0 3.7 2.3
      vertex 0.482946 3.66835 2.3
    endloop
  endfacet
  facet normal 0.065395 0.997859 0
    outer loop
      vertex 0 3.7 2.3
      vertex 0.482946 3.66835 0.25
      vertex 0 3.7 0.25
    endloop
  endfacet
  facet normal -0.195089 0.980785 0
    outer loop
      vertex -0.482946 3.66835 0.25
      vertex -0.95763 3.57393 2.3
      vertex -0.482946 3.66835 2.3
    endloop
  endfacet
  facet normal -0.195089 0.980785 0
    outer loop
      vertex -0.95763 3.57393 2.3
      vertex -0.482946 3.66835 0.25
      vertex -0.95763 3.57393 0.25
    endloop
  endfacet
  facet normal -0.555558 -0.831478 0
    outer loop
      vertex -2.25242 -2.93541 0.25
      vertex -1.85 -3.20429 2.3
      vertex -2.25242 -2.93541 2.3
    endloop
  endfacet
  facet normal -0.555558 -0.831478 -0
    outer loop
      vertex -1.85 -3.20429 2.3
      vertex -2.25242 -2.93541 0.25
      vertex -1.85 -3.20429 0.25
    endloop
  endfacet
  facet normal 0.555558 -0.831478 0
    outer loop
      vertex 1.85 -3.20429 0.25
      vertex 2.25242 -2.93541 2.3
      vertex 1.85 -3.20429 2.3
    endloop
  endfacet
  facet normal 0.555558 -0.831478 0
    outer loop
      vertex 2.25242 -2.93541 2.3
      vertex 1.85 -3.20429 0.25
      vertex 2.25242 -2.93541 0.25
    endloop
  endfacet
  facet normal 0.980784 0.195097 0
    outer loop
      vertex 1.48717 0.195788 4.8
      vertex 1.44889 0.388228 2.3
      vertex 1.44889 0.388228 4.8
    endloop
  endfacet
  facet normal 0.980784 0.195097 0
    outer loop
      vertex 1.44889 0.388228 2.3
      vertex 1.48717 0.195788 4.8
      vertex 1.48717 0.195788 2.3
    endloop
  endfacet
  facet normal 0.99786 0.0653898 0
    outer loop
      vertex 1.5 0 4.8
      vertex 1.48717 0.195788 2.3
      vertex 1.48717 0.195788 4.8
    endloop
  endfacet
  facet normal 0.99786 0.0653898 0
    outer loop
      vertex 1.48717 0.195788 2.3
      vertex 1.5 0 4.8
      vertex 1.5 0 2.3
    endloop
  endfacet
  facet normal 0.321443 -0.946929 0
    outer loop
      vertex 0.388228 -1.44889 2.3
      vertex 0.574024 -1.38582 4.8
      vertex 0.388228 -1.44889 4.8
    endloop
  endfacet
  facet normal 0.321443 -0.946929 0
    outer loop
      vertex 0.574024 -1.38582 4.8
      vertex 0.388228 -1.44889 2.3
      vertex 0.574024 -1.38582 2.3
    endloop
  endfacet
  facet normal 0.831463 0.55558 0
    outer loop
      vertex 1.29904 0.75 4.8
      vertex 1.19003 0.913141 2.3
      vertex 1.19003 0.913141 4.8
    endloop
  endfacet
  facet normal 0.831463 0.55558 0
    outer loop
      vertex 1.19003 0.913141 2.3
      vertex 1.29904 0.75 4.8
      vertex 1.29904 0.75 2.3
    endloop
  endfacet
  facet normal -0.896876 0.442281 0
    outer loop
      vertex -1.38582 0.574024 2.3
      vertex -1.29904 0.75 4.8
      vertex -1.29904 0.75 2.3
    endloop
  endfacet
  facet normal -0.896876 0.442281 0
    outer loop
      vertex -1.29904 0.75 4.8
      vertex -1.38582 0.574024 2.3
      vertex -1.38582 0.574024 4.8
    endloop
  endfacet
  facet normal -0.55558 0.831463 0
    outer loop
      vertex -0.75 1.29904 2.3
      vertex -0.913141 1.19003 4.8
      vertex -0.75 1.29904 4.8
    endloop
  endfacet
  facet normal -0.55558 0.831463 0
    outer loop
      vertex -0.913141 1.19003 4.8
      vertex -0.75 1.29904 2.3
      vertex -0.913141 1.19003 2.3
    endloop
  endfacet
  facet normal -0.659344 0.751842 0
    outer loop
      vertex -0.913141 1.19003 2.3
      vertex -1.06066 1.06066 4.8
      vertex -0.913141 1.19003 4.8
    endloop
  endfacet
  facet normal -0.659344 0.751842 0
    outer loop
      vertex -1.06066 1.06066 4.8
      vertex -0.913141 1.19003 2.3
      vertex -1.06066 1.06066 2.3
    endloop
  endfacet
  facet normal -0.751842 0.659344 0
    outer loop
      vertex -1.19003 0.913141 2.3
      vertex -1.06066 1.06066 4.8
      vertex -1.06066 1.06066 2.3
    endloop
  endfacet
  facet normal -0.751842 0.659344 0
    outer loop
      vertex -1.06066 1.06066 4.8
      vertex -1.19003 0.913141 2.3
      vertex -1.19003 0.913141 4.8
    endloop
  endfacet
  facet normal 0.946929 -0.321443 0
    outer loop
      vertex 1.38582 -0.574024 4.8
      vertex 1.44889 -0.388228 2.3
      vertex 1.44889 -0.388228 4.8
    endloop
  endfacet
  facet normal 0.946929 -0.321443 0
    outer loop
      vertex 1.44889 -0.388228 2.3
      vertex 1.38582 -0.574024 4.8
      vertex 1.38582 -0.574024 2.3
    endloop
  endfacet
  facet normal -0.99786 0.0653898 0
    outer loop
      vertex -1.5 0 2.3
      vertex -1.48717 0.195788 4.8
      vertex -1.48717 0.195788 2.3
    endloop
  endfacet
  facet normal -0.99786 0.0653898 0
    outer loop
      vertex -1.48717 0.195788 4.8
      vertex -1.5 0 2.3
      vertex -1.5 0 4.8
    endloop
  endfacet
  facet normal 0.55558 0.831463 -0
    outer loop
      vertex 0.913141 1.19003 2.3
      vertex 0.75 1.29904 4.8
      vertex 0.913141 1.19003 4.8
    endloop
  endfacet
  facet normal 0.55558 0.831463 0
    outer loop
      vertex 0.75 1.29904 4.8
      vertex 0.913141 1.19003 2.3
      vertex 0.75 1.29904 2.3
    endloop
  endfacet
  facet normal -0.321443 -0.946929 0
    outer loop
      vertex -0.574024 -1.38582 2.3
      vertex -0.388228 -1.44889 4.8
      vertex -0.574024 -1.38582 4.8
    endloop
  endfacet
  facet normal -0.321443 -0.946929 -0
    outer loop
      vertex -0.388228 -1.44889 4.8
      vertex -0.574024 -1.38582 2.3
      vertex -0.388228 -1.44889 2.3
    endloop
  endfacet
  facet normal -0.751842 -0.659344 0
    outer loop
      vertex -1.06066 -1.06066 2.3
      vertex -1.19003 -0.913141 4.8
      vertex -1.19003 -0.913141 2.3
    endloop
  endfacet
  facet normal -0.751842 -0.659344 0
    outer loop
      vertex -1.19003 -0.913141 4.8
      vertex -1.06066 -1.06066 2.3
      vertex -1.06066 -1.06066 4.8
    endloop
  endfacet
  facet normal 0.195097 -0.980784 0
    outer loop
      vertex 0.195788 -1.48717 2.3
      vertex 0.388228 -1.44889 4.8
      vertex 0.195788 -1.48717 4.8
    endloop
  endfacet
  facet normal 0.195097 -0.980784 0
    outer loop
      vertex 0.388228 -1.44889 4.8
      vertex 0.195788 -1.48717 2.3
      vertex 0.388228 -1.44889 2.3
    endloop
  endfacet
  facet normal -0.321443 0.946929 0
    outer loop
      vertex -0.388228 1.44889 2.3
      vertex -0.574024 1.38582 4.8
      vertex -0.388228 1.44889 4.8
    endloop
  endfacet
  facet normal -0.321443 0.946929 0
    outer loop
      vertex -0.574024 1.38582 4.8
      vertex -0.388228 1.44889 2.3
      vertex -0.574024 1.38582 2.3
    endloop
  endfacet
  facet normal -0.831463 -0.55558 0
    outer loop
      vertex -1.19003 -0.913141 2.3
      vertex -1.29904 -0.75 4.8
      vertex -1.29904 -0.75 2.3
    endloop
  endfacet
  facet normal -0.831463 -0.55558 0
    outer loop
      vertex -1.29904 -0.75 4.8
      vertex -1.19003 -0.913141 2.3
      vertex -1.19003 -0.913141 4.8
    endloop
  endfacet
  facet normal 0.55558 -0.831463 0
    outer loop
      vertex 0.75 -1.29904 2.3
      vertex 0.913141 -1.19003 4.8
      vertex 0.75 -1.29904 4.8
    endloop
  endfacet
  facet normal 0.55558 -0.831463 0
    outer loop
      vertex 0.913141 -1.19003 4.8
      vertex 0.75 -1.29904 2.3
      vertex 0.913141 -1.19003 2.3
    endloop
  endfacet
  facet normal -0.946929 0.321443 0
    outer loop
      vertex -1.44889 0.388228 2.3
      vertex -1.38582 0.574024 4.8
      vertex -1.38582 0.574024 2.3
    endloop
  endfacet
  facet normal -0.946929 0.321443 0
    outer loop
      vertex -1.38582 0.574024 4.8
      vertex -1.44889 0.388228 2.3
      vertex -1.44889 0.388228 4.8
    endloop
  endfacet
  facet normal 0.321443 0.946929 -0
    outer loop
      vertex 0.574024 1.38582 2.3
      vertex 0.388228 1.44889 4.8
      vertex 0.574024 1.38582 4.8
    endloop
  endfacet
  facet normal 0.321443 0.946929 0
    outer loop
      vertex 0.388228 1.44889 4.8
      vertex 0.574024 1.38582 2.3
      vertex 0.388228 1.44889 2.3
    endloop
  endfacet
  facet normal 0.0653898 0.99786 -0
    outer loop
      vertex 0.195788 1.48717 2.3
      vertex 0 1.5 4.8
      vertex 0.195788 1.48717 4.8
    endloop
  endfacet
  facet normal 0.0653898 0.99786 0
    outer loop
      vertex 0 1.5 4.8
      vertex 0.195788 1.48717 2.3
      vertex 0 1.5 2.3
    endloop
  endfacet
  facet normal -0.442281 0.896876 0
    outer loop
      vertex -0.574024 1.38582 2.3
      vertex -0.75 1.29904 4.8
      vertex -0.574024 1.38582 4.8
    endloop
  endfacet
  facet normal -0.442281 0.896876 0
    outer loop
      vertex -0.75 1.29904 4.8
      vertex -0.574024 1.38582 2.3
      vertex -0.75 1.29904 2.3
    endloop
  endfacet
  facet normal 0.831463 -0.55558 0
    outer loop
      vertex 1.19003 -0.913141 4.8
      vertex 1.29904 -0.75 2.3
      vertex 1.29904 -0.75 4.8
    endloop
  endfacet
  facet normal 0.831463 -0.55558 0
    outer loop
      vertex 1.29904 -0.75 2.3
      vertex 1.19003 -0.913141 4.8
      vertex 1.19003 -0.913141 2.3
    endloop
  endfacet
  facet normal -0.99786 -0.0653898 0
    outer loop
      vertex -1.48717 -0.195788 2.3
      vertex -1.5 0 4.8
      vertex -1.5 0 2.3
    endloop
  endfacet
  facet normal -0.99786 -0.0653898 0
    outer loop
      vertex -1.5 0 4.8
      vertex -1.48717 -0.195788 2.3
      vertex -1.48717 -0.195788 4.8
    endloop
  endfacet
  facet normal -0.946929 -0.321443 0
    outer loop
      vertex -1.38582 -0.574024 2.3
      vertex -1.44889 -0.388228 4.8
      vertex -1.44889 -0.388228 2.3
    endloop
  endfacet
  facet normal -0.946929 -0.321443 0
    outer loop
      vertex -1.44889 -0.388228 4.8
      vertex -1.38582 -0.574024 2.3
      vertex -1.38582 -0.574024 4.8
    endloop
  endfacet
  facet normal -0.659344 -0.751842 0
    outer loop
      vertex -1.06066 -1.06066 2.3
      vertex -0.913141 -1.19003 4.8
      vertex -1.06066 -1.06066 4.8
    endloop
  endfacet
  facet normal -0.659344 -0.751842 -0
    outer loop
      vertex -0.913141 -1.19003 4.8
      vertex -1.06066 -1.06066 2.3
      vertex -0.913141 -1.19003 2.3
    endloop
  endfacet
  facet normal 0.442281 0.896876 -0
    outer loop
      vertex 0.75 1.29904 2.3
      vertex 0.574024 1.38582 4.8
      vertex 0.75 1.29904 4.8
    endloop
  endfacet
  facet normal 0.442281 0.896876 0
    outer loop
      vertex 0.574024 1.38582 4.8
      vertex 0.75 1.29904 2.3
      vertex 0.574024 1.38582 2.3
    endloop
  endfacet
  facet normal -0.195097 0.980784 0
    outer loop
      vertex -0.195788 1.48717 2.3
      vertex -0.388228 1.44889 4.8
      vertex -0.195788 1.48717 4.8
    endloop
  endfacet
  facet normal -0.195097 0.980784 0
    outer loop
      vertex -0.388228 1.44889 4.8
      vertex -0.195788 1.48717 2.3
      vertex -0.388228 1.44889 2.3
    endloop
  endfacet
  facet normal 0.751842 0.659344 0
    outer loop
      vertex 1.19003 0.913141 4.8
      vertex 1.06066 1.06066 2.3
      vertex 1.06066 1.06066 4.8
    endloop
  endfacet
  facet normal 0.751842 0.659344 0
    outer loop
      vertex 1.06066 1.06066 2.3
      vertex 1.19003 0.913141 4.8
      vertex 1.19003 0.913141 2.3
    endloop
  endfacet
  facet normal 0.195097 0.980784 -0
    outer loop
      vertex 0.388228 1.44889 2.3
      vertex 0.195788 1.48717 4.8
      vertex 0.388228 1.44889 4.8
    endloop
  endfacet
  facet normal 0.195097 0.980784 0
    outer loop
      vertex 0.195788 1.48717 4.8
      vertex 0.388228 1.44889 2.3
      vertex 0.195788 1.48717 2.3
    endloop
  endfacet
  facet normal 0.751842 -0.659344 0
    outer loop
      vertex 1.06066 -1.06066 4.8
      vertex 1.19003 -0.913141 2.3
      vertex 1.19003 -0.913141 4.8
    endloop
  endfacet
  facet normal 0.751842 -0.659344 0
    outer loop
      vertex 1.19003 -0.913141 2.3
      vertex 1.06066 -1.06066 4.8
      vertex 1.06066 -1.06066 2.3
    endloop
  endfacet
  facet normal -0.442281 -0.896876 0
    outer loop
      vertex -0.75 -1.29904 2.3
      vertex -0.574024 -1.38582 4.8
      vertex -0.75 -1.29904 4.8
    endloop
  endfacet
  facet normal -0.442281 -0.896876 -0
    outer loop
      vertex -0.574024 -1.38582 4.8
      vertex -0.75 -1.29904 2.3
      vertex -0.574024 -1.38582 2.3
    endloop
  endfacet
  facet normal -0.980784 0.195097 0
    outer loop
      vertex -1.48717 0.195788 2.3
      vertex -1.44889 0.388228 4.8
      vertex -1.44889 0.388228 2.3
    endloop
  endfacet
  facet normal -0.980784 0.195097 0
    outer loop
      vertex -1.44889 0.388228 4.8
      vertex -1.48717 0.195788 2.3
      vertex -1.48717 0.195788 4.8
    endloop
  endfacet
  facet normal 0.0653898 -0.99786 0
    outer loop
      vertex 0 -1.5 2.3
      vertex 0.195788 -1.48717 4.8
      vertex 0 -1.5 4.8
    endloop
  endfacet
  facet normal 0.0653898 -0.99786 0
    outer loop
      vertex 0.195788 -1.48717 4.8
      vertex 0 -1.5 2.3
      vertex 0.195788 -1.48717 2.3
    endloop
  endfacet
  facet normal 0.442281 -0.896876 0
    outer loop
      vertex 0.574024 -1.38582 2.3
      vertex 0.75 -1.29904 4.8
      vertex 0.574024 -1.38582 4.8
    endloop
  endfacet
  facet normal 0.442281 -0.896876 0
    outer loop
      vertex 0.75 -1.29904 4.8
      vertex 0.574024 -1.38582 2.3
      vertex 0.75 -1.29904 2.3
    endloop
  endfacet
  facet normal 0.659344 -0.751842 0
    outer loop
      vertex 0.913141 -1.19003 2.3
      vertex 1.06066 -1.06066 4.8
      vertex 0.913141 -1.19003 4.8
    endloop
  endfacet
  facet normal 0.659344 -0.751842 0
    outer loop
      vertex 1.06066 -1.06066 4.8
      vertex 0.913141 -1.19003 2.3
      vertex 1.06066 -1.06066 2.3
    endloop
  endfacet
  facet normal -0.896876 -0.442281 0
    outer loop
      vertex -1.29904 -0.75 2.3
      vertex -1.38582 -0.574024 4.8
      vertex -1.38582 -0.574024 2.3
    endloop
  endfacet
  facet normal -0.896876 -0.442281 0
    outer loop
      vertex -1.38582 -0.574024 4.8
      vertex -1.29904 -0.75 2.3
      vertex -1.29904 -0.75 4.8
    endloop
  endfacet
  facet normal 0.896876 -0.442281 0
    outer loop
      vertex 1.29904 -0.75 4.8
      vertex 1.38582 -0.574024 2.3
      vertex 1.38582 -0.574024 4.8
    endloop
  endfacet
  facet normal 0.896876 -0.442281 0
    outer loop
      vertex 1.38582 -0.574024 2.3
      vertex 1.29904 -0.75 4.8
      vertex 1.29904 -0.75 2.3
    endloop
  endfacet
  facet normal 0.659344 0.751842 -0
    outer loop
      vertex 1.06066 1.06066 2.3
      vertex 0.913141 1.19003 4.8
      vertex 1.06066 1.06066 4.8
    endloop
  endfacet
  facet normal 0.659344 0.751842 0
    outer loop
      vertex 0.913141 1.19003 4.8
      vertex 1.06066 1.06066 2.3
      vertex 0.913141 1.19003 2.3
    endloop
  endfacet
  facet normal 0.99786 -0.0653898 0
    outer loop
      vertex 1.48717 -0.195788 4.8
      vertex 1.5 0 2.3
      vertex 1.5 0 4.8
    endloop
  endfacet
  facet normal 0.99786 -0.0653898 0
    outer loop
      vertex 1.5 0 2.3
      vertex 1.48717 -0.195788 4.8
      vertex 1.48717 -0.195788 2.3
    endloop
  endfacet
  facet normal -0.55558 -0.831463 0
    outer loop
      vertex -0.913141 -1.19003 2.3
      vertex -0.75 -1.29904 4.8
      vertex -0.913141 -1.19003 4.8
    endloop
  endfacet
  facet normal -0.55558 -0.831463 -0
    outer loop
      vertex -0.75 -1.29904 4.8
      vertex -0.913141 -1.19003 2.3
      vertex -0.75 -1.29904 2.3
    endloop
  endfacet
  facet normal 0.896876 0.442281 0
    outer loop
      vertex 1.38582 0.574024 4.8
      vertex 1.29904 0.75 2.3
      vertex 1.29904 0.75 4.8
    endloop
  endfacet
  facet normal 0.896876 0.442281 0
    outer loop
      vertex 1.29904 0.75 2.3
      vertex 1.38582 0.574024 4.8
      vertex 1.38582 0.574024 2.3
    endloop
  endfacet
  facet normal 0.980784 -0.195097 0
    outer loop
      vertex 1.44889 -0.388228 4.8
      vertex 1.48717 -0.195788 2.3
      vertex 1.48717 -0.195788 4.8
    endloop
  endfacet
  facet normal 0.980784 -0.195097 0
    outer loop
      vertex 1.48717 -0.195788 2.3
      vertex 1.44889 -0.388228 4.8
      vertex 1.44889 -0.388228 2.3
    endloop
  endfacet
  facet normal 0.946929 0.321443 0
    outer loop
      vertex 1.44889 0.388228 4.8
      vertex 1.38582 0.574024 2.3
      vertex 1.38582 0.574024 4.8
    endloop
  endfacet
  facet normal 0.946929 0.321443 0
    outer loop
      vertex 1.38582 0.574024 2.3
      vertex 1.44889 0.388228 4.8
      vertex 1.44889 0.388228 2.3
    endloop
  endfacet
  facet normal -0.0653898 0.99786 0
    outer loop
      vertex 0 1.5 2.3
      vertex -0.195788 1.48717 4.8
      vertex 0 1.5 4.8
    endloop
  endfacet
  facet normal -0.0653898 0.99786 0
    outer loop
      vertex -0.195788 1.48717 4.8
      vertex 0 1.5 2.3
      vertex -0.195788 1.48717 2.3
    endloop
  endfacet
  facet normal -0.980784 -0.195097 0
    outer loop
      vertex -1.44889 -0.388228 2.3
      vertex -1.48717 -0.195788 4.8
      vertex -1.48717 -0.195788 2.3
    endloop
  endfacet
  facet normal -0.980784 -0.195097 0
    outer loop
      vertex -1.48717 -0.195788 4.8
      vertex -1.44889 -0.388228 2.3
      vertex -1.44889 -0.388228 4.8
    endloop
  endfacet
  facet normal 0 0 -1
    outer loop
      vertex 1.5 0 4.8
      vertex 2.6 0 4.8
      vertex 2.57776 -0.339368 4.8
    endloop
  endfacet
  facet normal 0 0 -1
    outer loop
      vertex 1.48717 -0.195788 4.8
      vertex 2.57776 -0.339368 4.8
      vertex 2.51141 -0.672929 4.8
    endloop
  endfacet
  facet normal 0 0 -1
    outer loop
      vertex 2.6 0 4.8
      vertex 1.5 0 4.8
      vertex 2.57776 0.339368 4.8
    endloop
  endfacet
  facet normal 0 0 -1
    outer loop
      vertex 1.44889 -0.388228 4.8
      vertex 2.51141 -0.672929 4.8
      vertex 2.40209 -0.994976 4.8
    endloop
  endfacet
  facet normal 0 0 -1
    outer loop
      vertex 1.48717 0.195788 4.8
      vertex 2.57776 0.339368 4.8
      vertex 1.5 0 4.8
    endloop
  endfacet
  facet normal 0 0 -1
    outer loop
      vertex 1.38582 -0.574024 4.8
      vertex 2.40209 -0.994976 4.8
      vertex 2.25167 -1.3 4.8
    endloop
  endfacet
  facet normal -0 0 -1
    outer loop
      vertex 2.57776 0.339368 4.8
      vertex 1.48717 0.195788 4.8
      vertex 2.51141 0.672929 4.8
    endloop
  endfacet
  facet normal 0 0 -1
    outer loop
      vertex 1.29904 -0.75 4.8
      vertex 2.25167 -1.3 4.8
      vertex 2.06272 -1.58278 4.8
    endloop
  endfacet
  facet normal 0 0 -1
    outer loop
      vertex 1.44889 0.388228 4.8
      vertex 2.51141 0.672929 4.8
      vertex 1.48717 0.195788 4.8
    endloop
  endfacet
  facet normal 0 0 -1
    outer loop
      vertex 1.19003 -0.913141 4.8
      vertex 2.06272 -1.58278 4.8
      vertex 1.83848 -1.83848 4.8
    endloop
  endfacet
  facet normal -0 0 -1
    outer loop
      vertex 2.51141 0.672929 4.8
      vertex 1.44889 0.388228 4.8
      vertex 2.40209 0.994976 4.8
    endloop
  endfacet
  facet normal 0 0 -1
    outer loop
      vertex 1.06066 -1.06066 4.8
      vertex 1.83848 -1.83848 4.8
      vertex 1.58278 -2.06272 4.8
    endloop
  endfacet
  facet normal 0 0 -1
    outer loop
      vertex 1.38582 0.574024 4.8
      vertex 2.40209 0.994976 4.8
      vertex 1.44889 0.388228 4.8
    endloop
  endfacet
  facet normal -0 0 -1
    outer loop
      vertex 2.40209 0.994976 4.8
      vertex 1.38582 0.574024 4.8
      vertex 2.25167 1.3 4.8
    endloop
  endfacet
  facet normal 0 0 -1
    outer loop
      vertex 2.57776 -0.339368 4.8
      vertex 1.48717 -0.195788 4.8
      vertex 1.5 0 4.8
    endloop
  endfacet
  facet normal 0 0 -1
    outer loop
      vertex 2.51141 -0.672929 4.8
      vertex 1.44889 -0.388228 4.8
      vertex 1.48717 -0.195788 4.8
    endloop
  endfacet
  facet normal 0 0 -1
    outer loop
      vertex 2.40209 -0.994976 4.8
      vertex 1.38582 -0.574024 4.8
      vertex 1.44889 -0.388228 4.8
    endloop
  endfacet
  facet normal 0 0 -1
    outer loop
      vertex 0.913141 -1.19003 4.8
      vertex 1.58278 -2.06272 4.8
      vertex 1.3 -2.25167 4.8
    endloop
  endfacet
  facet normal 0 0 -1
    outer loop
      vertex 2.25167 -1.3 4.8
      vertex 1.29904 -0.75 4.8
      vertex 1.38582 -0.574024 4.8
    endloop
  endfacet
  facet normal 0 0 -1
    outer loop
      vertex 2.06272 -1.58278 4.8
      vertex 1.19003 -0.913141 4.8
      vertex 1.29904 -0.75 4.8
    endloop
  endfacet
  facet normal 0 0 -1
    outer loop
      vertex 1.83848 -1.83848 4.8
      vertex 1.06066 -1.06066 4.8
      vertex 1.19003 -0.913141 4.8
    endloop
  endfacet
  facet normal 0 0 -1
    outer loop
      vertex 0.75 -1.29904 4.8
      vertex 1.3 -2.25167 4.8
      vertex 0.994976 -2.40209 4.8
    endloop
  endfacet
  facet normal 0 0 -1
    outer loop
      vertex 1.58278 -2.06272 4.8
      vertex 0.913141 -1.19003 4.8
      vertex 1.06066 -1.06066 4.8
    endloop
  endfacet
  facet normal 0 0 -1
    outer loop
      vertex 1.3 -2.25167 4.8
      vertex 0.75 -1.29904 4.8
      vertex 0.913141 -1.19003 4.8
    endloop
  endfacet
  facet normal 0 0 -1
    outer loop
      vertex 0.574024 -1.38582 4.8
      vertex 0.994976 -2.40209 4.8
      vertex 0.672929 -2.51141 4.8
    endloop
  endfacet
  facet normal 0 0 -1
    outer loop
      vertex 0.994976 -2.40209 4.8
      vertex 0.574024 -1.38582 4.8
      vertex 0.75 -1.29904 4.8
    endloop
  endfacet
  facet normal 0 0 -1
    outer loop
      vertex 0.672929 -2.51141 4.8
      vertex 0.388228 -1.44889 4.8
      vertex 0.574024 -1.38582 4.8
    endloop
  endfacet
  facet normal 0 0 -1
    outer loop
      vertex 0.339368 -2.57776 4.8
      vertex 0.388228 -1.44889 4.8
      vertex 0.672929 -2.51141 4.8
    endloop
  endfacet
  facet normal 0 0 -1
    outer loop
      vertex 0.339368 -2.57776 4.8
      vertex 0.195788 -1.48717 4.8
      vertex 0.388228 -1.44889 4.8
    endloop
  endfacet
  facet normal 0 0 -1
    outer loop
      vertex 0 -2.6 4.8
      vertex 0.195788 -1.48717 4.8
      vertex 0.339368 -2.57776 4.8
    endloop
  endfacet
  facet normal 0 0 -1
    outer loop
      vertex 0 -2.6 4.8
      vertex 0 -1.5 4.8
      vertex 0.195788 -1.48717 4.8
    endloop
  endfacet
  facet normal 0 0 -1
    outer loop
      vertex 0 -2.6 4.8
      vertex -0.195788 -1.48717 4.8
      vertex 0 -1.5 4.8
    endloop
  endfacet
  facet normal 0 0 -1
    outer loop
      vertex -0.339368 -2.57776 4.8
      vertex -0.195788 -1.48717 4.8
      vertex 0 -2.6 4.8
    endloop
  endfacet
  facet normal 0 0 -1
    outer loop
      vertex -0.339368 -2.57776 4.8
      vertex -0.388228 -1.44889 4.8
      vertex -0.195788 -1.48717 4.8
    endloop
  endfacet
  facet normal 0 0 -1
    outer loop
      vertex -0.672929 -2.51141 4.8
      vertex -0.388228 -1.44889 4.8
      vertex -0.339368 -2.57776 4.8
    endloop
  endfacet
  facet normal -0 0 -1
    outer loop
      vertex -0.388228 -1.44889 4.8
      vertex -0.672929 -2.51141 4.8
      vertex -0.574024 -1.38582 4.8
    endloop
  endfacet
  facet normal 0 0 -1
    outer loop
      vertex -0.994976 -2.40209 4.8
      vertex -0.574024 -1.38582 4.8
      vertex -0.672929 -2.51141 4.8
    endloop
  endfacet
  facet normal -0 0 -1
    outer loop
      vertex -0.574024 -1.38582 4.8
      vertex -0.994976 -2.40209 4.8
      vertex -0.75 -1.29904 4.8
    endloop
  endfacet
  facet normal 0 0 -1
    outer loop
      vertex -1.3 -2.25167 4.8
      vertex -0.75 -1.29904 4.8
      vertex -0.994976 -2.40209 4.8
    endloop
  endfacet
  facet normal -0 0 -1
    outer loop
      vertex -0.75 -1.29904 4.8
      vertex -1.3 -2.25167 4.8
      vertex -0.913141 -1.19003 4.8
    endloop
  endfacet
  facet normal 0 0 -1
    outer loop
      vertex -1.58278 -2.06272 4.8
      vertex -0.913141 -1.19003 4.8
      vertex -1.3 -2.25167 4.8
    endloop
  endfacet
  facet normal -0 0 -1
    outer loop
      vertex -0.913141 -1.19003 4.8
      vertex -1.58278 -2.06272 4.8
      vertex -1.06066 -1.06066 4.8
    endloop
  endfacet
  facet normal 0 0 -1
    outer loop
      vertex -1.83848 -1.83848 4.8
      vertex -1.06066 -1.06066 4.8
      vertex -1.58278 -2.06272 4.8
    endloop
  endfacet
  facet normal -0 0 -1
    outer loop
      vertex -1.06066 -1.06066 4.8
      vertex -1.83848 -1.83848 4.8
      vertex -1.19003 -0.913141 4.8
    endloop
  endfacet
  facet normal 0 0 -1
    outer loop
      vertex -2.06272 -1.58278 4.8
      vertex -1.19003 -0.913141 4.8
      vertex -1.83848 -1.83848 4.8
    endloop
  endfacet
  facet normal -0 0 -1
    outer loop
      vertex -1.19003 -0.913141 4.8
      vertex -2.06272 -1.58278 4.8
      vertex -1.29904 -0.75 4.8
    endloop
  endfacet
  facet normal -0 0 -1
    outer loop
      vertex -1.29904 -0.75 4.8
      vertex -2.25167 -1.3 4.8
      vertex -1.38582 -0.574024 4.8
    endloop
  endfacet
  facet normal 0 0 -1
    outer loop
      vertex -2.25167 -1.3 4.8
      vertex -1.29904 -0.75 4.8
      vertex -2.06272 -1.58278 4.8
    endloop
  endfacet
  facet normal 0 0 -1
    outer loop
      vertex 1.29904 0.75 4.8
      vertex 2.25167 1.3 4.8
      vertex 1.38582 0.574024 4.8
    endloop
  endfacet
  facet normal -0 0 -1
    outer loop
      vertex 2.25167 1.3 4.8
      vertex 1.29904 0.75 4.8
      vertex 2.06272 1.58278 4.8
    endloop
  endfacet
  facet normal 0 0 -1
    outer loop
      vertex 1.19003 0.913141 4.8
      vertex 2.06272 1.58278 4.8
      vertex 1.29904 0.75 4.8
    endloop
  endfacet
  facet normal -0 0 -1
    outer loop
      vertex 2.06272 1.58278 4.8
      vertex 1.19003 0.913141 4.8
      vertex 1.83848 1.83848 4.8
    endloop
  endfacet
  facet normal 0 0 -1
    outer loop
      vertex 1.06066 1.06066 4.8
      vertex 1.83848 1.83848 4.8
      vertex 1.19003 0.913141 4.8
    endloop
  endfacet
  facet normal -0 0 -1
    outer loop
      vertex 1.83848 1.83848 4.8
      vertex 1.06066 1.06066 4.8
      vertex 1.58278 2.06272 4.8
    endloop
  endfacet
  facet normal 0 0 -1
    outer loop
      vertex 0.913141 1.19003 4.8
      vertex 1.58278 2.06272 4.8
      vertex 1.06066 1.06066 4.8
    endloop
  endfacet
  facet normal -0 0 -1
    outer loop
      vertex 1.58278 2.06272 4.8
      vertex 0.913141 1.19003 4.8
      vertex 1.3 2.25167 4.8
    endloop
  endfacet
  facet normal 0 0 -1
    outer loop
      vertex 0.75 1.29904 4.8
      vertex 1.3 2.25167 4.8
      vertex 0.913141 1.19003 4.8
    endloop
  endfacet
  facet normal -0 0 -1
    outer loop
      vertex 1.3 2.25167 4.8
      vertex 0.75 1.29904 4.8
      vertex 0.994976 2.40209 4.8
    endloop
  endfacet
  facet normal 0 0 -1
    outer loop
      vertex 0.574024 1.38582 4.8
      vertex 0.994976 2.40209 4.8
      vertex 0.75 1.29904 4.8
    endloop
  endfacet
  facet normal -0 0 -1
    outer loop
      vertex 0.994976 2.40209 4.8
      vertex 0.574024 1.38582 4.8
      vertex 0.672929 2.51141 4.8
    endloop
  endfacet
  facet normal 0 0 -1
    outer loop
      vertex 0.388228 1.44889 4.8
      vertex 0.672929 2.51141 4.8
      vertex 0.574024 1.38582 4.8
    endloop
  endfacet
  facet normal 0 0 -1
    outer loop
      vertex 0.388228 1.44889 4.8
      vertex 0.339368 2.57776 4.8
      vertex 0.672929 2.51141 4.8
    endloop
  endfacet
  facet normal 0 0 -1
    outer loop
      vertex 0.195788 1.48717 4.8
      vertex 0.339368 2.57776 4.8
      vertex 0.388228 1.44889 4.8
    endloop
  endfacet
  facet normal 0 0 -1
    outer loop
      vertex 0 1.5 4.8
      vertex 0.339368 2.57776 4.8
      vertex 0.195788 1.48717 4.8
    endloop
  endfacet
  facet normal 0 0 -1
    outer loop
      vertex 0 1.5 4.8
      vertex 0 2.6 4.8
      vertex 0.339368 2.57776 4.8
    endloop
  endfacet
  facet normal 0 0 -1
    outer loop
      vertex -0.195788 1.48717 4.8
      vertex 0 2.6 4.8
      vertex 0 1.5 4.8
    endloop
  endfacet
  facet normal 0 0 -1
    outer loop
      vertex -0.195788 1.48717 4.8
      vertex -0.339368 2.57776 4.8
      vertex 0 2.6 4.8
    endloop
  endfacet
  facet normal 0 0 -1
    outer loop
      vertex -0.388228 1.44889 4.8
      vertex -0.339368 2.57776 4.8
      vertex -0.195788 1.48717 4.8
    endloop
  endfacet
  facet normal 0 0 -1
    outer loop
      vertex -0.672929 2.51141 4.8
      vertex -0.388228 1.44889 4.8
      vertex -0.574024 1.38582 4.8
    endloop
  endfacet
  facet normal 0 0 -1
    outer loop
      vertex -0.388228 1.44889 4.8
      vertex -0.672929 2.51141 4.8
      vertex -0.339368 2.57776 4.8
    endloop
  endfacet
  facet normal 0 0 -1
    outer loop
      vertex -0.994976 2.40209 4.8
      vertex -0.574024 1.38582 4.8
      vertex -0.75 1.29904 4.8
    endloop
  endfacet
  facet normal 0 0 -1
    outer loop
      vertex -1.3 2.25167 4.8
      vertex -0.75 1.29904 4.8
      vertex -0.913141 1.19003 4.8
    endloop
  endfacet
  facet normal 0 0 -1
    outer loop
      vertex -0.574024 1.38582 4.8
      vertex -0.994976 2.40209 4.8
      vertex -0.672929 2.51141 4.8
    endloop
  endfacet
  facet normal 0 0 -1
    outer loop
      vertex -1.58278 2.06272 4.8
      vertex -0.913141 1.19003 4.8
      vertex -1.06066 1.06066 4.8
    endloop
  endfacet
  facet normal 0 0 -1
    outer loop
      vertex -1.83848 1.83848 4.8
      vertex -1.06066 1.06066 4.8
      vertex -1.19003 0.913141 4.8
    endloop
  endfacet
  facet normal 0 0 -1
    outer loop
      vertex -2.06272 1.58278 4.8
      vertex -1.19003 0.913141 4.8
      vertex -1.29904 0.75 4.8
    endloop
  endfacet
  facet normal 0 0 -1
    outer loop
      vertex -0.75 1.29904 4.8
      vertex -1.3 2.25167 4.8
      vertex -0.994976 2.40209 4.8
    endloop
  endfacet
  facet normal 0 0 -1
    outer loop
      vertex -2.25167 1.3 4.8
      vertex -1.29904 0.75 4.8
      vertex -1.38582 0.574024 4.8
    endloop
  endfacet
  facet normal 0 0 -1
    outer loop
      vertex -2.40209 0.994976 4.8
      vertex -1.38582 0.574024 4.8
      vertex -1.44889 0.388228 4.8
    endloop
  endfacet
  facet normal 0 0 -1
    outer loop
      vertex -2.51141 0.672929 4.8
      vertex -1.44889 0.388228 4.8
      vertex -1.48717 0.195788 4.8
    endloop
  endfacet
  facet normal 0 0 -1
    outer loop
      vertex -0.913141 1.19003 4.8
      vertex -1.58278 2.06272 4.8
      vertex -1.3 2.25167 4.8
    endloop
  endfacet
  facet normal 0 0 -1
    outer loop
      vertex -2.57776 0.339368 4.8
      vertex -1.48717 0.195788 4.8
      vertex -1.5 0 4.8
    endloop
  endfacet
  facet normal 0 0 -1
    outer loop
      vertex -2.40209 -0.994976 4.8
      vertex -1.38582 -0.574024 4.8
      vertex -2.25167 -1.3 4.8
    endloop
  endfacet
  facet normal -0 0 -1
    outer loop
      vertex -1.38582 -0.574024 4.8
      vertex -2.40209 -0.994976 4.8
      vertex -1.44889 -0.388228 4.8
    endloop
  endfacet
  facet normal 0 0 -1
    outer loop
      vertex -1.06066 1.06066 4.8
      vertex -1.83848 1.83848 4.8
      vertex -1.58278 2.06272 4.8
    endloop
  endfacet
  facet normal 0 0 -1
    outer loop
      vertex -2.51141 -0.672929 4.8
      vertex -1.44889 -0.388228 4.8
      vertex -2.40209 -0.994976 4.8
    endloop
  endfacet
  facet normal 0 0 -1
    outer loop
      vertex -1.19003 0.913141 4.8
      vertex -2.06272 1.58278 4.8
      vertex -1.83848 1.83848 4.8
    endloop
  endfacet
  facet normal -0 0 -1
    outer loop
      vertex -1.44889 -0.388228 4.8
      vertex -2.51141 -0.672929 4.8
      vertex -1.48717 -0.195788 4.8
    endloop
  endfacet
  facet normal 0 0 -1
    outer loop
      vertex -1.29904 0.75 4.8
      vertex -2.25167 1.3 4.8
      vertex -2.06272 1.58278 4.8
    endloop
  endfacet
  facet normal 0 0 -1
    outer loop
      vertex -2.57776 -0.339368 4.8
      vertex -1.48717 -0.195788 4.8
      vertex -2.51141 -0.672929 4.8
    endloop
  endfacet
  facet normal 0 0 -1
    outer loop
      vertex -1.38582 0.574024 4.8
      vertex -2.40209 0.994976 4.8
      vertex -2.25167 1.3 4.8
    endloop
  endfacet
  facet normal -0 0 -1
    outer loop
      vertex -1.48717 -0.195788 4.8
      vertex -2.57776 -0.339368 4.8
      vertex -1.5 0 4.8
    endloop
  endfacet
  facet normal 0 0 -1
    outer loop
      vertex -1.44889 0.388228 4.8
      vertex -2.51141 0.672929 4.8
      vertex -2.40209 0.994976 4.8
    endloop
  endfacet
  facet normal 0 0 -1
    outer loop
      vertex -2.6 0 4.8
      vertex -1.5 0 4.8
      vertex -2.57776 -0.339368 4.8
    endloop
  endfacet
  facet normal 0 0 -1
    outer loop
      vertex -1.48717 0.195788 4.8
      vertex -2.57776 0.339368 4.8
      vertex -2.51141 0.672929 4.8
    endloop
  endfacet
  facet normal 0 0 -1
    outer loop
      vertex -1.5 0 4.8
      vertex -2.6 0 4.8
      vertex -2.57776 0.339368 4.8
    endloop
  endfacet
  facet normal -0.195097 -0.980784 0
    outer loop
      vertex -0.388228 -1.44889 2.3
      vertex -0.195788 -1.48717 4.8
      vertex -0.388228 -1.44889 4.8
    endloop
  endfacet
  facet normal -0.195097 -0.980784 -0
    outer loop
      vertex -0.195788 -1.48717 4.8
      vertex -0.388228 -1.44889 2.3
      vertex -0.195788 -1.48717 2.3
    endloop
  endfacet
  facet normal -0.831463 0.55558 0
    outer loop
      vertex -1.29904 0.75 2.3
      vertex -1.19003 0.913141 4.8
      vertex -1.19003 0.913141 2.3
    endloop
  endfacet
  facet normal -0.831463 0.55558 0
    outer loop
      vertex -1.19003 0.913141 4.8
      vertex -1.29904 0.75 2.3
      vertex -1.29904 0.75 4.8
    endloop
  endfacet
  facet normal -0.0653898 -0.99786 0
    outer loop
      vertex -0.195788 -1.48717 2.3
      vertex 0 -1.5 4.8
      vertex -0.195788 -1.48717 4.8
    endloop
  endfacet
  facet normal -0.0653898 -0.99786 -0
    outer loop
      vertex 0 -1.5 4.8
      vertex -0.195788 -1.48717 2.3
      vertex 0 -1.5 2.3
    endloop
  endfacet
  facet normal 0.980785 0.195092 0
    outer loop
      vertex 2.57776 0.339368 6
      vertex 2.51141 0.672929 4.8
      vertex 2.51141 0.672929 6
    endloop
  endfacet
  facet normal 0.980785 0.195092 0
    outer loop
      vertex 2.51141 0.672929 4.8
      vertex 2.57776 0.339368 6
      vertex 2.57776 0.339368 4.8
    endloop
  endfacet
  facet normal 0.99786 0.0653933 0
    outer loop
      vertex 2.6 0 6
      vertex 2.57776 0.339368 4.8
      vertex 2.57776 0.339368 6
    endloop
  endfacet
  facet normal 0.99786 0.0653933 0
    outer loop
      vertex 2.57776 0.339368 4.8
      vertex 2.6 0 6
      vertex 2.6 0 4.8
    endloop
  endfacet
  facet normal 0.94693 0.321439 0
    outer loop
      vertex 2.51141 0.672929 6
      vertex 2.40209 0.994976 4.8
      vertex 2.40209 0.994976 6
    endloop
  endfacet
  facet normal 0.94693 0.321439 0
    outer loop
      vertex 2.40209 0.994976 4.8
      vertex 2.51141 0.672929 6
      vertex 2.51141 0.672929 4.8
    endloop
  endfacet
  facet normal -0.659341 0.751844 0
    outer loop
      vertex -1.58278 2.06272 4.8
      vertex -1.83848 1.83848 6
      vertex -1.58278 2.06272 6
    endloop
  endfacet
  facet normal -0.659341 0.751844 0
    outer loop
      vertex -1.83848 1.83848 6
      vertex -1.58278 2.06272 4.8
      vertex -1.83848 1.83848 4.8
    endloop
  endfacet
  facet normal 0.0653933 0.99786 -0
    outer loop
      vertex 0.339368 2.57776 4.8
      vertex 0 2.6 6
      vertex 0.339368 2.57776 6
    endloop
  endfacet
  facet normal 0.0653933 0.99786 0
    outer loop
      vertex 0 2.6 6
      vertex 0.339368 2.57776 4.8
      vertex 0 2.6 4.8
    endloop
  endfacet
  facet normal -0.94693 0.321439 0
    outer loop
      vertex -2.51141 0.672929 4.8
      vertex -2.40209 0.994976 6
      vertex -2.40209 0.994976 4.8
    endloop
  endfacet
  facet normal -0.94693 0.321439 0
    outer loop
      vertex -2.40209 0.994976 6
      vertex -2.51141 0.672929 4.8
      vertex -2.51141 0.672929 6
    endloop
  endfacet
  facet normal 0.980785 -0.195092 0
    outer loop
      vertex 2.51141 -0.672929 6
      vertex 2.57776 -0.339368 4.8
      vertex 2.57776 -0.339368 6
    endloop
  endfacet
  facet normal 0.980785 -0.195092 0
    outer loop
      vertex 2.57776 -0.339368 4.8
      vertex 2.51141 -0.672929 6
      vertex 2.51141 -0.672929 4.8
    endloop
  endfacet
  facet normal -0.831466 -0.555575 0
    outer loop
      vertex -2.06272 -1.58278 4.8
      vertex -2.25167 -1.3 6
      vertex -2.25167 -1.3 4.8
    endloop
  endfacet
  facet normal -0.831466 -0.555575 0
    outer loop
      vertex -2.25167 -1.3 6
      vertex -2.06272 -1.58278 4.8
      vertex -2.06272 -1.58278 6
    endloop
  endfacet
  facet normal -0.980785 0.195092 0
    outer loop
      vertex -2.57776 0.339368 4.8
      vertex -2.51141 0.672929 6
      vertex -2.51141 0.672929 4.8
    endloop
  endfacet
  facet normal -0.980785 0.195092 0
    outer loop
      vertex -2.51141 0.672929 6
      vertex -2.57776 0.339368 4.8
      vertex -2.57776 0.339368 6
    endloop
  endfacet
  facet normal -0.555575 0.831466 0
    outer loop
      vertex -1.3 2.25167 4.8
      vertex -1.58278 2.06272 6
      vertex -1.3 2.25167 6
    endloop
  endfacet
  facet normal -0.555575 0.831466 0
    outer loop
      vertex -1.58278 2.06272 6
      vertex -1.3 2.25167 4.8
      vertex -1.58278 2.06272 4.8
    endloop
  endfacet
  facet normal -0.94693 -0.321439 0
    outer loop
      vertex -2.40209 -0.994976 4.8
      vertex -2.51141 -0.672929 6
      vertex -2.51141 -0.672929 4.8
    endloop
  endfacet
  facet normal -0.94693 -0.321439 0
    outer loop
      vertex -2.51141 -0.672929 6
      vertex -2.40209 -0.994976 4.8
      vertex -2.40209 -0.994976 6
    endloop
  endfacet
  facet normal -0.980785 -0.195092 0
    outer loop
      vertex -2.51141 -0.672929 4.8
      vertex -2.57776 -0.339368 6
      vertex -2.57776 -0.339368 4.8
    endloop
  endfacet
  facet normal -0.980785 -0.195092 0
    outer loop
      vertex -2.57776 -0.339368 6
      vertex -2.51141 -0.672929 4.8
      vertex -2.51141 -0.672929 6
    endloop
  endfacet
  facet normal 0.321439 -0.94693 0
    outer loop
      vertex 0.672929 -2.51141 4.8
      vertex 0.994976 -2.40209 6
      vertex 0.672929 -2.51141 6
    endloop
  endfacet
  facet normal 0.321439 -0.94693 0
    outer loop
      vertex 0.994976 -2.40209 6
      vertex 0.672929 -2.51141 4.8
      vertex 0.994976 -2.40209 4.8
    endloop
  endfacet
  facet normal -0.751844 0.659341 0
    outer loop
      vertex -2.06272 1.58278 4.8
      vertex -1.83848 1.83848 6
      vertex -1.83848 1.83848 4.8
    endloop
  endfacet
  facet normal -0.751844 0.659341 0
    outer loop
      vertex -1.83848 1.83848 6
      vertex -2.06272 1.58278 4.8
      vertex -2.06272 1.58278 6
    endloop
  endfacet
  facet normal 0.195092 -0.980785 0
    outer loop
      vertex 0.339368 -2.57776 4.8
      vertex 0.672929 -2.51141 6
      vertex 0.339368 -2.57776 6
    endloop
  endfacet
  facet normal 0.195092 -0.980785 0
    outer loop
      vertex 0.672929 -2.51141 6
      vertex 0.339368 -2.57776 4.8
      vertex 0.672929 -2.51141 4.8
    endloop
  endfacet
  facet normal -0.321439 0.94693 0
    outer loop
      vertex -0.672929 2.51141 4.8
      vertex -0.994976 2.40209 6
      vertex -0.672929 2.51141 6
    endloop
  endfacet
  facet normal -0.321439 0.94693 0
    outer loop
      vertex -0.994976 2.40209 6
      vertex -0.672929 2.51141 4.8
      vertex -0.994976 2.40209 4.8
    endloop
  endfacet
  facet normal 0.896874 0.442286 0
    outer loop
      vertex 2.40209 0.994976 6
      vertex 2.25167 1.3 4.8
      vertex 2.25167 1.3 6
    endloop
  endfacet
  facet normal 0.896874 0.442286 0
    outer loop
      vertex 2.25167 1.3 4.8
      vertex 2.40209 0.994976 6
      vertex 2.40209 0.994976 4.8
    endloop
  endfacet
  facet normal -0.99786 -0.0653933 0
    outer loop
      vertex -2.57776 -0.339368 4.8
      vertex -2.6 0 6
      vertex -2.6 0 4.8
    endloop
  endfacet
  facet normal -0.99786 -0.0653933 0
    outer loop
      vertex -2.6 0 6
      vertex -2.57776 -0.339368 4.8
      vertex -2.57776 -0.339368 6
    endloop
  endfacet
  facet normal -0.0653933 -0.99786 0
    outer loop
      vertex -0.339368 -2.57776 4.8
      vertex 0 -2.6 6
      vertex -0.339368 -2.57776 6
    endloop
  endfacet
  facet normal -0.0653933 -0.99786 -0
    outer loop
      vertex 0 -2.6 6
      vertex -0.339368 -2.57776 4.8
      vertex 0 -2.6 4.8
    endloop
  endfacet
  facet normal 0.195092 0.980785 -0
    outer loop
      vertex 0.672929 2.51141 4.8
      vertex 0.339368 2.57776 6
      vertex 0.672929 2.51141 6
    endloop
  endfacet
  facet normal 0.195092 0.980785 0
    outer loop
      vertex 0.339368 2.57776 6
      vertex 0.672929 2.51141 4.8
      vertex 0.339368 2.57776 4.8
    endloop
  endfacet
  facet normal 0.831466 -0.555575 0
    outer loop
      vertex 2.06272 -1.58278 6
      vertex 2.25167 -1.3 4.8
      vertex 2.25167 -1.3 6
    endloop
  endfacet
  facet normal 0.831466 -0.555575 0
    outer loop
      vertex 2.25167 -1.3 4.8
      vertex 2.06272 -1.58278 6
      vertex 2.06272 -1.58278 4.8
    endloop
  endfacet
  facet normal -0.751844 -0.659341 0
    outer loop
      vertex -1.83848 -1.83848 4.8
      vertex -2.06272 -1.58278 6
      vertex -2.06272 -1.58278 4.8
    endloop
  endfacet
  facet normal -0.751844 -0.659341 0
    outer loop
      vertex -2.06272 -1.58278 6
      vertex -1.83848 -1.83848 4.8
      vertex -1.83848 -1.83848 6
    endloop
  endfacet
  facet normal -0.195092 -0.980785 0
    outer loop
      vertex -0.672929 -2.51141 4.8
      vertex -0.339368 -2.57776 6
      vertex -0.672929 -2.51141 6
    endloop
  endfacet
  facet normal -0.195092 -0.980785 -0
    outer loop
      vertex -0.339368 -2.57776 6
      vertex -0.672929 -2.51141 4.8
      vertex -0.339368 -2.57776 4.8
    endloop
  endfacet
  facet normal 0.555575 0.831466 -0
    outer loop
      vertex 1.58278 2.06272 4.8
      vertex 1.3 2.25167 6
      vertex 1.58278 2.06272 6
    endloop
  endfacet
  facet normal 0.555575 0.831466 0
    outer loop
      vertex 1.3 2.25167 6
      vertex 1.58278 2.06272 4.8
      vertex 1.3 2.25167 4.8
    endloop
  endfacet
  facet normal 0.99786 -0.0653933 0
    outer loop
      vertex 2.57776 -0.339368 6
      vertex 2.6 0 4.8
      vertex 2.6 0 6
    endloop
  endfacet
  facet normal 0.99786 -0.0653933 0
    outer loop
      vertex 2.6 0 4.8
      vertex 2.57776 -0.339368 6
      vertex 2.57776 -0.339368 4.8
    endloop
  endfacet
  facet normal -0.195092 0.980785 0
    outer loop
      vertex -0.339368 2.57776 4.8
      vertex -0.672929 2.51141 6
      vertex -0.339368 2.57776 6
    endloop
  endfacet
  facet normal -0.195092 0.980785 0
    outer loop
      vertex -0.672929 2.51141 6
      vertex -0.339368 2.57776 4.8
      vertex -0.672929 2.51141 4.8
    endloop
  endfacet
  facet normal 0.659341 0.751844 -0
    outer loop
      vertex 1.83848 1.83848 4.8
      vertex 1.58278 2.06272 6
      vertex 1.83848 1.83848 6
    endloop
  endfacet
  facet normal 0.659341 0.751844 0
    outer loop
      vertex 1.58278 2.06272 6
      vertex 1.83848 1.83848 4.8
      vertex 1.58278 2.06272 4.8
    endloop
  endfacet
  facet normal 0.751844 0.659341 0
    outer loop
      vertex 2.06272 1.58278 6
      vertex 1.83848 1.83848 4.8
      vertex 1.83848 1.83848 6
    endloop
  endfacet
  facet normal 0.751844 0.659341 0
    outer loop
      vertex 1.83848 1.83848 4.8
      vertex 2.06272 1.58278 6
      vertex 2.06272 1.58278 4.8
    endloop
  endfacet
  facet normal -0.321439 -0.94693 0
    outer loop
      vertex -0.994976 -2.40209 4.8
      vertex -0.672929 -2.51141 6
      vertex -0.994976 -2.40209 6
    endloop
  endfacet
  facet normal -0.321439 -0.94693 -0
    outer loop
      vertex -0.672929 -2.51141 6
      vertex -0.994976 -2.40209 4.8
      vertex -0.672929 -2.51141 4.8
    endloop
  endfacet
  facet normal 0.0653933 -0.99786 0
    outer loop
      vertex 0 -2.6 4.8
      vertex 0.339368 -2.57776 6
      vertex 0 -2.6 6
    endloop
  endfacet
  facet normal 0.0653933 -0.99786 0
    outer loop
      vertex 0.339368 -2.57776 6
      vertex 0 -2.6 4.8
      vertex 0.339368 -2.57776 4.8
    endloop
  endfacet
  facet normal 0.555575 -0.831466 0
    outer loop
      vertex 1.3 -2.25167 4.8
      vertex 1.58278 -2.06272 6
      vertex 1.3 -2.25167 6
    endloop
  endfacet
  facet normal 0.555575 -0.831466 0
    outer loop
      vertex 1.58278 -2.06272 6
      vertex 1.3 -2.25167 4.8
      vertex 1.58278 -2.06272 4.8
    endloop
  endfacet
  facet normal 0.94693 -0.321439 0
    outer loop
      vertex 2.40209 -0.994976 6
      vertex 2.51141 -0.672929 4.8
      vertex 2.51141 -0.672929 6
    endloop
  endfacet
  facet normal 0.94693 -0.321439 0
    outer loop
      vertex 2.51141 -0.672929 4.8
      vertex 2.40209 -0.994976 6
      vertex 2.40209 -0.994976 4.8
    endloop
  endfacet
  facet normal 0.442286 0.896874 -0
    outer loop
      vertex 1.3 2.25167 4.8
      vertex 0.994976 2.40209 6
      vertex 1.3 2.25167 6
    endloop
  endfacet
  facet normal 0.442286 0.896874 0
    outer loop
      vertex 0.994976 2.40209 6
      vertex 1.3 2.25167 4.8
      vertex 0.994976 2.40209 4.8
    endloop
  endfacet
  facet normal 0.831466 0.555575 0
    outer loop
      vertex 2.25167 1.3 6
      vertex 2.06272 1.58278 4.8
      vertex 2.06272 1.58278 6
    endloop
  endfacet
  facet normal 0.831466 0.555575 0
    outer loop
      vertex 2.06272 1.58278 4.8
      vertex 2.25167 1.3 6
      vertex 2.25167 1.3 4.8
    endloop
  endfacet
  facet normal 0.659341 -0.751844 0
    outer loop
      vertex 1.58278 -2.06272 4.8
      vertex 1.83848 -1.83848 6
      vertex 1.58278 -2.06272 6
    endloop
  endfacet
  facet normal 0.659341 -0.751844 0
    outer loop
      vertex 1.83848 -1.83848 6
      vertex 1.58278 -2.06272 4.8
      vertex 1.83848 -1.83848 4.8
    endloop
  endfacet
  facet normal 0.751844 -0.659341 0
    outer loop
      vertex 1.83848 -1.83848 6
      vertex 2.06272 -1.58278 4.8
      vertex 2.06272 -1.58278 6
    endloop
  endfacet
  facet normal 0.751844 -0.659341 0
    outer loop
      vertex 2.06272 -1.58278 4.8
      vertex 1.83848 -1.83848 6
      vertex 1.83848 -1.83848 4.8
    endloop
  endfacet
  facet normal 0.321439 0.94693 -0
    outer loop
      vertex 0.994976 2.40209 4.8
      vertex 0.672929 2.51141 6
      vertex 0.994976 2.40209 6
    endloop
  endfacet
  facet normal 0.321439 0.94693 0
    outer loop
      vertex 0.672929 2.51141 6
      vertex 0.994976 2.40209 4.8
      vertex 0.672929 2.51141 4.8
    endloop
  endfacet
  facet normal -0.0653933 0.99786 0
    outer loop
      vertex 0 2.6 4.8
      vertex -0.339368 2.57776 6
      vertex 0 2.6 6
    endloop
  endfacet
  facet normal -0.0653933 0.99786 0
    outer loop
      vertex -0.339368 2.57776 6
      vertex 0 2.6 4.8
      vertex -0.339368 2.57776 4.8
    endloop
  endfacet
  facet normal -0.659341 -0.751844 0
    outer loop
      vertex -1.83848 -1.83848 4.8
      vertex -1.58278 -2.06272 6
      vertex -1.83848 -1.83848 6
    endloop
  endfacet
  facet normal -0.659341 -0.751844 -0
    outer loop
      vertex -1.58278 -2.06272 6
      vertex -1.83848 -1.83848 4.8
      vertex -1.58278 -2.06272 4.8
    endloop
  endfacet
  facet normal 0.896874 -0.442286 0
    outer loop
      vertex 2.25167 -1.3 6
      vertex 2.40209 -0.994976 4.8
      vertex 2.40209 -0.994976 6
    endloop
  endfacet
  facet normal 0.896874 -0.442286 0
    outer loop
      vertex 2.40209 -0.994976 4.8
      vertex 2.25167 -1.3 6
      vertex 2.25167 -1.3 4.8
    endloop
  endfacet
  facet normal -0.99786 0.0653933 0
    outer loop
      vertex -2.6 0 4.8
      vertex -2.57776 0.339368 6
      vertex -2.57776 0.339368 4.8
    endloop
  endfacet
  facet normal -0.99786 0.0653933 0
    outer loop
      vertex -2.57776 0.339368 6
      vertex -2.6 0 4.8
      vertex -2.6 0 6
    endloop
  endfacet
  facet normal 0.442286 -0.896874 0
    outer loop
      vertex 0.994976 -2.40209 4.8
      vertex 1.3 -2.25167 6
      vertex 0.994976 -2.40209 6
    endloop
  endfacet
  facet normal 0.442286 -0.896874 0
    outer loop
      vertex 1.3 -2.25167 6
      vertex 0.994976 -2.40209 4.8
      vertex 1.3 -2.25167 4.8
    endloop
  endfacet
  facet normal -0.442286 -0.896874 0
    outer loop
      vertex -1.3 -2.25167 4.8
      vertex -0.994976 -2.40209 6
      vertex -1.3 -2.25167 6
    endloop
  endfacet
  facet normal -0.442286 -0.896874 -0
    outer loop
      vertex -0.994976 -2.40209 6
      vertex -1.3 -2.25167 4.8
      vertex -0.994976 -2.40209 4.8
    endloop
  endfacet
  facet normal -0.442286 0.896874 0
    outer loop
      vertex -0.994976 2.40209 4.8
      vertex -1.3 2.25167 6
      vertex -0.994976 2.40209 6
    endloop
  endfacet
  facet normal -0.442286 0.896874 0
    outer loop
      vertex -1.3 2.25167 6
      vertex -0.994976 2.40209 4.8
      vertex -1.3 2.25167 4.8
    endloop
  endfacet
  facet normal -0.896874 -0.442286 0
    outer loop
      vertex -2.25167 -1.3 4.8
      vertex -2.40209 -0.994976 6
      vertex -2.40209 -0.994976 4.8
    endloop
  endfacet
  facet normal -0.896874 -0.442286 0
    outer loop
      vertex -2.40209 -0.994976 6
      vertex -2.25167 -1.3 4.8
      vertex -2.25167 -1.3 6
    endloop
  endfacet
  facet normal -0.896874 0.442286 0
    outer loop
      vertex -2.40209 0.994976 4.8
      vertex -2.25167 1.3 6
      vertex -2.25167 1.3 4.8
    endloop
  endfacet
  facet normal -0.896874 0.442286 0
    outer loop
      vertex -2.25167 1.3 6
      vertex -2.40209 0.994976 4.8
      vertex -2.40209 0.994976 6
    endloop
  endfacet
  facet normal -0.831466 0.555575 0
    outer loop
      vertex -2.25167 1.3 4.8
      vertex -2.06272 1.58278 6
      vertex -2.06272 1.58278 4.8
    endloop
  endfacet
  facet normal -0.831466 0.555575 0
    outer loop
      vertex -2.06272 1.58278 6
      vertex -2.25167 1.3 4.8
      vertex -2.25167 1.3 6
    endloop
  endfacet
  facet normal -0.555575 -0.831466 0
    outer loop
      vertex -1.58278 -2.06272 4.8
      vertex -1.3 -2.25167 6
      vertex -1.58278 -2.06272 6
    endloop
  endfacet
  facet normal -0.555575 -0.831466 -0
    outer loop
      vertex -1.3 -2.25167 6
      vertex -1.58278 -2.06272 4.8
      vertex -1.3 -2.25167 4.8
    endloop
  endfacet
  facet normal 0 0 1
    outer loop
      vertex 1.8 0 6
      vertex 2.6 0 6
      vertex 2.57776 0.339368 6
    endloop
  endfacet
  facet normal 0 0 1
    outer loop
      vertex 1.7846 0.234946 6
      vertex 2.57776 0.339368 6
      vertex 2.51141 0.672929 6
    endloop
  endfacet
  facet normal 0 0 1
    outer loop
      vertex 2.6 0 6
      vertex 1.8 0 6
      vertex 2.57776 -0.339368 6
    endloop
  endfacet
  facet normal 0 0 1
    outer loop
      vertex 1.73867 0.465874 6
      vertex 2.51141 0.672929 6
      vertex 2.40209 0.994976 6
    endloop
  endfacet
  facet normal -0 0 1
    outer loop
      vertex 1.7846 -0.234946 6
      vertex 2.57776 -0.339368 6
      vertex 1.8 0 6
    endloop
  endfacet
  facet normal 0 0 1
    outer loop
      vertex 1.66298 0.688829 6
      vertex 2.40209 0.994976 6
      vertex 2.25167 1.3 6
    endloop
  endfacet
  facet normal 0 0 1
    outer loop
      vertex 2.57776 -0.339368 6
      vertex 1.7846 -0.234946 6
      vertex 2.51141 -0.672929 6
    endloop
  endfacet
  facet normal 0 0 1
    outer loop
      vertex 1.55885 0.9 6
      vertex 2.25167 1.3 6
      vertex 2.06272 1.58278 6
    endloop
  endfacet
  facet normal -0 0 1
    outer loop
      vertex 1.73867 -0.465874 6
      vertex 2.51141 -0.672929 6
      vertex 1.7846 -0.234946 6
    endloop
  endfacet
  facet normal 0 0 1
    outer loop
      vertex 1.42804 1.09577 6
      vertex 2.06272 1.58278 6
      vertex 1.83848 1.83848 6
    endloop
  endfacet
  facet normal 0 0 1
    outer loop
      vertex 2.51141 -0.672929 6
      vertex 1.73867 -0.465874 6
      vertex 2.40209 -0.994976 6
    endloop
  endfacet
  facet normal -0 0 1
    outer loop
      vertex 1.66298 -0.688829 6
      vertex 2.40209 -0.994976 6
      vertex 1.73867 -0.465874 6
    endloop
  endfacet
  facet normal 0 0 1
    outer loop
      vertex 2.57776 0.339368 6
      vertex 1.7846 0.234946 6
      vertex 1.8 0 6
    endloop
  endfacet
  facet normal 0 0 1
    outer loop
      vertex 2.51141 0.672929 6
      vertex 1.73867 0.465874 6
      vertex 1.7846 0.234946 6
    endloop
  endfacet
  facet normal 0 0 1
    outer loop
      vertex 2.40209 0.994976 6
      vertex 1.66298 0.688829 6
      vertex 1.73867 0.465874 6
    endloop
  endfacet
  facet normal 0 0 1
    outer loop
      vertex 1.27279 1.27279 6
      vertex 1.83848 1.83848 6
      vertex 1.58278 2.06272 6
    endloop
  endfacet
  facet normal 0 0 1
    outer loop
      vertex 2.25167 1.3 6
      vertex 1.55885 0.9 6
      vertex 1.66298 0.688829 6
    endloop
  endfacet
  facet normal 0 0 1
    outer loop
      vertex 2.06272 1.58278 6
      vertex 1.42804 1.09577 6
      vertex 1.55885 0.9 6
    endloop
  endfacet
  facet normal 0 0 1
    outer loop
      vertex 1.09577 1.42804 6
      vertex 1.58278 2.06272 6
      vertex 1.3 2.25167 6
    endloop
  endfacet
  facet normal 0 0 1
    outer loop
      vertex 1.83848 1.83848 6
      vertex 1.27279 1.27279 6
      vertex 1.42804 1.09577 6
    endloop
  endfacet
  facet normal 0 0 1
    outer loop
      vertex 1.58278 2.06272 6
      vertex 1.09577 1.42804 6
      vertex 1.27279 1.27279 6
    endloop
  endfacet
  facet normal 0 0 1
    outer loop
      vertex 0.9 1.55885 6
      vertex 1.3 2.25167 6
      vertex 0.994976 2.40209 6
    endloop
  endfacet
  facet normal 0 0 1
    outer loop
      vertex 1.3 2.25167 6
      vertex 0.9 1.55885 6
      vertex 1.09577 1.42804 6
    endloop
  endfacet
  facet normal 0 0 1
    outer loop
      vertex 0.994976 2.40209 6
      vertex 0.688829 1.66298 6
      vertex 0.9 1.55885 6
    endloop
  endfacet
  facet normal 0 0 1
    outer loop
      vertex 0.672929 2.51141 6
      vertex 0.688829 1.66298 6
      vertex 0.994976 2.40209 6
    endloop
  endfacet
  facet normal 0 0 1
    outer loop
      vertex 0.672929 2.51141 6
      vertex 0.465874 1.73867 6
      vertex 0.688829 1.66298 6
    endloop
  endfacet
  facet normal 0 0 1
    outer loop
      vertex 0.339368 2.57776 6
      vertex 0.465874 1.73867 6
      vertex 0.672929 2.51141 6
    endloop
  endfacet
  facet normal 0 0 1
    outer loop
      vertex 0.339368 2.57776 6
      vertex 0.234946 1.7846 6
      vertex 0.465874 1.73867 6
    endloop
  endfacet
  facet normal 0 0 1
    outer loop
      vertex 0 2.6 6
      vertex 0.234946 1.7846 6
      vertex 0.339368 2.57776 6
    endloop
  endfacet
  facet normal 0 0 1
    outer loop
      vertex 0 2.6 6
      vertex 0 1.8 6
      vertex 0.234946 1.7846 6
    endloop
  endfacet
  facet normal 0 0 1
    outer loop
      vertex 0 2.6 6
      vertex -0.234946 1.7846 6
      vertex 0 1.8 6
    endloop
  endfacet
  facet normal -0 0 1
    outer loop
      vertex -0.339368 2.57776 6
      vertex -0.234946 1.7846 6
      vertex 0 2.6 6
    endloop
  endfacet
  facet normal 0 0 1
    outer loop
      vertex -0.339368 2.57776 6
      vertex -0.465874 1.73867 6
      vertex -0.234946 1.7846 6
    endloop
  endfacet
  facet normal -0 0 1
    outer loop
      vertex -0.672929 2.51141 6
      vertex -0.465874 1.73867 6
      vertex -0.339368 2.57776 6
    endloop
  endfacet
  facet normal 0 0 1
    outer loop
      vertex -0.672929 2.51141 6
      vertex -0.688829 1.66298 6
      vertex -0.465874 1.73867 6
    endloop
  endfacet
  facet normal -0 0 1
    outer loop
      vertex -0.994976 2.40209 6
      vertex -0.688829 1.66298 6
      vertex -0.672929 2.51141 6
    endloop
  endfacet
  facet normal 0 0 1
    outer loop
      vertex -0.688829 1.66298 6
      vertex -0.994976 2.40209 6
      vertex -0.9 1.55885 6
    endloop
  endfacet
  facet normal -0 0 1
    outer loop
      vertex -1.3 2.25167 6
      vertex -0.9 1.55885 6
      vertex -0.994976 2.40209 6
    endloop
  endfacet
  facet normal 0 0 1
    outer loop
      vertex -0.9 1.55885 6
      vertex -1.3 2.25167 6
      vertex -1.09577 1.42804 6
    endloop
  endfacet
  facet normal -0 0 1
    outer loop
      vertex -1.58278 2.06272 6
      vertex -1.09577 1.42804 6
      vertex -1.3 2.25167 6
    endloop
  endfacet
  facet normal 0 0 1
    outer loop
      vertex -1.09577 1.42804 6
      vertex -1.58278 2.06272 6
      vertex -1.27279 1.27279 6
    endloop
  endfacet
  facet normal -0 0 1
    outer loop
      vertex -1.83848 1.83848 6
      vertex -1.27279 1.27279 6
      vertex -1.58278 2.06272 6
    endloop
  endfacet
  facet normal 0 0 1
    outer loop
      vertex -1.27279 1.27279 6
      vertex -1.83848 1.83848 6
      vertex -1.42804 1.09577 6
    endloop
  endfacet
  facet normal -0 0 1
    outer loop
      vertex -2.06272 1.58278 6
      vertex -1.42804 1.09577 6
      vertex -1.83848 1.83848 6
    endloop
  endfacet
  facet normal 0 0 1
    outer loop
      vertex -1.42804 1.09577 6
      vertex -2.06272 1.58278 6
      vertex -1.55885 0.9 6
    endloop
  endfacet
  facet normal -0 0 1
    outer loop
      vertex -2.25167 1.3 6
      vertex -1.55885 0.9 6
      vertex -2.06272 1.58278 6
    endloop
  endfacet
  facet normal -0 0 1
    outer loop
      vertex -2.40209 0.994976 6
      vertex -1.66298 0.688829 6
      vertex -2.25167 1.3 6
    endloop
  endfacet
  facet normal 0 0 1
    outer loop
      vertex -1.55885 0.9 6
      vertex -2.25167 1.3 6
      vertex -1.66298 0.688829 6
    endloop
  endfacet
  facet normal 0 0 1
    outer loop
      vertex 2.40209 -0.994976 6
      vertex 1.66298 -0.688829 6
      vertex 2.25167 -1.3 6
    endloop
  endfacet
  facet normal -0 0 1
    outer loop
      vertex 1.55885 -0.9 6
      vertex 2.25167 -1.3 6
      vertex 1.66298 -0.688829 6
    endloop
  endfacet
  facet normal 0 0 1
    outer loop
      vertex 2.25167 -1.3 6
      vertex 1.55885 -0.9 6
      vertex 2.06272 -1.58278 6
    endloop
  endfacet
  facet normal -0 0 1
    outer loop
      vertex 1.42804 -1.09577 6
      vertex 2.06272 -1.58278 6
      vertex 1.55885 -0.9 6
    endloop
  endfacet
  facet normal 0 0 1
    outer loop
      vertex 2.06272 -1.58278 6
      vertex 1.42804 -1.09577 6
      vertex 1.83848 -1.83848 6
    endloop
  endfacet
  facet normal -0 0 1
    outer loop
      vertex 1.27279 -1.27279 6
      vertex 1.83848 -1.83848 6
      vertex 1.42804 -1.09577 6
    endloop
  endfacet
  facet normal 0 0 1
    outer loop
      vertex 1.83848 -1.83848 6
      vertex 1.27279 -1.27279 6
      vertex 1.58278 -2.06272 6
    endloop
  endfacet
  facet normal -0 0 1
    outer loop
      vertex 1.09577 -1.42804 6
      vertex 1.58278 -2.06272 6
      vertex 1.27279 -1.27279 6
    endloop
  endfacet
  facet normal 0 0 1
    outer loop
      vertex 1.58278 -2.06272 6
      vertex 1.09577 -1.42804 6
      vertex 1.3 -2.25167 6
    endloop
  endfacet
  facet normal -0 0 1
    outer loop
      vertex 0.9 -1.55885 6
      vertex 1.3 -2.25167 6
      vertex 1.09577 -1.42804 6
    endloop
  endfacet
  facet normal 0 0 1
    outer loop
      vertex 1.3 -2.25167 6
      vertex 0.9 -1.55885 6
      vertex 0.994976 -2.40209 6
    endloop
  endfacet
  facet normal -0 0 1
    outer loop
      vertex 0.688829 -1.66298 6
      vertex 0.994976 -2.40209 6
      vertex 0.9 -1.55885 6
    endloop
  endfacet
  facet normal 0 0 1
    outer loop
      vertex 0.688829 -1.66298 6
      vertex 0.672929 -2.51141 6
      vertex 0.994976 -2.40209 6
    endloop
  endfacet
  facet normal -0 0 1
    outer loop
      vertex 0.465874 -1.73867 6
      vertex 0.672929 -2.51141 6
      vertex 0.688829 -1.66298 6
    endloop
  endfacet
  facet normal 0 0 1
    outer loop
      vertex 0.465874 -1.73867 6
      vertex 0.339368 -2.57776 6
      vertex 0.672929 -2.51141 6
    endloop
  endfacet
  facet normal -0 0 1
    outer loop
      vertex 0.234946 -1.7846 6
      vertex 0.339368 -2.57776 6
      vertex 0.465874 -1.73867 6
    endloop
  endfacet
  facet normal -0 0 1
    outer loop
      vertex 0 -1.8 6
      vertex 0.339368 -2.57776 6
      vertex 0.234946 -1.7846 6
    endloop
  endfacet
  facet normal 0 0 1
    outer loop
      vertex 0 -1.8 6
      vertex 0 -2.6 6
      vertex 0.339368 -2.57776 6
    endloop
  endfacet
  facet normal 0 0 1
    outer loop
      vertex -0.234946 -1.7846 6
      vertex 0 -2.6 6
      vertex 0 -1.8 6
    endloop
  endfacet
  facet normal 0 0 1
    outer loop
      vertex -0.234946 -1.7846 6
      vertex -0.339368 -2.57776 6
      vertex 0 -2.6 6
    endloop
  endfacet
  facet normal 0 0 1
    outer loop
      vertex -0.465874 -1.73867 6
      vertex -0.339368 -2.57776 6
      vertex -0.234946 -1.7846 6
    endloop
  endfacet
  facet normal 0 0 1
    outer loop
      vertex -0.465874 -1.73867 6
      vertex -0.672929 -2.51141 6
      vertex -0.339368 -2.57776 6
    endloop
  endfacet
  facet normal 0 0 1
    outer loop
      vertex -0.688829 -1.66298 6
      vertex -0.672929 -2.51141 6
      vertex -0.465874 -1.73867 6
    endloop
  endfacet
  facet normal 0 0 1
    outer loop
      vertex -0.994976 -2.40209 6
      vertex -0.688829 -1.66298 6
      vertex -0.9 -1.55885 6
    endloop
  endfacet
  facet normal 0 0 1
    outer loop
      vertex -0.688829 -1.66298 6
      vertex -0.994976 -2.40209 6
      vertex -0.672929 -2.51141 6
    endloop
  endfacet
  facet normal 0 0 1
    outer loop
      vertex -1.3 -2.25167 6
      vertex -0.9 -1.55885 6
      vertex -1.09577 -1.42804 6
    endloop
  endfacet
  facet normal 0 0 1
    outer loop
      vertex -1.58278 -2.06272 6
      vertex -1.09577 -1.42804 6
      vertex -1.27279 -1.27279 6
    endloop
  endfacet
  facet normal 0 0 1
    outer loop
      vertex -0.9 -1.55885 6
      vertex -1.3 -2.25167 6
      vertex -0.994976 -2.40209 6
    endloop
  endfacet
  facet normal 0 0 1
    outer loop
      vertex -1.83848 -1.83848 6
      vertex -1.27279 -1.27279 6
      vertex -1.42804 -1.09577 6
    endloop
  endfacet
  facet normal 0 0 1
    outer loop
      vertex -2.06272 -1.58278 6
      vertex -1.42804 -1.09577 6
      vertex -1.55885 -0.9 6
    endloop
  endfacet
  facet normal 0 0 1
    outer loop
      vertex -1.09577 -1.42804 6
      vertex -1.58278 -2.06272 6
      vertex -1.3 -2.25167 6
    endloop
  endfacet
  facet normal 0 0 1
    outer loop
      vertex -2.25167 -1.3 6
      vertex -1.55885 -0.9 6
      vertex -1.66298 -0.688829 6
    endloop
  endfacet
  facet normal 0 0 1
    outer loop
      vertex -2.40209 -0.994976 6
      vertex -1.66298 -0.688829 6
      vertex -1.73867 -0.465874 6
    endloop
  endfacet
  facet normal 0 0 1
    outer loop
      vertex -2.51141 -0.672929 6
      vertex -1.73867 -0.465874 6
      vertex -1.7846 -0.234946 6
    endloop
  endfacet
  facet normal 0 0 1
    outer loop
      vertex -1.27279 -1.27279 6
      vertex -1.83848 -1.83848 6
      vertex -1.58278 -2.06272 6
    endloop
  endfacet
  facet normal 0 0 1
    outer loop
      vertex -2.57776 -0.339368 6
      vertex -1.7846 -0.234946 6
      vertex -1.8 0 6
    endloop
  endfacet
  facet normal 0 0 1
    outer loop
      vertex -1.66298 0.688829 6
      vertex -2.40209 0.994976 6
      vertex -1.73867 0.465874 6
    endloop
  endfacet
  facet normal -0 0 1
    outer loop
      vertex -2.51141 0.672929 6
      vertex -1.73867 0.465874 6
      vertex -2.40209 0.994976 6
    endloop
  endfacet
  facet normal 0 0 1
    outer loop
      vertex -1.42804 -1.09577 6
      vertex -2.06272 -1.58278 6
      vertex -1.83848 -1.83848 6
    endloop
  endfacet
  facet normal 0 0 1
    outer loop
      vertex -1.73867 0.465874 6
      vertex -2.51141 0.672929 6
      vertex -1.7846 0.234946 6
    endloop
  endfacet
  facet normal 0 0 1
    outer loop
      vertex -1.55885 -0.9 6
      vertex -2.25167 -1.3 6
      vertex -2.06272 -1.58278 6
    endloop
  endfacet
  facet normal -0 0 1
    outer loop
      vertex -2.57776 0.339368 6
      vertex -1.7846 0.234946 6
      vertex -2.51141 0.672929 6
    endloop
  endfacet
  facet normal 0 0 1
    outer loop
      vertex -1.66298 -0.688829 6
      vertex -2.40209 -0.994976 6
      vertex -2.25167 -1.3 6
    endloop
  endfacet
  facet normal 0 0 1
    outer loop
      vertex -1.7846 0.234946 6
      vertex -2.57776 0.339368 6
      vertex -1.8 0 6
    endloop
  endfacet
  facet normal 0 0 1
    outer loop
      vertex -1.73867 -0.465874 6
      vertex -2.51141 -0.672929 6
      vertex -2.40209 -0.994976 6
    endloop
  endfacet
  facet normal 0 0 1
    outer loop
      vertex -2.6 0 6
      vertex -1.8 0 6
      vertex -2.57776 0.339368 6
    endloop
  endfacet
  facet normal 0 0 1
    outer loop
      vertex -1.7846 -0.234946 6
      vertex -2.57776 -0.339368 6
      vertex -2.51141 -0.672929 6
    endloop
  endfacet
  facet normal 0 0 1
    outer loop
      vertex -1.8 0 6
      vertex -2.6 0 6
      vertex -2.57776 -0.339368 6
    endloop
  endfacet
  facet normal -0.896886 -0.442261 0
    outer loop
      vertex -1.55885 -0.9 6
      vertex -1.66298 -0.688829 7.5
      vertex -1.66298 -0.688829 6
    endloop
  endfacet
  facet normal -0.896886 -0.442261 0
    outer loop
      vertex -1.66298 -0.688829 7.5
      vertex -1.55885 -0.9 6
      vertex -1.55885 -0.9 7.5
    endloop
  endfacet
  facet normal 0.980789 0.195072 0
    outer loop
      vertex 1.7846 0.234946 7.5
      vertex 1.73867 0.465874 6
      vertex 1.73867 0.465874 7.5
    endloop
  endfacet
  facet normal 0.980789 0.195072 0
    outer loop
      vertex 1.73867 0.465874 6
      vertex 1.7846 0.234946 7.5
      vertex 1.7846 0.234946 6
    endloop
  endfacet
  facet normal 0.997859 0.0654066 0
    outer loop
      vertex 1.8 0 7.5
      vertex 1.7846 0.234946 6
      vertex 1.7846 0.234946 7.5
    endloop
  endfacet
  facet normal 0.997859 0.0654066 0
    outer loop
      vertex 1.7846 0.234946 6
      vertex 1.8 0 7.5
      vertex 1.8 0 6
    endloop
  endfacet
  facet normal 0.946921 0.321466 0
    outer loop
      vertex 1.73867 0.465874 7.5
      vertex 1.66298 0.688829 6
      vertex 1.66298 0.688829 7.5
    endloop
  endfacet
  facet normal 0.946921 0.321466 0
    outer loop
      vertex 1.66298 0.688829 6
      vertex 1.73867 0.465874 7.5
      vertex 1.73867 0.465874 6
    endloop
  endfacet
  facet normal -0.896886 0.442261 0
    outer loop
      vertex -1.66298 0.688829 6
      vertex -1.55885 0.9 7.5
      vertex -1.55885 0.9 6
    endloop
  endfacet
  facet normal -0.896886 0.442261 0
    outer loop
      vertex -1.55885 0.9 7.5
      vertex -1.66298 0.688829 6
      vertex -1.66298 0.688829 7.5
    endloop
  endfacet
  facet normal 0.659364 -0.751824 0
    outer loop
      vertex 1.09577 -1.42804 6
      vertex 1.27279 -1.27279 7.5
      vertex 1.09577 -1.42804 7.5
    endloop
  endfacet
  facet normal 0.659364 -0.751824 0
    outer loop
      vertex 1.27279 -1.27279 7.5
      vertex 1.09577 -1.42804 6
      vertex 1.27279 -1.27279 6
    endloop
  endfacet
  facet normal -0.751824 -0.659364 0
    outer loop
      vertex -1.27279 -1.27279 6
      vertex -1.42804 -1.09577 7.5
      vertex -1.42804 -1.09577 6
    endloop
  endfacet
  facet normal -0.751824 -0.659364 0
    outer loop
      vertex -1.42804 -1.09577 7.5
      vertex -1.27279 -1.27279 6
      vertex -1.27279 -1.27279 7.5
    endloop
  endfacet
  facet normal 0.321466 0.946921 -0
    outer loop
      vertex 0.688829 1.66298 6
      vertex 0.465874 1.73867 7.5
      vertex 0.688829 1.66298 7.5
    endloop
  endfacet
  facet normal 0.321466 0.946921 0
    outer loop
      vertex 0.465874 1.73867 7.5
      vertex 0.688829 1.66298 6
      vertex 0.465874 1.73867 6
    endloop
  endfacet
  facet normal 0.997859 -0.0654066 0
    outer loop
      vertex 1.7846 -0.234946 7.5
      vertex 1.8 0 6
      vertex 1.8 0 7.5
    endloop
  endfacet
  facet normal 0.997859 -0.0654066 0
    outer loop
      vertex 1.8 0 6
      vertex 1.7846 -0.234946 7.5
      vertex 1.7846 -0.234946 6
    endloop
  endfacet
  facet normal 0.321466 -0.946921 0
    outer loop
      vertex 0.465874 -1.73867 6
      vertex 0.688829 -1.66298 7.5
      vertex 0.465874 -1.73867 7.5
    endloop
  endfacet
  facet normal 0.321466 -0.946921 0
    outer loop
      vertex 0.688829 -1.66298 7.5
      vertex 0.465874 -1.73867 6
      vertex 0.688829 -1.66298 6
    endloop
  endfacet
  facet normal 0.555572 -0.831468 0
    outer loop
      vertex 0.9 -1.55885 6
      vertex 1.09577 -1.42804 7.5
      vertex 0.9 -1.55885 7.5
    endloop
  endfacet
  facet normal 0.555572 -0.831468 0
    outer loop
      vertex 1.09577 -1.42804 7.5
      vertex 0.9 -1.55885 6
      vertex 1.09577 -1.42804 6
    endloop
  endfacet
  facet normal 0.896886 0.442261 0
    outer loop
      vertex 1.66298 0.688829 7.5
      vertex 1.55885 0.9 6
      vertex 1.55885 0.9 7.5
    endloop
  endfacet
  facet normal 0.896886 0.442261 0
    outer loop
      vertex 1.55885 0.9 6
      vertex 1.66298 0.688829 7.5
      vertex 1.66298 0.688829 6
    endloop
  endfacet
  facet normal 0.831468 -0.555572 0
    outer loop
      vertex 1.42804 -1.09577 7.5
      vertex 1.55885 -0.9 6
      vertex 1.55885 -0.9 7.5
    endloop
  endfacet
  facet normal 0.831468 -0.555572 0
    outer loop
      vertex 1.55885 -0.9 6
      vertex 1.42804 -1.09577 7.5
      vertex 1.42804 -1.09577 6
    endloop
  endfacet
  facet normal 0.442261 0.896886 -0
    outer loop
      vertex 0.9 1.55885 6
      vertex 0.688829 1.66298 7.5
      vertex 0.9 1.55885 7.5
    endloop
  endfacet
  facet normal 0.442261 0.896886 0
    outer loop
      vertex 0.688829 1.66298 7.5
      vertex 0.9 1.55885 6
      vertex 0.688829 1.66298 6
    endloop
  endfacet
  facet normal 0.980789 -0.195072 0
    outer loop
      vertex 1.73867 -0.465874 7.5
      vertex 1.7846 -0.234946 6
      vertex 1.7846 -0.234946 7.5
    endloop
  endfacet
  facet normal 0.980789 -0.195072 0
    outer loop
      vertex 1.7846 -0.234946 6
      vertex 1.73867 -0.465874 7.5
      vertex 1.73867 -0.465874 6
    endloop
  endfacet
  facet normal 0.751824 -0.659364 0
    outer loop
      vertex 1.27279 -1.27279 7.5
      vertex 1.42804 -1.09577 6
      vertex 1.42804 -1.09577 7.5
    endloop
  endfacet
  facet normal 0.751824 -0.659364 0
    outer loop
      vertex 1.42804 -1.09577 6
      vertex 1.27279 -1.27279 7.5
      vertex 1.27279 -1.27279 6
    endloop
  endfacet
  facet normal -0.195072 0.980789 0
    outer loop
      vertex -0.234946 1.7846 6
      vertex -0.465874 1.73867 7.5
      vertex -0.234946 1.7846 7.5
    endloop
  endfacet
  facet normal -0.195072 0.980789 0
    outer loop
      vertex -0.465874 1.73867 7.5
      vertex -0.234946 1.7846 6
      vertex -0.465874 1.73867 6
    endloop
  endfacet
  facet normal -0.659364 0.751824 0
    outer loop
      vertex -1.09577 1.42804 6
      vertex -1.27279 1.27279 7.5
      vertex -1.09577 1.42804 7.5
    endloop
  endfacet
  facet normal -0.659364 0.751824 0
    outer loop
      vertex -1.27279 1.27279 7.5
      vertex -1.09577 1.42804 6
      vertex -1.27279 1.27279 6
    endloop
  endfacet
  facet normal 0 0 1
    outer loop
      vertex 1.7846 0.234946 7.5
      vertex 1.79615 0 7.5
      vertex 1.8 0 7.5
    endloop
  endfacet
  facet normal 0 0 1
    outer loop
      vertex 1.7846 0.234946 7.5
      vertex 1.78078 0.234444 7.5
      vertex 1.79615 0 7.5
    endloop
  endfacet
  facet normal 0 0 1
    outer loop
      vertex 1.73867 0.465874 7.5
      vertex 1.78078 0.234444 7.5
      vertex 1.7846 0.234946 7.5
    endloop
  endfacet
  facet normal 0 0 1
    outer loop
      vertex 1.73867 0.465874 7.5
      vertex 1.73494 0.464876 7.5
      vertex 1.78078 0.234444 7.5
    endloop
  endfacet
  facet normal 0 0 1
    outer loop
      vertex 1.66298 0.688829 7.5
      vertex 1.73494 0.464876 7.5
      vertex 1.73867 0.465874 7.5
    endloop
  endfacet
  facet normal 0 0 1
    outer loop
      vertex 1.66298 0.688829 7.5
      vertex 1.65942 0.687355 7.5
      vertex 1.73494 0.464876 7.5
    endloop
  endfacet
  facet normal 0 0 1
    outer loop
      vertex 1.55885 0.9 7.5
      vertex 1.65942 0.687355 7.5
      vertex 1.66298 0.688829 7.5
    endloop
  endfacet
  facet normal 0 0 1
    outer loop
      vertex 1.55885 0.9 7.5
      vertex 1.55551 0.898072 7.5
      vertex 1.65942 0.687355 7.5
    endloop
  endfacet
  facet normal 0 0 1
    outer loop
      vertex 1.42804 1.09577 7.5
      vertex 1.55551 0.898072 7.5
      vertex 1.55885 0.9 7.5
    endloop
  endfacet
  facet normal 0 0 1
    outer loop
      vertex 1.42804 1.09577 7.5
      vertex 1.42498 1.09342 7.5
      vertex 1.55551 0.898072 7.5
    endloop
  endfacet
  facet normal 0 0 1
    outer loop
      vertex 1.27279 1.27279 7.5
      vertex 1.42498 1.09342 7.5
      vertex 1.42804 1.09577 7.5
    endloop
  endfacet
  facet normal 0 0 1
    outer loop
      vertex 1.27279 1.27279 7.5
      vertex 1.27007 1.27007 7.5
      vertex 1.42498 1.09342 7.5
    endloop
  endfacet
  facet normal 0 0 1
    outer loop
      vertex 1.09577 1.42804 7.5
      vertex 1.27007 1.27007 7.5
      vertex 1.27279 1.27279 7.5
    endloop
  endfacet
  facet normal 0 0 1
    outer loop
      vertex 1.09577 1.42804 7.5
      vertex 1.09342 1.42498 7.5
      vertex 1.27007 1.27007 7.5
    endloop
  endfacet
  facet normal 0 0 1
    outer loop
      vertex 0.9 1.55885 7.5
      vertex 1.09342 1.42498 7.5
      vertex 1.09577 1.42804 7.5
    endloop
  endfacet
  facet normal 0 0 1
    outer loop
      vertex 0.9 1.55885 7.5
      vertex 0.898072 1.55551 7.5
      vertex 1.09342 1.42498 7.5
    endloop
  endfacet
  facet normal 0 0 1
    outer loop
      vertex 0.688829 1.66298 7.5
      vertex 0.898072 1.55551 7.5
      vertex 0.9 1.55885 7.5
    endloop
  endfacet
  facet normal 0 0 1
    outer loop
      vertex 0.688829 1.66298 7.5
      vertex 0.687355 1.65942 7.5
      vertex 0.898072 1.55551 7.5
    endloop
  endfacet
  facet normal 0 0 1
    outer loop
      vertex 0.465874 1.73867 7.5
      vertex 0.687355 1.65942 7.5
      vertex 0.688829 1.66298 7.5
    endloop
  endfacet
  facet normal 0 0 1
    outer loop
      vertex 0.465874 1.73867 7.5
      vertex 0.464876 1.73494 7.5
      vertex 0.687355 1.65942 7.5
    endloop
  endfacet
  facet normal 0 0 1
    outer loop
      vertex 0.234946 1.7846 7.5
      vertex 0.464876 1.73494 7.5
      vertex 0.465874 1.73867 7.5
    endloop
  endfacet
  facet normal 0 0 1
    outer loop
      vertex 0.234946 1.7846 7.5
      vertex 0.234444 1.78078 7.5
      vertex 0.464876 1.73494 7.5
    endloop
  endfacet
  facet normal 0 0 1
    outer loop
      vertex 0 1.8 7.5
      vertex 0.234444 1.78078 7.5
      vertex 0.234946 1.7846 7.5
    endloop
  endfacet
  facet normal 0 0 1
    outer loop
      vertex 0 1.8 7.5
      vertex 0 1.79615 7.5
      vertex 0.234444 1.78078 7.5
    endloop
  endfacet
  facet normal 0 0 1
    outer loop
      vertex 0 1.8 7.5
      vertex -0.234444 1.78078 7.5
      vertex 0 1.79615 7.5
    endloop
  endfacet
  facet normal -0 0 1
    outer loop
      vertex -0.234946 1.7846 7.5
      vertex -0.234444 1.78078 7.5
      vertex 0 1.8 7.5
    endloop
  endfacet
  facet normal 0 0 1
    outer loop
      vertex -0.234946 1.7846 7.5
      vertex -0.464876 1.73494 7.5
      vertex -0.234444 1.78078 7.5
    endloop
  endfacet
  facet normal -0 0 1
    outer loop
      vertex -0.465874 1.73867 7.5
      vertex -0.464876 1.73494 7.5
      vertex -0.234946 1.7846 7.5
    endloop
  endfacet
  facet normal 0 0 1
    outer loop
      vertex -0.465874 1.73867 7.5
      vertex -0.687355 1.65942 7.5
      vertex -0.464876 1.73494 7.5
    endloop
  endfacet
  facet normal -0 0 1
    outer loop
      vertex -0.688829 1.66298 7.5
      vertex -0.687355 1.65942 7.5
      vertex -0.465874 1.73867 7.5
    endloop
  endfacet
  facet normal 0 0 1
    outer loop
      vertex -0.688829 1.66298 7.5
      vertex -0.898072 1.55551 7.5
      vertex -0.687355 1.65942 7.5
    endloop
  endfacet
  facet normal -0 0 1
    outer loop
      vertex -0.9 1.55885 7.5
      vertex -0.898072 1.55551 7.5
      vertex -0.688829 1.66298 7.5
    endloop
  endfacet
  facet normal 0 0 1
    outer loop
      vertex -0.9 1.55885 7.5
      vertex -1.09342 1.42498 7.5
      vertex -0.898072 1.55551 7.5
    endloop
  endfacet
  facet normal -0 0 1
    outer loop
      vertex -1.09577 1.42804 7.5
      vertex -1.09342 1.42498 7.5
      vertex -0.9 1.55885 7.5
    endloop
  endfacet
  facet normal 0 0 1
    outer loop
      vertex -1.09577 1.42804 7.5
      vertex -1.27007 1.27007 7.5
      vertex -1.09342 1.42498 7.5
    endloop
  endfacet
  facet normal -0 0 1
    outer loop
      vertex -1.27279 1.27279 7.5
      vertex -1.27007 1.27007 7.5
      vertex -1.09577 1.42804 7.5
    endloop
  endfacet
  facet normal 0 0 1
    outer loop
      vertex -1.27279 1.27279 7.5
      vertex -1.42498 1.09342 7.5
      vertex -1.27007 1.27007 7.5
    endloop
  endfacet
  facet normal -0 0 1
    outer loop
      vertex -1.42804 1.09577 7.5
      vertex -1.42498 1.09342 7.5
      vertex -1.27279 1.27279 7.5
    endloop
  endfacet
  facet normal 0 0 1
    outer loop
      vertex -1.42804 1.09577 7.5
      vertex -1.55551 0.898072 7.5
      vertex -1.42498 1.09342 7.5
    endloop
  endfacet
  facet normal -0 0 1
    outer loop
      vertex -1.55885 0.9 7.5
      vertex -1.55551 0.898072 7.5
      vertex -1.42804 1.09577 7.5
    endloop
  endfacet
  facet normal 0 0 1
    outer loop
      vertex -1.55885 0.9 7.5
      vertex -1.65942 0.687355 7.5
      vertex -1.55551 0.898072 7.5
    endloop
  endfacet
  facet normal -0 0 1
    outer loop
      vertex -1.66298 0.688829 7.5
      vertex -1.65942 0.687355 7.5
      vertex -1.55885 0.9 7.5
    endloop
  endfacet
  facet normal 0 0 1
    outer loop
      vertex -1.66298 0.688829 7.5
      vertex -1.73494 0.464876 7.5
      vertex -1.65942 0.687355 7.5
    endloop
  endfacet
  facet normal -0 0 1
    outer loop
      vertex -1.73867 0.465874 7.5
      vertex -1.73494 0.464876 7.5
      vertex -1.66298 0.688829 7.5
    endloop
  endfacet
  facet normal 0 0 1
    outer loop
      vertex -1.73867 0.465874 7.5
      vertex -1.78078 0.234444 7.5
      vertex -1.73494 0.464876 7.5
    endloop
  endfacet
  facet normal -0 0 1
    outer loop
      vertex -1.7846 0.234946 7.5
      vertex -1.78078 0.234444 7.5
      vertex -1.73867 0.465874 7.5
    endloop
  endfacet
  facet normal 0 0 1
    outer loop
      vertex -1.7846 0.234946 7.5
      vertex -1.79615 0 7.5
      vertex -1.78078 0.234444 7.5
    endloop
  endfacet
  facet normal 0 -0 1
    outer loop
      vertex -1.79615 0 7.5
      vertex -1.7846 0.234946 7.5
      vertex -1.8 0 7.5
    endloop
  endfacet
  facet normal -0 0 1
    outer loop
      vertex 1.79615 0 7.5
      vertex 1.7846 -0.234946 7.5
      vertex 1.8 0 7.5
    endloop
  endfacet
  facet normal -0 0 1
    outer loop
      vertex 1.78078 -0.234444 7.5
      vertex 1.7846 -0.234946 7.5
      vertex 1.79615 0 7.5
    endloop
  endfacet
  facet normal 0 0 1
    outer loop
      vertex 1.78078 -0.234444 7.5
      vertex 1.73867 -0.465874 7.5
      vertex 1.7846 -0.234946 7.5
    endloop
  endfacet
  facet normal -0 0 1
    outer loop
      vertex 1.73494 -0.464876 7.5
      vertex 1.73867 -0.465874 7.5
      vertex 1.78078 -0.234444 7.5
    endloop
  endfacet
  facet normal 0 0 1
    outer loop
      vertex 1.73494 -0.464876 7.5
      vertex 1.66298 -0.688829 7.5
      vertex 1.73867 -0.465874 7.5
    endloop
  endfacet
  facet normal -0 0 1
    outer loop
      vertex 1.65942 -0.687355 7.5
      vertex 1.66298 -0.688829 7.5
      vertex 1.73494 -0.464876 7.5
    endloop
  endfacet
  facet normal 0 0 1
    outer loop
      vertex 1.65942 -0.687355 7.5
      vertex 1.55885 -0.9 7.5
      vertex 1.66298 -0.688829 7.5
    endloop
  endfacet
  facet normal -0 0 1
    outer loop
      vertex 1.55551 -0.898072 7.5
      vertex 1.55885 -0.9 7.5
      vertex 1.65942 -0.687355 7.5
    endloop
  endfacet
  facet normal 0 0 1
    outer loop
      vertex 1.55551 -0.898072 7.5
      vertex 1.42804 -1.09577 7.5
      vertex 1.55885 -0.9 7.5
    endloop
  endfacet
  facet normal -0 0 1
    outer loop
      vertex 1.42498 -1.09342 7.5
      vertex 1.42804 -1.09577 7.5
      vertex 1.55551 -0.898072 7.5
    endloop
  endfacet
  facet normal 0 0 1
    outer loop
      vertex 1.42498 -1.09342 7.5
      vertex 1.27279 -1.27279 7.5
      vertex 1.42804 -1.09577 7.5
    endloop
  endfacet
  facet normal -0 0 1
    outer loop
      vertex 1.27007 -1.27007 7.5
      vertex 1.27279 -1.27279 7.5
      vertex 1.42498 -1.09342 7.5
    endloop
  endfacet
  facet normal 0 0 1
    outer loop
      vertex 1.27007 -1.27007 7.5
      vertex 1.09577 -1.42804 7.5
      vertex 1.27279 -1.27279 7.5
    endloop
  endfacet
  facet normal -0 0 1
    outer loop
      vertex 1.09342 -1.42498 7.5
      vertex 1.09577 -1.42804 7.5
      vertex 1.27007 -1.27007 7.5
    endloop
  endfacet
  facet normal 0 0 1
    outer loop
      vertex 1.09342 -1.42498 7.5
      vertex 0.9 -1.55885 7.5
      vertex 1.09577 -1.42804 7.5
    endloop
  endfacet
  facet normal -0 0 1
    outer loop
      vertex 0.898072 -1.55551 7.5
      vertex 0.9 -1.55885 7.5
      vertex 1.09342 -1.42498 7.5
    endloop
  endfacet
  facet normal 0 0 1
    outer loop
      vertex 0.898072 -1.55551 7.5
      vertex 0.688829 -1.66298 7.5
      vertex 0.9 -1.55885 7.5
    endloop
  endfacet
  facet normal -0 0 1
    outer loop
      vertex 0.687355 -1.65942 7.5
      vertex 0.688829 -1.66298 7.5
      vertex 0.898072 -1.55551 7.5
    endloop
  endfacet
  facet normal 0 0 1
    outer loop
      vertex 0.687355 -1.65942 7.5
      vertex 0.465874 -1.73867 7.5
      vertex 0.688829 -1.66298 7.5
    endloop
  endfacet
  facet normal -0 0 1
    outer loop
      vertex 0.464876 -1.73494 7.5
      vertex 0.465874 -1.73867 7.5
      vertex 0.687355 -1.65942 7.5
    endloop
  endfacet
  facet normal 0 0 1
    outer loop
      vertex 0.464876 -1.73494 7.5
      vertex 0.234946 -1.7846 7.5
      vertex 0.465874 -1.73867 7.5
    endloop
  endfacet
  facet normal -0 0 1
    outer loop
      vertex 0.234444 -1.78078 7.5
      vertex 0.234946 -1.7846 7.5
      vertex 0.464876 -1.73494 7.5
    endloop
  endfacet
  facet normal 0 0 1
    outer loop
      vertex 0 -1.79615 7.5
      vertex 0.234946 -1.7846 7.5
      vertex 0.234444 -1.78078 7.5
    endloop
  endfacet
  facet normal -0 0 1
    outer loop
      vertex 0 -1.79615 7.5
      vertex 0 -1.8 7.5
      vertex 0.234946 -1.7846 7.5
    endloop
  endfacet
  facet normal 0 0 1
    outer loop
      vertex -0.234444 -1.78078 7.5
      vertex 0 -1.8 7.5
      vertex 0 -1.79615 7.5
    endloop
  endfacet
  facet normal 0 0 1
    outer loop
      vertex -0.234444 -1.78078 7.5
      vertex -0.234946 -1.7846 7.5
      vertex 0 -1.8 7.5
    endloop
  endfacet
  facet normal 0 0 1
    outer loop
      vertex -0.464876 -1.73494 7.5
      vertex -0.234946 -1.7846 7.5
      vertex -0.234444 -1.78078 7.5
    endloop
  endfacet
  facet normal 0 0 1
    outer loop
      vertex -0.464876 -1.73494 7.5
      vertex -0.465874 -1.73867 7.5
      vertex -0.234946 -1.7846 7.5
    endloop
  endfacet
  facet normal 0 0 1
    outer loop
      vertex -0.687355 -1.65942 7.5
      vertex -0.465874 -1.73867 7.5
      vertex -0.464876 -1.73494 7.5
    endloop
  endfacet
  facet normal 0 0 1
    outer loop
      vertex -0.687355 -1.65942 7.5
      vertex -0.688829 -1.66298 7.5
      vertex -0.465874 -1.73867 7.5
    endloop
  endfacet
  facet normal 0 0 1
    outer loop
      vertex -0.898072 -1.55551 7.5
      vertex -0.688829 -1.66298 7.5
      vertex -0.687355 -1.65942 7.5
    endloop
  endfacet
  facet normal 0 0 1
    outer loop
      vertex -0.898072 -1.55551 7.5
      vertex -0.9 -1.55885 7.5
      vertex -0.688829 -1.66298 7.5
    endloop
  endfacet
  facet normal 0 0 1
    outer loop
      vertex -1.09342 -1.42498 7.5
      vertex -0.9 -1.55885 7.5
      vertex -0.898072 -1.55551 7.5
    endloop
  endfacet
  facet normal 0 0 1
    outer loop
      vertex -1.09342 -1.42498 7.5
      vertex -1.09577 -1.42804 7.5
      vertex -0.9 -1.55885 7.5
    endloop
  endfacet
  facet normal 0 0 1
    outer loop
      vertex -1.27007 -1.27007 7.5
      vertex -1.09577 -1.42804 7.5
      vertex -1.09342 -1.42498 7.5
    endloop
  endfacet
  facet normal 0 0 1
    outer loop
      vertex -1.27007 -1.27007 7.5
      vertex -1.27279 -1.27279 7.5
      vertex -1.09577 -1.42804 7.5
    endloop
  endfacet
  facet normal 0 0 1
    outer loop
      vertex -1.42498 -1.09342 7.5
      vertex -1.27279 -1.27279 7.5
      vertex -1.27007 -1.27007 7.5
    endloop
  endfacet
  facet normal 0 0 1
    outer loop
      vertex -1.42498 -1.09342 7.5
      vertex -1.42804 -1.09577 7.5
      vertex -1.27279 -1.27279 7.5
    endloop
  endfacet
  facet normal 0 0 1
    outer loop
      vertex -1.55551 -0.898072 7.5
      vertex -1.42804 -1.09577 7.5
      vertex -1.42498 -1.09342 7.5
    endloop
  endfacet
  facet normal 0 0 1
    outer loop
      vertex -1.55551 -0.898072 7.5
      vertex -1.55885 -0.9 7.5
      vertex -1.42804 -1.09577 7.5
    endloop
  endfacet
  facet normal 0 0 1
    outer loop
      vertex -1.65942 -0.687355 7.5
      vertex -1.55885 -0.9 7.5
      vertex -1.55551 -0.898072 7.5
    endloop
  endfacet
  facet normal 0 0 1
    outer loop
      vertex -1.65942 -0.687355 7.5
      vertex -1.66298 -0.688829 7.5
      vertex -1.55885 -0.9 7.5
    endloop
  endfacet
  facet normal 0 0 1
    outer loop
      vertex -1.73494 -0.464876 7.5
      vertex -1.66298 -0.688829 7.5
      vertex -1.65942 -0.687355 7.5
    endloop
  endfacet
  facet normal 0 0 1
    outer loop
      vertex -1.73494 -0.464876 7.5
      vertex -1.73867 -0.465874 7.5
      vertex -1.66298 -0.688829 7.5
    endloop
  endfacet
  facet normal 0 0 1
    outer loop
      vertex -1.78078 -0.234444 7.5
      vertex -1.73867 -0.465874 7.5
      vertex -1.73494 -0.464876 7.5
    endloop
  endfacet
  facet normal 0 0 1
    outer loop
      vertex -1.78078 -0.234444 7.5
      vertex -1.7846 -0.234946 7.5
      vertex -1.73867 -0.465874 7.5
    endloop
  endfacet
  facet normal 0 0 1
    outer loop
      vertex -1.79615 0 7.5
      vertex -1.7846 -0.234946 7.5
      vertex -1.78078 -0.234444 7.5
    endloop
  endfacet
  facet normal 0 0 1
    outer loop
      vertex -1.7846 -0.234946 7.5
      vertex -1.79615 0 7.5
      vertex -1.8 0 7.5
    endloop
  endfacet
  facet normal -0.442261 0.896886 0
    outer loop
      vertex -0.688829 1.66298 6
      vertex -0.9 1.55885 7.5
      vertex -0.688829 1.66298 7.5
    endloop
  endfacet
  facet normal -0.442261 0.896886 0
    outer loop
      vertex -0.9 1.55885 7.5
      vertex -0.688829 1.66298 6
      vertex -0.9 1.55885 6
    endloop
  endfacet
  facet normal -0.831468 0.555572 0
    outer loop
      vertex -1.55885 0.9 6
      vertex -1.42804 1.09577 7.5
      vertex -1.42804 1.09577 6
    endloop
  endfacet
  facet normal -0.831468 0.555572 0
    outer loop
      vertex -1.42804 1.09577 7.5
      vertex -1.55885 0.9 6
      vertex -1.55885 0.9 7.5
    endloop
  endfacet
  facet normal 0.831468 0.555572 0
    outer loop
      vertex 1.55885 0.9 7.5
      vertex 1.42804 1.09577 6
      vertex 1.42804 1.09577 7.5
    endloop
  endfacet
  facet normal 0.831468 0.555572 0
    outer loop
      vertex 1.42804 1.09577 6
      vertex 1.55885 0.9 7.5
      vertex 1.55885 0.9 6
    endloop
  endfacet
  facet normal 0.195072 -0.980789 0
    outer loop
      vertex 0.234946 -1.7846 6
      vertex 0.465874 -1.73867 7.5
      vertex 0.234946 -1.7846 7.5
    endloop
  endfacet
  facet normal 0.195072 -0.980789 0
    outer loop
      vertex 0.465874 -1.73867 7.5
      vertex 0.234946 -1.7846 6
      vertex 0.465874 -1.73867 6
    endloop
  endfacet
  facet normal -0.195072 -0.980789 0
    outer loop
      vertex -0.465874 -1.73867 6
      vertex -0.234946 -1.7846 7.5
      vertex -0.465874 -1.73867 7.5
    endloop
  endfacet
  facet normal -0.195072 -0.980789 -0
    outer loop
      vertex -0.234946 -1.7846 7.5
      vertex -0.465874 -1.73867 6
      vertex -0.234946 -1.7846 6
    endloop
  endfacet
  facet normal -0.946921 0.321466 0
    outer loop
      vertex -1.73867 0.465874 6
      vertex -1.66298 0.688829 7.5
      vertex -1.66298 0.688829 6
    endloop
  endfacet
  facet normal -0.946921 0.321466 0
    outer loop
      vertex -1.66298 0.688829 7.5
      vertex -1.73867 0.465874 6
      vertex -1.73867 0.465874 7.5
    endloop
  endfacet
  facet normal 0.659364 0.751824 -0
    outer loop
      vertex 1.27279 1.27279 6
      vertex 1.09577 1.42804 7.5
      vertex 1.27279 1.27279 7.5
    endloop
  endfacet
  facet normal 0.659364 0.751824 0
    outer loop
      vertex 1.09577 1.42804 7.5
      vertex 1.27279 1.27279 6
      vertex 1.09577 1.42804 6
    endloop
  endfacet
  facet normal -0.555572 0.831468 0
    outer loop
      vertex -0.9 1.55885 6
      vertex -1.09577 1.42804 7.5
      vertex -0.9 1.55885 7.5
    endloop
  endfacet
  facet normal -0.555572 0.831468 0
    outer loop
      vertex -1.09577 1.42804 7.5
      vertex -0.9 1.55885 6
      vertex -1.09577 1.42804 6
    endloop
  endfacet
  facet normal 0.751824 0.659364 0
    outer loop
      vertex 1.42804 1.09577 7.5
      vertex 1.27279 1.27279 6
      vertex 1.27279 1.27279 7.5
    endloop
  endfacet
  facet normal 0.751824 0.659364 0
    outer loop
      vertex 1.27279 1.27279 6
      vertex 1.42804 1.09577 7.5
      vertex 1.42804 1.09577 6
    endloop
  endfacet
  facet normal 0.442261 -0.896886 0
    outer loop
      vertex 0.688829 -1.66298 6
      vertex 0.9 -1.55885 7.5
      vertex 0.688829 -1.66298 7.5
    endloop
  endfacet
  facet normal 0.442261 -0.896886 0
    outer loop
      vertex 0.9 -1.55885 7.5
      vertex 0.688829 -1.66298 6
      vertex 0.9 -1.55885 6
    endloop
  endfacet
  facet normal -0.0654066 -0.997859 0
    outer loop
      vertex -0.234946 -1.7846 6
      vertex 0 -1.8 7.5
      vertex -0.234946 -1.7846 7.5
    endloop
  endfacet
  facet normal -0.0654066 -0.997859 -0
    outer loop
      vertex 0 -1.8 7.5
      vertex -0.234946 -1.7846 6
      vertex 0 -1.8 6
    endloop
  endfacet
  facet normal 0.555572 0.831468 -0
    outer loop
      vertex 1.09577 1.42804 6
      vertex 0.9 1.55885 7.5
      vertex 1.09577 1.42804 7.5
    endloop
  endfacet
  facet normal 0.555572 0.831468 0
    outer loop
      vertex 0.9 1.55885 7.5
      vertex 1.09577 1.42804 6
      vertex 0.9 1.55885 6
    endloop
  endfacet
  facet normal -0.997859 -0.0654066 0
    outer loop
      vertex -1.7846 -0.234946 6
      vertex -1.8 0 7.5
      vertex -1.8 0 6
    endloop
  endfacet
  facet normal -0.997859 -0.0654066 0
    outer loop
      vertex -1.8 0 7.5
      vertex -1.7846 -0.234946 6
      vertex -1.7846 -0.234946 7.5
    endloop
  endfacet
  facet normal 0.195072 0.980789 -0
    outer loop
      vertex 0.465874 1.73867 6
      vertex 0.234946 1.7846 7.5
      vertex 0.465874 1.73867 7.5
    endloop
  endfacet
  facet normal 0.195072 0.980789 0
    outer loop
      vertex 0.234946 1.7846 7.5
      vertex 0.465874 1.73867 6
      vertex 0.234946 1.7846 6
    endloop
  endfacet
  facet normal -0.997859 0.0654066 0
    outer loop
      vertex -1.8 0 6
      vertex -1.7846 0.234946 7.5
      vertex -1.7846 0.234946 6
    endloop
  endfacet
  facet normal -0.997859 0.0654066 0
    outer loop
      vertex -1.7846 0.234946 7.5
      vertex -1.8 0 6
      vertex -1.8 0 7.5
    endloop
  endfacet
  facet normal 0.896886 -0.442261 0
    outer loop
      vertex 1.55885 -0.9 7.5
      vertex 1.66298 -0.688829 6
      vertex 1.66298 -0.688829 7.5
    endloop
  endfacet
  facet normal 0.896886 -0.442261 0
    outer loop
      vertex 1.66298 -0.688829 6
      vertex 1.55885 -0.9 7.5
      vertex 1.55885 -0.9 6
    endloop
  endfacet
  facet normal -0.321466 0.946921 0
    outer loop
      vertex -0.465874 1.73867 6
      vertex -0.688829 1.66298 7.5
      vertex -0.465874 1.73867 7.5
    endloop
  endfacet
  facet normal -0.321466 0.946921 0
    outer loop
      vertex -0.688829 1.66298 7.5
      vertex -0.465874 1.73867 6
      vertex -0.688829 1.66298 6
    endloop
  endfacet
  facet normal 0.0654066 0.997859 -0
    outer loop
      vertex 0.234946 1.7846 6
      vertex 0 1.8 7.5
      vertex 0.234946 1.7846 7.5
    endloop
  endfacet
  facet normal 0.0654066 0.997859 0
    outer loop
      vertex 0 1.8 7.5
      vertex 0.234946 1.7846 6
      vertex 0 1.8 6
    endloop
  endfacet
  facet normal -0.321466 -0.946921 0
    outer loop
      vertex -0.688829 -1.66298 6
      vertex -0.465874 -1.73867 7.5
      vertex -0.688829 -1.66298 7.5
    endloop
  endfacet
  facet normal -0.321466 -0.946921 -0
    outer loop
      vertex -0.465874 -1.73867 7.5
      vertex -0.688829 -1.66298 6
      vertex -0.465874 -1.73867 6
    endloop
  endfacet
  facet normal -0.980789 -0.195072 0
    outer loop
      vertex -1.73867 -0.465874 6
      vertex -1.7846 -0.234946 7.5
      vertex -1.7846 -0.234946 6
    endloop
  endfacet
  facet normal -0.980789 -0.195072 0
    outer loop
      vertex -1.7846 -0.234946 7.5
      vertex -1.73867 -0.465874 6
      vertex -1.73867 -0.465874 7.5
    endloop
  endfacet
  facet normal 0.0654066 -0.997859 0
    outer loop
      vertex 0 -1.8 6
      vertex 0.234946 -1.7846 7.5
      vertex 0 -1.8 7.5
    endloop
  endfacet
  facet normal 0.0654066 -0.997859 0
    outer loop
      vertex 0.234946 -1.7846 7.5
      vertex 0 -1.8 6
      vertex 0.234946 -1.7846 6
    endloop
  endfacet
  facet normal -0.946921 -0.321466 0
    outer loop
      vertex -1.66298 -0.688829 6
      vertex -1.73867 -0.465874 7.5
      vertex -1.73867 -0.465874 6
    endloop
  endfacet
  facet normal -0.946921 -0.321466 0
    outer loop
      vertex -1.73867 -0.465874 7.5
      vertex -1.66298 -0.688829 6
      vertex -1.66298 -0.688829 7.5
    endloop
  endfacet
  facet normal 0.946921 -0.321466 0
    outer loop
      vertex 1.66298 -0.688829 7.5
      vertex 1.73867 -0.465874 6
      vertex 1.73867 -0.465874 7.5
    endloop
  endfacet
  facet normal 0.946921 -0.321466 0
    outer loop
      vertex 1.73867 -0.465874 6
      vertex 1.66298 -0.688829 7.5
      vertex 1.66298 -0.688829 6
    endloop
  endfacet
  facet normal -0.0654066 0.997859 0
    outer loop
      vertex 0 1.8 6
      vertex -0.234946 1.7846 7.5
      vertex 0 1.8 7.5
    endloop
  endfacet
  facet normal -0.0654066 0.997859 0
    outer loop
      vertex -0.234946 1.7846 7.5
      vertex 0 1.8 6
      vertex -0.234946 1.7846 6
    endloop
  endfacet
  facet normal -0.442261 -0.896886 0
    outer loop
      vertex -0.9 -1.55885 6
      vertex -0.688829 -1.66298 7.5
      vertex -0.9 -1.55885 7.5
    endloop
  endfacet
  facet normal -0.442261 -0.896886 -0
    outer loop
      vertex -0.688829 -1.66298 7.5
      vertex -0.9 -1.55885 6
      vertex -0.688829 -1.66298 6
    endloop
  endfacet
  facet normal -0.980789 0.195072 0
    outer loop
      vertex -1.7846 0.234946 6
      vertex -1.73867 0.465874 7.5
      vertex -1.73867 0.465874 6
    endloop
  endfacet
  facet normal -0.980789 0.195072 0
    outer loop
      vertex -1.73867 0.465874 7.5
      vertex -1.7846 0.234946 6
      vertex -1.7846 0.234946 7.5
    endloop
  endfacet
  facet normal -0.831468 -0.555572 0
    outer loop
      vertex -1.42804 -1.09577 6
      vertex -1.55885 -0.9 7.5
      vertex -1.55885 -0.9 6
    endloop
  endfacet
  facet normal -0.831468 -0.555572 0
    outer loop
      vertex -1.55885 -0.9 7.5
      vertex -1.42804 -1.09577 6
      vertex -1.42804 -1.09577 7.5
    endloop
  endfacet
  facet normal -0.659364 -0.751824 0
    outer loop
      vertex -1.27279 -1.27279 6
      vertex -1.09577 -1.42804 7.5
      vertex -1.27279 -1.27279 7.5
    endloop
  endfacet
  facet normal -0.659364 -0.751824 -0
    outer loop
      vertex -1.09577 -1.42804 7.5
      vertex -1.27279 -1.27279 6
      vertex -1.09577 -1.42804 6
    endloop
  endfacet
  facet normal -0.555572 -0.831468 0
    outer loop
      vertex -1.09577 -1.42804 6
      vertex -0.9 -1.55885 7.5
      vertex -1.09577 -1.42804 7.5
    endloop
  endfacet
  facet normal -0.555572 -0.831468 -0
    outer loop
      vertex -0.9 -1.55885 7.5
      vertex -1.09577 -1.42804 6
      vertex -0.9 -1.55885 6
    endloop
  endfacet
  facet normal -0.751824 0.659364 0
    outer loop
      vertex -1.42804 1.09577 6
      vertex -1.27279 1.27279 7.5
      vertex -1.27279 1.27279 6
    endloop
  endfacet
  facet normal -0.751824 0.659364 0
    outer loop
      vertex -1.27279 1.27279 7.5
      vertex -1.42804 1.09577 6
      vertex -1.42804 1.09577 7.5
    endloop
  endfacet
  facet normal 0.060439 0.922195 0.381973
    outer loop
      vertex 0.222478 1.68989 8.07859
      vertex 0 1.61437 8.29612
      vertex 0.210717 1.60056 8.29612
    endloop
  endfacet
  facet normal -0.989356 0.0648616 0.130257
    outer loop
      vertex -1.78078 0.234444 7.61773
      vertex -1.79615 0 7.61773
      vertex -1.75031 0.230433 7.85116
    endloop
  endfacet
  facet normal 0.597865 0.11892 0.792727
    outer loop
      vertex 1.14638 0.307172 8.85331
      vertex 0.965951 0.258825 8.99664
      vertex 0.99147 0.130529 8.99664
    endloop
  endfacet
  facet normal 0.0250704 0.382551 0.923594
    outer loop
      vertex 0 0.796119 9.11437
      vertex 0 0.57859 9.20447
      vertex 0.103914 0.789309 9.11437
    endloop
  endfacet
  facet normal 0.989355 -0.0648312 0.130286
    outer loop
      vertex 1.76541 0 7.85116
      vertex 1.75031 -0.230433 7.85116
      vertex 1.79615 0 7.61773
    endloop
  endfacet
  facet normal -0.914795 0.310536 0.258299
    outer loop
      vertex -1.63103 0.675594 7.85116
      vertex -1.70526 0.456923 7.85116
      vertex -1.57473 0.652273 8.07859
    endloop
  endfacet
  facet normal -0.258785 -0.0169604 0.965786
    outer loop
      vertex -0.351162 0 9.26541
      vertex -0.573641 -0.0755205 9.20447
      vertex -0.348158 -0.0458355 9.26541
    endloop
  endfacet
  facet normal 0.318696 0.938867 0.130233
    outer loop
      vertex 0.464876 1.73494 7.61773
      vertex 0.456923 1.70526 7.85116
      vertex 0.687355 1.65942 7.61773
    endloop
  endfacet
  facet normal -0.922195 0.060439 0.381973
    outer loop
      vertex -1.60056 0.210717 8.29612
      vertex -1.68989 0.222478 8.07859
      vertex -1.61437 0 8.29612
    endloop
  endfacet
  facet normal 0.523489 0.596943 0.607963
    outer loop
      vertex 1.05829 1.05829 8.50003
      vertex 0.823843 1.07365 8.68682
      vertex 0.956935 0.956935 8.68682
    endloop
  endfacet
  facet normal -0.278534 0.820513 0.499177
    outer loop
      vertex -0.38736 1.44565 8.50003
      vertex -0.617792 1.49148 8.29612
      vertex -0.572741 1.38272 8.50003
    endloop
  endfacet
  facet normal -0.938863 -0.318706 0.130243
    outer loop
      vertex -1.63103 -0.675594 7.85116
      vertex -1.70526 -0.456923 7.85116
      vertex -1.65942 -0.687355 7.61773
    endloop
  endfacet
  facet normal -0.571308 0.651468 0.499196
    outer loop
      vertex -0.982766 1.28077 8.29612
      vertex -1.05829 1.05829 8.50003
      vertex -0.911099 1.18737 8.50003
    endloop
  endfacet
  facet normal 0.694261 -0.138076 0.706354
    outer loop
      vertex 1.34173 -0.176642 8.68682
      vertex 1.14638 -0.307172 8.85331
      vertex 1.3072 -0.350263 8.68682
    endloop
  endfacet
  facet normal -0.532208 -0.46673 0.706341
    outer loop
      vertex -0.941569 -0.722491 8.85331
      vertex -1.07365 -0.823843 8.68682
      vertex -0.83921 -0.83921 8.85331
    endloop
  endfacet
  facet normal -0.310536 -0.914795 0.258299
    outer loop
      vertex -0.652273 -1.57473 8.07859
      vertex -0.675594 -1.63103 7.85116
      vertex -0.456923 -1.70526 7.85116
    endloop
  endfacet
  facet normal -0.212991 -0.31876 0.923594
    outer loop
      vertex -0.352223 -0.459026 9.20447
      vertex -0.484647 -0.631603 9.11437
      vertex -0.398059 -0.68946 9.11437
    endloop
  endfacet
  facet normal -0.946932 -0.321434 0
    outer loop
      vertex -1.65942 -0.687355 7.5
      vertex -1.73494 -0.464876 7.61773
      vertex -1.73494 -0.464876 7.5
    endloop
  endfacet
  facet normal -0.946932 -0.321434 0
    outer loop
      vertex -1.73494 -0.464876 7.61773
      vertex -1.65942 -0.687355 7.5
      vertex -1.65942 -0.687355 7.61773
    endloop
  endfacet
  facet normal -0.343836 0.16956 0.923594
    outer loop
      vertex -0.501074 0.289295 9.20447
      vertex -0.735518 0.304662 9.11437
      vertex -0.534548 0.221416 9.20447
    endloop
  endfacet
  facet normal 0.947501 0.188463 0.258309
    outer loop
      vertex 1.70526 0.456923 7.85116
      vertex 1.68989 0.222478 8.07859
      vertex 1.75031 0.230433 7.85116
    endloop
  endfacet
  facet normal 0.169054 -0.849838 0.499195
    outer loop
      vertex 0.41783 -1.55936 8.29612
      vertex 0.195351 -1.48384 8.50003
      vertex 0.210717 -1.60056 8.29612
    endloop
  endfacet
  facet normal -0.906414 -0.180311 0.381971
    outer loop
      vertex -1.55936 -0.41783 8.29612
      vertex -1.68989 -0.222478 8.07859
      vertex -1.64639 -0.44115 8.07859
    endloop
  endfacet
  facet normal 0.777137 0.383208 0.499209
    outer loop
      vertex 1.39809 0.807185 8.29612
      vertex 1.29613 0.748322 8.50003
      vertex 1.49148 0.617792 8.29612
    endloop
  endfacet
  facet normal 0.864629 -0.0566662 0.499205
    outer loop
      vertex 1.61437 0 8.29612
      vertex 1.49664 0 8.50003
      vertex 1.60056 -0.210717 8.29612
    endloop
  endfacet
  facet normal 0.138076 -0.694261 0.706354
    outer loop
      vertex 0.307172 -1.14638 8.85331
      vertex 0.176642 -1.34173 8.68682
      vertex 0.350263 -1.3072 8.68682
    endloop
  endfacet
  facet normal 0.670294 0.227529 0.706355
    outer loop
      vertex 1.2503 0.517889 8.68682
      vertex 1.14638 0.307172 8.85331
      vertex 1.3072 0.350263 8.68682
    endloop
  endfacet
  facet normal 0.438507 -0.88924 0.130244
    outer loop
      vertex 0.898072 -1.55551 7.61773
      vertex 0.675594 -1.63103 7.85116
      vertex 0.687355 -1.65942 7.61773
    endloop
  endfacet
  facet normal 0.824402 0.550809 0.130269
    outer loop
      vertex 1.55551 0.898072 7.61773
      vertex 1.4006 1.07472 7.85116
      vertex 1.52889 0.882707 7.85116
    endloop
  endfacet
  facet normal -0.16956 0.343836 0.923594
    outer loop
      vertex -0.221416 0.534548 9.20447
      vertex -0.304662 0.735518 9.11437
      vertex -0.289295 0.501074 9.20447
    endloop
  endfacet
  facet normal -0.458303 -0.401918 0.79273
    outer loop
      vertex -0.793374 -0.608777 8.99664
      vertex -0.941569 -0.722491 8.85331
      vertex -0.83921 -0.83921 8.85331
    endloop
  endfacet
  facet normal -0.0654189 0.997858 0
    outer loop
      vertex 0 1.79615 7.5
      vertex -0.234444 1.78078 7.61773
      vertex 0 1.79615 7.61773
    endloop
  endfacet
  facet normal -0.0654189 0.997858 0
    outer loop
      vertex -0.234444 1.78078 7.61773
      vertex 0 1.79615 7.5
      vertex -0.234444 1.78078 7.5
    endloop
  endfacet
  facet normal -0.745452 -0.65371 0.130248
    outer loop
      vertex -1.24834 -1.24834 7.85116
      vertex -1.42498 -1.09342 7.61773
      vertex -1.27007 -1.27007 7.61773
    endloop
  endfacet
  facet normal -0.768419 0.513445 0.381977
    outer loop
      vertex -1.35225 1.03762 8.07859
      vertex -1.47612 0.852237 8.07859
      vertex -1.39809 0.807185 8.29612
    endloop
  endfacet
  facet normal 0.351178 -0.712093 0.607946
    outer loop
      vertex 0.748322 -1.29613 8.50003
      vertex 0.517889 -1.2503 8.68682
      vertex 0.572741 -1.38272 8.50003
    endloop
  endfacet
  facet normal 0.963996 0.0631751 0.258303
    outer loop
      vertex 1.76541 0 7.85116
      vertex 1.68989 0.222478 8.07859
      vertex 1.70447 0 8.07859
    endloop
  endfacet
  facet normal 0.46673 -0.532208 0.706341
    outer loop
      vertex 0.83921 -0.83921 8.85331
      vertex 0.722491 -0.941569 8.85331
      vertex 0.823843 -1.07365 8.68682
    endloop
  endfacet
  facet normal 0.449172 0.221505 0.865552
    outer loop
      vertex 0.866048 0.500012 8.99664
      vertex 0.68946 0.398059 9.11437
      vertex 0.735518 0.304662 9.11437
    endloop
  endfacet
  facet normal -0.866436 0.427292 0.258283
    outer loop
      vertex -1.52889 0.882707 7.85116
      vertex -1.63103 0.675594 7.85116
      vertex -1.47612 0.852237 8.07859
    endloop
  endfacet
  facet normal -0.536688 0.803267 0.258317
    outer loop
      vertex -0.882707 1.52889 7.85116
      vertex -1.07472 1.4006 7.85116
      vertex -1.03762 1.35225 8.07859
    endloop
  endfacet
  facet normal -0.0255222 -0.128319 0.991405
    outer loop
      vertex -0.0304689 -0.113714 9.29615
      vertex -0.0458355 -0.348158 9.26541
      vertex -0.0153656 -0.116718 9.29615
    endloop
  endfacet
  facet normal 0.828879 0.408722 0.381976
    outer loop
      vertex 1.47612 0.852237 8.07859
      vertex 1.39809 0.807185 8.29612
      vertex 1.49148 0.617792 8.29612
    endloop
  endfacet
  facet normal 0.577225 0.195936 0.79273
    outer loop
      vertex 1.09648 0.454177 8.85331
      vertex 0.923903 0.382693 8.99664
      vertex 1.14638 0.307172 8.85331
    endloop
  endfacet
  facet normal 0.820512 0.278535 0.499178
    outer loop
      vertex 1.49148 0.617792 8.29612
      vertex 1.44565 0.38736 8.50003
      vertex 1.55936 0.41783 8.29612
    endloop
  endfacet
  facet normal 0.318706 0.938863 0.130243
    outer loop
      vertex 0.687355 1.65942 7.61773
      vertex 0.456923 1.70526 7.85116
      vertex 0.675594 1.63103 7.85116
    endloop
  endfacet
  facet normal 0.866436 0.427292 0.258283
    outer loop
      vertex 1.52889 0.882707 7.85116
      vertex 1.47612 0.852237 8.07859
      vertex 1.63103 0.675594 7.85116
    endloop
  endfacet
  facet normal -0.130553 -0.00855589 0.991404
    outer loop
      vertex -0.117725 0 9.29615
      vertex -0.348158 -0.0458355 9.26541
      vertex -0.116718 -0.0153656 9.29615
    endloop
  endfacet
  facet normal 0.768419 -0.513445 0.381977
    outer loop
      vertex 1.39809 -0.807185 8.29612
      vertex 1.35225 -1.03762 8.07859
      vertex 1.47612 -0.852237 8.07859
    endloop
  endfacet
  facet normal -0.963995 -0.0631694 0.258308
    outer loop
      vertex -1.68989 -0.222478 8.07859
      vertex -1.76541 0 7.85116
      vertex -1.75031 -0.230433 7.85116
    endloop
  endfacet
  facet normal -0.972434 0.193422 0.130232
    outer loop
      vertex -1.73494 0.464876 7.61773
      vertex -1.75031 0.230433 7.85116
      vertex -1.70526 0.456923 7.85116
    endloop
  endfacet
  facet normal -0.824384 0.550847 0.130229
    outer loop
      vertex -1.42498 1.09342 7.61773
      vertex -1.55551 0.898072 7.61773
      vertex -1.4006 1.07472 7.85116
    endloop
  endfacet
  facet normal -0.751839 0.255209 0.607953
    outer loop
      vertex -1.2503 0.517889 8.68682
      vertex -1.44565 0.38736 8.50003
      vertex -1.3072 0.350263 8.68682
    endloop
  endfacet
  facet normal -0.792282 0.0519127 0.607943
    outer loop
      vertex -1.48384 0.195351 8.50003
      vertex -1.49664 0 8.50003
      vertex -1.35331 0 8.68682
    endloop
  endfacet
  facet normal -0.972426 0.193445 0.130256
    outer loop
      vertex -1.73494 0.464876 7.61773
      vertex -1.78078 0.234444 7.61773
      vertex -1.75031 0.230433 7.85116
    endloop
  endfacet
  facet normal -0.989356 -0.0648616 0.130257
    outer loop
      vertex -1.75031 -0.230433 7.85116
      vertex -1.79615 0 7.61773
      vertex -1.78078 -0.234444 7.61773
    endloop
  endfacet
  facet normal -0.382551 0.0250693 0.923594
    outer loop
      vertex -0.573641 0.0755205 9.20447
      vertex -0.789309 0.103914 9.11437
      vertex -0.57859 0 9.20447
    endloop
  endfacet
  facet normal -0.441111 -0.660151 0.607966
    outer loop
      vertex -0.823843 -1.07365 8.68682
      vertex -0.911099 -1.18737 8.50003
      vertex -0.676656 -1.172 8.68682
    endloop
  endfacet
  facet normal -0.254356 0.0505984 0.965786
    outer loop
      vertex -0.339196 0.0908871 9.26541
      vertex -0.573641 0.0755205 9.20447
      vertex -0.348158 0.0458355 9.26541
    endloop
  endfacet
  facet normal -0.660174 -0.441097 0.60795
    outer loop
      vertex -1.172 -0.676656 8.68682
      vertex -1.29613 -0.748322 8.50003
      vertex -1.18737 -0.911099 8.50003
    endloop
  endfacet
  facet normal 0.980782 -0.195108 0
    outer loop
      vertex 1.73494 -0.464876 7.61773
      vertex 1.78078 -0.234444 7.5
      vertex 1.78078 -0.234444 7.61773
    endloop
  endfacet
  facet normal 0.980782 -0.195108 0
    outer loop
      vertex 1.78078 -0.234444 7.5
      vertex 1.73494 -0.464876 7.61773
      vertex 1.73494 -0.464876 7.5
    endloop
  endfacet
  facet normal 0.792267 -0.0519381 0.60796
    outer loop
      vertex 1.35331 0 8.68682
      vertex 1.34173 -0.176642 8.68682
      vertex 1.48384 -0.195351 8.50003
    endloop
  endfacet
  facet normal 0.310503 -0.914797 0.258329
    outer loop
      vertex 0.652273 -1.57473 8.07859
      vertex 0.44115 -1.64639 8.07859
      vertex 0.456923 -1.70526 7.85116
    endloop
  endfacet
  facet normal 0.849853 -0.169033 0.499177
    outer loop
      vertex 1.48384 -0.195351 8.50003
      vertex 1.44565 -0.38736 8.50003
      vertex 1.55936 -0.41783 8.29612
    endloop
  endfacet
  facet normal 0.108784 0.0726853 0.991404
    outer loop
      vertex 0.278596 0.213774 9.26541
      vertex 0.101953 0.0588627 9.29615
      vertex 0.304115 0.175581 9.26541
    endloop
  endfacet
  facet normal 0.550809 -0.824402 0.130269
    outer loop
      vertex 1.07472 -1.4006 7.85116
      vertex 0.882707 -1.52889 7.85116
      vertex 0.898072 -1.55551 7.61773
    endloop
  endfacet
  facet normal 0.670294 -0.227528 0.706354
    outer loop
      vertex 1.14638 -0.307172 8.85331
      vertex 1.09648 -0.454177 8.85331
      vertex 1.2503 -0.517889 8.68682
    endloop
  endfacet
  facet normal 0.947501 -0.188463 0.258309
    outer loop
      vertex 1.75031 -0.230433 7.85116
      vertex 1.68989 -0.222478 8.07859
      vertex 1.70526 -0.456923 7.85116
    endloop
  endfacet
  facet normal 0.278239 0.416417 0.865552
    outer loop
      vertex 0.500012 0.866048 8.99664
      vertex 0.398059 0.68946 9.11437
      vertex 0.608777 0.793374 8.99664
    endloop
  endfacet
  facet normal 0.47424 -0.160983 0.865552
    outer loop
      vertex 0.768992 -0.206051 9.11437
      vertex 0.735518 -0.304662 9.11437
      vertex 0.923903 -0.382693 8.99664
    endloop
  endfacet
  facet normal 0.442275 0.89688 -0
    outer loop
      vertex 0.898072 1.55551 7.5
      vertex 0.687355 1.65942 7.61773
      vertex 0.898072 1.55551 7.61773
    endloop
  endfacet
  facet normal 0.442275 0.89688 0
    outer loop
      vertex 0.687355 1.65942 7.61773
      vertex 0.898072 1.55551 7.5
      vertex 0.687355 1.65942 7.5
    endloop
  endfacet
  facet normal -0.609331 0.694844 0.381978
    outer loop
      vertex -1.03762 1.35225 8.07859
      vertex -1.20525 1.20525 8.07859
      vertex -0.982766 1.28077 8.29612
    endloop
  endfacet
  facet normal 0.441097 0.660174 0.60795
    outer loop
      vertex 0.748322 1.29613 8.50003
      vertex 0.676656 1.172 8.68682
      vertex 0.911099 1.18737 8.50003
    endloop
  endfacet
  facet normal 0.609331 0.694844 0.381978
    outer loop
      vertex 1.03762 1.35225 8.07859
      vertex 0.982766 1.28077 8.29612
      vertex 1.20525 1.20525 8.07859
    endloop
  endfacet
  facet normal 0.154885 0.77872 0.607953
    outer loop
      vertex 0.38736 1.44565 8.50003
      vertex 0.195351 1.48384 8.50003
      vertex 0.350263 1.3072 8.68682
    endloop
  endfacet
  facet normal 0.65371 0.745452 0.130248
    outer loop
      vertex 1.27007 1.27007 7.61773
      vertex 1.09342 1.42498 7.61773
      vertex 1.24834 1.24834 7.85116
    endloop
  endfacet
  facet normal 0.255209 0.751839 0.607953
    outer loop
      vertex 0.38736 1.44565 8.50003
      vertex 0.350263 1.3072 8.68682
      vertex 0.517889 1.2503 8.68682
    endloop
  endfacet
  facet normal 0.989355 0.0648312 0.130286
    outer loop
      vertex 1.79615 0 7.61773
      vertex 1.75031 0.230433 7.85116
      vertex 1.76541 0 7.85116
    endloop
  endfacet
  facet normal 0.694261 0.138076 0.706354
    outer loop
      vertex 1.3072 0.350263 8.68682
      vertex 1.14638 0.307172 8.85331
      vertex 1.34173 0.176642 8.68682
    endloop
  endfacet
  facet normal 0.382551 0.0250704 0.923594
    outer loop
      vertex 0.789309 0.103914 9.11437
      vertex 0.57859 0 9.20447
      vertex 0.796119 0 9.11437
    endloop
  endfacet
  facet normal 0.651468 0.571308 0.499196
    outer loop
      vertex 1.28077 0.982766 8.29612
      vertex 1.05829 1.05829 8.50003
      vertex 1.18737 0.911099 8.50003
    endloop
  endfacet
  facet normal 0.947492 0.188483 0.258329
    outer loop
      vertex 1.70526 0.456923 7.85116
      vertex 1.64639 0.44115 8.07859
      vertex 1.68989 0.222478 8.07859
    endloop
  endfacet
  facet normal -0.130552 0.00855624 0.991404
    outer loop
      vertex -0.348158 0.0458355 9.26541
      vertex -0.351162 0 9.26541
      vertex -0.117725 0 9.29615
    endloop
  endfacet
  facet normal -0.636949 -0.726339 0.258318
    outer loop
      vertex -1.03762 -1.35225 8.07859
      vertex -1.20525 -1.20525 8.07859
      vertex -1.07472 -1.4006 7.85116
    endloop
  endfacet
  facet normal -0.963996 0.0631751 0.258303
    outer loop
      vertex -1.68989 0.222478 8.07859
      vertex -1.76541 0 7.85116
      vertex -1.70447 0 8.07859
    endloop
  endfacet
  facet normal 0.128319 0.0255261 0.991404
    outer loop
      vertex 0.339196 0.0908871 9.26541
      vertex 0.113714 0.0304689 9.29615
      vertex 0.348158 0.0458355 9.26541
    endloop
  endfacet
  facet normal -0.922197 0.0604358 0.38197
    outer loop
      vertex -1.68989 0.222478 8.07859
      vertex -1.70447 0 8.07859
      vertex -1.61437 0 8.29612
    endloop
  endfacet
  facet normal -0.330207 -0.376539 0.865553
    outer loop
      vertex -0.562942 -0.562942 9.11437
      vertex -0.608777 -0.793374 8.99664
      vertex -0.484647 -0.631603 9.11437
    endloop
  endfacet
  facet normal -0.712093 -0.351178 0.607946
    outer loop
      vertex -1.2503 -0.517889 8.68682
      vertex -1.38272 -0.572741 8.50003
      vertex -1.29613 -0.748322 8.50003
    endloop
  endfacet
  facet normal -0.86644 0.427275 0.258299
    outer loop
      vertex -1.47612 0.852237 8.07859
      vertex -1.63103 0.675594 7.85116
      vertex -1.57473 0.652273 8.07859
    endloop
  endfacet
  facet normal -0.60828 -0.0398905 0.79272
    outer loop
      vertex -1.00003 0 8.99664
      vertex -1.18682 0 8.85331
      vertex -0.99147 -0.130529 8.99664
    endloop
  endfacet
  facet normal -0.720462 0.481379 0.499209
    outer loop
      vertex -1.18737 0.911099 8.50003
      vertex -1.39809 0.807185 8.29612
      vertex -1.29613 0.748322 8.50003
    endloop
  endfacet
  facet normal -0.875137 0.297042 0.381971
    outer loop
      vertex -1.57473 0.652273 8.07859
      vertex -1.64639 0.44115 8.07859
      vertex -1.55936 0.41783 8.29612
    endloop
  endfacet
  facet normal -0.864629 -0.0566662 0.499205
    outer loop
      vertex -1.49664 0 8.50003
      vertex -1.61437 0 8.29612
      vertex -1.60056 -0.210717 8.29612
    endloop
  endfacet
  facet normal -0.947501 -0.188463 0.258309
    outer loop
      vertex -1.68989 -0.222478 8.07859
      vertex -1.75031 -0.230433 7.85116
      vertex -1.70526 -0.456923 7.85116
    endloop
  endfacet
  facet normal -0.989355 -0.0648312 0.130286
    outer loop
      vertex -1.76541 0 7.85116
      vertex -1.79615 0 7.61773
      vertex -1.75031 -0.230433 7.85116
    endloop
  endfacet
  facet normal -0.946932 0.321434 0
    outer loop
      vertex -1.73494 0.464876 7.5
      vertex -1.65942 0.687355 7.61773
      vertex -1.65942 0.687355 7.5
    endloop
  endfacet
  facet normal -0.946932 0.321434 0
    outer loop
      vertex -1.65942 0.687355 7.61773
      vertex -1.73494 0.464876 7.5
      vertex -1.73494 0.464876 7.61773
    endloop
  endfacet
  facet normal -0.751856 -0.659327 0
    outer loop
      vertex -1.27007 -1.27007 7.5
      vertex -1.42498 -1.09342 7.61773
      vertex -1.42498 -1.09342 7.5
    endloop
  endfacet
  facet normal -0.751856 -0.659327 0
    outer loop
      vertex -1.42498 -1.09342 7.61773
      vertex -1.27007 -1.27007 7.5
      vertex -1.27007 -1.27007 7.61773
    endloop
  endfacet
  facet normal -0.438531 -0.889225 0.130271
    outer loop
      vertex -0.882707 -1.52889 7.85116
      vertex -0.898072 -1.55551 7.61773
      vertex -0.675594 -1.63103 7.85116
    endloop
  endfacet
  facet normal -0.745439 -0.65373 0.130226
    outer loop
      vertex -1.4006 -1.07472 7.85116
      vertex -1.42498 -1.09342 7.61773
      vertex -1.24834 -1.24834 7.85116
    endloop
  endfacet
  facet normal 0.363026 -0.123231 0.923594
    outer loop
      vertex 0.768992 -0.206051 9.11437
      vertex 0.534548 -0.221416 9.20447
      vertex 0.735518 -0.304662 9.11437
    endloop
  endfacet
  facet normal 0.651468 -0.571308 0.499196
    outer loop
      vertex 1.18737 -0.911099 8.50003
      vertex 1.05829 -1.05829 8.50003
      vertex 1.28077 -0.982766 8.29612
    endloop
  endfacet
  facet normal -0.597854 -0.118934 0.792733
    outer loop
      vertex -0.99147 -0.130529 8.99664
      vertex -1.17667 -0.154911 8.85331
      vertex -1.14638 -0.307172 8.85331
    endloop
  endfacet
  facet normal -0.47424 -0.160983 0.865552
    outer loop
      vertex -0.768992 -0.206051 9.11437
      vertex -0.923903 -0.382693 8.99664
      vertex -0.735518 -0.304662 9.11437
    endloop
  endfacet
  facet normal -0.609356 -0.694799 0.38202
    outer loop
      vertex -1.14153 -1.14153 8.29612
      vertex -1.20525 -1.20525 8.07859
      vertex -0.982766 -1.28077 8.29612
    endloop
  endfacet
  facet normal 0.938863 -0.318706 0.130243
    outer loop
      vertex 1.70526 -0.456923 7.85116
      vertex 1.63103 -0.675594 7.85116
      vertex 1.65942 -0.687355 7.61773
    endloop
  endfacet
  facet normal 0.792282 -0.0519127 0.607943
    outer loop
      vertex 1.49664 0 8.50003
      vertex 1.35331 0 8.68682
      vertex 1.48384 -0.195351 8.50003
    endloop
  endfacet
  facet normal 0.792282 0.0519127 0.607943
    outer loop
      vertex 1.48384 0.195351 8.50003
      vertex 1.35331 0 8.68682
      vertex 1.49664 0 8.50003
    endloop
  endfacet
  facet normal -0.154885 -0.77872 0.607953
    outer loop
      vertex -0.350263 -1.3072 8.68682
      vertex -0.38736 -1.44565 8.50003
      vertex -0.195351 -1.48384 8.50003
    endloop
  endfacet
  facet normal 0.227528 -0.670294 0.706354
    outer loop
      vertex 0.454177 -1.09648 8.85331
      vertex 0.307172 -1.14638 8.85331
      vertex 0.517889 -1.2503 8.68682
    endloop
  endfacet
  facet normal 0.577225 -0.195936 0.79273
    outer loop
      vertex 1.14638 -0.307172 8.85331
      vertex 0.923903 -0.382693 8.99664
      vertex 1.09648 -0.454177 8.85331
    endloop
  endfacet
  facet normal 0.571344 -0.651456 0.499171
    outer loop
      vertex 1.05829 -1.05829 8.50003
      vertex 0.982766 -1.28077 8.29612
      vertex 1.14153 -1.14153 8.29612
    endloop
  endfacet
  facet normal 0.660151 -0.441111 0.607966
    outer loop
      vertex 1.172 -0.676656 8.68682
      vertex 1.07365 -0.823843 8.68682
      vertex 1.18737 -0.911099 8.50003
    endloop
  endfacet
  facet normal 0.670294 -0.227529 0.706355
    outer loop
      vertex 1.3072 -0.350263 8.68682
      vertex 1.14638 -0.307172 8.85331
      vertex 1.2503 -0.517889 8.68682
    endloop
  endfacet
  facet normal 0.651456 0.571344 0.499171
    outer loop
      vertex 1.14153 1.14153 8.29612
      vertex 1.05829 1.05829 8.50003
      vertex 1.28077 0.982766 8.29612
    endloop
  endfacet
  facet normal -0.232596 0.1147 0.965786
    outer loop
      vertex -0.304115 0.175581 9.26541
      vertex -0.534548 0.221416 9.20447
      vertex -0.324431 0.134383 9.26541
    endloop
  endfacet
  facet normal 0.577226 -0.195944 0.792727
    outer loop
      vertex 0.965951 -0.258825 8.99664
      vertex 0.923903 -0.382693 8.99664
      vertex 1.14638 -0.307172 8.85331
    endloop
  endfacet
  facet normal 0.376005 -0.0747945 0.923594
    outer loop
      vertex 0.789309 -0.103914 9.11437
      vertex 0.573641 -0.0755205 9.20447
      vertex 0.768992 -0.206051 9.11437
    endloop
  endfacet
  facet normal 0.1147 0.232596 0.965786
    outer loop
      vertex 0.221416 0.534548 9.20447
      vertex 0.134383 0.324431 9.26541
      vertex 0.175581 0.304115 9.26541
    endloop
  endfacet
  facet normal 0.491198 0.0977027 0.865551
    outer loop
      vertex 0.965951 0.258825 8.99664
      vertex 0.789309 0.103914 9.11437
      vertex 0.99147 0.130529 8.99664
    endloop
  endfacet
  facet normal 0.195108 0.980782 -0
    outer loop
      vertex 0.464876 1.73494 7.5
      vertex 0.234444 1.78078 7.61773
      vertex 0.464876 1.73494 7.61773
    endloop
  endfacet
  facet normal 0.195108 0.980782 0
    outer loop
      vertex 0.234444 1.78078 7.61773
      vertex 0.464876 1.73494 7.5
      vertex 0.234444 1.78078 7.5
    endloop
  endfacet
  facet normal -0.032773 0.499746 0.865552
    outer loop
      vertex 0 1.00003 8.99664
      vertex -0.130529 0.99147 8.99664
      vertex -0.103914 0.789309 9.11437
    endloop
  endfacet
  facet normal 0.383254 0.777135 0.499177
    outer loop
      vertex 0.617792 1.49148 8.29612
      vertex 0.572741 1.38272 8.50003
      vertex 0.748322 1.29613 8.50003
    endloop
  endfacet
  facet normal 0.694799 0.609356 0.38202
    outer loop
      vertex 1.20525 1.20525 8.07859
      vertex 1.14153 1.14153 8.29612
      vertex 1.28077 0.982766 8.29612
    endloop
  endfacet
  facet normal 0.720462 0.481379 0.499209
    outer loop
      vertex 1.39809 0.807185 8.29612
      vertex 1.18737 0.911099 8.50003
      vertex 1.29613 0.748322 8.50003
    endloop
  endfacet
  facet normal 0.513445 0.768419 0.381977
    outer loop
      vertex 0.852237 1.47612 8.07859
      vertex 0.807185 1.39809 8.29612
      vertex 1.03762 1.35225 8.07859
    endloop
  endfacet
  facet normal -0.0648312 0.989355 0.130286
    outer loop
      vertex 0 1.79615 7.61773
      vertex -0.230433 1.75031 7.85116
      vertex 0 1.76541 7.85116
    endloop
  endfacet
  facet normal -0.310503 0.914797 0.258329
    outer loop
      vertex -0.456923 1.70526 7.85116
      vertex -0.652273 1.57473 8.07859
      vertex -0.44115 1.64639 8.07859
    endloop
  endfacet
  facet normal 0.963995 0.0631694 0.258308
    outer loop
      vertex 1.75031 0.230433 7.85116
      vertex 1.68989 0.222478 8.07859
      vertex 1.76541 0 7.85116
    endloop
  endfacet
  facet normal 0.972426 0.193445 0.130256
    outer loop
      vertex 1.78078 0.234444 7.61773
      vertex 1.73494 0.464876 7.61773
      vertex 1.75031 0.230433 7.85116
    endloop
  endfacet
  facet normal 0.914795 -0.310536 0.258299
    outer loop
      vertex 1.70526 -0.456923 7.85116
      vertex 1.57473 -0.652273 8.07859
      vertex 1.63103 -0.675594 7.85116
    endloop
  endfacet
  facet normal 0.963996 -0.0631751 0.258303
    outer loop
      vertex 1.70447 0 8.07859
      vertex 1.68989 -0.222478 8.07859
      vertex 1.76541 0 7.85116
    endloop
  endfacet
  facet normal 0.864629 0.0566662 0.499205
    outer loop
      vertex 1.60056 0.210717 8.29612
      vertex 1.49664 0 8.50003
      vertex 1.61437 0 8.29612
    endloop
  endfacet
  facet normal 0.751839 0.255209 0.607953
    outer loop
      vertex 1.44565 0.38736 8.50003
      vertex 1.2503 0.517889 8.68682
      vertex 1.3072 0.350263 8.68682
    endloop
  endfacet
  facet normal 0.546712 0.2696 0.79273
    outer loop
      vertex 1.02782 0.59341 8.85331
      vertex 0.923903 0.382693 8.99664
      vertex 1.09648 0.454177 8.85331
    endloop
  endfacet
  facet normal 0.922197 0.0604358 0.38197
    outer loop
      vertex 1.68989 0.222478 8.07859
      vertex 1.61437 0 8.29612
      vertex 1.70447 0 8.07859
    endloop
  endfacet
  facet normal 0.828858 0.408742 0.381999
    outer loop
      vertex 1.57473 0.652273 8.07859
      vertex 1.47612 0.852237 8.07859
      vertex 1.49148 0.617792 8.29612
    endloop
  endfacet
  facet normal 0.193445 0.972426 0.130256
    outer loop
      vertex 0.234444 1.78078 7.61773
      vertex 0.230433 1.75031 7.85116
      vertex 0.464876 1.73494 7.61773
    endloop
  endfacet
  facet normal -0.215635 0.144079 0.965786
    outer loop
      vertex -0.278596 0.213774 9.26541
      vertex -0.501074 0.289295 9.20447
      vertex -0.304115 0.175581 9.26541
    endloop
  endfacet
  facet normal -0.215633 0.144084 0.965786
    outer loop
      vertex -0.459026 0.352223 9.20447
      vertex -0.501074 0.289295 9.20447
      vertex -0.278596 0.213774 9.26541
    endloop
  endfacet
  facet normal -0.914795 -0.310536 0.258299
    outer loop
      vertex -1.57473 -0.652273 8.07859
      vertex -1.70526 -0.456923 7.85116
      vertex -1.63103 -0.675594 7.85116
    endloop
  endfacet
  facet normal 0.0631694 -0.963995 0.258308
    outer loop
      vertex 0.222478 -1.68989 8.07859
      vertex 0 -1.76541 7.85116
      vertex 0.230433 -1.75031 7.85116
    endloop
  endfacet
  facet normal -0.427292 -0.866436 0.258283
    outer loop
      vertex -0.852237 -1.47612 8.07859
      vertex -0.882707 -1.52889 7.85116
      vertex -0.675594 -1.63103 7.85116
    endloop
  endfacet
  facet normal -0.866436 -0.427292 0.258283
    outer loop
      vertex -1.47612 -0.852237 8.07859
      vertex -1.63103 -0.675594 7.85116
      vertex -1.52889 -0.882707 7.85116
    endloop
  endfacet
  facet normal -0.828858 -0.408742 0.381999
    outer loop
      vertex -1.49148 -0.617792 8.29612
      vertex -1.57473 -0.652273 8.07859
      vertex -1.47612 -0.852237 8.07859
    endloop
  endfacet
  facet normal -0.989355 0.0648312 0.130286
    outer loop
      vertex -1.75031 0.230433 7.85116
      vertex -1.79615 0 7.61773
      vertex -1.76541 0 7.85116
    endloop
  endfacet
  facet normal -0.726339 0.636949 0.258318
    outer loop
      vertex -1.20525 1.20525 8.07859
      vertex -1.4006 1.07472 7.85116
      vertex -1.35225 1.03762 8.07859
    endloop
  endfacet
  facet normal -0.745452 0.65371 0.130248
    outer loop
      vertex -1.27007 1.27007 7.61773
      vertex -1.42498 1.09342 7.61773
      vertex -1.24834 1.24834 7.85116
    endloop
  endfacet
  facet normal -0.712086 0.351183 0.607951
    outer loop
      vertex -1.172 0.676656 8.68682
      vertex -1.29613 0.748322 8.50003
      vertex -1.2503 0.517889 8.68682
    endloop
  endfacet
  facet normal 0.074796 0.376004 0.923594
    outer loop
      vertex 0.206051 0.768992 9.11437
      vertex 0.0755205 0.573641 9.20447
      vertex 0.14975 0.558875 9.20447
    endloop
  endfacet
  facet normal -0.864636 -0.0566536 0.499195
    outer loop
      vertex -1.49664 0 8.50003
      vertex -1.60056 -0.210717 8.29612
      vertex -1.48384 -0.195351 8.50003
    endloop
  endfacet
  facet normal -0.694261 0.138076 0.706354
    outer loop
      vertex -1.3072 0.350263 8.68682
      vertex -1.34173 0.176642 8.68682
      vertex -1.14638 0.307172 8.85331
    endloop
  endfacet
  facet normal -0.820512 0.278535 0.499178
    outer loop
      vertex -1.49148 0.617792 8.29612
      vertex -1.55936 0.41783 8.29612
      vertex -1.44565 0.38736 8.50003
    endloop
  endfacet
  facet normal -0.513444 0.76842 0.381976
    outer loop
      vertex -0.807185 1.39809 8.29612
      vertex -1.03762 1.35225 8.07859
      vertex -0.982766 1.28077 8.29612
    endloop
  endfacet
  facet normal 0.0747945 0.376005 0.923594
    outer loop
      vertex 0.103914 0.789309 9.11437
      vertex 0.0755205 0.573641 9.20447
      vertex 0.206051 0.768992 9.11437
    endloop
  endfacet
  facet normal -0.947492 0.188483 0.258329
    outer loop
      vertex -1.64639 0.44115 8.07859
      vertex -1.70526 0.456923 7.85116
      vertex -1.68989 0.222478 8.07859
    endloop
  endfacet
  facet normal -0.77872 0.154885 0.607953
    outer loop
      vertex -1.44565 0.38736 8.50003
      vertex -1.48384 0.195351 8.50003
      vertex -1.3072 0.350263 8.68682
    endloop
  endfacet
  facet normal -0.875137 -0.297042 0.381971
    outer loop
      vertex -1.55936 -0.41783 8.29612
      vertex -1.64639 -0.44115 8.07859
      vertex -1.57473 -0.652273 8.07859
    endloop
  endfacet
  facet normal -0.938867 -0.318696 0.130233
    outer loop
      vertex -1.70526 -0.456923 7.85116
      vertex -1.73494 -0.464876 7.61773
      vertex -1.65942 -0.687355 7.61773
    endloop
  endfacet
  facet normal 0.441097 -0.660174 0.60795
    outer loop
      vertex 0.911099 -1.18737 8.50003
      vertex 0.676656 -1.172 8.68682
      vertex 0.748322 -1.29613 8.50003
    endloop
  endfacet
  facet normal 0.0654189 -0.997858 0
    outer loop
      vertex 0 -1.79615 7.5
      vertex 0.234444 -1.78078 7.61773
      vertex 0 -1.79615 7.61773
    endloop
  endfacet
  facet normal 0.0654189 -0.997858 0
    outer loop
      vertex 0.234444 -1.78078 7.61773
      vertex 0 -1.79615 7.5
      vertex 0.234444 -1.78078 7.5
    endloop
  endfacet
  facet normal -0.651456 -0.571344 0.499171
    outer loop
      vertex -1.05829 -1.05829 8.50003
      vertex -1.28077 -0.982766 8.29612
      vertex -1.14153 -1.14153 8.29612
    endloop
  endfacet
  facet normal -0.63697 -0.726328 0.258297
    outer loop
      vertex -1.20525 -1.20525 8.07859
      vertex -1.24834 -1.24834 7.85116
      vertex -1.07472 -1.4006 7.85116
    endloop
  endfacet
  facet normal -0.383254 -0.777135 0.499177
    outer loop
      vertex -0.572741 -1.38272 8.50003
      vertex -0.748322 -1.29613 8.50003
      vertex -0.617792 -1.49148 8.29612
    endloop
  endfacet
  facet normal -0.550847 -0.824384 0.130229
    outer loop
      vertex -1.07472 -1.4006 7.85116
      vertex -1.09342 -1.42498 7.61773
      vertex -0.898072 -1.55551 7.61773
    endloop
  endfacet
  facet normal 0.491194 -0.0977079 0.865553
    outer loop
      vertex 0.789309 -0.103914 9.11437
      vertex 0.768992 -0.206051 9.11437
      vertex 0.965951 -0.258825 8.99664
    endloop
  endfacet
  facet normal 0.0726853 -0.108784 0.991404
    outer loop
      vertex 0.213774 -0.278596 9.26541
      vertex 0.0588627 -0.101953 9.29615
      vertex 0.175581 -0.304115 9.26541
    endloop
  endfacet
  facet normal 0.0578646 -0.117341 0.991404
    outer loop
      vertex 0.175581 -0.304115 9.26541
      vertex 0.0450516 -0.108764 9.29615
      vertex 0.134383 -0.324431 9.26541
    endloop
  endfacet
  facet normal 0.130552 -0.00855624 0.991404
    outer loop
      vertex 0.351162 0 9.26541
      vertex 0.117725 0 9.29615
      vertex 0.348158 -0.0458355 9.26541
    endloop
  endfacet
  facet normal -0.506836 0.338664 0.792732
    outer loop
      vertex -0.941569 0.722491 8.85331
      vertex -1.02782 0.59341 8.85331
      vertex -0.866048 0.500012 8.99664
    endloop
  endfacet
  facet normal -0.597865 -0.11892 0.792727
    outer loop
      vertex -0.99147 -0.130529 8.99664
      vertex -1.14638 -0.307172 8.85331
      vertex -0.965951 -0.258825 8.99664
    endloop
  endfacet
  facet normal 0.820513 -0.278534 0.499177
    outer loop
      vertex 1.44565 -0.38736 8.50003
      vertex 1.38272 -0.572741 8.50003
      vertex 1.49148 -0.617792 8.29612
    endloop
  endfacet
  facet normal 0.745439 -0.65373 0.130226
    outer loop
      vertex 1.4006 -1.07472 7.85116
      vertex 1.24834 -1.24834 7.85116
      vertex 1.42498 -1.09342 7.61773
    endloop
  endfacet
  facet normal 0.820512 -0.278535 0.499178
    outer loop
      vertex 1.55936 -0.41783 8.29612
      vertex 1.44565 -0.38736 8.50003
      vertex 1.49148 -0.617792 8.29612
    endloop
  endfacet
  facet normal 0.660174 -0.441097 0.60795
    outer loop
      vertex 1.29613 -0.748322 8.50003
      vertex 1.172 -0.676656 8.68682
      vertex 1.18737 -0.911099 8.50003
    endloop
  endfacet
  facet normal 0.88924 -0.438507 0.130244
    outer loop
      vertex 1.63103 -0.675594 7.85116
      vertex 1.55551 -0.898072 7.61773
      vertex 1.65942 -0.687355 7.61773
    endloop
  endfacet
  facet normal 0.997858 0.0654189 0
    outer loop
      vertex 1.79615 0 7.61773
      vertex 1.78078 0.234444 7.5
      vertex 1.78078 0.234444 7.61773
    endloop
  endfacet
  facet normal 0.997858 0.0654189 0
    outer loop
      vertex 1.78078 0.234444 7.5
      vertex 1.79615 0 7.61773
      vertex 1.79615 0 7.5
    endloop
  endfacet
  facet normal 0.745452 0.65371 0.130248
    outer loop
      vertex 1.27007 1.27007 7.61773
      vertex 1.24834 1.24834 7.85116
      vertex 1.42498 1.09342 7.61773
    endloop
  endfacet
  facet normal 0.442275 -0.89688 0
    outer loop
      vertex 0.687355 -1.65942 7.5
      vertex 0.898072 -1.55551 7.61773
      vertex 0.687355 -1.65942 7.61773
    endloop
  endfacet
  facet normal 0.442275 -0.89688 0
    outer loop
      vertex 0.898072 -1.55551 7.61773
      vertex 0.687355 -1.65942 7.5
      vertex 0.898072 -1.55551 7.5
    endloop
  endfacet
  facet normal 0.0648616 -0.989356 0.130257
    outer loop
      vertex 0.230433 -1.75031 7.85116
      vertex 0 -1.79615 7.61773
      vertex 0.234444 -1.78078 7.61773
    endloop
  endfacet
  facet normal -0.318696 -0.938867 0.130233
    outer loop
      vertex -0.456923 -1.70526 7.85116
      vertex -0.687355 -1.65942 7.61773
      vertex -0.464876 -1.73494 7.61773
    endloop
  endfacet
  facet normal 0.922197 -0.0604358 0.38197
    outer loop
      vertex 1.70447 0 8.07859
      vertex 1.61437 0 8.29612
      vertex 1.68989 -0.222478 8.07859
    endloop
  endfacet
  facet normal 0.849838 -0.169054 0.499195
    outer loop
      vertex 1.60056 -0.210717 8.29612
      vertex 1.48384 -0.195351 8.50003
      vertex 1.55936 -0.41783 8.29612
    endloop
  endfacet
  facet normal 0.351183 -0.712086 0.607951
    outer loop
      vertex 0.676656 -1.172 8.68682
      vertex 0.517889 -1.2503 8.68682
      vertex 0.748322 -1.29613 8.50003
    endloop
  endfacet
  facet normal 0.310536 -0.914795 0.258299
    outer loop
      vertex 0.652273 -1.57473 8.07859
      vertex 0.456923 -1.70526 7.85116
      vertex 0.675594 -1.63103 7.85116
    endloop
  endfacet
  facet normal -0.00855624 0.130552 0.991404
    outer loop
      vertex 0 0.351162 9.26541
      vertex -0.0458355 0.348158 9.26541
      vertex 0 0.117725 9.29615
    endloop
  endfacet
  facet normal 0.313076 -0.634875 0.706341
    outer loop
      vertex 0.59341 -1.02782 8.85331
      vertex 0.454177 -1.09648 8.85331
      vertex 0.676656 -1.172 8.68682
    endloop
  endfacet
  facet normal -0.154872 -0.778716 0.60796
    outer loop
      vertex -0.176642 -1.34173 8.68682
      vertex -0.350263 -1.3072 8.68682
      vertex -0.195351 -1.48384 8.50003
    endloop
  endfacet
  facet normal -0.060439 -0.922195 0.381973
    outer loop
      vertex -0.210717 -1.60056 8.29612
      vertex -0.222478 -1.68989 8.07859
      vertex 0 -1.61437 8.29612
    endloop
  endfacet
  facet normal 0.651456 -0.571344 0.499171
    outer loop
      vertex 1.28077 -0.982766 8.29612
      vertex 1.05829 -1.05829 8.50003
      vertex 1.14153 -1.14153 8.29612
    endloop
  endfacet
  facet normal 0.59694 -0.52349 0.607964
    outer loop
      vertex 1.07365 -0.823843 8.68682
      vertex 1.05829 -1.05829 8.50003
      vertex 1.18737 -0.911099 8.50003
    endloop
  endfacet
  facet normal 0.506836 -0.338664 0.792732
    outer loop
      vertex 1.02782 -0.59341 8.85331
      vertex 0.866048 -0.500012 8.99664
      vertex 0.941569 -0.722491 8.85331
    endloop
  endfacet
  facet normal 0.588569 -0.393281 0.70634
    outer loop
      vertex 1.172 -0.676656 8.68682
      vertex 0.941569 -0.722491 8.85331
      vertex 1.07365 -0.823843 8.68682
    endloop
  endfacet
  facet normal 0.777135 -0.383254 0.499177
    outer loop
      vertex 1.38272 -0.572741 8.50003
      vertex 1.29613 -0.748322 8.50003
      vertex 1.49148 -0.617792 8.29612
    endloop
  endfacet
  facet normal 0.720458 -0.481397 0.499196
    outer loop
      vertex 1.39809 -0.807185 8.29612
      vertex 1.18737 -0.911099 8.50003
      vertex 1.28077 -0.982766 8.29612
    endloop
  endfacet
  facet normal 0.376005 0.0747945 0.923594
    outer loop
      vertex 0.768992 0.206051 9.11437
      vertex 0.573641 0.0755205 9.20447
      vertex 0.789309 0.103914 9.11437
    endloop
  endfacet
  facet normal 0.0398905 -0.60828 0.79272
    outer loop
      vertex 0 -1.00003 8.99664
      vertex 0 -1.18682 8.85331
      vertex 0.130529 -0.99147 8.99664
    endloop
  endfacet
  facet normal 0.499746 -0.032773 0.865552
    outer loop
      vertex 1.00003 0 8.99664
      vertex 0.789309 -0.103914 9.11437
      vertex 0.99147 -0.130529 8.99664
    endloop
  endfacet
  facet normal 0.382551 -0.0250704 0.923594
    outer loop
      vertex 0.796119 0 9.11437
      vertex 0.57859 0 9.20447
      vertex 0.789309 -0.103914 9.11437
    endloop
  endfacet
  facet normal 0.751839 -0.255209 0.607953
    outer loop
      vertex 1.3072 -0.350263 8.68682
      vertex 1.2503 -0.517889 8.68682
      vertex 1.44565 -0.38736 8.50003
    endloop
  endfacet
  facet normal 0.706349 0.046281 0.706349
    outer loop
      vertex 1.35331 0 8.68682
      vertex 1.17667 0.154911 8.85331
      vertex 1.18682 0 8.85331
    endloop
  endfacet
  facet normal 0.376536 0.330214 0.865551
    outer loop
      vertex 0.707125 0.707125 8.99664
      vertex 0.562942 0.562942 9.11437
      vertex 0.793374 0.608777 8.99664
    endloop
  endfacet
  facet normal 0.416417 0.278239 0.865552
    outer loop
      vertex 0.793374 0.608777 8.99664
      vertex 0.68946 0.398059 9.11437
      vertex 0.866048 0.500012 8.99664
    endloop
  endfacet
  facet normal 0.33866 0.506843 0.792729
    outer loop
      vertex 0.722491 0.941569 8.85331
      vertex 0.500012 0.866048 8.99664
      vertex 0.608777 0.793374 8.99664
    endloop
  endfacet
  facet normal 0.16956 0.343836 0.923594
    outer loop
      vertex 0.304662 0.735518 9.11437
      vertex 0.289295 0.501074 9.20447
      vertex 0.398059 0.68946 9.11437
    endloop
  endfacet
  facet normal 0.180309 0.906414 0.381973
    outer loop
      vertex 0.222478 1.68989 8.07859
      vertex 0.210717 1.60056 8.29612
      vertex 0.41783 1.55936 8.29612
    endloop
  endfacet
  facet normal -0.180309 0.906414 0.381973
    outer loop
      vertex -0.222478 1.68989 8.07859
      vertex -0.41783 1.55936 8.29612
      vertex -0.210717 1.60056 8.29612
    endloop
  endfacet
  facet normal 0.481397 0.720458 0.499196
    outer loop
      vertex 0.982766 1.28077 8.29612
      vertex 0.807185 1.39809 8.29612
      vertex 0.911099 1.18737 8.50003
    endloop
  endfacet
  facet normal 0.571308 0.651468 0.499196
    outer loop
      vertex 0.982766 1.28077 8.29612
      vertex 0.911099 1.18737 8.50003
      vertex 1.05829 1.05829 8.50003
    endloop
  endfacet
  facet normal 0.0631694 0.963995 0.258308
    outer loop
      vertex 0.230433 1.75031 7.85116
      vertex 0 1.76541 7.85116
      vertex 0.222478 1.68989 8.07859
    endloop
  endfacet
  facet normal 0.393281 0.588569 0.70634
    outer loop
      vertex 0.823843 1.07365 8.68682
      vertex 0.676656 1.172 8.68682
      vertex 0.722491 0.941569 8.85331
    endloop
  endfacet
  facet normal 0.449171 0.221506 0.865552
    outer loop
      vertex 0.866048 0.500012 8.99664
      vertex 0.735518 0.304662 9.11437
      vertex 0.923903 0.382693 8.99664
    endloop
  endfacet
  facet normal 0.195936 0.577225 0.79273
    outer loop
      vertex 0.454177 1.09648 8.85331
      vertex 0.307172 1.14638 8.85331
      vertex 0.382693 0.923903 8.99664
    endloop
  endfacet
  facet normal 0.481379 0.720462 0.499209
    outer loop
      vertex 0.807185 1.39809 8.29612
      vertex 0.748322 1.29613 8.50003
      vertex 0.911099 1.18737 8.50003
    endloop
  endfacet
  facet normal 0.694844 0.609331 0.381978
    outer loop
      vertex 1.35225 1.03762 8.07859
      vertex 1.20525 1.20525 8.07859
      vertex 1.28077 0.982766 8.29612
    endloop
  endfacet
  facet normal 0.76842 0.513444 0.381976
    outer loop
      vertex 1.35225 1.03762 8.07859
      vertex 1.28077 0.982766 8.29612
      vertex 1.39809 0.807185 8.29612
    endloop
  endfacet
  facet normal -0.195108 0.980782 0
    outer loop
      vertex -0.234444 1.78078 7.5
      vertex -0.464876 1.73494 7.61773
      vertex -0.234444 1.78078 7.61773
    endloop
  endfacet
  facet normal -0.195108 0.980782 0
    outer loop
      vertex -0.464876 1.73494 7.61773
      vertex -0.234444 1.78078 7.5
      vertex -0.464876 1.73494 7.5
    endloop
  endfacet
  facet normal 0.0654189 0.997858 -0
    outer loop
      vertex 0.234444 1.78078 7.5
      vertex 0 1.79615 7.61773
      vertex 0.234444 1.78078 7.61773
    endloop
  endfacet
  facet normal 0.0654189 0.997858 0
    outer loop
      vertex 0 1.79615 7.61773
      vertex 0.234444 1.78078 7.5
      vertex 0 1.79615 7.5
    endloop
  endfacet
  facet normal -0.0648616 0.989356 0.130257
    outer loop
      vertex 0 1.79615 7.61773
      vertex -0.234444 1.78078 7.61773
      vertex -0.230433 1.75031 7.85116
    endloop
  endfacet
  facet normal -0.597865 0.11892 0.792727
    outer loop
      vertex -0.965951 0.258825 8.99664
      vertex -1.14638 0.307172 8.85331
      vertex -0.99147 0.130529 8.99664
    endloop
  endfacet
  facet normal 0.864636 -0.0566536 0.499195
    outer loop
      vertex 1.49664 0 8.50003
      vertex 1.48384 -0.195351 8.50003
      vertex 1.60056 -0.210717 8.29612
    endloop
  endfacet
  facet normal 0.906414 0.180311 0.381971
    outer loop
      vertex 1.64639 0.44115 8.07859
      vertex 1.55936 0.41783 8.29612
      vertex 1.68989 0.222478 8.07859
    endloop
  endfacet
  facet normal 0.963995 -0.0631694 0.258308
    outer loop
      vertex 1.76541 0 7.85116
      vertex 1.68989 -0.222478 8.07859
      vertex 1.75031 -0.230433 7.85116
    endloop
  endfacet
  facet normal 0.70636 0.0463063 0.706337
    outer loop
      vertex 1.34173 0.176642 8.68682
      vertex 1.17667 0.154911 8.85331
      vertex 1.35331 0 8.68682
    endloop
  endfacet
  facet normal 0.31876 0.212993 0.923594
    outer loop
      vertex 0.68946 0.398059 9.11437
      vertex 0.459026 0.352223 9.20447
      vertex 0.501074 0.289295 9.20447
    endloop
  endfacet
  facet normal 0.499746 0.032773 0.865552
    outer loop
      vertex 0.99147 0.130529 8.99664
      vertex 0.789309 0.103914 9.11437
      vertex 1.00003 0 8.99664
    endloop
  endfacet
  facet normal 0.474239 -0.160984 0.865552
    outer loop
      vertex 0.965951 -0.258825 8.99664
      vertex 0.768992 -0.206051 9.11437
      vertex 0.923903 -0.382693 8.99664
    endloop
  endfacet
  facet normal 0.820513 0.278534 0.499177
    outer loop
      vertex 1.49148 0.617792 8.29612
      vertex 1.38272 0.572741 8.50003
      vertex 1.44565 0.38736 8.50003
    endloop
  endfacet
  facet normal 0.777135 0.383254 0.499177
    outer loop
      vertex 1.49148 0.617792 8.29612
      vertex 1.29613 0.748322 8.50003
      vertex 1.38272 0.572741 8.50003
    endloop
  endfacet
  facet normal 0.875114 0.29707 0.382
    outer loop
      vertex 1.57473 0.652273 8.07859
      vertex 1.49148 0.617792 8.29612
      vertex 1.55936 0.41783 8.29612
    endloop
  endfacet
  facet normal 0.875137 0.297042 0.381971
    outer loop
      vertex 1.57473 0.652273 8.07859
      vertex 1.55936 0.41783 8.29612
      vertex 1.64639 0.44115 8.07859
    endloop
  endfacet
  facet normal 0.65373 0.745439 0.130226
    outer loop
      vertex 1.09342 1.42498 7.61773
      vertex 1.07472 1.4006 7.85116
      vertex 1.24834 1.24834 7.85116
    endloop
  endfacet
  facet normal 0.550847 0.824384 0.130229
    outer loop
      vertex 1.09342 1.42498 7.61773
      vertex 0.898072 1.55551 7.61773
      vertex 1.07472 1.4006 7.85116
    endloop
  endfacet
  facet normal -0.16956 0.343836 0.923594
    outer loop
      vertex -0.304662 0.735518 9.11437
      vertex -0.398059 0.68946 9.11437
      vertex -0.289295 0.501074 9.20447
    endloop
  endfacet
  facet normal 0.114703 0.232595 0.965786
    outer loop
      vertex 0.221416 0.534548 9.20447
      vertex 0.175581 0.304115 9.26541
      vertex 0.289295 0.501074 9.20447
    endloop
  endfacet
  facet normal -0.170997 0.19498 0.965786
    outer loop
      vertex -0.213774 0.278596 9.26541
      vertex -0.409125 0.409125 9.20447
      vertex -0.248309 0.248309 9.26541
    endloop
  endfacet
  facet normal -0.972434 -0.193422 0.130232
    outer loop
      vertex -1.70526 -0.456923 7.85116
      vertex -1.75031 -0.230433 7.85116
      vertex -1.73494 -0.464876 7.61773
    endloop
  endfacet
  facet normal -0.972426 -0.193445 0.130256
    outer loop
      vertex -1.75031 -0.230433 7.85116
      vertex -1.78078 -0.234444 7.61773
      vertex -1.73494 -0.464876 7.61773
    endloop
  endfacet
  facet normal -0.449172 -0.221505 0.865552
    outer loop
      vertex -0.735518 -0.304662 9.11437
      vertex -0.866048 -0.500012 8.99664
      vertex -0.68946 -0.398059 9.11437
    endloop
  endfacet
  facet normal -0.513444 -0.76842 0.381976
    outer loop
      vertex -0.982766 -1.28077 8.29612
      vertex -1.03762 -1.35225 8.07859
      vertex -0.807185 -1.39809 8.29612
    endloop
  endfacet
  facet normal -0.416417 -0.278239 0.865552
    outer loop
      vertex -0.68946 -0.398059 9.11437
      vertex -0.866048 -0.500012 8.99664
      vertex -0.793374 -0.608777 8.99664
    endloop
  endfacet
  facet normal -0.77872 -0.154885 0.607953
    outer loop
      vertex -1.3072 -0.350263 8.68682
      vertex -1.48384 -0.195351 8.50003
      vertex -1.44565 -0.38736 8.50003
    endloop
  endfacet
  facet normal -0.849838 -0.169054 0.499195
    outer loop
      vertex -1.48384 -0.195351 8.50003
      vertex -1.60056 -0.210717 8.29612
      vertex -1.55936 -0.41783 8.29612
    endloop
  endfacet
  facet normal -0.864636 0.0566536 0.499195
    outer loop
      vertex -1.48384 0.195351 8.50003
      vertex -1.60056 0.210717 8.29612
      vertex -1.49664 0 8.50003
    endloop
  endfacet
  facet normal -0.938867 0.318696 0.130233
    outer loop
      vertex -1.65942 0.687355 7.61773
      vertex -1.73494 0.464876 7.61773
      vertex -1.70526 0.456923 7.85116
    endloop
  endfacet
  facet normal -0.831464 0.555578 0
    outer loop
      vertex -1.55551 0.898072 7.5
      vertex -1.42498 1.09342 7.61773
      vertex -1.42498 1.09342 7.5
    endloop
  endfacet
  facet normal -0.831464 0.555578 0
    outer loop
      vertex -1.42498 1.09342 7.61773
      vertex -1.55551 0.898072 7.5
      vertex -1.55551 0.898072 7.61773
    endloop
  endfacet
  facet normal -0.828858 0.408742 0.381999
    outer loop
      vertex -1.47612 0.852237 8.07859
      vertex -1.57473 0.652273 8.07859
      vertex -1.49148 0.617792 8.29612
    endloop
  endfacet
  facet normal -0.550809 0.824402 0.130269
    outer loop
      vertex -0.898072 1.55551 7.61773
      vertex -1.07472 1.4006 7.85116
      vertex -0.882707 1.52889 7.85116
    endloop
  endfacet
  facet normal -0.376005 0.0747945 0.923594
    outer loop
      vertex -0.768992 0.206051 9.11437
      vertex -0.789309 0.103914 9.11437
      vertex -0.573641 0.0755205 9.20447
    endloop
  endfacet
  facet normal -0.31876 0.212993 0.923594
    outer loop
      vertex -0.459026 0.352223 9.20447
      vertex -0.68946 0.398059 9.11437
      vertex -0.501074 0.289295 9.20447
    endloop
  endfacet
  facet normal 0.118934 0.597854 0.792733
    outer loop
      vertex 0.154911 1.17667 8.85331
      vertex 0.130529 0.99147 8.99664
      vertex 0.307172 1.14638 8.85331
    endloop
  endfacet
  facet normal -0.441111 0.660151 0.607966
    outer loop
      vertex -0.676656 1.172 8.68682
      vertex -0.911099 1.18737 8.50003
      vertex -0.823843 1.07365 8.68682
    endloop
  endfacet
  facet normal -0.608265 0.0398544 0.792733
    outer loop
      vertex -1.17667 0.154911 8.85331
      vertex -1.18682 0 8.85331
      vertex -0.99147 0.130529 8.99664
    endloop
  endfacet
  facet normal -0.416417 0.278239 0.865552
    outer loop
      vertex -0.793374 0.608777 8.99664
      vertex -0.866048 0.500012 8.99664
      vertex -0.68946 0.398059 9.11437
    endloop
  endfacet
  facet normal -0.875114 0.29707 0.382
    outer loop
      vertex -1.49148 0.617792 8.29612
      vertex -1.57473 0.652273 8.07859
      vertex -1.55936 0.41783 8.29612
    endloop
  endfacet
  facet normal -0.577225 0.195936 0.79273
    outer loop
      vertex -1.09648 0.454177 8.85331
      vertex -1.14638 0.307172 8.85331
      vertex -0.923903 0.382693 8.99664
    endloop
  endfacet
  facet normal -0.849853 -0.169033 0.499177
    outer loop
      vertex -1.48384 -0.195351 8.50003
      vertex -1.55936 -0.41783 8.29612
      vertex -1.44565 -0.38736 8.50003
    endloop
  endfacet
  facet normal -0.694272 -0.138115 0.706336
    outer loop
      vertex -1.17667 -0.154911 8.85331
      vertex -1.34173 -0.176642 8.68682
      vertex -1.14638 -0.307172 8.85331
    endloop
  endfacet
  facet normal -0.694844 0.609331 0.381978
    outer loop
      vertex -1.20525 1.20525 8.07859
      vertex -1.35225 1.03762 8.07859
      vertex -1.28077 0.982766 8.29612
    endloop
  endfacet
  facet normal -0.634852 0.313094 0.706353
    outer loop
      vertex -1.172 0.676656 8.68682
      vertex -1.2503 0.517889 8.68682
      vertex -1.09648 0.454177 8.85331
    endloop
  endfacet
  facet normal -0.803255 0.536722 0.258285
    outer loop
      vertex -1.35225 1.03762 8.07859
      vertex -1.52889 0.882707 7.85116
      vertex -1.47612 0.852237 8.07859
    endloop
  endfacet
  facet normal -0.889225 0.438531 0.130271
    outer loop
      vertex -1.55551 0.898072 7.61773
      vertex -1.63103 0.675594 7.85116
      vertex -1.52889 0.882707 7.85116
    endloop
  endfacet
  facet normal -0.963995 0.0631694 0.258308
    outer loop
      vertex -1.75031 0.230433 7.85116
      vertex -1.76541 0 7.85116
      vertex -1.68989 0.222478 8.07859
    endloop
  endfacet
  facet normal -0.947501 0.188463 0.258309
    outer loop
      vertex -1.70526 0.456923 7.85116
      vertex -1.75031 0.230433 7.85116
      vertex -1.68989 0.222478 8.07859
    endloop
  endfacet
  facet normal -0.720458 0.481397 0.499196
    outer loop
      vertex -1.28077 0.982766 8.29612
      vertex -1.39809 0.807185 8.29612
      vertex -1.18737 0.911099 8.50003
    endloop
  endfacet
  facet normal -0.914797 0.310503 0.258329
    outer loop
      vertex -1.57473 0.652273 8.07859
      vertex -1.70526 0.456923 7.85116
      vertex -1.64639 0.44115 8.07859
    endloop
  endfacet
  facet normal -0.980782 0.195108 0
    outer loop
      vertex -1.78078 0.234444 7.5
      vertex -1.73494 0.464876 7.61773
      vertex -1.73494 0.464876 7.5
    endloop
  endfacet
  facet normal -0.980782 0.195108 0
    outer loop
      vertex -1.73494 0.464876 7.61773
      vertex -1.78078 0.234444 7.5
      vertex -1.78078 0.234444 7.61773
    endloop
  endfacet
  facet normal -0.313094 -0.634852 0.706353
    outer loop
      vertex -0.454177 -1.09648 8.85331
      vertex -0.676656 -1.172 8.68682
      vertex -0.517889 -1.2503 8.68682
    endloop
  endfacet
  facet normal -0.441097 -0.660174 0.60795
    outer loop
      vertex -0.676656 -1.172 8.68682
      vertex -0.911099 -1.18737 8.50003
      vertex -0.748322 -1.29613 8.50003
    endloop
  endfacet
  facet normal -0.536688 -0.803267 0.258317
    outer loop
      vertex -1.03762 -1.35225 8.07859
      vertex -1.07472 -1.4006 7.85116
      vertex -0.882707 -1.52889 7.85116
    endloop
  endfacet
  facet normal -0.555578 -0.831464 0
    outer loop
      vertex -1.09342 -1.42498 7.5
      vertex -0.898072 -1.55551 7.61773
      vertex -1.09342 -1.42498 7.61773
    endloop
  endfacet
  facet normal -0.555578 -0.831464 -0
    outer loop
      vertex -0.898072 -1.55551 7.61773
      vertex -1.09342 -1.42498 7.5
      vertex -0.898072 -1.55551 7.5
    endloop
  endfacet
  facet normal -0.318706 -0.938863 0.130243
    outer loop
      vertex -0.675594 -1.63103 7.85116
      vertex -0.687355 -1.65942 7.61773
      vertex -0.456923 -1.70526 7.85116
    endloop
  endfacet
  facet normal -0.997858 -0.0654189 0
    outer loop
      vertex -1.78078 -0.234444 7.5
      vertex -1.79615 0 7.61773
      vertex -1.79615 0 7.5
    endloop
  endfacet
  facet normal -0.997858 -0.0654189 0
    outer loop
      vertex -1.79615 0 7.61773
      vertex -1.78078 -0.234444 7.5
      vertex -1.78078 -0.234444 7.61773
    endloop
  endfacet
  facet normal 0.376004 -0.074796 0.923594
    outer loop
      vertex 0.573641 -0.0755205 9.20447
      vertex 0.558875 -0.14975 9.20447
      vertex 0.768992 -0.206051 9.11437
    endloop
  endfacet
  facet normal 0.0977027 -0.491198 0.865551
    outer loop
      vertex 0.258825 -0.965951 8.99664
      vertex 0.103914 -0.789309 9.11437
      vertex 0.130529 -0.99147 8.99664
    endloop
  endfacet
  facet normal -0.376004 -0.074796 0.923594
    outer loop
      vertex -0.573641 -0.0755205 9.20447
      vertex -0.768992 -0.206051 9.11437
      vertex -0.558875 -0.14975 9.20447
    endloop
  endfacet
  facet normal 0.0578667 -0.11734 0.991404
    outer loop
      vertex 0.0588627 -0.101953 9.29615
      vertex 0.0450516 -0.108764 9.29615
      vertex 0.175581 -0.304115 9.26541
    endloop
  endfacet
  facet normal -0.393281 -0.588569 0.70634
    outer loop
      vertex -0.722491 -0.941569 8.85331
      vertex -0.823843 -1.07365 8.68682
      vertex -0.676656 -1.172 8.68682
    endloop
  endfacet
  facet normal -0.313076 -0.634875 0.706341
    outer loop
      vertex -0.59341 -1.02782 8.85331
      vertex -0.676656 -1.172 8.68682
      vertex -0.454177 -1.09648 8.85331
    endloop
  endfacet
  facet normal -0.474239 -0.160984 0.865552
    outer loop
      vertex -0.768992 -0.206051 9.11437
      vertex -0.965951 -0.258825 8.99664
      vertex -0.923903 -0.382693 8.99664
    endloop
  endfacet
  facet normal -0.376539 -0.330207 0.865553
    outer loop
      vertex -0.631603 -0.484647 9.11437
      vertex -0.793374 -0.608777 8.99664
      vertex -0.562942 -0.562942 9.11437
    endloop
  endfacet
  facet normal -0.58857 0.393278 0.706341
    outer loop
      vertex -0.941569 0.722491 8.85331
      vertex -1.172 0.676656 8.68682
      vertex -1.02782 0.59341 8.85331
    endloop
  endfacet
  facet normal -0.608265 -0.0398544 0.792733
    outer loop
      vertex -0.99147 -0.130529 8.99664
      vertex -1.18682 0 8.85331
      vertex -1.17667 -0.154911 8.85331
    endloop
  endfacet
  facet normal 0.318706 -0.938863 0.130243
    outer loop
      vertex 0.675594 -1.63103 7.85116
      vertex 0.456923 -1.70526 7.85116
      vertex 0.687355 -1.65942 7.61773
    endloop
  endfacet
  facet normal 0.383254 -0.777135 0.499177
    outer loop
      vertex 0.748322 -1.29613 8.50003
      vertex 0.572741 -1.38272 8.50003
      vertex 0.617792 -1.49148 8.29612
    endloop
  endfacet
  facet normal 0.86644 -0.427275 0.258299
    outer loop
      vertex 1.57473 -0.652273 8.07859
      vertex 1.47612 -0.852237 8.07859
      vertex 1.63103 -0.675594 7.85116
    endloop
  endfacet
  facet normal 0.720462 -0.481379 0.499209
    outer loop
      vertex 1.29613 -0.748322 8.50003
      vertex 1.18737 -0.911099 8.50003
      vertex 1.39809 -0.807185 8.29612
    endloop
  endfacet
  facet normal 0.875114 -0.29707 0.382
    outer loop
      vertex 1.55936 -0.41783 8.29612
      vertex 1.49148 -0.617792 8.29612
      vertex 1.57473 -0.652273 8.07859
    endloop
  endfacet
  facet normal 0.828858 -0.408742 0.381999
    outer loop
      vertex 1.49148 -0.617792 8.29612
      vertex 1.47612 -0.852237 8.07859
      vertex 1.57473 -0.652273 8.07859
    endloop
  endfacet
  facet normal 0.803255 -0.536722 0.258285
    outer loop
      vertex 1.47612 -0.852237 8.07859
      vertex 1.35225 -1.03762 8.07859
      vertex 1.52889 -0.882707 7.85116
    endloop
  endfacet
  facet normal 0.989356 0.0648616 0.130257
    outer loop
      vertex 1.78078 0.234444 7.61773
      vertex 1.75031 0.230433 7.85116
      vertex 1.79615 0 7.61773
    endloop
  endfacet
  facet normal 0.438531 -0.889225 0.130271
    outer loop
      vertex 0.882707 -1.52889 7.85116
      vertex 0.675594 -1.63103 7.85116
      vertex 0.898072 -1.55551 7.61773
    endloop
  endfacet
  facet normal 0.195108 -0.980782 0
    outer loop
      vertex 0.234444 -1.78078 7.5
      vertex 0.464876 -1.73494 7.61773
      vertex 0.234444 -1.78078 7.61773
    endloop
  endfacet
  facet normal 0.195108 -0.980782 0
    outer loop
      vertex 0.464876 -1.73494 7.61773
      vertex 0.234444 -1.78078 7.5
      vertex 0.464876 -1.73494 7.5
    endloop
  endfacet
  facet normal 0.321434 -0.946932 0
    outer loop
      vertex 0.464876 -1.73494 7.5
      vertex 0.687355 -1.65942 7.61773
      vertex 0.464876 -1.73494 7.61773
    endloop
  endfacet
  facet normal 0.321434 -0.946932 0
    outer loop
      vertex 0.687355 -1.65942 7.61773
      vertex 0.464876 -1.73494 7.5
      vertex 0.687355 -1.65942 7.5
    endloop
  endfacet
  facet normal 0.318696 -0.938867 0.130233
    outer loop
      vertex 0.687355 -1.65942 7.61773
      vertex 0.456923 -1.70526 7.85116
      vertex 0.464876 -1.73494 7.61773
    endloop
  endfacet
  facet normal -0.0648312 -0.989355 0.130286
    outer loop
      vertex 0 -1.76541 7.85116
      vertex -0.230433 -1.75031 7.85116
      vertex 0 -1.79615 7.61773
    endloop
  endfacet
  facet normal 0.922195 0.060439 0.381973
    outer loop
      vertex 1.68989 0.222478 8.07859
      vertex 1.60056 0.210717 8.29612
      vertex 1.61437 0 8.29612
    endloop
  endfacet
  facet normal 0.77872 0.154885 0.607953
    outer loop
      vertex 1.44565 0.38736 8.50003
      vertex 1.3072 0.350263 8.68682
      vertex 1.48384 0.195351 8.50003
    endloop
  endfacet
  facet normal 0.523489 -0.596943 0.607963
    outer loop
      vertex 0.956935 -0.956935 8.68682
      vertex 0.823843 -1.07365 8.68682
      vertex 1.05829 -1.05829 8.50003
    endloop
  endfacet
  facet normal 0.596943 -0.523489 0.607963
    outer loop
      vertex 1.07365 -0.823843 8.68682
      vertex 0.956935 -0.956935 8.68682
      vertex 1.05829 -1.05829 8.50003
    endloop
  endfacet
  facet normal 0.383208 -0.777137 0.499209
    outer loop
      vertex 0.748322 -1.29613 8.50003
      vertex 0.617792 -1.49148 8.29612
      vertex 0.807185 -1.39809 8.29612
    endloop
  endfacet
  facet normal 0.255222 -0.75184 0.607946
    outer loop
      vertex 0.517889 -1.2503 8.68682
      vertex 0.38736 -1.44565 8.50003
      vertex 0.572741 -1.38272 8.50003
    endloop
  endfacet
  facet normal 0.393278 -0.58857 0.706341
    outer loop
      vertex 0.722491 -0.941569 8.85331
      vertex 0.59341 -1.02782 8.85331
      vertex 0.676656 -1.172 8.68682
    endloop
  endfacet
  facet normal 0.2696 -0.546712 0.79273
    outer loop
      vertex 0.59341 -1.02782 8.85331
      vertex 0.382693 -0.923903 8.99664
      vertex 0.454177 -1.09648 8.85331
    endloop
  endfacet
  facet normal 0.401919 -0.4583 0.792731
    outer loop
      vertex 0.707125 -0.707125 8.99664
      vertex 0.608777 -0.793374 8.99664
      vertex 0.83921 -0.83921 8.85331
    endloop
  endfacet
  facet normal 0.12389 0.0420537 0.991404
    outer loop
      vertex 0.324431 0.134383 9.26541
      vertex 0.108764 0.0450516 9.29615
      vertex 0.113714 0.0304689 9.29615
    endloop
  endfacet
  facet normal 0.0519127 -0.792282 0.607943
    outer loop
      vertex 0 -1.35331 8.68682
      vertex 0 -1.49664 8.50003
      vertex 0.195351 -1.48384 8.50003
    endloop
  endfacet
  facet normal 0.313094 -0.634852 0.706353
    outer loop
      vertex 0.676656 -1.172 8.68682
      vertex 0.454177 -1.09648 8.85331
      vertex 0.517889 -1.2503 8.68682
    endloop
  endfacet
  facet normal -0.032773 -0.499746 0.865552
    outer loop
      vertex -0.103914 -0.789309 9.11437
      vertex -0.130529 -0.99147 8.99664
      vertex 0 -1.00003 8.99664
    endloop
  endfacet
  facet normal -0.11892 -0.597865 0.792727
    outer loop
      vertex -0.258825 -0.965951 8.99664
      vertex -0.307172 -1.14638 8.85331
      vertex -0.130529 -0.99147 8.99664
    endloop
  endfacet
  facet normal 0.694844 -0.609331 0.381978
    outer loop
      vertex 1.28077 -0.982766 8.29612
      vertex 1.20525 -1.20525 8.07859
      vertex 1.35225 -1.03762 8.07859
    endloop
  endfacet
  facet normal 0.53221 -0.466722 0.706345
    outer loop
      vertex 1.07365 -0.823843 8.68682
      vertex 0.83921 -0.83921 8.85331
      vertex 0.956935 -0.956935 8.68682
    endloop
  endfacet
  facet normal 0.506843 -0.33866 0.792729
    outer loop
      vertex 0.866048 -0.500012 8.99664
      vertex 0.793374 -0.608777 8.99664
      vertex 0.941569 -0.722491 8.85331
    endloop
  endfacet
  facet normal 0.546712 -0.2696 0.79273
    outer loop
      vertex 1.09648 -0.454177 8.85331
      vertex 0.923903 -0.382693 8.99664
      vertex 1.02782 -0.59341 8.85331
    endloop
  endfacet
  facet normal 0.712086 -0.351183 0.607951
    outer loop
      vertex 1.2503 -0.517889 8.68682
      vertex 1.172 -0.676656 8.68682
      vertex 1.29613 -0.748322 8.50003
    endloop
  endfacet
  facet normal 0.634852 -0.313094 0.706353
    outer loop
      vertex 1.2503 -0.517889 8.68682
      vertex 1.09648 -0.454177 8.85331
      vertex 1.172 -0.676656 8.68682
    endloop
  endfacet
  facet normal 0.77872 -0.154885 0.607953
    outer loop
      vertex 1.48384 -0.195351 8.50003
      vertex 1.3072 -0.350263 8.68682
      vertex 1.44565 -0.38736 8.50003
    endloop
  endfacet
  facet normal 0.778716 -0.154872 0.60796
    outer loop
      vertex 1.34173 -0.176642 8.68682
      vertex 1.3072 -0.350263 8.68682
      vertex 1.48384 -0.195351 8.50003
    endloop
  endfacet
  facet normal 0.75184 -0.255222 0.607946
    outer loop
      vertex 1.44565 -0.38736 8.50003
      vertex 1.2503 -0.517889 8.68682
      vertex 1.38272 -0.572741 8.50003
    endloop
  endfacet
  facet normal 0.712093 -0.351178 0.607946
    outer loop
      vertex 1.38272 -0.572741 8.50003
      vertex 1.2503 -0.517889 8.68682
      vertex 1.29613 -0.748322 8.50003
    endloop
  endfacet
  facet normal 0.0983668 -0.0862613 0.991405
    outer loop
      vertex 0.0933971 -0.0716667 9.29615
      vertex 0.0832443 -0.0832443 9.29615
      vertex 0.278596 -0.213774 9.26541
    endloop
  endfacet
  facet normal -0.11734 -0.0578667 0.991404
    outer loop
      vertex -0.108764 -0.0450516 9.29615
      vertex -0.304115 -0.175581 9.26541
      vertex -0.101953 -0.0588627 9.29615
    endloop
  endfacet
  facet normal -0.0255222 0.128319 0.991405
    outer loop
      vertex -0.0153656 0.116718 9.29615
      vertex -0.0458355 0.348158 9.26541
      vertex -0.0304689 0.113714 9.29615
    endloop
  endfacet
  facet normal 0.212991 0.31876 0.923594
    outer loop
      vertex 0.398059 0.68946 9.11437
      vertex 0.352223 0.459026 9.20447
      vertex 0.484647 0.631603 9.11437
    endloop
  endfacet
  facet normal 0.499738 -0.0327503 0.865557
    outer loop
      vertex 0.796119 0 9.11437
      vertex 0.789309 -0.103914 9.11437
      vertex 1.00003 0 8.99664
    endloop
  endfacet
  facet normal 0.499738 0.0327503 0.865557
    outer loop
      vertex 1.00003 0 8.99664
      vertex 0.789309 0.103914 9.11437
      vertex 0.796119 0 9.11437
    endloop
  endfacet
  facet normal 0.245576 -0.0833626 0.965786
    outer loop
      vertex 0.339196 -0.0908871 9.26541
      vertex 0.324431 -0.134383 9.26541
      vertex 0.534548 -0.221416 9.20447
    endloop
  endfacet
  facet normal 0.382551 -0.0250693 0.923594
    outer loop
      vertex 0.57859 0 9.20447
      vertex 0.573641 -0.0755205 9.20447
      vertex 0.789309 -0.103914 9.11437
    endloop
  endfacet
  facet normal 0.694272 -0.138115 0.706336
    outer loop
      vertex 1.17667 -0.154911 8.85331
      vertex 1.14638 -0.307172 8.85331
      vertex 1.34173 -0.176642 8.68682
    endloop
  endfacet
  facet normal 0.70636 -0.0463063 0.706337
    outer loop
      vertex 1.35331 0 8.68682
      vertex 1.17667 -0.154911 8.85331
      vertex 1.34173 -0.176642 8.68682
    endloop
  endfacet
  facet normal 0.252771 0.288235 0.923595
    outer loop
      vertex 0.562942 0.562942 9.11437
      vertex 0.352223 0.459026 9.20447
      vertex 0.409125 0.409125 9.20447
    endloop
  endfacet
  facet normal 0.221505 0.449172 0.865552
    outer loop
      vertex 0.500012 0.866048 8.99664
      vertex 0.304662 0.735518 9.11437
      vertex 0.398059 0.68946 9.11437
    endloop
  endfacet
  facet normal 0.278242 0.416412 0.865553
    outer loop
      vertex 0.608777 0.793374 8.99664
      vertex 0.398059 0.68946 9.11437
      vertex 0.484647 0.631603 9.11437
    endloop
  endfacet
  facet normal 0.212993 0.31876 0.923594
    outer loop
      vertex 0.398059 0.68946 9.11437
      vertex 0.289295 0.501074 9.20447
      vertex 0.352223 0.459026 9.20447
    endloop
  endfacet
  facet normal 0.193422 0.972434 0.130232
    outer loop
      vertex 0.464876 1.73494 7.61773
      vertex 0.230433 1.75031 7.85116
      vertex 0.456923 1.70526 7.85116
    endloop
  endfacet
  facet normal 0.169054 0.849838 0.499195
    outer loop
      vertex 0.210717 1.60056 8.29612
      vertex 0.195351 1.48384 8.50003
      vertex 0.41783 1.55936 8.29612
    endloop
  endfacet
  facet normal 0.0566536 0.864636 0.499195
    outer loop
      vertex 0.210717 1.60056 8.29612
      vertex 0 1.49664 8.50003
      vertex 0.195351 1.48384 8.50003
    endloop
  endfacet
  facet normal -0.154872 0.778716 0.60796
    outer loop
      vertex -0.195351 1.48384 8.50003
      vertex -0.350263 1.3072 8.68682
      vertex -0.176642 1.34173 8.68682
    endloop
  endfacet
  facet normal 0.588569 0.393281 0.70634
    outer loop
      vertex 1.07365 0.823843 8.68682
      vertex 0.941569 0.722491 8.85331
      vertex 1.172 0.676656 8.68682
    endloop
  endfacet
  facet normal 0.660151 0.441111 0.607966
    outer loop
      vertex 1.18737 0.911099 8.50003
      vertex 1.07365 0.823843 8.68682
      vertex 1.172 0.676656 8.68682
    endloop
  endfacet
  facet normal 0.188483 0.947492 0.258329
    outer loop
      vertex 0.456923 1.70526 7.85116
      vertex 0.222478 1.68989 8.07859
      vertex 0.44115 1.64639 8.07859
    endloop
  endfacet
  facet normal 0.513444 0.76842 0.381976
    outer loop
      vertex 1.03762 1.35225 8.07859
      vertex 0.807185 1.39809 8.29612
      vertex 0.982766 1.28077 8.29612
    endloop
  endfacet
  facet normal 0.221506 0.449171 0.865552
    outer loop
      vertex 0.382693 0.923903 8.99664
      vertex 0.304662 0.735518 9.11437
      vertex 0.500012 0.866048 8.99664
    endloop
  endfacet
  facet normal 0.401919 0.4583 0.792731
    outer loop
      vertex 0.83921 0.83921 8.85331
      vertex 0.608777 0.793374 8.99664
      vertex 0.707125 0.707125 8.99664
    endloop
  endfacet
  facet normal 0.269604 0.546707 0.792733
    outer loop
      vertex 0.59341 1.02782 8.85331
      vertex 0.382693 0.923903 8.99664
      vertex 0.500012 0.866048 8.99664
    endloop
  endfacet
  facet normal -0.351183 0.712086 0.607951
    outer loop
      vertex -0.517889 1.2503 8.68682
      vertex -0.748322 1.29613 8.50003
      vertex -0.676656 1.172 8.68682
    endloop
  endfacet
  facet normal 0.466722 0.53221 0.706345
    outer loop
      vertex 0.956935 0.956935 8.68682
      vertex 0.823843 1.07365 8.68682
      vertex 0.83921 0.83921 8.85331
    endloop
  endfacet
  facet normal 0.720458 0.481397 0.499196
    outer loop
      vertex 1.28077 0.982766 8.29612
      vertex 1.18737 0.911099 8.50003
      vertex 1.39809 0.807185 8.29612
    endloop
  endfacet
  facet normal 0.726339 0.636949 0.258318
    outer loop
      vertex 1.4006 1.07472 7.85116
      vertex 1.20525 1.20525 8.07859
      vertex 1.35225 1.03762 8.07859
    endloop
  endfacet
  facet normal 0.803267 0.536688 0.258317
    outer loop
      vertex 1.4006 1.07472 7.85116
      vertex 1.35225 1.03762 8.07859
      vertex 1.52889 0.882707 7.85116
    endloop
  endfacet
  facet normal 0.321434 0.946932 -0
    outer loop
      vertex 0.687355 1.65942 7.5
      vertex 0.464876 1.73494 7.61773
      vertex 0.687355 1.65942 7.61773
    endloop
  endfacet
  facet normal 0.321434 0.946932 0
    outer loop
      vertex 0.464876 1.73494 7.61773
      vertex 0.687355 1.65942 7.5
      vertex 0.464876 1.73494 7.5
    endloop
  endfacet
  facet normal 0.188463 0.947501 0.258309
    outer loop
      vertex 0.230433 1.75031 7.85116
      vertex 0.222478 1.68989 8.07859
      vertex 0.456923 1.70526 7.85116
    endloop
  endfacet
  facet normal -0.318696 0.938867 0.130233
    outer loop
      vertex -0.464876 1.73494 7.61773
      vertex -0.687355 1.65942 7.61773
      vertex -0.456923 1.70526 7.85116
    endloop
  endfacet
  facet normal -0.52349 0.59694 0.607964
    outer loop
      vertex -0.911099 1.18737 8.50003
      vertex -1.05829 1.05829 8.50003
      vertex -0.823843 1.07365 8.68682
    endloop
  endfacet
  facet normal 0.0977079 0.491194 0.865553
    outer loop
      vertex 0.258825 0.965951 8.99664
      vertex 0.103914 0.789309 9.11437
      vertex 0.206051 0.768992 9.11437
    endloop
  endfacet
  facet normal 0.138076 0.694261 0.706354
    outer loop
      vertex 0.350263 1.3072 8.68682
      vertex 0.176642 1.34173 8.68682
      vertex 0.307172 1.14638 8.85331
    endloop
  endfacet
  facet normal 0.63697 0.726328 0.258297
    outer loop
      vertex 1.24834 1.24834 7.85116
      vertex 1.07472 1.4006 7.85116
      vertex 1.20525 1.20525 8.07859
    endloop
  endfacet
  facet normal 0.922195 -0.060439 0.381973
    outer loop
      vertex 1.61437 0 8.29612
      vertex 1.60056 -0.210717 8.29612
      vertex 1.68989 -0.222478 8.07859
    endloop
  endfacet
  facet normal 0.906414 -0.180309 0.381973
    outer loop
      vertex 1.60056 -0.210717 8.29612
      vertex 1.55936 -0.41783 8.29612
      vertex 1.68989 -0.222478 8.07859
    endloop
  endfacet
  facet normal 0.670294 0.227528 0.706354
    outer loop
      vertex 1.2503 0.517889 8.68682
      vertex 1.09648 0.454177 8.85331
      vertex 1.14638 0.307172 8.85331
    endloop
  endfacet
  facet normal 0.577226 0.195944 0.792727
    outer loop
      vertex 1.14638 0.307172 8.85331
      vertex 0.923903 0.382693 8.99664
      vertex 0.965951 0.258825 8.99664
    endloop
  endfacet
  facet normal 0.660174 0.441097 0.60795
    outer loop
      vertex 1.18737 0.911099 8.50003
      vertex 1.172 0.676656 8.68682
      vertex 1.29613 0.748322 8.50003
    endloop
  endfacet
  facet normal 0.376539 0.330207 0.865553
    outer loop
      vertex 0.793374 0.608777 8.99664
      vertex 0.562942 0.562942 9.11437
      vertex 0.631603 0.484647 9.11437
    endloop
  endfacet
  facet normal 0.75184 0.255222 0.607946
    outer loop
      vertex 1.38272 0.572741 8.50003
      vertex 1.2503 0.517889 8.68682
      vertex 1.44565 0.38736 8.50003
    endloop
  endfacet
  facet normal 0.712093 0.351178 0.607946
    outer loop
      vertex 1.29613 0.748322 8.50003
      vertex 1.2503 0.517889 8.68682
      vertex 1.38272 0.572741 8.50003
    endloop
  endfacet
  facet normal 0.914795 0.310536 0.258299
    outer loop
      vertex 1.63103 0.675594 7.85116
      vertex 1.57473 0.652273 8.07859
      vertex 1.70526 0.456923 7.85116
    endloop
  endfacet
  facet normal 0.914797 0.310503 0.258329
    outer loop
      vertex 1.70526 0.456923 7.85116
      vertex 1.57473 0.652273 8.07859
      vertex 1.64639 0.44115 8.07859
    endloop
  endfacet
  facet normal 0.659327 0.751856 -0
    outer loop
      vertex 1.27007 1.27007 7.5
      vertex 1.09342 1.42498 7.61773
      vertex 1.27007 1.27007 7.61773
    endloop
  endfacet
  facet normal 0.659327 0.751856 0
    outer loop
      vertex 1.09342 1.42498 7.61773
      vertex 1.27007 1.27007 7.5
      vertex 1.09342 1.42498 7.5
    endloop
  endfacet
  facet normal 0.438507 0.88924 0.130244
    outer loop
      vertex 0.687355 1.65942 7.61773
      vertex 0.675594 1.63103 7.85116
      vertex 0.898072 1.55551 7.61773
    endloop
  endfacet
  facet normal -0.180311 0.906414 0.381971
    outer loop
      vertex -0.222478 1.68989 8.07859
      vertex -0.44115 1.64639 8.07859
      vertex -0.41783 1.55936 8.29612
    endloop
  endfacet
  facet normal 0.2696 0.546712 0.79273
    outer loop
      vertex 0.454177 1.09648 8.85331
      vertex 0.382693 0.923903 8.99664
      vertex 0.59341 1.02782 8.85331
    endloop
  endfacet
  facet normal -0.160983 0.47424 0.865552
    outer loop
      vertex -0.206051 0.768992 9.11437
      vertex -0.382693 0.923903 8.99664
      vertex -0.304662 0.735518 9.11437
    endloop
  endfacet
  facet normal -0.123231 0.363026 0.923594
    outer loop
      vertex -0.206051 0.768992 9.11437
      vertex -0.304662 0.735518 9.11437
      vertex -0.221416 0.534548 9.20447
    endloop
  endfacet
  facet normal 0.0833626 0.245576 0.965786
    outer loop
      vertex 0.221416 0.534548 9.20447
      vertex 0.0908871 0.339196 9.26541
      vertex 0.134383 0.324431 9.26541
    endloop
  endfacet
  facet normal 0.0726895 -0.108781 0.991405
    outer loop
      vertex 0.0716667 -0.0933971 9.29615
      vertex 0.0588627 -0.101953 9.29615
      vertex 0.213774 -0.278596 9.26541
    endloop
  endfacet
  facet normal 0.0833611 -0.245577 0.965786
    outer loop
      vertex 0.221416 -0.534548 9.20447
      vertex 0.0908871 -0.339196 9.26541
      vertex 0.14975 -0.558875 9.20447
    endloop
  endfacet
  facet normal -0.0420537 0.12389 0.991404
    outer loop
      vertex -0.0304689 0.113714 9.29615
      vertex -0.134383 0.324431 9.26541
      vertex -0.0450516 0.108764 9.29615
    endloop
  endfacet
  facet normal -0.130553 0.00855589 0.991404
    outer loop
      vertex -0.116718 0.0153656 9.29615
      vertex -0.348158 0.0458355 9.26541
      vertex -0.117725 0 9.29615
    endloop
  endfacet
  facet normal 0.232596 -0.1147 0.965786
    outer loop
      vertex 0.324431 -0.134383 9.26541
      vertex 0.304115 -0.175581 9.26541
      vertex 0.534548 -0.221416 9.20447
    endloop
  endfacet
  facet normal -0.1147 -0.232596 0.965786
    outer loop
      vertex -0.175581 -0.304115 9.26541
      vertex -0.221416 -0.534548 9.20447
      vertex -0.134383 -0.324431 9.26541
    endloop
  endfacet
  facet normal -0.803255 -0.536722 0.258285
    outer loop
      vertex -1.47612 -0.852237 8.07859
      vertex -1.52889 -0.882707 7.85116
      vertex -1.35225 -1.03762 8.07859
    endloop
  endfacet
  facet normal -0.86644 -0.427275 0.258299
    outer loop
      vertex -1.57473 -0.652273 8.07859
      vertex -1.63103 -0.675594 7.85116
      vertex -1.47612 -0.852237 8.07859
    endloop
  endfacet
  facet normal -0.546712 -0.2696 0.79273
    outer loop
      vertex -0.923903 -0.382693 8.99664
      vertex -1.09648 -0.454177 8.85331
      vertex -1.02782 -0.59341 8.85331
    endloop
  endfacet
  facet normal -0.720462 -0.481379 0.499209
    outer loop
      vertex -1.29613 -0.748322 8.50003
      vertex -1.39809 -0.807185 8.29612
      vertex -1.18737 -0.911099 8.50003
    endloop
  endfacet
  facet normal -0.33866 -0.506843 0.792729
    outer loop
      vertex -0.608777 -0.793374 8.99664
      vertex -0.722491 -0.941569 8.85331
      vertex -0.500012 -0.866048 8.99664
    endloop
  endfacet
  facet normal -0.466722 -0.53221 0.706345
    outer loop
      vertex -0.83921 -0.83921 8.85331
      vertex -0.956935 -0.956935 8.68682
      vertex -0.823843 -1.07365 8.68682
    endloop
  endfacet
  facet normal -0.906414 -0.180309 0.381973
    outer loop
      vertex -1.60056 -0.210717 8.29612
      vertex -1.68989 -0.222478 8.07859
      vertex -1.55936 -0.41783 8.29612
    endloop
  endfacet
  facet normal -0.922195 -0.060439 0.381973
    outer loop
      vertex -1.61437 0 8.29612
      vertex -1.68989 -0.222478 8.07859
      vertex -1.60056 -0.210717 8.29612
    endloop
  endfacet
  facet normal -0.751856 0.659327 0
    outer loop
      vertex -1.42498 1.09342 7.5
      vertex -1.27007 1.27007 7.61773
      vertex -1.27007 1.27007 7.5
    endloop
  endfacet
  facet normal -0.751856 0.659327 0
    outer loop
      vertex -1.27007 1.27007 7.61773
      vertex -1.42498 1.09342 7.5
      vertex -1.42498 1.09342 7.61773
    endloop
  endfacet
  facet normal -0.659327 0.751856 0
    outer loop
      vertex -1.09342 1.42498 7.5
      vertex -1.27007 1.27007 7.61773
      vertex -1.09342 1.42498 7.61773
    endloop
  endfacet
  facet normal -0.659327 0.751856 0
    outer loop
      vertex -1.27007 1.27007 7.61773
      vertex -1.09342 1.42498 7.5
      vertex -1.27007 1.27007 7.5
    endloop
  endfacet
  facet normal -0.745439 0.65373 0.130226
    outer loop
      vertex -1.24834 1.24834 7.85116
      vertex -1.42498 1.09342 7.61773
      vertex -1.4006 1.07472 7.85116
    endloop
  endfacet
  facet normal -0.65371 0.745452 0.130248
    outer loop
      vertex -1.09342 1.42498 7.61773
      vertex -1.27007 1.27007 7.61773
      vertex -1.24834 1.24834 7.85116
    endloop
  endfacet
  facet normal -0.321434 0.946932 0
    outer loop
      vertex -0.464876 1.73494 7.5
      vertex -0.687355 1.65942 7.61773
      vertex -0.464876 1.73494 7.61773
    endloop
  endfacet
  facet normal -0.321434 0.946932 0
    outer loop
      vertex -0.687355 1.65942 7.61773
      vertex -0.464876 1.73494 7.5
      vertex -0.687355 1.65942 7.5
    endloop
  endfacet
  facet normal -0.376004 0.074796 0.923594
    outer loop
      vertex -0.558875 0.14975 9.20447
      vertex -0.768992 0.206051 9.11437
      vertex -0.573641 0.0755205 9.20447
    endloop
  endfacet
  facet normal -0.499738 -0.0327503 0.865557
    outer loop
      vertex -0.796119 0 9.11437
      vertex -1.00003 0 8.99664
      vertex -0.789309 -0.103914 9.11437
    endloop
  endfacet
  facet normal -0.458303 0.401918 0.79273
    outer loop
      vertex -0.83921 0.83921 8.85331
      vertex -0.941569 0.722491 8.85331
      vertex -0.793374 0.608777 8.99664
    endloop
  endfacet
  facet normal -0.376539 0.330207 0.865553
    outer loop
      vertex -0.562942 0.562942 9.11437
      vertex -0.793374 0.608777 8.99664
      vertex -0.631603 0.484647 9.11437
    endloop
  endfacet
  facet normal -0.588569 0.393281 0.70634
    outer loop
      vertex -1.07365 0.823843 8.68682
      vertex -1.172 0.676656 8.68682
      vertex -0.941569 0.722491 8.85331
    endloop
  endfacet
  facet normal -0.466722 0.53221 0.706345
    outer loop
      vertex -0.823843 1.07365 8.68682
      vertex -0.956935 0.956935 8.68682
      vertex -0.83921 0.83921 8.85331
    endloop
  endfacet
  facet normal -0.778716 0.154872 0.60796
    outer loop
      vertex -1.3072 0.350263 8.68682
      vertex -1.48384 0.195351 8.50003
      vertex -1.34173 0.176642 8.68682
    endloop
  endfacet
  facet normal -0.864629 0.0566662 0.499205
    outer loop
      vertex -1.60056 0.210717 8.29612
      vertex -1.61437 0 8.29612
      vertex -1.49664 0 8.50003
    endloop
  endfacet
  facet normal -0.75184 0.255222 0.607946
    outer loop
      vertex -1.38272 0.572741 8.50003
      vertex -1.44565 0.38736 8.50003
      vertex -1.2503 0.517889 8.68682
    endloop
  endfacet
  facet normal -0.712093 0.351178 0.607946
    outer loop
      vertex -1.29613 0.748322 8.50003
      vertex -1.38272 0.572741 8.50003
      vertex -1.2503 0.517889 8.68682
    endloop
  endfacet
  facet normal -0.751839 -0.255209 0.607953
    outer loop
      vertex -1.3072 -0.350263 8.68682
      vertex -1.44565 -0.38736 8.50003
      vertex -1.2503 -0.517889 8.68682
    endloop
  endfacet
  facet normal -0.670294 -0.227529 0.706355
    outer loop
      vertex -1.14638 -0.307172 8.85331
      vertex -1.3072 -0.350263 8.68682
      vertex -1.2503 -0.517889 8.68682
    endloop
  endfacet
  facet normal -0.577225 -0.195936 0.79273
    outer loop
      vertex -0.923903 -0.382693 8.99664
      vertex -1.14638 -0.307172 8.85331
      vertex -1.09648 -0.454177 8.85331
    endloop
  endfacet
  facet normal -0.491198 -0.0977027 0.865551
    outer loop
      vertex -0.789309 -0.103914 9.11437
      vertex -0.99147 -0.130529 8.99664
      vertex -0.965951 -0.258825 8.99664
    endloop
  endfacet
  facet normal -0.726328 0.63697 0.258297
    outer loop
      vertex -1.24834 1.24834 7.85116
      vertex -1.4006 1.07472 7.85116
      vertex -1.20525 1.20525 8.07859
    endloop
  endfacet
  facet normal -0.550847 0.824384 0.130229
    outer loop
      vertex -0.898072 1.55551 7.61773
      vertex -1.09342 1.42498 7.61773
      vertex -1.07472 1.4006 7.85116
    endloop
  endfacet
  facet normal -0.88924 0.438507 0.130244
    outer loop
      vertex -1.55551 0.898072 7.61773
      vertex -1.65942 0.687355 7.61773
      vertex -1.63103 0.675594 7.85116
    endloop
  endfacet
  facet normal -0.938863 0.318706 0.130243
    outer loop
      vertex -1.65942 0.687355 7.61773
      vertex -1.70526 0.456923 7.85116
      vertex -1.63103 0.675594 7.85116
    endloop
  endfacet
  facet normal -0.906414 0.180311 0.381971
    outer loop
      vertex -1.64639 0.44115 8.07859
      vertex -1.68989 0.222478 8.07859
      vertex -1.55936 0.41783 8.29612
    endloop
  endfacet
  facet normal -0.906414 0.180309 0.381973
    outer loop
      vertex -1.55936 0.41783 8.29612
      vertex -1.68989 0.222478 8.07859
      vertex -1.60056 0.210717 8.29612
    endloop
  endfacet
  facet normal -0.997858 0.0654189 0
    outer loop
      vertex -1.79615 0 7.5
      vertex -1.78078 0.234444 7.61773
      vertex -1.78078 0.234444 7.5
    endloop
  endfacet
  facet normal -0.997858 0.0654189 0
    outer loop
      vertex -1.78078 0.234444 7.61773
      vertex -1.79615 0 7.5
      vertex -1.79615 0 7.61773
    endloop
  endfacet
  facet normal -0.52349 -0.59694 0.607964
    outer loop
      vertex -0.823843 -1.07365 8.68682
      vertex -1.05829 -1.05829 8.50003
      vertex -0.911099 -1.18737 8.50003
    endloop
  endfacet
  facet normal -0.651468 -0.571308 0.499196
    outer loop
      vertex -1.18737 -0.911099 8.50003
      vertex -1.28077 -0.982766 8.29612
      vertex -1.05829 -1.05829 8.50003
    endloop
  endfacet
  facet normal -0.513445 -0.768419 0.381977
    outer loop
      vertex -0.807185 -1.39809 8.29612
      vertex -1.03762 -1.35225 8.07859
      vertex -0.852237 -1.47612 8.07859
    endloop
  endfacet
  facet normal -0.536722 -0.803255 0.258285
    outer loop
      vertex -0.852237 -1.47612 8.07859
      vertex -1.03762 -1.35225 8.07859
      vertex -0.882707 -1.52889 7.85116
    endloop
  endfacet
  facet normal -0.659327 -0.751856 0
    outer loop
      vertex -1.27007 -1.27007 7.5
      vertex -1.09342 -1.42498 7.61773
      vertex -1.27007 -1.27007 7.61773
    endloop
  endfacet
  facet normal -0.659327 -0.751856 -0
    outer loop
      vertex -1.09342 -1.42498 7.61773
      vertex -1.27007 -1.27007 7.5
      vertex -1.09342 -1.42498 7.5
    endloop
  endfacet
  facet normal -0.550809 -0.824402 0.130269
    outer loop
      vertex -0.882707 -1.52889 7.85116
      vertex -1.07472 -1.4006 7.85116
      vertex -0.898072 -1.55551 7.61773
    endloop
  endfacet
  facet normal -0.726339 -0.636949 0.258318
    outer loop
      vertex -1.35225 -1.03762 8.07859
      vertex -1.4006 -1.07472 7.85116
      vertex -1.20525 -1.20525 8.07859
    endloop
  endfacet
  facet normal -0.768419 -0.513445 0.381977
    outer loop
      vertex -1.39809 -0.807185 8.29612
      vertex -1.47612 -0.852237 8.07859
      vertex -1.35225 -1.03762 8.07859
    endloop
  endfacet
  facet normal -0.726328 -0.63697 0.258297
    outer loop
      vertex -1.20525 -1.20525 8.07859
      vertex -1.4006 -1.07472 7.85116
      vertex -1.24834 -1.24834 7.85116
    endloop
  endfacet
  facet normal -0.89688 -0.442275 0
    outer loop
      vertex -1.55551 -0.898072 7.5
      vertex -1.65942 -0.687355 7.61773
      vertex -1.65942 -0.687355 7.5
    endloop
  endfacet
  facet normal -0.89688 -0.442275 0
    outer loop
      vertex -1.65942 -0.687355 7.61773
      vertex -1.55551 -0.898072 7.5
      vertex -1.55551 -0.898072 7.61773
    endloop
  endfacet
  facet normal -0.824384 -0.550847 0.130229
    outer loop
      vertex -1.4006 -1.07472 7.85116
      vertex -1.55551 -0.898072 7.61773
      vertex -1.42498 -1.09342 7.61773
    endloop
  endfacet
  facet normal -0.25277 -0.288237 0.923595
    outer loop
      vertex -0.352223 -0.459026 9.20447
      vertex -0.562942 -0.562942 9.11437
      vertex -0.484647 -0.631603 9.11437
    endloop
  endfacet
  facet normal -0.108784 -0.0726853 0.991404
    outer loop
      vertex -0.101953 -0.0588627 9.29615
      vertex -0.304115 -0.175581 9.26541
      vertex -0.278596 -0.213774 9.26541
    endloop
  endfacet
  facet normal -0.376005 -0.0747945 0.923594
    outer loop
      vertex -0.573641 -0.0755205 9.20447
      vertex -0.789309 -0.103914 9.11437
      vertex -0.768992 -0.206051 9.11437
    endloop
  endfacet
  facet normal -0.491194 -0.0977079 0.865553
    outer loop
      vertex -0.789309 -0.103914 9.11437
      vertex -0.965951 -0.258825 8.99664
      vertex -0.768992 -0.206051 9.11437
    endloop
  endfacet
  facet normal -0.0862649 -0.0983643 0.991404
    outer loop
      vertex -0.0832443 -0.0832443 9.29615
      vertex -0.248309 -0.248309 9.26541
      vertex -0.213774 -0.278596 9.26541
    endloop
  endfacet
  facet normal -0.343836 -0.16956 0.923594
    outer loop
      vertex -0.501074 -0.289295 9.20447
      vertex -0.735518 -0.304662 9.11437
      vertex -0.68946 -0.398059 9.11437
    endloop
  endfacet
  facet normal -0.278239 -0.416417 0.865552
    outer loop
      vertex -0.398059 -0.68946 9.11437
      vertex -0.608777 -0.793374 8.99664
      vertex -0.500012 -0.866048 8.99664
    endloop
  endfacet
  facet normal -0.0463063 -0.70636 0.706337
    outer loop
      vertex -0.154911 -1.17667 8.85331
      vertex -0.176642 -1.34173 8.68682
      vertex 0 -1.35331 8.68682
    endloop
  endfacet
  facet normal -0.278242 -0.416412 0.865553
    outer loop
      vertex -0.484647 -0.631603 9.11437
      vertex -0.608777 -0.793374 8.99664
      vertex -0.398059 -0.68946 9.11437
    endloop
  endfacet
  facet normal -0.401919 -0.4583 0.792731
    outer loop
      vertex -0.707125 -0.707125 8.99664
      vertex -0.83921 -0.83921 8.85331
      vertex -0.608777 -0.793374 8.99664
    endloop
  endfacet
  facet normal -0.278534 -0.820513 0.499177
    outer loop
      vertex -0.572741 -1.38272 8.50003
      vertex -0.617792 -1.49148 8.29612
      vertex -0.38736 -1.44565 8.50003
    endloop
  endfacet
  facet normal -0.180309 -0.906414 0.381973
    outer loop
      vertex -0.210717 -1.60056 8.29612
      vertex -0.41783 -1.55936 8.29612
      vertex -0.222478 -1.68989 8.07859
    endloop
  endfacet
  facet normal -0.16956 -0.343836 0.923594
    outer loop
      vertex -0.289295 -0.501074 9.20447
      vertex -0.398059 -0.68946 9.11437
      vertex -0.304662 -0.735518 9.11437
    endloop
  endfacet
  facet normal -0.221505 -0.449172 0.865552
    outer loop
      vertex -0.398059 -0.68946 9.11437
      vertex -0.500012 -0.866048 8.99664
      vertex -0.304662 -0.735518 9.11437
    endloop
  endfacet
  facet normal -0.0747945 -0.376005 0.923594
    outer loop
      vertex -0.0755205 -0.573641 9.20447
      vertex -0.206051 -0.768992 9.11437
      vertex -0.103914 -0.789309 9.11437
    endloop
  endfacet
  facet normal -0.0833626 -0.245576 0.965786
    outer loop
      vertex -0.134383 -0.324431 9.26541
      vertex -0.221416 -0.534548 9.20447
      vertex -0.0908871 -0.339196 9.26541
    endloop
  endfacet
  facet normal -0.499746 -0.032773 0.865552
    outer loop
      vertex -0.789309 -0.103914 9.11437
      vertex -1.00003 0 8.99664
      vertex -0.99147 -0.130529 8.99664
    endloop
  endfacet
  facet normal -0.70636 0.0463063 0.706337
    outer loop
      vertex -1.34173 0.176642 8.68682
      vertex -1.35331 0 8.68682
      vertex -1.17667 0.154911 8.85331
    endloop
  endfacet
  facet normal -0.577226 0.195944 0.792727
    outer loop
      vertex -0.923903 0.382693 8.99664
      vertex -1.14638 0.307172 8.85331
      vertex -0.965951 0.258825 8.99664
    endloop
  endfacet
  facet normal -0.491194 0.0977079 0.865553
    outer loop
      vertex -0.768992 0.206051 9.11437
      vertex -0.965951 0.258825 8.99664
      vertex -0.789309 0.103914 9.11437
    endloop
  endfacet
  facet normal -0.792267 0.0519381 0.60796
    outer loop
      vertex -1.34173 0.176642 8.68682
      vertex -1.48384 0.195351 8.50003
      vertex -1.35331 0 8.68682
    endloop
  endfacet
  facet normal -0.792282 -0.0519127 0.607943
    outer loop
      vertex -1.35331 0 8.68682
      vertex -1.49664 0 8.50003
      vertex -1.48384 -0.195351 8.50003
    endloop
  endfacet
  facet normal 0.188463 -0.947501 0.258309
    outer loop
      vertex 0.456923 -1.70526 7.85116
      vertex 0.222478 -1.68989 8.07859
      vertex 0.230433 -1.75031 7.85116
    endloop
  endfacet
  facet normal -0.169054 -0.849838 0.499195
    outer loop
      vertex -0.195351 -1.48384 8.50003
      vertex -0.41783 -1.55936 8.29612
      vertex -0.210717 -1.60056 8.29612
    endloop
  endfacet
  facet normal 0.536688 -0.803267 0.258317
    outer loop
      vertex 1.03762 -1.35225 8.07859
      vertex 0.882707 -1.52889 7.85116
      vertex 1.07472 -1.4006 7.85116
    endloop
  endfacet
  facet normal 0.536722 -0.803255 0.258285
    outer loop
      vertex 1.03762 -1.35225 8.07859
      vertex 0.852237 -1.47612 8.07859
      vertex 0.882707 -1.52889 7.85116
    endloop
  endfacet
  facet normal 0.76842 -0.513444 0.381976
    outer loop
      vertex 1.39809 -0.807185 8.29612
      vertex 1.28077 -0.982766 8.29612
      vertex 1.35225 -1.03762 8.07859
    endloop
  endfacet
  facet normal 0.694799 -0.609356 0.38202
    outer loop
      vertex 1.28077 -0.982766 8.29612
      vertex 1.14153 -1.14153 8.29612
      vertex 1.20525 -1.20525 8.07859
    endloop
  endfacet
  facet normal 0.875137 -0.297042 0.381971
    outer loop
      vertex 1.64639 -0.44115 8.07859
      vertex 1.55936 -0.41783 8.29612
      vertex 1.57473 -0.652273 8.07859
    endloop
  endfacet
  facet normal 0.914797 -0.310503 0.258329
    outer loop
      vertex 1.64639 -0.44115 8.07859
      vertex 1.57473 -0.652273 8.07859
      vertex 1.70526 -0.456923 7.85116
    endloop
  endfacet
  facet normal 0.65373 -0.745439 0.130226
    outer loop
      vertex 1.24834 -1.24834 7.85116
      vertex 1.07472 -1.4006 7.85116
      vertex 1.09342 -1.42498 7.61773
    endloop
  endfacet
  facet normal 0.938867 0.318696 0.130233
    outer loop
      vertex 1.73494 0.464876 7.61773
      vertex 1.65942 0.687355 7.61773
      vertex 1.70526 0.456923 7.85116
    endloop
  endfacet
  facet normal 0.745439 0.65373 0.130226
    outer loop
      vertex 1.42498 1.09342 7.61773
      vertex 1.24834 1.24834 7.85116
      vertex 1.4006 1.07472 7.85116
    endloop
  endfacet
  facet normal -0.193445 -0.972426 0.130256
    outer loop
      vertex -0.230433 -1.75031 7.85116
      vertex -0.464876 -1.73494 7.61773
      vertex -0.234444 -1.78078 7.61773
    endloop
  endfacet
  facet normal 0.849838 0.169054 0.499195
    outer loop
      vertex 1.55936 0.41783 8.29612
      vertex 1.48384 0.195351 8.50003
      vertex 1.60056 0.210717 8.29612
    endloop
  endfacet
  facet normal 0.849853 0.169033 0.499177
    outer loop
      vertex 1.55936 0.41783 8.29612
      vertex 1.44565 0.38736 8.50003
      vertex 1.48384 0.195351 8.50003
    endloop
  endfacet
  facet normal 0.906414 0.180309 0.381973
    outer loop
      vertex 1.68989 0.222478 8.07859
      vertex 1.55936 0.41783 8.29612
      vertex 1.60056 0.210717 8.29612
    endloop
  endfacet
  facet normal 0.864636 0.0566536 0.499195
    outer loop
      vertex 1.60056 0.210717 8.29612
      vertex 1.48384 0.195351 8.50003
      vertex 1.49664 0 8.50003
    endloop
  endfacet
  facet normal 0.297042 -0.875137 0.381971
    outer loop
      vertex 0.652273 -1.57473 8.07859
      vertex 0.41783 -1.55936 8.29612
      vertex 0.44115 -1.64639 8.07859
    endloop
  endfacet
  facet normal 0.481379 -0.720462 0.499209
    outer loop
      vertex 0.911099 -1.18737 8.50003
      vertex 0.748322 -1.29613 8.50003
      vertex 0.807185 -1.39809 8.29612
    endloop
  endfacet
  facet normal 0.52349 -0.59694 0.607964
    outer loop
      vertex 1.05829 -1.05829 8.50003
      vertex 0.823843 -1.07365 8.68682
      vertex 0.911099 -1.18737 8.50003
    endloop
  endfacet
  facet normal 0.481397 -0.720458 0.499196
    outer loop
      vertex 0.911099 -1.18737 8.50003
      vertex 0.807185 -1.39809 8.29612
      vertex 0.982766 -1.28077 8.29612
    endloop
  endfacet
  facet normal 0.195936 -0.577225 0.79273
    outer loop
      vertex 0.382693 -0.923903 8.99664
      vertex 0.307172 -1.14638 8.85331
      vertex 0.454177 -1.09648 8.85331
    endloop
  endfacet
  facet normal 0.169033 -0.849853 0.499177
    outer loop
      vertex 0.38736 -1.44565 8.50003
      vertex 0.195351 -1.48384 8.50003
      vertex 0.41783 -1.55936 8.29612
    endloop
  endfacet
  facet normal 0.441111 -0.660151 0.607966
    outer loop
      vertex 0.823843 -1.07365 8.68682
      vertex 0.676656 -1.172 8.68682
      vertex 0.911099 -1.18737 8.50003
    endloop
  endfacet
  facet normal 0.393281 -0.588569 0.70634
    outer loop
      vertex 0.722491 -0.941569 8.85331
      vertex 0.676656 -1.172 8.68682
      vertex 0.823843 -1.07365 8.68682
    endloop
  endfacet
  facet normal 0.11892 -0.597865 0.792727
    outer loop
      vertex 0.258825 -0.965951 8.99664
      vertex 0.130529 -0.99147 8.99664
      vertex 0.307172 -1.14638 8.85331
    endloop
  endfacet
  facet normal 0.33866 -0.506843 0.792729
    outer loop
      vertex 0.608777 -0.793374 8.99664
      vertex 0.500012 -0.866048 8.99664
      vertex 0.722491 -0.941569 8.85331
    endloop
  endfacet
  facet normal -0.138076 -0.694261 0.706354
    outer loop
      vertex -0.307172 -1.14638 8.85331
      vertex -0.350263 -1.3072 8.68682
      vertex -0.176642 -1.34173 8.68682
    endloop
  endfacet
  facet normal -0.0519381 -0.792267 0.60796
    outer loop
      vertex -0.176642 -1.34173 8.68682
      vertex -0.195351 -1.48384 8.50003
      vertex 0 -1.35331 8.68682
    endloop
  endfacet
  facet normal 0.195944 -0.577226 0.792727
    outer loop
      vertex 0.382693 -0.923903 8.99664
      vertex 0.258825 -0.965951 8.99664
      vertex 0.307172 -1.14638 8.85331
    endloop
  endfacet
  facet normal 0.154872 -0.778716 0.60796
    outer loop
      vertex 0.350263 -1.3072 8.68682
      vertex 0.176642 -1.34173 8.68682
      vertex 0.195351 -1.48384 8.50003
    endloop
  endfacet
  facet normal 0.828879 -0.408722 0.381976
    outer loop
      vertex 1.49148 -0.617792 8.29612
      vertex 1.39809 -0.807185 8.29612
      vertex 1.47612 -0.852237 8.07859
    endloop
  endfacet
  facet normal 0.777137 -0.383208 0.499209
    outer loop
      vertex 1.49148 -0.617792 8.29612
      vertex 1.29613 -0.748322 8.50003
      vertex 1.39809 -0.807185 8.29612
    endloop
  endfacet
  facet normal 0.449171 -0.221506 0.865552
    outer loop
      vertex 0.923903 -0.382693 8.99664
      vertex 0.735518 -0.304662 9.11437
      vertex 0.866048 -0.500012 8.99664
    endloop
  endfacet
  facet normal 0.546707 -0.269604 0.792733
    outer loop
      vertex 0.923903 -0.382693 8.99664
      vertex 0.866048 -0.500012 8.99664
      vertex 1.02782 -0.59341 8.85331
    endloop
  endfacet
  facet normal 0.416412 -0.278242 0.865553
    outer loop
      vertex 0.68946 -0.398059 9.11437
      vertex 0.631603 -0.484647 9.11437
      vertex 0.793374 -0.608777 8.99664
    endloop
  endfacet
  facet normal 0.215633 -0.144084 0.965786
    outer loop
      vertex 0.501074 -0.289295 9.20447
      vertex 0.278596 -0.213774 9.26541
      vertex 0.459026 -0.352223 9.20447
    endloop
  endfacet
  facet normal 0.221505 -0.449172 0.865552
    outer loop
      vertex 0.398059 -0.68946 9.11437
      vertex 0.304662 -0.735518 9.11437
      vertex 0.500012 -0.866048 8.99664
    endloop
  endfacet
  facet normal 0.160983 -0.47424 0.865552
    outer loop
      vertex 0.304662 -0.735518 9.11437
      vertex 0.206051 -0.768992 9.11437
      vertex 0.382693 -0.923903 8.99664
    endloop
  endfacet
  facet normal 0.58857 -0.393278 0.706341
    outer loop
      vertex 1.02782 -0.59341 8.85331
      vertex 0.941569 -0.722491 8.85331
      vertex 1.172 -0.676656 8.68682
    endloop
  endfacet
  facet normal 0.634875 -0.313076 0.706341
    outer loop
      vertex 1.09648 -0.454177 8.85331
      vertex 1.02782 -0.59341 8.85331
      vertex 1.172 -0.676656 8.68682
    endloop
  endfacet
  facet normal 0.108784 -0.0726853 0.991404
    outer loop
      vertex 0.304115 -0.175581 9.26541
      vertex 0.101953 -0.0588627 9.29615
      vertex 0.278596 -0.213774 9.26541
    endloop
  endfacet
  facet normal 0.0833626 -0.245576 0.965786
    outer loop
      vertex 0.134383 -0.324431 9.26541
      vertex 0.0908871 -0.339196 9.26541
      vertex 0.221416 -0.534548 9.20447
    endloop
  endfacet
  facet normal 0.160984 -0.474239 0.865552
    outer loop
      vertex 0.382693 -0.923903 8.99664
      vertex 0.206051 -0.768992 9.11437
      vertex 0.258825 -0.965951 8.99664
    endloop
  endfacet
  facet normal 0.0578667 0.11734 0.991404
    outer loop
      vertex 0.175581 0.304115 9.26541
      vertex 0.0450516 0.108764 9.29615
      vertex 0.0588627 0.101953 9.29615
    endloop
  endfacet
  facet normal 0.252771 -0.288235 0.923595
    outer loop
      vertex 0.409125 -0.409125 9.20447
      vertex 0.352223 -0.459026 9.20447
      vertex 0.562942 -0.562942 9.11437
    endloop
  endfacet
  facet normal 0.128319 0.0255222 0.991405
    outer loop
      vertex 0.348158 0.0458355 9.26541
      vertex 0.113714 0.0304689 9.29615
      vertex 0.116718 0.0153656 9.29615
    endloop
  endfacet
  facet normal 0.130553 0.00855589 0.991404
    outer loop
      vertex 0.348158 0.0458355 9.26541
      vertex 0.116718 0.0153656 9.29615
      vertex 0.117725 0 9.29615
    endloop
  endfacet
  facet normal 0.00855589 -0.130553 0.991404
    outer loop
      vertex 0.0153656 -0.116718 9.29615
      vertex 0 -0.117725 9.29615
      vertex 0.0458355 -0.348158 9.26541
    endloop
  endfacet
  facet normal 0.245577 0.0833611 0.965786
    outer loop
      vertex 0.534548 0.221416 9.20447
      vertex 0.339196 0.0908871 9.26541
      vertex 0.558875 0.14975 9.20447
    endloop
  endfacet
  facet normal 0.363026 0.123231 0.923594
    outer loop
      vertex 0.735518 0.304662 9.11437
      vertex 0.534548 0.221416 9.20447
      vertex 0.768992 0.206051 9.11437
    endloop
  endfacet
  facet normal -0.108781 -0.0726895 0.991405
    outer loop
      vertex -0.101953 -0.0588627 9.29615
      vertex -0.278596 -0.213774 9.26541
      vertex -0.0933971 -0.0716667 9.29615
    endloop
  endfacet
  facet normal 0.313076 0.634875 0.706341
    outer loop
      vertex 0.676656 1.172 8.68682
      vertex 0.454177 1.09648 8.85331
      vertex 0.59341 1.02782 8.85331
    endloop
  endfacet
  facet normal 0.11892 0.597865 0.792727
    outer loop
      vertex 0.307172 1.14638 8.85331
      vertex 0.130529 0.99147 8.99664
      vertex 0.258825 0.965951 8.99664
    endloop
  endfacet
  facet normal 0.16956 0.343836 0.923594
    outer loop
      vertex 0.304662 0.735518 9.11437
      vertex 0.221416 0.534548 9.20447
      vertex 0.289295 0.501074 9.20447
    endloop
  endfacet
  facet normal 0.25277 0.288237 0.923595
    outer loop
      vertex 0.484647 0.631603 9.11437
      vertex 0.352223 0.459026 9.20447
      vertex 0.562942 0.562942 9.11437
    endloop
  endfacet
  facet normal 0.31876 0.212991 0.923594
    outer loop
      vertex 0.631603 0.484647 9.11437
      vertex 0.459026 0.352223 9.20447
      vertex 0.68946 0.398059 9.11437
    endloop
  endfacet
  facet normal 0.47424 0.160983 0.865552
    outer loop
      vertex 0.923903 0.382693 8.99664
      vertex 0.735518 0.304662 9.11437
      vertex 0.768992 0.206051 9.11437
    endloop
  endfacet
  facet normal 0.383208 0.777137 0.499209
    outer loop
      vertex 0.807185 1.39809 8.29612
      vertex 0.617792 1.49148 8.29612
      vertex 0.748322 1.29613 8.50003
    endloop
  endfacet
  facet normal 0.169033 0.849853 0.499177
    outer loop
      vertex 0.41783 1.55936 8.29612
      vertex 0.195351 1.48384 8.50003
      vertex 0.38736 1.44565 8.50003
    endloop
  endfacet
  facet normal 0.310536 0.914795 0.258299
    outer loop
      vertex 0.675594 1.63103 7.85116
      vertex 0.456923 1.70526 7.85116
      vertex 0.652273 1.57473 8.07859
    endloop
  endfacet
  facet normal 0.408722 0.828879 0.381976
    outer loop
      vertex 0.852237 1.47612 8.07859
      vertex 0.617792 1.49148 8.29612
      vertex 0.807185 1.39809 8.29612
    endloop
  endfacet
  facet normal -0.0631751 0.963996 0.258303
    outer loop
      vertex 0 1.76541 7.85116
      vertex -0.222478 1.68989 8.07859
      vertex 0 1.70447 8.07859
    endloop
  endfacet
  facet normal 0.0604358 0.922197 0.38197
    outer loop
      vertex 0 1.70447 8.07859
      vertex 0 1.61437 8.29612
      vertex 0.222478 1.68989 8.07859
    endloop
  endfacet
  facet normal -0.297042 0.875137 0.381971
    outer loop
      vertex -0.44115 1.64639 8.07859
      vertex -0.652273 1.57473 8.07859
      vertex -0.41783 1.55936 8.29612
    endloop
  endfacet
  facet normal -0.0631694 0.963995 0.258308
    outer loop
      vertex 0 1.76541 7.85116
      vertex -0.230433 1.75031 7.85116
      vertex -0.222478 1.68989 8.07859
    endloop
  endfacet
  facet normal -0.0566536 0.864636 0.499195
    outer loop
      vertex 0 1.49664 8.50003
      vertex -0.210717 1.60056 8.29612
      vertex -0.195351 1.48384 8.50003
    endloop
  endfacet
  facet normal -0.0604358 0.922197 0.38197
    outer loop
      vertex 0 1.70447 8.07859
      vertex -0.222478 1.68989 8.07859
      vertex 0 1.61437 8.29612
    endloop
  endfacet
  facet normal 0.52349 0.59694 0.607964
    outer loop
      vertex 0.911099 1.18737 8.50003
      vertex 0.823843 1.07365 8.68682
      vertex 1.05829 1.05829 8.50003
    endloop
  endfacet
  facet normal 0.441111 0.660151 0.607966
    outer loop
      vertex 0.911099 1.18737 8.50003
      vertex 0.676656 1.172 8.68682
      vertex 0.823843 1.07365 8.68682
    endloop
  endfacet
  facet normal 0.46673 0.532208 0.706341
    outer loop
      vertex 0.823843 1.07365 8.68682
      vertex 0.722491 0.941569 8.85331
      vertex 0.83921 0.83921 8.85331
    endloop
  endfacet
  facet normal 0.401918 0.458303 0.79273
    outer loop
      vertex 0.722491 0.941569 8.85331
      vertex 0.608777 0.793374 8.99664
      vertex 0.83921 0.83921 8.85331
    endloop
  endfacet
  facet normal 0.330207 0.376539 0.865553
    outer loop
      vertex 0.608777 0.793374 8.99664
      vertex 0.484647 0.631603 9.11437
      vertex 0.562942 0.562942 9.11437
    endloop
  endfacet
  facet normal 0.330214 0.376536 0.865551
    outer loop
      vertex 0.608777 0.793374 8.99664
      vertex 0.562942 0.562942 9.11437
      vertex 0.707125 0.707125 8.99664
    endloop
  endfacet
  facet normal 0.0398905 0.60828 0.79272
    outer loop
      vertex 0 1.18682 8.85331
      vertex 0 1.00003 8.99664
      vertex 0.130529 0.99147 8.99664
    endloop
  endfacet
  facet normal 0.0977027 0.491198 0.865551
    outer loop
      vertex 0.130529 0.99147 8.99664
      vertex 0.103914 0.789309 9.11437
      vertex 0.258825 0.965951 8.99664
    endloop
  endfacet
  facet normal 0.634875 0.313076 0.706341
    outer loop
      vertex 1.172 0.676656 8.68682
      vertex 1.02782 0.59341 8.85331
      vertex 1.09648 0.454177 8.85331
    endloop
  endfacet
  facet normal 0.532208 0.46673 0.706341
    outer loop
      vertex 1.07365 0.823843 8.68682
      vertex 0.83921 0.83921 8.85331
      vertex 0.941569 0.722491 8.85331
    endloop
  endfacet
  facet normal 0.803255 0.536722 0.258285
    outer loop
      vertex 1.52889 0.882707 7.85116
      vertex 1.35225 1.03762 8.07859
      vertex 1.47612 0.852237 8.07859
    endloop
  endfacet
  facet normal 0.768419 0.513445 0.381977
    outer loop
      vertex 1.47612 0.852237 8.07859
      vertex 1.35225 1.03762 8.07859
      vertex 1.39809 0.807185 8.29612
    endloop
  endfacet
  facet normal 0.831464 0.555578 0
    outer loop
      vertex 1.55551 0.898072 7.61773
      vertex 1.42498 1.09342 7.5
      vertex 1.42498 1.09342 7.61773
    endloop
  endfacet
  facet normal 0.831464 0.555578 0
    outer loop
      vertex 1.42498 1.09342 7.5
      vertex 1.55551 0.898072 7.61773
      vertex 1.55551 0.898072 7.5
    endloop
  endfacet
  facet normal 0.726328 0.63697 0.258297
    outer loop
      vertex 1.24834 1.24834 7.85116
      vertex 1.20525 1.20525 8.07859
      vertex 1.4006 1.07472 7.85116
    endloop
  endfacet
  facet normal 0.0648616 0.989356 0.130257
    outer loop
      vertex 0.234444 1.78078 7.61773
      vertex 0 1.79615 7.61773
      vertex 0.230433 1.75031 7.85116
    endloop
  endfacet
  facet normal 0.0648312 0.989355 0.130286
    outer loop
      vertex 0 1.79615 7.61773
      vertex 0 1.76541 7.85116
      vertex 0.230433 1.75031 7.85116
    endloop
  endfacet
  facet normal -0.481397 0.720458 0.499196
    outer loop
      vertex -0.807185 1.39809 8.29612
      vertex -0.982766 1.28077 8.29612
      vertex -0.911099 1.18737 8.50003
    endloop
  endfacet
  facet normal -0.138076 0.694261 0.706354
    outer loop
      vertex -0.176642 1.34173 8.68682
      vertex -0.350263 1.3072 8.68682
      vertex -0.307172 1.14638 8.85331
    endloop
  endfacet
  facet normal -0.53221 0.466722 0.706345
    outer loop
      vertex -0.956935 0.956935 8.68682
      vertex -1.07365 0.823843 8.68682
      vertex -0.83921 0.83921 8.85331
    endloop
  endfacet
  facet normal -0.76842 0.513444 0.381976
    outer loop
      vertex -1.35225 1.03762 8.07859
      vertex -1.39809 0.807185 8.29612
      vertex -1.28077 0.982766 8.29612
    endloop
  endfacet
  facet normal -0.532208 0.46673 0.706341
    outer loop
      vertex -0.83921 0.83921 8.85331
      vertex -1.07365 0.823843 8.68682
      vertex -0.941569 0.722491 8.85331
    endloop
  endfacet
  facet normal -0.194984 0.170994 0.965786
    outer loop
      vertex -0.409125 0.409125 9.20447
      vertex -0.459026 0.352223 9.20447
      vertex -0.278596 0.213774 9.26541
    endloop
  endfacet
  facet normal 0.972426 -0.193445 0.130256
    outer loop
      vertex 1.75031 -0.230433 7.85116
      vertex 1.73494 -0.464876 7.61773
      vertex 1.78078 -0.234444 7.61773
    endloop
  endfacet
  facet normal 0.989356 -0.0648616 0.130257
    outer loop
      vertex 1.79615 0 7.61773
      vertex 1.75031 -0.230433 7.85116
      vertex 1.78078 -0.234444 7.61773
    endloop
  endfacet
  facet normal 0.972434 -0.193422 0.130232
    outer loop
      vertex 1.75031 -0.230433 7.85116
      vertex 1.70526 -0.456923 7.85116
      vertex 1.73494 -0.464876 7.61773
    endloop
  endfacet
  facet normal 0.938867 -0.318696 0.130233
    outer loop
      vertex 1.70526 -0.456923 7.85116
      vertex 1.65942 -0.687355 7.61773
      vertex 1.73494 -0.464876 7.61773
    endloop
  endfacet
  facet normal 0.597854 0.118934 0.792733
    outer loop
      vertex 1.14638 0.307172 8.85331
      vertex 0.99147 0.130529 8.99664
      vertex 1.17667 0.154911 8.85331
    endloop
  endfacet
  facet normal 0.694272 0.138115 0.706336
    outer loop
      vertex 1.34173 0.176642 8.68682
      vertex 1.14638 0.307172 8.85331
      vertex 1.17667 0.154911 8.85331
    endloop
  endfacet
  facet normal 0.458303 0.401918 0.79273
    outer loop
      vertex 0.83921 0.83921 8.85331
      vertex 0.793374 0.608777 8.99664
      vertex 0.941569 0.722491 8.85331
    endloop
  endfacet
  facet normal 0.4583 0.401919 0.792731
    outer loop
      vertex 0.83921 0.83921 8.85331
      vertex 0.707125 0.707125 8.99664
      vertex 0.793374 0.608777 8.99664
    endloop
  endfacet
  facet normal 0.58857 0.393278 0.706341
    outer loop
      vertex 1.172 0.676656 8.68682
      vertex 0.941569 0.722491 8.85331
      vertex 1.02782 0.59341 8.85331
    endloop
  endfacet
  facet normal 0.53221 0.466722 0.706345
    outer loop
      vertex 0.956935 0.956935 8.68682
      vertex 0.83921 0.83921 8.85331
      vertex 1.07365 0.823843 8.68682
    endloop
  endfacet
  facet normal 0.86644 0.427275 0.258299
    outer loop
      vertex 1.63103 0.675594 7.85116
      vertex 1.47612 0.852237 8.07859
      vertex 1.57473 0.652273 8.07859
    endloop
  endfacet
  facet normal 0.972434 0.193422 0.130232
    outer loop
      vertex 1.73494 0.464876 7.61773
      vertex 1.70526 0.456923 7.85116
      vertex 1.75031 0.230433 7.85116
    endloop
  endfacet
  facet normal 0.555578 0.831464 -0
    outer loop
      vertex 1.09342 1.42498 7.5
      vertex 0.898072 1.55551 7.61773
      vertex 1.09342 1.42498 7.61773
    endloop
  endfacet
  facet normal 0.555578 0.831464 0
    outer loop
      vertex 0.898072 1.55551 7.61773
      vertex 1.09342 1.42498 7.5
      vertex 0.898072 1.55551 7.5
    endloop
  endfacet
  facet normal -0.108781 0.0726895 0.991405
    outer loop
      vertex -0.0933971 0.0716667 9.29615
      vertex -0.278596 0.213774 9.26541
      vertex -0.101953 0.0588627 9.29615
    endloop
  endfacet
  facet normal -0.128319 -0.0255222 0.991405
    outer loop
      vertex -0.116718 -0.0153656 9.29615
      vertex -0.348158 -0.0458355 9.26541
      vertex -0.113714 -0.0304689 9.29615
    endloop
  endfacet
  facet normal 0.123229 0.363026 0.923594
    outer loop
      vertex 0.206051 0.768992 9.11437
      vertex 0.14975 0.558875 9.20447
      vertex 0.221416 0.534548 9.20447
    endloop
  endfacet
  facet normal 0.123231 0.363026 0.923594
    outer loop
      vertex 0.304662 0.735518 9.11437
      vertex 0.206051 0.768992 9.11437
      vertex 0.221416 0.534548 9.20447
    endloop
  endfacet
  facet normal -0.0833611 0.245577 0.965786
    outer loop
      vertex -0.14975 0.558875 9.20447
      vertex -0.221416 0.534548 9.20447
      vertex -0.0908871 0.339196 9.26541
    endloop
  endfacet
  facet normal 0.0250693 0.382551 0.923594
    outer loop
      vertex 0.103914 0.789309 9.11437
      vertex 0 0.57859 9.20447
      vertex 0.0755205 0.573641 9.20447
    endloop
  endfacet
  facet normal -0.0250704 0.382551 0.923594
    outer loop
      vertex 0 0.796119 9.11437
      vertex -0.103914 0.789309 9.11437
      vertex 0 0.57859 9.20447
    endloop
  endfacet
  facet normal -0.288235 -0.252771 0.923595
    outer loop
      vertex -0.459026 -0.352223 9.20447
      vertex -0.562942 -0.562942 9.11437
      vertex -0.409125 -0.409125 9.20447
    endloop
  endfacet
  facet normal 0.0169604 0.258785 0.965786
    outer loop
      vertex 0.0755205 0.573641 9.20447
      vertex 0 0.351162 9.26541
      vertex 0.0458355 0.348158 9.26541
    endloop
  endfacet
  facet normal -0.363026 0.123229 0.923594
    outer loop
      vertex -0.534548 0.221416 9.20447
      vertex -0.768992 0.206051 9.11437
      vertex -0.558875 0.14975 9.20447
    endloop
  endfacet
  facet normal -0.117341 0.0578646 0.991404
    outer loop
      vertex -0.304115 0.175581 9.26541
      vertex -0.324431 0.134383 9.26541
      vertex -0.108764 0.0450516 9.29615
    endloop
  endfacet
  facet normal 0.0862613 0.0983668 0.991405
    outer loop
      vertex 0.213774 0.278596 9.26541
      vertex 0.0716667 0.0933971 9.29615
      vertex 0.0832443 0.0832443 9.29615
    endloop
  endfacet
  facet normal -0.0862613 -0.0983668 0.991405
    outer loop
      vertex -0.0832443 -0.0832443 9.29615
      vertex -0.213774 -0.278596 9.26541
      vertex -0.0716667 -0.0933971 9.29615
    endloop
  endfacet
  facet normal 0.0420537 -0.12389 0.991404
    outer loop
      vertex 0.0450516 -0.108764 9.29615
      vertex 0.0304689 -0.113714 9.29615
      vertex 0.134383 -0.324431 9.26541
    endloop
  endfacet
  facet normal -0.245576 -0.0833626 0.965786
    outer loop
      vertex -0.339196 -0.0908871 9.26541
      vertex -0.534548 -0.221416 9.20447
      vertex -0.324431 -0.134383 9.26541
    endloop
  endfacet
  facet normal -0.803267 -0.536688 0.258317
    outer loop
      vertex -1.35225 -1.03762 8.07859
      vertex -1.52889 -0.882707 7.85116
      vertex -1.4006 -1.07472 7.85116
    endloop
  endfacet
  facet normal -0.88924 -0.438507 0.130244
    outer loop
      vertex -1.63103 -0.675594 7.85116
      vertex -1.65942 -0.687355 7.61773
      vertex -1.55551 -0.898072 7.61773
    endloop
  endfacet
  facet normal -0.820512 -0.278535 0.499178
    outer loop
      vertex -1.44565 -0.38736 8.50003
      vertex -1.55936 -0.41783 8.29612
      vertex -1.49148 -0.617792 8.29612
    endloop
  endfacet
  facet normal -0.875114 -0.29707 0.382
    outer loop
      vertex -1.55936 -0.41783 8.29612
      vertex -1.57473 -0.652273 8.07859
      vertex -1.49148 -0.617792 8.29612
    endloop
  endfacet
  facet normal -0.963996 -0.0631751 0.258303
    outer loop
      vertex -1.70447 0 8.07859
      vertex -1.76541 0 7.85116
      vertex -1.68989 -0.222478 8.07859
    endloop
  endfacet
  facet normal -0.922197 -0.0604358 0.38197
    outer loop
      vertex -1.61437 0 8.29612
      vertex -1.70447 0 8.07859
      vertex -1.68989 -0.222478 8.07859
    endloop
  endfacet
  facet normal -0.947492 -0.188483 0.258329
    outer loop
      vertex -1.68989 -0.222478 8.07859
      vertex -1.70526 -0.456923 7.85116
      vertex -1.64639 -0.44115 8.07859
    endloop
  endfacet
  facet normal -0.914797 -0.310503 0.258329
    outer loop
      vertex -1.64639 -0.44115 8.07859
      vertex -1.70526 -0.456923 7.85116
      vertex -1.57473 -0.652273 8.07859
    endloop
  endfacet
  facet normal -0.65373 0.745439 0.130226
    outer loop
      vertex -1.09342 1.42498 7.61773
      vertex -1.24834 1.24834 7.85116
      vertex -1.07472 1.4006 7.85116
    endloop
  endfacet
  facet normal -0.499738 0.0327503 0.865557
    outer loop
      vertex -0.789309 0.103914 9.11437
      vertex -1.00003 0 8.99664
      vertex -0.796119 0 9.11437
    endloop
  endfacet
  facet normal -0.382551 -0.0250693 0.923594
    outer loop
      vertex -0.57859 0 9.20447
      vertex -0.789309 -0.103914 9.11437
      vertex -0.573641 -0.0755205 9.20447
    endloop
  endfacet
  facet normal -0.212993 0.31876 0.923594
    outer loop
      vertex -0.289295 0.501074 9.20447
      vertex -0.398059 0.68946 9.11437
      vertex -0.352223 0.459026 9.20447
    endloop
  endfacet
  facet normal -0.288237 0.25277 0.923595
    outer loop
      vertex -0.562942 0.562942 9.11437
      vertex -0.631603 0.484647 9.11437
      vertex -0.459026 0.352223 9.20447
    endloop
  endfacet
  facet normal -0.59694 0.52349 0.607964
    outer loop
      vertex -1.05829 1.05829 8.50003
      vertex -1.18737 0.911099 8.50003
      vertex -1.07365 0.823843 8.68682
    endloop
  endfacet
  facet normal -0.660174 0.441097 0.60795
    outer loop
      vertex -1.18737 0.911099 8.50003
      vertex -1.29613 0.748322 8.50003
      vertex -1.172 0.676656 8.68682
    endloop
  endfacet
  facet normal -0.660151 0.441111 0.607966
    outer loop
      vertex -1.07365 0.823843 8.68682
      vertex -1.18737 0.911099 8.50003
      vertex -1.172 0.676656 8.68682
    endloop
  endfacet
  facet normal -0.506843 0.33866 0.792729
    outer loop
      vertex -0.793374 0.608777 8.99664
      vertex -0.941569 0.722491 8.85331
      vertex -0.866048 0.500012 8.99664
    endloop
  endfacet
  facet normal -0.393278 0.58857 0.706341
    outer loop
      vertex -0.676656 1.172 8.68682
      vertex -0.722491 0.941569 8.85331
      vertex -0.59341 1.02782 8.85331
    endloop
  endfacet
  facet normal -0.269604 0.546707 0.792733
    outer loop
      vertex -0.382693 0.923903 8.99664
      vertex -0.59341 1.02782 8.85331
      vertex -0.500012 0.866048 8.99664
    endloop
  endfacet
  facet normal -0.792267 -0.0519381 0.60796
    outer loop
      vertex -1.35331 0 8.68682
      vertex -1.48384 -0.195351 8.50003
      vertex -1.34173 -0.176642 8.68682
    endloop
  endfacet
  facet normal -0.70636 -0.0463063 0.706337
    outer loop
      vertex -1.17667 -0.154911 8.85331
      vertex -1.35331 0 8.68682
      vertex -1.34173 -0.176642 8.68682
    endloop
  endfacet
  facet normal -0.820513 0.278534 0.499177
    outer loop
      vertex -1.38272 0.572741 8.50003
      vertex -1.49148 0.617792 8.29612
      vertex -1.44565 0.38736 8.50003
    endloop
  endfacet
  facet normal -0.777135 0.383254 0.499177
    outer loop
      vertex -1.29613 0.748322 8.50003
      vertex -1.49148 0.617792 8.29612
      vertex -1.38272 0.572741 8.50003
    endloop
  endfacet
  facet normal -0.75184 -0.255222 0.607946
    outer loop
      vertex -1.2503 -0.517889 8.68682
      vertex -1.44565 -0.38736 8.50003
      vertex -1.38272 -0.572741 8.50003
    endloop
  endfacet
  facet normal -0.712086 -0.351183 0.607951
    outer loop
      vertex -1.2503 -0.517889 8.68682
      vertex -1.29613 -0.748322 8.50003
      vertex -1.172 -0.676656 8.68682
    endloop
  endfacet
  facet normal -0.58857 -0.393278 0.706341
    outer loop
      vertex -1.02782 -0.59341 8.85331
      vertex -1.172 -0.676656 8.68682
      vertex -0.941569 -0.722491 8.85331
    endloop
  endfacet
  facet normal -0.546707 -0.269604 0.792733
    outer loop
      vertex -0.923903 -0.382693 8.99664
      vertex -1.02782 -0.59341 8.85331
      vertex -0.866048 -0.500012 8.99664
    endloop
  endfacet
  facet normal -0.63697 0.726328 0.258297
    outer loop
      vertex -1.07472 1.4006 7.85116
      vertex -1.24834 1.24834 7.85116
      vertex -1.20525 1.20525 8.07859
    endloop
  endfacet
  facet normal -0.636949 0.726339 0.258318
    outer loop
      vertex -1.07472 1.4006 7.85116
      vertex -1.20525 1.20525 8.07859
      vertex -1.03762 1.35225 8.07859
    endloop
  endfacet
  facet normal -0.803267 0.536688 0.258317
    outer loop
      vertex -1.4006 1.07472 7.85116
      vertex -1.52889 0.882707 7.85116
      vertex -1.35225 1.03762 8.07859
    endloop
  endfacet
  facet normal -0.824402 0.550809 0.130269
    outer loop
      vertex -1.4006 1.07472 7.85116
      vertex -1.55551 0.898072 7.61773
      vertex -1.52889 0.882707 7.85116
    endloop
  endfacet
  facet normal -0.720458 -0.481397 0.499196
    outer loop
      vertex -1.18737 -0.911099 8.50003
      vertex -1.39809 -0.807185 8.29612
      vertex -1.28077 -0.982766 8.29612
    endloop
  endfacet
  facet normal -0.76842 -0.513444 0.381976
    outer loop
      vertex -1.28077 -0.982766 8.29612
      vertex -1.39809 -0.807185 8.29612
      vertex -1.35225 -1.03762 8.07859
    endloop
  endfacet
  facet normal -0.481379 -0.720462 0.499209
    outer loop
      vertex -0.748322 -1.29613 8.50003
      vertex -0.911099 -1.18737 8.50003
      vertex -0.807185 -1.39809 8.29612
    endloop
  endfacet
  facet normal -0.609331 -0.694844 0.381978
    outer loop
      vertex -0.982766 -1.28077 8.29612
      vertex -1.20525 -1.20525 8.07859
      vertex -1.03762 -1.35225 8.07859
    endloop
  endfacet
  facet normal -0.442275 -0.89688 0
    outer loop
      vertex -0.898072 -1.55551 7.5
      vertex -0.687355 -1.65942 7.61773
      vertex -0.898072 -1.55551 7.61773
    endloop
  endfacet
  facet normal -0.442275 -0.89688 -0
    outer loop
      vertex -0.687355 -1.65942 7.61773
      vertex -0.898072 -1.55551 7.5
      vertex -0.687355 -1.65942 7.5
    endloop
  endfacet
  facet normal -0.351183 -0.712086 0.607951
    outer loop
      vertex -0.676656 -1.172 8.68682
      vertex -0.748322 -1.29613 8.50003
      vertex -0.517889 -1.2503 8.68682
    endloop
  endfacet
  facet normal -0.297042 -0.875137 0.381971
    outer loop
      vertex -0.41783 -1.55936 8.29612
      vertex -0.652273 -1.57473 8.07859
      vertex -0.44115 -1.64639 8.07859
    endloop
  endfacet
  facet normal -0.481397 -0.720458 0.499196
    outer loop
      vertex -0.911099 -1.18737 8.50003
      vertex -0.982766 -1.28077 8.29612
      vertex -0.807185 -1.39809 8.29612
    endloop
  endfacet
  facet normal -0.351178 -0.712093 0.607946
    outer loop
      vertex -0.517889 -1.2503 8.68682
      vertex -0.748322 -1.29613 8.50003
      vertex -0.572741 -1.38272 8.50003
    endloop
  endfacet
  facet normal -0.321434 -0.946932 0
    outer loop
      vertex -0.687355 -1.65942 7.5
      vertex -0.464876 -1.73494 7.61773
      vertex -0.687355 -1.65942 7.61773
    endloop
  endfacet
  facet normal -0.321434 -0.946932 -0
    outer loop
      vertex -0.464876 -1.73494 7.61773
      vertex -0.687355 -1.65942 7.5
      vertex -0.464876 -1.73494 7.5
    endloop
  endfacet
  facet normal -0.65373 -0.745439 0.130226
    outer loop
      vertex -1.07472 -1.4006 7.85116
      vertex -1.24834 -1.24834 7.85116
      vertex -1.09342 -1.42498 7.61773
    endloop
  endfacet
  facet normal -0.65371 -0.745452 0.130248
    outer loop
      vertex -1.24834 -1.24834 7.85116
      vertex -1.27007 -1.27007 7.61773
      vertex -1.09342 -1.42498 7.61773
    endloop
  endfacet
  facet normal -0.694844 -0.609331 0.381978
    outer loop
      vertex -1.28077 -0.982766 8.29612
      vertex -1.35225 -1.03762 8.07859
      vertex -1.20525 -1.20525 8.07859
    endloop
  endfacet
  facet normal -0.694799 -0.609356 0.38202
    outer loop
      vertex -1.14153 -1.14153 8.29612
      vertex -1.28077 -0.982766 8.29612
      vertex -1.20525 -1.20525 8.07859
    endloop
  endfacet
  facet normal 0.19498 0.170997 0.965786
    outer loop
      vertex 0.409125 0.409125 9.20447
      vertex 0.248309 0.248309 9.26541
      vertex 0.278596 0.213774 9.26541
    endloop
  endfacet
  facet normal 0.254356 0.0505984 0.965786
    outer loop
      vertex 0.573641 0.0755205 9.20447
      vertex 0.339196 0.0908871 9.26541
      vertex 0.348158 0.0458355 9.26541
    endloop
  endfacet
  facet normal -0.254356 -0.0505984 0.965786
    outer loop
      vertex -0.348158 -0.0458355 9.26541
      vertex -0.573641 -0.0755205 9.20447
      vertex -0.339196 -0.0908871 9.26541
    endloop
  endfacet
  facet normal -0.577226 -0.195944 0.792727
    outer loop
      vertex -0.965951 -0.258825 8.99664
      vertex -1.14638 -0.307172 8.85331
      vertex -0.923903 -0.382693 8.99664
    endloop
  endfacet
  facet normal -0.343836 -0.16956 0.923594
    outer loop
      vertex -0.534548 -0.221416 9.20447
      vertex -0.735518 -0.304662 9.11437
      vertex -0.501074 -0.289295 9.20447
    endloop
  endfacet
  facet normal 0.0255261 -0.128319 0.991404
    outer loop
      vertex 0.0908871 -0.339196 9.26541
      vertex 0.0304689 -0.113714 9.29615
      vertex 0.0458355 -0.348158 9.26541
    endloop
  endfacet
  facet normal -0.363026 -0.123231 0.923594
    outer loop
      vertex -0.534548 -0.221416 9.20447
      vertex -0.768992 -0.206051 9.11437
      vertex -0.735518 -0.304662 9.11437
    endloop
  endfacet
  facet normal -0.31876 -0.212993 0.923594
    outer loop
      vertex -0.501074 -0.289295 9.20447
      vertex -0.68946 -0.398059 9.11437
      vertex -0.459026 -0.352223 9.20447
    endloop
  endfacet
  facet normal -0.416412 -0.278242 0.865553
    outer loop
      vertex -0.68946 -0.398059 9.11437
      vertex -0.793374 -0.608777 8.99664
      vertex -0.631603 -0.484647 9.11437
    endloop
  endfacet
  facet normal 0.118934 -0.597854 0.792733
    outer loop
      vertex 0.307172 -1.14638 8.85331
      vertex 0.130529 -0.99147 8.99664
      vertex 0.154911 -1.17667 8.85331
    endloop
  endfacet
  facet normal 0.144084 -0.215633 0.965786
    outer loop
      vertex 0.352223 -0.459026 9.20447
      vertex 0.213774 -0.278596 9.26541
      vertex 0.289295 -0.501074 9.20447
    endloop
  endfacet
  facet normal -0.338664 -0.506836 0.792732
    outer loop
      vertex -0.500012 -0.866048 8.99664
      vertex -0.722491 -0.941569 8.85331
      vertex -0.59341 -1.02782 8.85331
    endloop
  endfacet
  facet normal -0.195944 -0.577226 0.792727
    outer loop
      vertex -0.258825 -0.965951 8.99664
      vertex -0.382693 -0.923903 8.99664
      vertex -0.307172 -1.14638 8.85331
    endloop
  endfacet
  facet normal -0.393278 -0.58857 0.706341
    outer loop
      vertex -0.59341 -1.02782 8.85331
      vertex -0.722491 -0.941569 8.85331
      vertex -0.676656 -1.172 8.68682
    endloop
  endfacet
  facet normal -0.4583 -0.401919 0.792731
    outer loop
      vertex -0.793374 -0.608777 8.99664
      vertex -0.83921 -0.83921 8.85331
      vertex -0.707125 -0.707125 8.99664
    endloop
  endfacet
  facet normal -0.144084 -0.215633 0.965786
    outer loop
      vertex -0.213774 -0.278596 9.26541
      vertex -0.352223 -0.459026 9.20447
      vertex -0.289295 -0.501074 9.20447
    endloop
  endfacet
  facet normal -0.232595 -0.114703 0.965786
    outer loop
      vertex -0.304115 -0.175581 9.26541
      vertex -0.534548 -0.221416 9.20447
      vertex -0.501074 -0.289295 9.20447
    endloop
  endfacet
  facet normal -0.195936 -0.577225 0.79273
    outer loop
      vertex -0.382693 -0.923903 8.99664
      vertex -0.454177 -1.09648 8.85331
      vertex -0.307172 -1.14638 8.85331
    endloop
  endfacet
  facet normal -0.221506 -0.449171 0.865552
    outer loop
      vertex -0.304662 -0.735518 9.11437
      vertex -0.500012 -0.866048 8.99664
      vertex -0.382693 -0.923903 8.99664
    endloop
  endfacet
  facet normal -0.16956 -0.343836 0.923594
    outer loop
      vertex -0.289295 -0.501074 9.20447
      vertex -0.304662 -0.735518 9.11437
      vertex -0.221416 -0.534548 9.20447
    endloop
  endfacet
  facet normal -0.0505984 -0.254356 0.965786
    outer loop
      vertex -0.0458355 -0.348158 9.26541
      vertex -0.0908871 -0.339196 9.26541
      vertex -0.0755205 -0.573641 9.20447
    endloop
  endfacet
  facet normal -0.160983 -0.47424 0.865552
    outer loop
      vertex -0.304662 -0.735518 9.11437
      vertex -0.382693 -0.923903 8.99664
      vertex -0.206051 -0.768992 9.11437
    endloop
  endfacet
  facet normal -0.123231 -0.363026 0.923594
    outer loop
      vertex -0.221416 -0.534548 9.20447
      vertex -0.304662 -0.735518 9.11437
      vertex -0.206051 -0.768992 9.11437
    endloop
  endfacet
  facet normal -0.491198 0.0977027 0.865551
    outer loop
      vertex -0.965951 0.258825 8.99664
      vertex -0.99147 0.130529 8.99664
      vertex -0.789309 0.103914 9.11437
    endloop
  endfacet
  facet normal -0.546707 0.269604 0.792733
    outer loop
      vertex -0.866048 0.500012 8.99664
      vertex -1.02782 0.59341 8.85331
      vertex -0.923903 0.382693 8.99664
    endloop
  endfacet
  facet normal -0.363026 0.123231 0.923594
    outer loop
      vertex -0.735518 0.304662 9.11437
      vertex -0.768992 0.206051 9.11437
      vertex -0.534548 0.221416 9.20447
    endloop
  endfacet
  facet normal -0.474239 0.160984 0.865552
    outer loop
      vertex -0.923903 0.382693 8.99664
      vertex -0.965951 0.258825 8.99664
      vertex -0.768992 0.206051 9.11437
    endloop
  endfacet
  facet normal -0.694272 0.138115 0.706336
    outer loop
      vertex -1.14638 0.307172 8.85331
      vertex -1.34173 0.176642 8.68682
      vertex -1.17667 0.154911 8.85331
    endloop
  endfacet
  facet normal -0.706349 -0.046281 0.706349
    outer loop
      vertex -1.18682 0 8.85331
      vertex -1.35331 0 8.68682
      vertex -1.17667 -0.154911 8.85331
    endloop
  endfacet
  facet normal -0.849853 0.169033 0.499177
    outer loop
      vertex -1.44565 0.38736 8.50003
      vertex -1.55936 0.41783 8.29612
      vertex -1.48384 0.195351 8.50003
    endloop
  endfacet
  facet normal -0.849838 0.169054 0.499195
    outer loop
      vertex -1.55936 0.41783 8.29612
      vertex -1.60056 0.210717 8.29612
      vertex -1.48384 0.195351 8.50003
    endloop
  endfacet
  facet normal 0.180309 -0.906414 0.381973
    outer loop
      vertex 0.41783 -1.55936 8.29612
      vertex 0.210717 -1.60056 8.29612
      vertex 0.222478 -1.68989 8.07859
    endloop
  endfacet
  facet normal 0.060439 -0.922195 0.381973
    outer loop
      vertex 0.210717 -1.60056 8.29612
      vertex 0 -1.61437 8.29612
      vertex 0.222478 -1.68989 8.07859
    endloop
  endfacet
  facet normal -0.0648616 -0.989356 0.130257
    outer loop
      vertex -0.230433 -1.75031 7.85116
      vertex -0.234444 -1.78078 7.61773
      vertex 0 -1.79615 7.61773
    endloop
  endfacet
  facet normal 0.0648312 -0.989355 0.130286
    outer loop
      vertex 0 -1.76541 7.85116
      vertex 0 -1.79615 7.61773
      vertex 0.230433 -1.75031 7.85116
    endloop
  endfacet
  facet normal 0.63697 -0.726328 0.258297
    outer loop
      vertex 1.20525 -1.20525 8.07859
      vertex 1.07472 -1.4006 7.85116
      vertex 1.24834 -1.24834 7.85116
    endloop
  endfacet
  facet normal 0.513445 -0.768419 0.381977
    outer loop
      vertex 1.03762 -1.35225 8.07859
      vertex 0.807185 -1.39809 8.29612
      vertex 0.852237 -1.47612 8.07859
    endloop
  endfacet
  facet normal 0.824402 -0.550809 0.130269
    outer loop
      vertex 1.52889 -0.882707 7.85116
      vertex 1.4006 -1.07472 7.85116
      vertex 1.55551 -0.898072 7.61773
    endloop
  endfacet
  facet normal 0.745452 -0.65371 0.130248
    outer loop
      vertex 1.42498 -1.09342 7.61773
      vertex 1.24834 -1.24834 7.85116
      vertex 1.27007 -1.27007 7.61773
    endloop
  endfacet
  facet normal 0.947492 -0.188483 0.258329
    outer loop
      vertex 1.68989 -0.222478 8.07859
      vertex 1.64639 -0.44115 8.07859
      vertex 1.70526 -0.456923 7.85116
    endloop
  endfacet
  facet normal 0.906414 -0.180311 0.381971
    outer loop
      vertex 1.68989 -0.222478 8.07859
      vertex 1.55936 -0.41783 8.29612
      vertex 1.64639 -0.44115 8.07859
    endloop
  endfacet
  facet normal 0.65371 -0.745452 0.130248
    outer loop
      vertex 1.24834 -1.24834 7.85116
      vertex 1.09342 -1.42498 7.61773
      vertex 1.27007 -1.27007 7.61773
    endloop
  endfacet
  facet normal 0.946932 -0.321434 0
    outer loop
      vertex 1.65942 -0.687355 7.61773
      vertex 1.73494 -0.464876 7.5
      vertex 1.73494 -0.464876 7.61773
    endloop
  endfacet
  facet normal 0.946932 -0.321434 0
    outer loop
      vertex 1.73494 -0.464876 7.5
      vertex 1.65942 -0.687355 7.61773
      vertex 1.65942 -0.687355 7.5
    endloop
  endfacet
  facet normal 0.946932 0.321434 0
    outer loop
      vertex 1.73494 0.464876 7.61773
      vertex 1.65942 0.687355 7.5
      vertex 1.65942 0.687355 7.61773
    endloop
  endfacet
  facet normal 0.946932 0.321434 0
    outer loop
      vertex 1.65942 0.687355 7.5
      vertex 1.73494 0.464876 7.61773
      vertex 1.73494 0.464876 7.5
    endloop
  endfacet
  facet normal 0.89688 0.442275 0
    outer loop
      vertex 1.65942 0.687355 7.61773
      vertex 1.55551 0.898072 7.5
      vertex 1.55551 0.898072 7.61773
    endloop
  endfacet
  facet normal 0.89688 0.442275 0
    outer loop
      vertex 1.55551 0.898072 7.5
      vertex 1.65942 0.687355 7.61773
      vertex 1.65942 0.687355 7.5
    endloop
  endfacet
  facet normal 0.889225 0.438531 0.130271
    outer loop
      vertex 1.55551 0.898072 7.61773
      vertex 1.52889 0.882707 7.85116
      vertex 1.63103 0.675594 7.85116
    endloop
  endfacet
  facet normal 0.778716 0.154872 0.60796
    outer loop
      vertex 1.48384 0.195351 8.50003
      vertex 1.3072 0.350263 8.68682
      vertex 1.34173 0.176642 8.68682
    endloop
  endfacet
  facet normal 0.792267 0.0519381 0.60796
    outer loop
      vertex 1.48384 0.195351 8.50003
      vertex 1.34173 0.176642 8.68682
      vertex 1.35331 0 8.68682
    endloop
  endfacet
  facet normal 0.636949 -0.726339 0.258318
    outer loop
      vertex 1.20525 -1.20525 8.07859
      vertex 1.03762 -1.35225 8.07859
      vertex 1.07472 -1.4006 7.85116
    endloop
  endfacet
  facet normal 0.571308 -0.651468 0.499196
    outer loop
      vertex 1.05829 -1.05829 8.50003
      vertex 0.911099 -1.18737 8.50003
      vertex 0.982766 -1.28077 8.29612
    endloop
  endfacet
  facet normal 0.532208 -0.46673 0.706341
    outer loop
      vertex 0.941569 -0.722491 8.85331
      vertex 0.83921 -0.83921 8.85331
      vertex 1.07365 -0.823843 8.68682
    endloop
  endfacet
  facet normal 0.466722 -0.53221 0.706345
    outer loop
      vertex 0.83921 -0.83921 8.85331
      vertex 0.823843 -1.07365 8.68682
      vertex 0.956935 -0.956935 8.68682
    endloop
  endfacet
  facet normal 0.154885 -0.77872 0.607953
    outer loop
      vertex 0.350263 -1.3072 8.68682
      vertex 0.195351 -1.48384 8.50003
      vertex 0.38736 -1.44565 8.50003
    endloop
  endfacet
  facet normal 0.255209 -0.751839 0.607953
    outer loop
      vertex 0.517889 -1.2503 8.68682
      vertex 0.350263 -1.3072 8.68682
      vertex 0.38736 -1.44565 8.50003
    endloop
  endfacet
  facet normal 0.0398544 -0.608265 0.792733
    outer loop
      vertex 0.130529 -0.99147 8.99664
      vertex 0 -1.18682 8.85331
      vertex 0.154911 -1.17667 8.85331
    endloop
  endfacet
  facet normal -0.0977027 -0.491198 0.865551
    outer loop
      vertex -0.103914 -0.789309 9.11437
      vertex -0.258825 -0.965951 8.99664
      vertex -0.130529 -0.99147 8.99664
    endloop
  endfacet
  facet normal 0.597865 -0.11892 0.792727
    outer loop
      vertex 0.99147 -0.130529 8.99664
      vertex 0.965951 -0.258825 8.99664
      vertex 1.14638 -0.307172 8.85331
    endloop
  endfacet
  facet normal 0.491198 -0.0977027 0.865551
    outer loop
      vertex 0.99147 -0.130529 8.99664
      vertex 0.789309 -0.103914 9.11437
      vertex 0.965951 -0.258825 8.99664
    endloop
  endfacet
  facet normal 0.376536 -0.330214 0.865551
    outer loop
      vertex 0.793374 -0.608777 8.99664
      vertex 0.562942 -0.562942 9.11437
      vertex 0.707125 -0.707125 8.99664
    endloop
  endfacet
  facet normal 0.401918 -0.458303 0.79273
    outer loop
      vertex 0.83921 -0.83921 8.85331
      vertex 0.608777 -0.793374 8.99664
      vertex 0.722491 -0.941569 8.85331
    endloop
  endfacet
  facet normal 0.4583 -0.401919 0.792731
    outer loop
      vertex 0.793374 -0.608777 8.99664
      vertex 0.707125 -0.707125 8.99664
      vertex 0.83921 -0.83921 8.85331
    endloop
  endfacet
  facet normal 0.458303 -0.401918 0.79273
    outer loop
      vertex 0.941569 -0.722491 8.85331
      vertex 0.793374 -0.608777 8.99664
      vertex 0.83921 -0.83921 8.85331
    endloop
  endfacet
  facet normal 0.269604 -0.546707 0.792733
    outer loop
      vertex 0.500012 -0.866048 8.99664
      vertex 0.382693 -0.923903 8.99664
      vertex 0.59341 -1.02782 8.85331
    endloop
  endfacet
  facet normal 0.338664 -0.506836 0.792732
    outer loop
      vertex 0.722491 -0.941569 8.85331
      vertex 0.500012 -0.866048 8.99664
      vertex 0.59341 -1.02782 8.85331
    endloop
  endfacet
  facet normal 0.0578646 0.117341 0.991404
    outer loop
      vertex 0.134383 0.324431 9.26541
      vertex 0.0450516 0.108764 9.29615
      vertex 0.175581 0.304115 9.26541
    endloop
  endfacet
  facet normal 0.0505984 -0.254356 0.965786
    outer loop
      vertex 0.0908871 -0.339196 9.26541
      vertex 0.0458355 -0.348158 9.26541
      vertex 0.0755205 -0.573641 9.20447
    endloop
  endfacet
  facet normal 0.254356 0.0505974 0.965786
    outer loop
      vertex 0.558875 0.14975 9.20447
      vertex 0.339196 0.0908871 9.26541
      vertex 0.573641 0.0755205 9.20447
    endloop
  endfacet
  facet normal 0.128319 -0.0255261 0.991404
    outer loop
      vertex 0.348158 -0.0458355 9.26541
      vertex 0.113714 -0.0304689 9.29615
      vertex 0.339196 -0.0908871 9.26541
    endloop
  endfacet
  facet normal 0.032773 -0.499746 0.865552
    outer loop
      vertex 0.103914 -0.789309 9.11437
      vertex 0 -1.00003 8.99664
      vertex 0.130529 -0.99147 8.99664
    endloop
  endfacet
  facet normal 0.0977079 -0.491194 0.865553
    outer loop
      vertex 0.206051 -0.768992 9.11437
      vertex 0.103914 -0.789309 9.11437
      vertex 0.258825 -0.965951 8.99664
    endloop
  endfacet
  facet normal 0.330207 -0.376539 0.865553
    outer loop
      vertex 0.562942 -0.562942 9.11437
      vertex 0.484647 -0.631603 9.11437
      vertex 0.608777 -0.793374 8.99664
    endloop
  endfacet
  facet normal 0.343836 -0.16956 0.923594
    outer loop
      vertex 0.534548 -0.221416 9.20447
      vertex 0.501074 -0.289295 9.20447
      vertex 0.735518 -0.304662 9.11437
    endloop
  endfacet
  facet normal 0.232595 -0.114703 0.965786
    outer loop
      vertex 0.534548 -0.221416 9.20447
      vertex 0.304115 -0.175581 9.26541
      vertex 0.501074 -0.289295 9.20447
    endloop
  endfacet
  facet normal 0.0862649 -0.0983643 0.991404
    outer loop
      vertex 0.248309 -0.248309 9.26541
      vertex 0.0832443 -0.0832443 9.29615
      vertex 0.213774 -0.278596 9.26541
    endloop
  endfacet
  facet normal 0.258785 -0.0169604 0.965786
    outer loop
      vertex 0.351162 0 9.26541
      vertex 0.348158 -0.0458355 9.26541
      vertex 0.573641 -0.0755205 9.20447
    endloop
  endfacet
  facet normal 0.258785 -0.0169587 0.965786
    outer loop
      vertex 0.57859 0 9.20447
      vertex 0.351162 0 9.26541
      vertex 0.573641 -0.0755205 9.20447
    endloop
  endfacet
  facet normal 0.258785 0.0169587 0.965786
    outer loop
      vertex 0.573641 0.0755205 9.20447
      vertex 0.351162 0 9.26541
      vertex 0.57859 0 9.20447
    endloop
  endfacet
  facet normal 0.382551 0.0250693 0.923594
    outer loop
      vertex 0.789309 0.103914 9.11437
      vertex 0.573641 0.0755205 9.20447
      vertex 0.57859 0 9.20447
    endloop
  endfacet
  facet normal 0.11734 0.0578667 0.991404
    outer loop
      vertex 0.304115 0.175581 9.26541
      vertex 0.101953 0.0588627 9.29615
      vertex 0.108764 0.0450516 9.29615
    endloop
  endfacet
  facet normal 0.144079 0.215635 0.965786
    outer loop
      vertex 0.289295 0.501074 9.20447
      vertex 0.175581 0.304115 9.26541
      vertex 0.213774 0.278596 9.26541
    endloop
  endfacet
  facet normal 0.474239 0.160984 0.865552
    outer loop
      vertex 0.923903 0.382693 8.99664
      vertex 0.768992 0.206051 9.11437
      vertex 0.965951 0.258825 8.99664
    endloop
  endfacet
  facet normal 0.491194 0.0977079 0.865553
    outer loop
      vertex 0.965951 0.258825 8.99664
      vertex 0.768992 0.206051 9.11437
      vertex 0.789309 0.103914 9.11437
    endloop
  endfacet
  facet normal 0.506843 0.33866 0.792729
    outer loop
      vertex 0.941569 0.722491 8.85331
      vertex 0.793374 0.608777 8.99664
      vertex 0.866048 0.500012 8.99664
    endloop
  endfacet
  facet normal 0.416412 0.278242 0.865553
    outer loop
      vertex 0.793374 0.608777 8.99664
      vertex 0.631603 0.484647 9.11437
      vertex 0.68946 0.398059 9.11437
    endloop
  endfacet
  facet normal 0.313094 0.634852 0.706353
    outer loop
      vertex 0.517889 1.2503 8.68682
      vertex 0.454177 1.09648 8.85331
      vertex 0.676656 1.172 8.68682
    endloop
  endfacet
  facet normal 0.351183 0.712086 0.607951
    outer loop
      vertex 0.748322 1.29613 8.50003
      vertex 0.517889 1.2503 8.68682
      vertex 0.676656 1.172 8.68682
    endloop
  endfacet
  facet normal 0.338664 0.506836 0.792732
    outer loop
      vertex 0.59341 1.02782 8.85331
      vertex 0.500012 0.866048 8.99664
      vertex 0.722491 0.941569 8.85331
    endloop
  endfacet
  facet normal 0.393278 0.58857 0.706341
    outer loop
      vertex 0.676656 1.172 8.68682
      vertex 0.59341 1.02782 8.85331
      vertex 0.722491 0.941569 8.85331
    endloop
  endfacet
  facet normal 0.278535 0.820512 0.499178
    outer loop
      vertex 0.41783 1.55936 8.29612
      vertex 0.38736 1.44565 8.50003
      vertex 0.617792 1.49148 8.29612
    endloop
  endfacet
  facet normal 0.278534 0.820513 0.499177
    outer loop
      vertex 0.617792 1.49148 8.29612
      vertex 0.38736 1.44565 8.50003
      vertex 0.572741 1.38272 8.50003
    endloop
  endfacet
  facet normal 0.571344 0.651456 0.499171
    outer loop
      vertex 1.14153 1.14153 8.29612
      vertex 0.982766 1.28077 8.29612
      vertex 1.05829 1.05829 8.50003
    endloop
  endfacet
  facet normal 0.609356 0.694799 0.38202
    outer loop
      vertex 1.20525 1.20525 8.07859
      vertex 0.982766 1.28077 8.29612
      vertex 1.14153 1.14153 8.29612
    endloop
  endfacet
  facet normal 0.427292 0.866436 0.258283
    outer loop
      vertex 0.882707 1.52889 7.85116
      vertex 0.675594 1.63103 7.85116
      vertex 0.852237 1.47612 8.07859
    endloop
  endfacet
  facet normal 0.536722 0.803255 0.258285
    outer loop
      vertex 0.882707 1.52889 7.85116
      vertex 0.852237 1.47612 8.07859
      vertex 1.03762 1.35225 8.07859
    endloop
  endfacet
  facet normal -0.060439 0.922195 0.381973
    outer loop
      vertex 0 1.61437 8.29612
      vertex -0.222478 1.68989 8.07859
      vertex -0.210717 1.60056 8.29612
    endloop
  endfacet
  facet normal 0.0631751 0.963996 0.258303
    outer loop
      vertex 0 1.76541 7.85116
      vertex 0 1.70447 8.07859
      vertex 0.222478 1.68989 8.07859
    endloop
  endfacet
  facet normal -0.193445 0.972426 0.130256
    outer loop
      vertex -0.234444 1.78078 7.61773
      vertex -0.464876 1.73494 7.61773
      vertex -0.230433 1.75031 7.85116
    endloop
  endfacet
  facet normal -0.193422 0.972434 0.130232
    outer loop
      vertex -0.230433 1.75031 7.85116
      vertex -0.464876 1.73494 7.61773
      vertex -0.456923 1.70526 7.85116
    endloop
  endfacet
  facet normal -0.188463 0.947501 0.258309
    outer loop
      vertex -0.230433 1.75031 7.85116
      vertex -0.456923 1.70526 7.85116
      vertex -0.222478 1.68989 8.07859
    endloop
  endfacet
  facet normal -0.351178 0.712093 0.607946
    outer loop
      vertex -0.572741 1.38272 8.50003
      vertex -0.748322 1.29613 8.50003
      vertex -0.517889 1.2503 8.68682
    endloop
  endfacet
  facet normal -0.313094 0.634852 0.706353
    outer loop
      vertex -0.517889 1.2503 8.68682
      vertex -0.676656 1.172 8.68682
      vertex -0.454177 1.09648 8.85331
    endloop
  endfacet
  facet normal -0.169054 0.849838 0.499195
    outer loop
      vertex -0.210717 1.60056 8.29612
      vertex -0.41783 1.55936 8.29612
      vertex -0.195351 1.48384 8.50003
    endloop
  endfacet
  facet normal -0.0398544 0.608265 0.792733
    outer loop
      vertex 0 1.18682 8.85331
      vertex -0.154911 1.17667 8.85331
      vertex -0.130529 0.99147 8.99664
    endloop
  endfacet
  facet normal 0.0463063 0.70636 0.706337
    outer loop
      vertex 0.176642 1.34173 8.68682
      vertex 0 1.35331 8.68682
      vertex 0.154911 1.17667 8.85331
    endloop
  endfacet
  facet normal -0.138115 0.694272 0.706336
    outer loop
      vertex -0.176642 1.34173 8.68682
      vertex -0.307172 1.14638 8.85331
      vertex -0.154911 1.17667 8.85331
    endloop
  endfacet
  facet normal 0.160984 0.474239 0.865552
    outer loop
      vertex 0.258825 0.965951 8.99664
      vertex 0.206051 0.768992 9.11437
      vertex 0.382693 0.923903 8.99664
    endloop
  endfacet
  facet normal 0.160983 0.47424 0.865552
    outer loop
      vertex 0.382693 0.923903 8.99664
      vertex 0.206051 0.768992 9.11437
      vertex 0.304662 0.735518 9.11437
    endloop
  endfacet
  facet normal 0.138115 0.694272 0.706336
    outer loop
      vertex 0.176642 1.34173 8.68682
      vertex 0.154911 1.17667 8.85331
      vertex 0.307172 1.14638 8.85331
    endloop
  endfacet
  facet normal -0.255209 0.751839 0.607953
    outer loop
      vertex -0.38736 1.44565 8.50003
      vertex -0.517889 1.2503 8.68682
      vertex -0.350263 1.3072 8.68682
    endloop
  endfacet
  facet normal 0.29707 0.875114 0.382
    outer loop
      vertex 0.652273 1.57473 8.07859
      vertex 0.41783 1.55936 8.29612
      vertex 0.617792 1.49148 8.29612
    endloop
  endfacet
  facet normal 0.180311 0.906414 0.381971
    outer loop
      vertex 0.44115 1.64639 8.07859
      vertex 0.222478 1.68989 8.07859
      vertex 0.41783 1.55936 8.29612
    endloop
  endfacet
  facet normal -0.609356 0.694799 0.38202
    outer loop
      vertex -0.982766 1.28077 8.29612
      vertex -1.20525 1.20525 8.07859
      vertex -1.14153 1.14153 8.29612
    endloop
  endfacet
  facet normal -0.694799 0.609356 0.38202
    outer loop
      vertex -1.20525 1.20525 8.07859
      vertex -1.28077 0.982766 8.29612
      vertex -1.14153 1.14153 8.29612
    endloop
  endfacet
  facet normal -0.383254 0.777135 0.499177
    outer loop
      vertex -0.617792 1.49148 8.29612
      vertex -0.748322 1.29613 8.50003
      vertex -0.572741 1.38272 8.50003
    endloop
  endfacet
  facet normal -0.513445 0.768419 0.381977
    outer loop
      vertex -0.852237 1.47612 8.07859
      vertex -1.03762 1.35225 8.07859
      vertex -0.807185 1.39809 8.29612
    endloop
  endfacet
  facet normal 0.997858 -0.0654189 0
    outer loop
      vertex 1.78078 -0.234444 7.61773
      vertex 1.79615 0 7.5
      vertex 1.79615 0 7.61773
    endloop
  endfacet
  facet normal 0.997858 -0.0654189 0
    outer loop
      vertex 1.79615 0 7.5
      vertex 1.78078 -0.234444 7.61773
      vertex 1.78078 -0.234444 7.5
    endloop
  endfacet
  facet normal 0.608265 0.0398544 0.792733
    outer loop
      vertex 1.17667 0.154911 8.85331
      vertex 0.99147 0.130529 8.99664
      vertex 1.18682 0 8.85331
    endloop
  endfacet
  facet normal 0.60828 0.0398905 0.79272
    outer loop
      vertex 1.18682 0 8.85331
      vertex 0.99147 0.130529 8.99664
      vertex 1.00003 0 8.99664
    endloop
  endfacet
  facet normal 0.634852 0.313094 0.706353
    outer loop
      vertex 1.172 0.676656 8.68682
      vertex 1.09648 0.454177 8.85331
      vertex 1.2503 0.517889 8.68682
    endloop
  endfacet
  facet normal 0.712086 0.351183 0.607951
    outer loop
      vertex 1.29613 0.748322 8.50003
      vertex 1.172 0.676656 8.68682
      vertex 1.2503 0.517889 8.68682
    endloop
  endfacet
  facet normal 0.980782 0.195108 0
    outer loop
      vertex 1.78078 0.234444 7.61773
      vertex 1.73494 0.464876 7.5
      vertex 1.73494 0.464876 7.61773
    endloop
  endfacet
  facet normal 0.980782 0.195108 0
    outer loop
      vertex 1.73494 0.464876 7.5
      vertex 1.78078 0.234444 7.61773
      vertex 1.78078 0.234444 7.5
    endloop
  endfacet
  facet normal 0.170994 0.194984 0.965786
    outer loop
      vertex 0.352223 0.459026 9.20447
      vertex 0.213774 0.278596 9.26541
      vertex 0.409125 0.409125 9.20447
    endloop
  endfacet
  facet normal 0.144084 0.215633 0.965786
    outer loop
      vertex 0.289295 0.501074 9.20447
      vertex 0.213774 0.278596 9.26541
      vertex 0.352223 0.459026 9.20447
    endloop
  endfacet
  facet normal -0.0169587 0.258785 0.965786
    outer loop
      vertex 0 0.57859 9.20447
      vertex -0.0755205 0.573641 9.20447
      vertex 0 0.351162 9.26541
    endloop
  endfacet
  facet normal -0.0250693 0.382551 0.923594
    outer loop
      vertex 0 0.57859 9.20447
      vertex -0.103914 0.789309 9.11437
      vertex -0.0755205 0.573641 9.20447
    endloop
  endfacet
  facet normal 0.0169587 0.258785 0.965786
    outer loop
      vertex 0 0.57859 9.20447
      vertex 0 0.351162 9.26541
      vertex 0.0755205 0.573641 9.20447
    endloop
  endfacet
  facet normal 0.0327503 0.499738 0.865557
    outer loop
      vertex 0 1.00003 8.99664
      vertex 0 0.796119 9.11437
      vertex 0.103914 0.789309 9.11437
    endloop
  endfacet
  facet normal -0.0327503 0.499738 0.865557
    outer loop
      vertex 0 1.00003 8.99664
      vertex -0.103914 0.789309 9.11437
      vertex 0 0.796119 9.11437
    endloop
  endfacet
  facet normal -0.0983643 -0.0862649 0.991404
    outer loop
      vertex -0.0832443 -0.0832443 9.29615
      vertex -0.278596 -0.213774 9.26541
      vertex -0.248309 -0.248309 9.26541
    endloop
  endfacet
  facet normal -0.114703 -0.232595 0.965786
    outer loop
      vertex -0.175581 -0.304115 9.26541
      vertex -0.289295 -0.501074 9.20447
      vertex -0.221416 -0.534548 9.20447
    endloop
  endfacet
  facet normal -0.258785 0.0169604 0.965786
    outer loop
      vertex -0.348158 0.0458355 9.26541
      vertex -0.573641 0.0755205 9.20447
      vertex -0.351162 0 9.26541
    endloop
  endfacet
  facet normal -0.130552 -0.00855624 0.991404
    outer loop
      vertex -0.117725 0 9.29615
      vertex -0.351162 0 9.26541
      vertex -0.348158 -0.0458355 9.26541
    endloop
  endfacet
  facet normal -0.232595 0.114703 0.965786
    outer loop
      vertex -0.501074 0.289295 9.20447
      vertex -0.534548 0.221416 9.20447
      vertex -0.304115 0.175581 9.26541
    endloop
  endfacet
  facet normal -0.0983668 0.0862613 0.991405
    outer loop
      vertex -0.0832443 0.0832443 9.29615
      vertex -0.278596 0.213774 9.26541
      vertex -0.0933971 0.0716667 9.29615
    endloop
  endfacet
  facet normal -0.108784 0.0726853 0.991404
    outer loop
      vertex -0.278596 0.213774 9.26541
      vertex -0.304115 0.175581 9.26541
      vertex -0.101953 0.0588627 9.29615
    endloop
  endfacet
  facet normal -0.11734 0.0578667 0.991404
    outer loop
      vertex -0.101953 0.0588627 9.29615
      vertex -0.304115 0.175581 9.26541
      vertex -0.108764 0.0450516 9.29615
    endloop
  endfacet
  facet normal -0.0983643 0.0862649 0.991404
    outer loop
      vertex -0.248309 0.248309 9.26541
      vertex -0.278596 0.213774 9.26541
      vertex -0.0832443 0.0832443 9.29615
    endloop
  endfacet
  facet normal -0.25277 0.288237 0.923595
    outer loop
      vertex -0.484647 0.631603 9.11437
      vertex -0.562942 0.562942 9.11437
      vertex -0.352223 0.459026 9.20447
    endloop
  endfacet
  facet normal -0.00855589 -0.130553 0.991404
    outer loop
      vertex -0.0153656 -0.116718 9.29615
      vertex -0.0458355 -0.348158 9.26541
      vertex 0 -0.117725 9.29615
    endloop
  endfacet
  facet normal 0 0 1
    outer loop
      vertex 0.116718 0.0153656 9.29615
      vertex 0.116718 -0.0153656 9.29615
      vertex 0.117725 0 9.29615
    endloop
  endfacet
  facet normal 0 0 1
    outer loop
      vertex 0.113714 0.0304689 9.29615
      vertex 0.116718 -0.0153656 9.29615
      vertex 0.116718 0.0153656 9.29615
    endloop
  endfacet
  facet normal 0 0 1
    outer loop
      vertex 0.113714 0.0304689 9.29615
      vertex 0.113714 -0.0304689 9.29615
      vertex 0.116718 -0.0153656 9.29615
    endloop
  endfacet
  facet normal 0 0 1
    outer loop
      vertex 0.108764 0.0450516 9.29615
      vertex 0.113714 -0.0304689 9.29615
      vertex 0.113714 0.0304689 9.29615
    endloop
  endfacet
  facet normal 0 0 1
    outer loop
      vertex 0.108764 0.0450516 9.29615
      vertex 0.108764 -0.0450516 9.29615
      vertex 0.113714 -0.0304689 9.29615
    endloop
  endfacet
  facet normal 0 0 1
    outer loop
      vertex 0.101953 0.0588627 9.29615
      vertex 0.108764 -0.0450516 9.29615
      vertex 0.108764 0.0450516 9.29615
    endloop
  endfacet
  facet normal 0 0 1
    outer loop
      vertex 0.101953 0.0588627 9.29615
      vertex 0.101953 -0.0588627 9.29615
      vertex 0.108764 -0.0450516 9.29615
    endloop
  endfacet
  facet normal 0 0 1
    outer loop
      vertex 0.0933971 0.0716667 9.29615
      vertex 0.101953 -0.0588627 9.29615
      vertex 0.101953 0.0588627 9.29615
    endloop
  endfacet
  facet normal 0 0 1
    outer loop
      vertex 0.0933971 0.0716667 9.29615
      vertex 0.0933971 -0.0716667 9.29615
      vertex 0.101953 -0.0588627 9.29615
    endloop
  endfacet
  facet normal 0 0 1
    outer loop
      vertex 0.0832443 0.0832443 9.29615
      vertex 0.0933971 -0.0716667 9.29615
      vertex 0.0933971 0.0716667 9.29615
    endloop
  endfacet
  facet normal 0 0 1
    outer loop
      vertex 0.0832443 0.0832443 9.29615
      vertex 0.0832443 -0.0832443 9.29615
      vertex 0.0933971 -0.0716667 9.29615
    endloop
  endfacet
  facet normal 0 0 1
    outer loop
      vertex 0.0716667 0.0933971 9.29615
      vertex 0.0832443 -0.0832443 9.29615
      vertex 0.0832443 0.0832443 9.29615
    endloop
  endfacet
  facet normal 0 0 1
    outer loop
      vertex 0.0716667 0.0933971 9.29615
      vertex 0.0716667 -0.0933971 9.29615
      vertex 0.0832443 -0.0832443 9.29615
    endloop
  endfacet
  facet normal 0 0 1
    outer loop
      vertex 0.0588627 0.101953 9.29615
      vertex 0.0716667 -0.0933971 9.29615
      vertex 0.0716667 0.0933971 9.29615
    endloop
  endfacet
  facet normal 0 0 1
    outer loop
      vertex 0.0588627 0.101953 9.29615
      vertex 0.0588627 -0.101953 9.29615
      vertex 0.0716667 -0.0933971 9.29615
    endloop
  endfacet
  facet normal 0 0 1
    outer loop
      vertex 0.0450516 0.108764 9.29615
      vertex 0.0588627 -0.101953 9.29615
      vertex 0.0588627 0.101953 9.29615
    endloop
  endfacet
  facet normal 0 0 1
    outer loop
      vertex 0.0450516 0.108764 9.29615
      vertex 0.0450516 -0.108764 9.29615
      vertex 0.0588627 -0.101953 9.29615
    endloop
  endfacet
  facet normal 0 0 1
    outer loop
      vertex 0.0304689 0.113714 9.29615
      vertex 0.0450516 -0.108764 9.29615
      vertex 0.0450516 0.108764 9.29615
    endloop
  endfacet
  facet normal 0 0 1
    outer loop
      vertex 0.0304689 0.113714 9.29615
      vertex 0.0304689 -0.113714 9.29615
      vertex 0.0450516 -0.108764 9.29615
    endloop
  endfacet
  facet normal 0 0 1
    outer loop
      vertex 0.0153656 0.116718 9.29615
      vertex 0.0304689 -0.113714 9.29615
      vertex 0.0304689 0.113714 9.29615
    endloop
  endfacet
  facet normal 0 0 1
    outer loop
      vertex 0.0153656 0.116718 9.29615
      vertex 0.0153656 -0.116718 9.29615
      vertex 0.0304689 -0.113714 9.29615
    endloop
  endfacet
  facet normal 0 0 1
    outer loop
      vertex 0 0.117725 9.29615
      vertex 0.0153656 -0.116718 9.29615
      vertex 0.0153656 0.116718 9.29615
    endloop
  endfacet
  facet normal 0 0 1
    outer loop
      vertex 0 0.117725 9.29615
      vertex 0 -0.117725 9.29615
      vertex 0.0153656 -0.116718 9.29615
    endloop
  endfacet
  facet normal -0 0 1
    outer loop
      vertex -0.0153656 0.116718 9.29615
      vertex 0 -0.117725 9.29615
      vertex 0 0.117725 9.29615
    endloop
  endfacet
  facet normal 0 0 1
    outer loop
      vertex -0.0153656 0.116718 9.29615
      vertex -0.0153656 -0.116718 9.29615
      vertex 0 -0.117725 9.29615
    endloop
  endfacet
  facet normal -0 0 1
    outer loop
      vertex -0.0304689 0.113714 9.29615
      vertex -0.0153656 -0.116718 9.29615
      vertex -0.0153656 0.116718 9.29615
    endloop
  endfacet
  facet normal 0 0 1
    outer loop
      vertex -0.0304689 0.113714 9.29615
      vertex -0.0304689 -0.113714 9.29615
      vertex -0.0153656 -0.116718 9.29615
    endloop
  endfacet
  facet normal -0 0 1
    outer loop
      vertex -0.0450516 0.108764 9.29615
      vertex -0.0304689 -0.113714 9.29615
      vertex -0.0304689 0.113714 9.29615
    endloop
  endfacet
  facet normal 0 0 1
    outer loop
      vertex -0.0450516 0.108764 9.29615
      vertex -0.0450516 -0.108764 9.29615
      vertex -0.0304689 -0.113714 9.29615
    endloop
  endfacet
  facet normal -0 0 1
    outer loop
      vertex -0.0588627 0.101953 9.29615
      vertex -0.0450516 -0.108764 9.29615
      vertex -0.0450516 0.108764 9.29615
    endloop
  endfacet
  facet normal 0 0 1
    outer loop
      vertex -0.0588627 0.101953 9.29615
      vertex -0.0588627 -0.101953 9.29615
      vertex -0.0450516 -0.108764 9.29615
    endloop
  endfacet
  facet normal -0 0 1
    outer loop
      vertex -0.0716667 0.0933971 9.29615
      vertex -0.0588627 -0.101953 9.29615
      vertex -0.0588627 0.101953 9.29615
    endloop
  endfacet
  facet normal 0 0 1
    outer loop
      vertex -0.0716667 0.0933971 9.29615
      vertex -0.0716667 -0.0933971 9.29615
      vertex -0.0588627 -0.101953 9.29615
    endloop
  endfacet
  facet normal -0 0 1
    outer loop
      vertex -0.0832443 0.0832443 9.29615
      vertex -0.0716667 -0.0933971 9.29615
      vertex -0.0716667 0.0933971 9.29615
    endloop
  endfacet
  facet normal 0 0 1
    outer loop
      vertex -0.0832443 0.0832443 9.29615
      vertex -0.0832443 -0.0832443 9.29615
      vertex -0.0716667 -0.0933971 9.29615
    endloop
  endfacet
  facet normal -0 0 1
    outer loop
      vertex -0.0933971 0.0716667 9.29615
      vertex -0.0832443 -0.0832443 9.29615
      vertex -0.0832443 0.0832443 9.29615
    endloop
  endfacet
  facet normal 0 0 1
    outer loop
      vertex -0.0933971 0.0716667 9.29615
      vertex -0.0933971 -0.0716667 9.29615
      vertex -0.0832443 -0.0832443 9.29615
    endloop
  endfacet
  facet normal -0 0 1
    outer loop
      vertex -0.101953 0.0588627 9.29615
      vertex -0.0933971 -0.0716667 9.29615
      vertex -0.0933971 0.0716667 9.29615
    endloop
  endfacet
  facet normal 0 0 1
    outer loop
      vertex -0.101953 0.0588627 9.29615
      vertex -0.101953 -0.0588627 9.29615
      vertex -0.0933971 -0.0716667 9.29615
    endloop
  endfacet
  facet normal -0 0 1
    outer loop
      vertex -0.108764 0.0450516 9.29615
      vertex -0.101953 -0.0588627 9.29615
      vertex -0.101953 0.0588627 9.29615
    endloop
  endfacet
  facet normal 0 0 1
    outer loop
      vertex -0.108764 0.0450516 9.29615
      vertex -0.108764 -0.0450516 9.29615
      vertex -0.101953 -0.0588627 9.29615
    endloop
  endfacet
  facet normal -0 0 1
    outer loop
      vertex -0.113714 0.0304689 9.29615
      vertex -0.108764 -0.0450516 9.29615
      vertex -0.108764 0.0450516 9.29615
    endloop
  endfacet
  facet normal 0 0 1
    outer loop
      vertex -0.113714 0.0304689 9.29615
      vertex -0.113714 -0.0304689 9.29615
      vertex -0.108764 -0.0450516 9.29615
    endloop
  endfacet
  facet normal -0 0 1
    outer loop
      vertex -0.116718 0.0153656 9.29615
      vertex -0.113714 -0.0304689 9.29615
      vertex -0.113714 0.0304689 9.29615
    endloop
  endfacet
  facet normal 0 0 1
    outer loop
      vertex -0.116718 0.0153656 9.29615
      vertex -0.116718 -0.0153656 9.29615
      vertex -0.113714 -0.0304689 9.29615
    endloop
  endfacet
  facet normal 0 -0 1
    outer loop
      vertex -0.116718 -0.0153656 9.29615
      vertex -0.116718 0.0153656 9.29615
      vertex -0.117725 0 9.29615
    endloop
  endfacet
  facet normal 0.00855624 -0.130552 0.991404
    outer loop
      vertex 0 -0.117725 9.29615
      vertex 0 -0.351162 9.26541
      vertex 0.0458355 -0.348158 9.26541
    endloop
  endfacet
  facet normal -0.0255261 0.128319 0.991404
    outer loop
      vertex -0.0458355 0.348158 9.26541
      vertex -0.0908871 0.339196 9.26541
      vertex -0.0304689 0.113714 9.29615
    endloop
  endfacet
  facet normal 0.0505984 0.254356 0.965786
    outer loop
      vertex 0.0755205 0.573641 9.20447
      vertex 0.0458355 0.348158 9.26541
      vertex 0.0908871 0.339196 9.26541
    endloop
  endfacet
  facet normal -0.330207 0.376539 0.865553
    outer loop
      vertex -0.484647 0.631603 9.11437
      vertex -0.608777 0.793374 8.99664
      vertex -0.562942 0.562942 9.11437
    endloop
  endfacet
  facet normal -0.170994 0.194984 0.965786
    outer loop
      vertex -0.352223 0.459026 9.20447
      vertex -0.409125 0.409125 9.20447
      vertex -0.213774 0.278596 9.26541
    endloop
  endfacet
  facet normal -0.831464 -0.555578 0
    outer loop
      vertex -1.42498 -1.09342 7.5
      vertex -1.55551 -0.898072 7.61773
      vertex -1.55551 -0.898072 7.5
    endloop
  endfacet
  facet normal -0.831464 -0.555578 0
    outer loop
      vertex -1.55551 -0.898072 7.61773
      vertex -1.42498 -1.09342 7.5
      vertex -1.42498 -1.09342 7.61773
    endloop
  endfacet
  facet normal -0.889225 -0.438531 0.130271
    outer loop
      vertex -1.52889 -0.882707 7.85116
      vertex -1.63103 -0.675594 7.85116
      vertex -1.55551 -0.898072 7.61773
    endloop
  endfacet
  facet normal -0.824402 -0.550809 0.130269
    outer loop
      vertex -1.52889 -0.882707 7.85116
      vertex -1.55551 -0.898072 7.61773
      vertex -1.4006 -1.07472 7.85116
    endloop
  endfacet
  facet normal -0.820513 -0.278534 0.499177
    outer loop
      vertex -1.44565 -0.38736 8.50003
      vertex -1.49148 -0.617792 8.29612
      vertex -1.38272 -0.572741 8.50003
    endloop
  endfacet
  facet normal -0.777135 -0.383254 0.499177
    outer loop
      vertex -1.38272 -0.572741 8.50003
      vertex -1.49148 -0.617792 8.29612
      vertex -1.29613 -0.748322 8.50003
    endloop
  endfacet
  facet normal -0.89688 0.442275 0
    outer loop
      vertex -1.65942 0.687355 7.5
      vertex -1.55551 0.898072 7.61773
      vertex -1.55551 0.898072 7.5
    endloop
  endfacet
  facet normal -0.89688 0.442275 0
    outer loop
      vertex -1.55551 0.898072 7.61773
      vertex -1.65942 0.687355 7.5
      vertex -1.65942 0.687355 7.61773
    endloop
  endfacet
  facet normal -0.555578 0.831464 0
    outer loop
      vertex -0.898072 1.55551 7.5
      vertex -1.09342 1.42498 7.61773
      vertex -0.898072 1.55551 7.61773
    endloop
  endfacet
  facet normal -0.555578 0.831464 0
    outer loop
      vertex -1.09342 1.42498 7.61773
      vertex -0.898072 1.55551 7.5
      vertex -1.09342 1.42498 7.5
    endloop
  endfacet
  facet normal -0.258785 0.0169587 0.965786
    outer loop
      vertex -0.573641 0.0755205 9.20447
      vertex -0.57859 0 9.20447
      vertex -0.351162 0 9.26541
    endloop
  endfacet
  facet normal -0.258785 -0.0169587 0.965786
    outer loop
      vertex -0.351162 0 9.26541
      vertex -0.57859 0 9.20447
      vertex -0.573641 -0.0755205 9.20447
    endloop
  endfacet
  facet normal -0.382551 -0.0250704 0.923594
    outer loop
      vertex -0.57859 0 9.20447
      vertex -0.796119 0 9.11437
      vertex -0.789309 -0.103914 9.11437
    endloop
  endfacet
  facet normal -0.382551 0.0250704 0.923594
    outer loop
      vertex -0.789309 0.103914 9.11437
      vertex -0.796119 0 9.11437
      vertex -0.57859 0 9.20447
    endloop
  endfacet
  facet normal -0.144084 0.215633 0.965786
    outer loop
      vertex -0.289295 0.501074 9.20447
      vertex -0.352223 0.459026 9.20447
      vertex -0.213774 0.278596 9.26541
    endloop
  endfacet
  facet normal -0.19498 0.170997 0.965786
    outer loop
      vertex -0.248309 0.248309 9.26541
      vertex -0.409125 0.409125 9.20447
      vertex -0.278596 0.213774 9.26541
    endloop
  endfacet
  facet normal -0.401918 0.458303 0.79273
    outer loop
      vertex -0.722491 0.941569 8.85331
      vertex -0.83921 0.83921 8.85331
      vertex -0.608777 0.793374 8.99664
    endloop
  endfacet
  facet normal -0.651468 0.571308 0.499196
    outer loop
      vertex -1.05829 1.05829 8.50003
      vertex -1.28077 0.982766 8.29612
      vertex -1.18737 0.911099 8.50003
    endloop
  endfacet
  facet normal -0.416412 0.278242 0.865553
    outer loop
      vertex -0.631603 0.484647 9.11437
      vertex -0.793374 0.608777 8.99664
      vertex -0.68946 0.398059 9.11437
    endloop
  endfacet
  facet normal -0.31876 0.212991 0.923594
    outer loop
      vertex -0.631603 0.484647 9.11437
      vertex -0.68946 0.398059 9.11437
      vertex -0.459026 0.352223 9.20447
    endloop
  endfacet
  facet normal -0.376536 0.330214 0.865551
    outer loop
      vertex -0.707125 0.707125 8.99664
      vertex -0.793374 0.608777 8.99664
      vertex -0.562942 0.562942 9.11437
    endloop
  endfacet
  facet normal -0.330214 0.376536 0.865551
    outer loop
      vertex -0.608777 0.793374 8.99664
      vertex -0.707125 0.707125 8.99664
      vertex -0.562942 0.562942 9.11437
    endloop
  endfacet
  facet normal -0.46673 0.532208 0.706341
    outer loop
      vertex -0.823843 1.07365 8.68682
      vertex -0.83921 0.83921 8.85331
      vertex -0.722491 0.941569 8.85331
    endloop
  endfacet
  facet normal -0.393281 0.588569 0.70634
    outer loop
      vertex -0.676656 1.172 8.68682
      vertex -0.823843 1.07365 8.68682
      vertex -0.722491 0.941569 8.85331
    endloop
  endfacet
  facet normal -0.195936 0.577225 0.79273
    outer loop
      vertex -0.307172 1.14638 8.85331
      vertex -0.454177 1.09648 8.85331
      vertex -0.382693 0.923903 8.99664
    endloop
  endfacet
  facet normal -0.313076 0.634875 0.706341
    outer loop
      vertex -0.454177 1.09648 8.85331
      vertex -0.676656 1.172 8.68682
      vertex -0.59341 1.02782 8.85331
    endloop
  endfacet
  facet normal -0.828879 0.408722 0.381976
    outer loop
      vertex -1.47612 0.852237 8.07859
      vertex -1.49148 0.617792 8.29612
      vertex -1.39809 0.807185 8.29612
    endloop
  endfacet
  facet normal -0.777137 0.383208 0.499209
    outer loop
      vertex -1.39809 0.807185 8.29612
      vertex -1.49148 0.617792 8.29612
      vertex -1.29613 0.748322 8.50003
    endloop
  endfacet
  facet normal -0.694261 -0.138076 0.706354
    outer loop
      vertex -1.14638 -0.307172 8.85331
      vertex -1.34173 -0.176642 8.68682
      vertex -1.3072 -0.350263 8.68682
    endloop
  endfacet
  facet normal -0.778716 -0.154872 0.60796
    outer loop
      vertex -1.34173 -0.176642 8.68682
      vertex -1.48384 -0.195351 8.50003
      vertex -1.3072 -0.350263 8.68682
    endloop
  endfacet
  facet normal -0.634875 -0.313076 0.706341
    outer loop
      vertex -1.09648 -0.454177 8.85331
      vertex -1.172 -0.676656 8.68682
      vertex -1.02782 -0.59341 8.85331
    endloop
  endfacet
  facet normal -0.449171 -0.221506 0.865552
    outer loop
      vertex -0.735518 -0.304662 9.11437
      vertex -0.923903 -0.382693 8.99664
      vertex -0.866048 -0.500012 8.99664
    endloop
  endfacet
  facet normal -0.980782 -0.195108 0
    outer loop
      vertex -1.73494 -0.464876 7.5
      vertex -1.78078 -0.234444 7.61773
      vertex -1.78078 -0.234444 7.5
    endloop
  endfacet
  facet normal -0.980782 -0.195108 0
    outer loop
      vertex -1.78078 -0.234444 7.61773
      vertex -1.73494 -0.464876 7.5
      vertex -1.73494 -0.464876 7.61773
    endloop
  endfacet
  facet normal -0.571308 -0.651468 0.499196
    outer loop
      vertex -0.911099 -1.18737 8.50003
      vertex -1.05829 -1.05829 8.50003
      vertex -0.982766 -1.28077 8.29612
    endloop
  endfacet
  facet normal -0.571344 -0.651456 0.499171
    outer loop
      vertex -1.05829 -1.05829 8.50003
      vertex -1.14153 -1.14153 8.29612
      vertex -0.982766 -1.28077 8.29612
    endloop
  endfacet
  facet normal -0.0631694 -0.963995 0.258308
    outer loop
      vertex -0.222478 -1.68989 8.07859
      vertex -0.230433 -1.75031 7.85116
      vertex 0 -1.76541 7.85116
    endloop
  endfacet
  facet normal -0.29707 -0.875114 0.382
    outer loop
      vertex -0.617792 -1.49148 8.29612
      vertex -0.652273 -1.57473 8.07859
      vertex -0.41783 -1.55936 8.29612
    endloop
  endfacet
  facet normal -0.180311 -0.906414 0.381971
    outer loop
      vertex -0.41783 -1.55936 8.29612
      vertex -0.44115 -1.64639 8.07859
      vertex -0.222478 -1.68989 8.07859
    endloop
  endfacet
  facet normal -0.169033 -0.849853 0.499177
    outer loop
      vertex -0.38736 -1.44565 8.50003
      vertex -0.41783 -1.55936 8.29612
      vertex -0.195351 -1.48384 8.50003
    endloop
  endfacet
  facet normal -0.310503 -0.914797 0.258329
    outer loop
      vertex -0.44115 -1.64639 8.07859
      vertex -0.652273 -1.57473 8.07859
      vertex -0.456923 -1.70526 7.85116
    endloop
  endfacet
  facet normal -0.278535 -0.820512 0.499178
    outer loop
      vertex -0.38736 -1.44565 8.50003
      vertex -0.617792 -1.49148 8.29612
      vertex -0.41783 -1.55936 8.29612
    endloop
  endfacet
  facet normal -0.438507 -0.88924 0.130244
    outer loop
      vertex -0.675594 -1.63103 7.85116
      vertex -0.898072 -1.55551 7.61773
      vertex -0.687355 -1.65942 7.61773
    endloop
  endfacet
  facet normal -0.588569 -0.393281 0.70634
    outer loop
      vertex -0.941569 -0.722491 8.85331
      vertex -1.172 -0.676656 8.68682
      vertex -1.07365 -0.823843 8.68682
    endloop
  endfacet
  facet normal -0.660151 -0.441111 0.607966
    outer loop
      vertex -1.172 -0.676656 8.68682
      vertex -1.18737 -0.911099 8.50003
      vertex -1.07365 -0.823843 8.68682
    endloop
  endfacet
  facet normal -0.777137 -0.383208 0.499209
    outer loop
      vertex -1.29613 -0.748322 8.50003
      vertex -1.49148 -0.617792 8.29612
      vertex -1.39809 -0.807185 8.29612
    endloop
  endfacet
  facet normal -0.828879 -0.408722 0.381976
    outer loop
      vertex -1.39809 -0.807185 8.29612
      vertex -1.49148 -0.617792 8.29612
      vertex -1.47612 -0.852237 8.07859
    endloop
  endfacet
  facet normal -0.128319 -0.0255261 0.991404
    outer loop
      vertex -0.113714 -0.0304689 9.29615
      vertex -0.348158 -0.0458355 9.26541
      vertex -0.339196 -0.0908871 9.26541
    endloop
  endfacet
  facet normal -0.215633 -0.144084 0.965786
    outer loop
      vertex -0.278596 -0.213774 9.26541
      vertex -0.501074 -0.289295 9.20447
      vertex -0.459026 -0.352223 9.20447
    endloop
  endfacet
  facet normal -0.1147 0.232596 0.965786
    outer loop
      vertex -0.134383 0.324431 9.26541
      vertex -0.221416 0.534548 9.20447
      vertex -0.175581 0.304115 9.26541
    endloop
  endfacet
  facet normal -0.0578646 0.117341 0.991404
    outer loop
      vertex -0.134383 0.324431 9.26541
      vertex -0.175581 0.304115 9.26541
      vertex -0.0450516 0.108764 9.29615
    endloop
  endfacet
  facet normal -0.232596 -0.1147 0.965786
    outer loop
      vertex -0.324431 -0.134383 9.26541
      vertex -0.534548 -0.221416 9.20447
      vertex -0.304115 -0.175581 9.26541
    endloop
  endfacet
  facet normal -0.363026 -0.123229 0.923594
    outer loop
      vertex -0.558875 -0.14975 9.20447
      vertex -0.768992 -0.206051 9.11437
      vertex -0.534548 -0.221416 9.20447
    endloop
  endfacet
  facet normal -0.0983668 -0.0862613 0.991405
    outer loop
      vertex -0.0933971 -0.0716667 9.29615
      vertex -0.278596 -0.213774 9.26541
      vertex -0.0832443 -0.0832443 9.29615
    endloop
  endfacet
  facet normal -0.12389 0.0420552 0.991404
    outer loop
      vertex -0.324431 0.134383 9.26541
      vertex -0.339196 0.0908871 9.26541
      vertex -0.113714 0.0304689 9.29615
    endloop
  endfacet
  facet normal 0.0420552 -0.12389 0.991404
    outer loop
      vertex 0.134383 -0.324431 9.26541
      vertex 0.0304689 -0.113714 9.29615
      vertex 0.0908871 -0.339196 9.26541
    endloop
  endfacet
  facet normal -0.255222 -0.75184 0.607946
    outer loop
      vertex -0.517889 -1.2503 8.68682
      vertex -0.572741 -1.38272 8.50003
      vertex -0.38736 -1.44565 8.50003
    endloop
  endfacet
  facet normal -0.255209 -0.751839 0.607953
    outer loop
      vertex -0.350263 -1.3072 8.68682
      vertex -0.517889 -1.2503 8.68682
      vertex -0.38736 -1.44565 8.50003
    endloop
  endfacet
  facet normal -0.59694 -0.52349 0.607964
    outer loop
      vertex -1.07365 -0.823843 8.68682
      vertex -1.18737 -0.911099 8.50003
      vertex -1.05829 -1.05829 8.50003
    endloop
  endfacet
  facet normal -0.53221 -0.466722 0.706345
    outer loop
      vertex -0.83921 -0.83921 8.85331
      vertex -1.07365 -0.823843 8.68682
      vertex -0.956935 -0.956935 8.68682
    endloop
  endfacet
  facet normal -0.401918 -0.458303 0.79273
    outer loop
      vertex -0.608777 -0.793374 8.99664
      vertex -0.83921 -0.83921 8.85331
      vertex -0.722491 -0.941569 8.85331
    endloop
  endfacet
  facet normal -0.46673 -0.532208 0.706341
    outer loop
      vertex -0.722491 -0.941569 8.85331
      vertex -0.83921 -0.83921 8.85331
      vertex -0.823843 -1.07365 8.68682
    endloop
  endfacet
  facet normal -0.330214 -0.376536 0.865551
    outer loop
      vertex -0.562942 -0.562942 9.11437
      vertex -0.707125 -0.707125 8.99664
      vertex -0.608777 -0.793374 8.99664
    endloop
  endfacet
  facet normal -0.376536 -0.330214 0.865551
    outer loop
      vertex -0.562942 -0.562942 9.11437
      vertex -0.793374 -0.608777 8.99664
      vertex -0.707125 -0.707125 8.99664
    endloop
  endfacet
  facet normal -0.0255261 -0.128319 0.991404
    outer loop
      vertex -0.0304689 -0.113714 9.29615
      vertex -0.0908871 -0.339196 9.26541
      vertex -0.0458355 -0.348158 9.26541
    endloop
  endfacet
  facet normal -0.160984 -0.474239 0.865552
    outer loop
      vertex -0.206051 -0.768992 9.11437
      vertex -0.382693 -0.923903 8.99664
      vertex -0.258825 -0.965951 8.99664
    endloop
  endfacet
  facet normal -0.0977079 -0.491194 0.865553
    outer loop
      vertex -0.206051 -0.768992 9.11437
      vertex -0.258825 -0.965951 8.99664
      vertex -0.103914 -0.789309 9.11437
    endloop
  endfacet
  facet normal -0.634875 0.313076 0.706341
    outer loop
      vertex -1.02782 0.59341 8.85331
      vertex -1.172 0.676656 8.68682
      vertex -1.09648 0.454177 8.85331
    endloop
  endfacet
  facet normal -0.546712 0.2696 0.79273
    outer loop
      vertex -1.02782 0.59341 8.85331
      vertex -1.09648 0.454177 8.85331
      vertex -0.923903 0.382693 8.99664
    endloop
  endfacet
  facet normal -0.670294 0.227528 0.706354
    outer loop
      vertex -1.09648 0.454177 8.85331
      vertex -1.2503 0.517889 8.68682
      vertex -1.14638 0.307172 8.85331
    endloop
  endfacet
  facet normal -0.670294 0.227529 0.706355
    outer loop
      vertex -1.2503 0.517889 8.68682
      vertex -1.3072 0.350263 8.68682
      vertex -1.14638 0.307172 8.85331
    endloop
  endfacet
  facet normal -0.449171 0.221506 0.865552
    outer loop
      vertex -0.866048 0.500012 8.99664
      vertex -0.923903 0.382693 8.99664
      vertex -0.735518 0.304662 9.11437
    endloop
  endfacet
  facet normal -0.47424 0.160983 0.865552
    outer loop
      vertex -0.735518 0.304662 9.11437
      vertex -0.923903 0.382693 8.99664
      vertex -0.768992 0.206051 9.11437
    endloop
  endfacet
  facet normal 0.0604358 -0.922197 0.38197
    outer loop
      vertex 0 -1.61437 8.29612
      vertex 0 -1.70447 8.07859
      vertex 0.222478 -1.68989 8.07859
    endloop
  endfacet
  facet normal -0.0519127 -0.792282 0.607943
    outer loop
      vertex 0 -1.35331 8.68682
      vertex -0.195351 -1.48384 8.50003
      vertex 0 -1.49664 8.50003
    endloop
  endfacet
  facet normal 0.188483 -0.947492 0.258329
    outer loop
      vertex 0.44115 -1.64639 8.07859
      vertex 0.222478 -1.68989 8.07859
      vertex 0.456923 -1.70526 7.85116
    endloop
  endfacet
  facet normal 0.180311 -0.906414 0.381971
    outer loop
      vertex 0.41783 -1.55936 8.29612
      vertex 0.222478 -1.68989 8.07859
      vertex 0.44115 -1.64639 8.07859
    endloop
  endfacet
  facet normal 0.550847 -0.824384 0.130229
    outer loop
      vertex 1.07472 -1.4006 7.85116
      vertex 0.898072 -1.55551 7.61773
      vertex 1.09342 -1.42498 7.61773
    endloop
  endfacet
  facet normal 0.659327 -0.751856 0
    outer loop
      vertex 1.09342 -1.42498 7.5
      vertex 1.27007 -1.27007 7.61773
      vertex 1.09342 -1.42498 7.61773
    endloop
  endfacet
  facet normal 0.659327 -0.751856 0
    outer loop
      vertex 1.27007 -1.27007 7.61773
      vertex 1.09342 -1.42498 7.5
      vertex 1.27007 -1.27007 7.5
    endloop
  endfacet
  facet normal 0.89688 -0.442275 0
    outer loop
      vertex 1.55551 -0.898072 7.61773
      vertex 1.65942 -0.687355 7.5
      vertex 1.65942 -0.687355 7.61773
    endloop
  endfacet
  facet normal 0.89688 -0.442275 0
    outer loop
      vertex 1.65942 -0.687355 7.5
      vertex 1.55551 -0.898072 7.61773
      vertex 1.55551 -0.898072 7.5
    endloop
  endfacet
  facet normal 0.831464 -0.555578 0
    outer loop
      vertex 1.42498 -1.09342 7.61773
      vertex 1.55551 -0.898072 7.5
      vertex 1.55551 -0.898072 7.61773
    endloop
  endfacet
  facet normal 0.831464 -0.555578 0
    outer loop
      vertex 1.55551 -0.898072 7.5
      vertex 1.42498 -1.09342 7.61773
      vertex 1.42498 -1.09342 7.5
    endloop
  endfacet
  facet normal 0.751856 -0.659327 0
    outer loop
      vertex 1.27007 -1.27007 7.61773
      vertex 1.42498 -1.09342 7.5
      vertex 1.42498 -1.09342 7.61773
    endloop
  endfacet
  facet normal 0.751856 -0.659327 0
    outer loop
      vertex 1.42498 -1.09342 7.5
      vertex 1.27007 -1.27007 7.61773
      vertex 1.27007 -1.27007 7.5
    endloop
  endfacet
  facet normal 0.803267 -0.536688 0.258317
    outer loop
      vertex 1.52889 -0.882707 7.85116
      vertex 1.35225 -1.03762 8.07859
      vertex 1.4006 -1.07472 7.85116
    endloop
  endfacet
  facet normal 0.824384 0.550847 0.130229
    outer loop
      vertex 1.42498 1.09342 7.61773
      vertex 1.4006 1.07472 7.85116
      vertex 1.55551 0.898072 7.61773
    endloop
  endfacet
  facet normal 0.555578 -0.831464 0
    outer loop
      vertex 0.898072 -1.55551 7.5
      vertex 1.09342 -1.42498 7.61773
      vertex 0.898072 -1.55551 7.61773
    endloop
  endfacet
  facet normal 0.555578 -0.831464 0
    outer loop
      vertex 1.09342 -1.42498 7.61773
      vertex 0.898072 -1.55551 7.5
      vertex 1.09342 -1.42498 7.5
    endloop
  endfacet
  facet normal 0.609331 -0.694844 0.381978
    outer loop
      vertex 1.20525 -1.20525 8.07859
      vertex 0.982766 -1.28077 8.29612
      vertex 1.03762 -1.35225 8.07859
    endloop
  endfacet
  facet normal 0.609356 -0.694799 0.38202
    outer loop
      vertex 1.14153 -1.14153 8.29612
      vertex 0.982766 -1.28077 8.29612
      vertex 1.20525 -1.20525 8.07859
    endloop
  endfacet
  facet normal 0.278534 -0.820513 0.499177
    outer loop
      vertex 0.572741 -1.38272 8.50003
      vertex 0.38736 -1.44565 8.50003
      vertex 0.617792 -1.49148 8.29612
    endloop
  endfacet
  facet normal 0.278535 -0.820512 0.499178
    outer loop
      vertex 0.617792 -1.49148 8.29612
      vertex 0.38736 -1.44565 8.50003
      vertex 0.41783 -1.55936 8.29612
    endloop
  endfacet
  facet normal 0.513444 -0.76842 0.381976
    outer loop
      vertex 0.982766 -1.28077 8.29612
      vertex 0.807185 -1.39809 8.29612
      vertex 1.03762 -1.35225 8.07859
    endloop
  endfacet
  facet normal 0.408722 -0.828879 0.381976
    outer loop
      vertex 0.807185 -1.39809 8.29612
      vertex 0.617792 -1.49148 8.29612
      vertex 0.852237 -1.47612 8.07859
    endloop
  endfacet
  facet normal 0.138115 -0.694272 0.706336
    outer loop
      vertex 0.307172 -1.14638 8.85331
      vertex 0.154911 -1.17667 8.85331
      vertex 0.176642 -1.34173 8.68682
    endloop
  endfacet
  facet normal 0.227529 -0.670294 0.706355
    outer loop
      vertex 0.517889 -1.2503 8.68682
      vertex 0.307172 -1.14638 8.85331
      vertex 0.350263 -1.3072 8.68682
    endloop
  endfacet
  facet normal 0.0463063 -0.70636 0.706337
    outer loop
      vertex 0.154911 -1.17667 8.85331
      vertex 0 -1.35331 8.68682
      vertex 0.176642 -1.34173 8.68682
    endloop
  endfacet
  facet normal 0.0519381 -0.792267 0.60796
    outer loop
      vertex 0.176642 -1.34173 8.68682
      vertex 0 -1.35331 8.68682
      vertex 0.195351 -1.48384 8.50003
    endloop
  endfacet
  facet normal -0.118934 -0.597854 0.792733
    outer loop
      vertex -0.130529 -0.99147 8.99664
      vertex -0.307172 -1.14638 8.85331
      vertex -0.154911 -1.17667 8.85331
    endloop
  endfacet
  facet normal -0.138115 -0.694272 0.706336
    outer loop
      vertex -0.154911 -1.17667 8.85331
      vertex -0.307172 -1.14638 8.85331
      vertex -0.176642 -1.34173 8.68682
    endloop
  endfacet
  facet normal 0.597854 -0.118934 0.792733
    outer loop
      vertex 1.17667 -0.154911 8.85331
      vertex 0.99147 -0.130529 8.99664
      vertex 1.14638 -0.307172 8.85331
    endloop
  endfacet
  facet normal 0.60828 -0.0398905 0.79272
    outer loop
      vertex 1.00003 0 8.99664
      vertex 0.99147 -0.130529 8.99664
      vertex 1.18682 0 8.85331
    endloop
  endfacet
  facet normal 0.376539 -0.330207 0.865553
    outer loop
      vertex 0.631603 -0.484647 9.11437
      vertex 0.562942 -0.562942 9.11437
      vertex 0.793374 -0.608777 8.99664
    endloop
  endfacet
  facet normal 0.330214 -0.376536 0.865551
    outer loop
      vertex 0.707125 -0.707125 8.99664
      vertex 0.562942 -0.562942 9.11437
      vertex 0.608777 -0.793374 8.99664
    endloop
  endfacet
  facet normal 0.0726853 0.108784 0.991404
    outer loop
      vertex 0.175581 0.304115 9.26541
      vertex 0.0588627 0.101953 9.29615
      vertex 0.213774 0.278596 9.26541
    endloop
  endfacet
  facet normal 0.170997 -0.19498 0.965786
    outer loop
      vertex 0.248309 -0.248309 9.26541
      vertex 0.213774 -0.278596 9.26541
      vertex 0.409125 -0.409125 9.20447
    endloop
  endfacet
  facet normal 0.11734 -0.0578667 0.991404
    outer loop
      vertex 0.108764 -0.0450516 9.29615
      vertex 0.101953 -0.0588627 9.29615
      vertex 0.304115 -0.175581 9.26541
    endloop
  endfacet
  facet normal 0.0420537 0.12389 0.991404
    outer loop
      vertex 0.134383 0.324431 9.26541
      vertex 0.0304689 0.113714 9.29615
      vertex 0.0450516 0.108764 9.29615
    endloop
  endfacet
  facet normal 0.0747945 -0.376005 0.923594
    outer loop
      vertex 0.206051 -0.768992 9.11437
      vertex 0.0755205 -0.573641 9.20447
      vertex 0.103914 -0.789309 9.11437
    endloop
  endfacet
  facet normal 0.123229 -0.363026 0.923594
    outer loop
      vertex 0.221416 -0.534548 9.20447
      vertex 0.14975 -0.558875 9.20447
      vertex 0.206051 -0.768992 9.11437
    endloop
  endfacet
  facet normal 0.221506 -0.449171 0.865552
    outer loop
      vertex 0.500012 -0.866048 8.99664
      vertex 0.304662 -0.735518 9.11437
      vertex 0.382693 -0.923903 8.99664
    endloop
  endfacet
  facet normal 0.16956 -0.343836 0.923594
    outer loop
      vertex 0.398059 -0.68946 9.11437
      vertex 0.289295 -0.501074 9.20447
      vertex 0.304662 -0.735518 9.11437
    endloop
  endfacet
  facet normal -0.0420552 -0.12389 0.991404
    outer loop
      vertex -0.0304689 -0.113714 9.29615
      vertex -0.134383 -0.324431 9.26541
      vertex -0.0908871 -0.339196 9.26541
    endloop
  endfacet
  facet normal -0.0169587 -0.258785 0.965786
    outer loop
      vertex 0 -0.351162 9.26541
      vertex -0.0755205 -0.573641 9.20447
      vertex 0 -0.57859 9.20447
    endloop
  endfacet
  facet normal 0.25277 -0.288237 0.923595
    outer loop
      vertex 0.562942 -0.562942 9.11437
      vertex 0.352223 -0.459026 9.20447
      vertex 0.484647 -0.631603 9.11437
    endloop
  endfacet
  facet normal 0.108781 -0.0726895 0.991405
    outer loop
      vertex 0.101953 -0.0588627 9.29615
      vertex 0.0933971 -0.0716667 9.29615
      vertex 0.278596 -0.213774 9.26541
    endloop
  endfacet
  facet normal 0.194984 -0.170994 0.965786
    outer loop
      vertex 0.459026 -0.352223 9.20447
      vertex 0.278596 -0.213774 9.26541
      vertex 0.409125 -0.409125 9.20447
    endloop
  endfacet
  facet normal 0.170994 -0.194984 0.965786
    outer loop
      vertex 0.409125 -0.409125 9.20447
      vertex 0.213774 -0.278596 9.26541
      vertex 0.352223 -0.459026 9.20447
    endloop
  endfacet
  facet normal 0.12389 -0.0420552 0.991404
    outer loop
      vertex 0.339196 -0.0908871 9.26541
      vertex 0.113714 -0.0304689 9.29615
      vertex 0.324431 -0.134383 9.26541
    endloop
  endfacet
  facet normal 0.363026 -0.123229 0.923594
    outer loop
      vertex 0.558875 -0.14975 9.20447
      vertex 0.534548 -0.221416 9.20447
      vertex 0.768992 -0.206051 9.11437
    endloop
  endfacet
  facet normal 0.31876 -0.212993 0.923594
    outer loop
      vertex 0.501074 -0.289295 9.20447
      vertex 0.459026 -0.352223 9.20447
      vertex 0.68946 -0.398059 9.11437
    endloop
  endfacet
  facet normal 0.343836 -0.16956 0.923594
    outer loop
      vertex 0.735518 -0.304662 9.11437
      vertex 0.501074 -0.289295 9.20447
      vertex 0.68946 -0.398059 9.11437
    endloop
  endfacet
  facet normal 0.254356 -0.0505984 0.965786
    outer loop
      vertex 0.348158 -0.0458355 9.26541
      vertex 0.339196 -0.0908871 9.26541
      vertex 0.573641 -0.0755205 9.20447
    endloop
  endfacet
  facet normal 0.00855589 0.130553 0.991404
    outer loop
      vertex 0.0458355 0.348158 9.26541
      vertex 0 0.117725 9.29615
      vertex 0.0153656 0.116718 9.29615
    endloop
  endfacet
  facet normal 0.258785 0.0169604 0.965786
    outer loop
      vertex 0.573641 0.0755205 9.20447
      vertex 0.348158 0.0458355 9.26541
      vertex 0.351162 0 9.26541
    endloop
  endfacet
  facet normal 0.130552 0.00855624 0.991404
    outer loop
      vertex 0.348158 0.0458355 9.26541
      vertex 0.117725 0 9.29615
      vertex 0.351162 0 9.26541
    endloop
  endfacet
  facet normal 0.376004 0.074796 0.923594
    outer loop
      vertex 0.768992 0.206051 9.11437
      vertex 0.558875 0.14975 9.20447
      vertex 0.573641 0.0755205 9.20447
    endloop
  endfacet
  facet normal 0.363026 0.123229 0.923594
    outer loop
      vertex 0.768992 0.206051 9.11437
      vertex 0.534548 0.221416 9.20447
      vertex 0.558875 0.14975 9.20447
    endloop
  endfacet
  facet normal 0.144079 -0.215635 0.965786
    outer loop
      vertex 0.213774 -0.278596 9.26541
      vertex 0.175581 -0.304115 9.26541
      vertex 0.289295 -0.501074 9.20447
    endloop
  endfacet
  facet normal -0.215635 -0.144079 0.965786
    outer loop
      vertex -0.304115 -0.175581 9.26541
      vertex -0.501074 -0.289295 9.20447
      vertex -0.278596 -0.213774 9.26541
    endloop
  endfacet
  facet normal 0.288237 0.25277 0.923595
    outer loop
      vertex 0.562942 0.562942 9.11437
      vertex 0.459026 0.352223 9.20447
      vertex 0.631603 0.484647 9.11437
    endloop
  endfacet
  facet normal 0.288235 0.252771 0.923595
    outer loop
      vertex 0.562942 0.562942 9.11437
      vertex 0.409125 0.409125 9.20447
      vertex 0.459026 0.352223 9.20447
    endloop
  endfacet
  facet normal 0.343836 0.16956 0.923594
    outer loop
      vertex 0.68946 0.398059 9.11437
      vertex 0.501074 0.289295 9.20447
      vertex 0.735518 0.304662 9.11437
    endloop
  endfacet
  facet normal 0.343836 0.16956 0.923594
    outer loop
      vertex 0.735518 0.304662 9.11437
      vertex 0.501074 0.289295 9.20447
      vertex 0.534548 0.221416 9.20447
    endloop
  endfacet
  facet normal 0.546707 0.269604 0.792733
    outer loop
      vertex 1.02782 0.59341 8.85331
      vertex 0.866048 0.500012 8.99664
      vertex 0.923903 0.382693 8.99664
    endloop
  endfacet
  facet normal 0.506836 0.338664 0.792732
    outer loop
      vertex 0.941569 0.722491 8.85331
      vertex 0.866048 0.500012 8.99664
      vertex 1.02782 0.59341 8.85331
    endloop
  endfacet
  facet normal 0.255222 0.75184 0.607946
    outer loop
      vertex 0.572741 1.38272 8.50003
      vertex 0.38736 1.44565 8.50003
      vertex 0.517889 1.2503 8.68682
    endloop
  endfacet
  facet normal 0.351178 0.712093 0.607946
    outer loop
      vertex 0.572741 1.38272 8.50003
      vertex 0.517889 1.2503 8.68682
      vertex 0.748322 1.29613 8.50003
    endloop
  endfacet
  facet normal 0.297042 0.875137 0.381971
    outer loop
      vertex 0.44115 1.64639 8.07859
      vertex 0.41783 1.55936 8.29612
      vertex 0.652273 1.57473 8.07859
    endloop
  endfacet
  facet normal 0.310503 0.914797 0.258329
    outer loop
      vertex 0.456923 1.70526 7.85116
      vertex 0.44115 1.64639 8.07859
      vertex 0.652273 1.57473 8.07859
    endloop
  endfacet
  facet normal 0.550809 0.824402 0.130269
    outer loop
      vertex 0.898072 1.55551 7.61773
      vertex 0.882707 1.52889 7.85116
      vertex 1.07472 1.4006 7.85116
    endloop
  endfacet
  facet normal 0.438531 0.889225 0.130271
    outer loop
      vertex 0.898072 1.55551 7.61773
      vertex 0.675594 1.63103 7.85116
      vertex 0.882707 1.52889 7.85116
    endloop
  endfacet
  facet normal -0.438507 0.88924 0.130244
    outer loop
      vertex -0.687355 1.65942 7.61773
      vertex -0.898072 1.55551 7.61773
      vertex -0.675594 1.63103 7.85116
    endloop
  endfacet
  facet normal -0.188483 0.947492 0.258329
    outer loop
      vertex -0.222478 1.68989 8.07859
      vertex -0.456923 1.70526 7.85116
      vertex -0.44115 1.64639 8.07859
    endloop
  endfacet
  facet normal -0.0566662 0.864629 0.499205
    outer loop
      vertex 0 1.61437 8.29612
      vertex -0.210717 1.60056 8.29612
      vertex 0 1.49664 8.50003
    endloop
  endfacet
  facet normal 0.0566662 0.864629 0.499205
    outer loop
      vertex 0 1.61437 8.29612
      vertex 0 1.49664 8.50003
      vertex 0.210717 1.60056 8.29612
    endloop
  endfacet
  facet normal -0.408722 0.828879 0.381976
    outer loop
      vertex -0.617792 1.49148 8.29612
      vertex -0.852237 1.47612 8.07859
      vertex -0.807185 1.39809 8.29612
    endloop
  endfacet
  facet normal -0.408742 0.828858 0.381999
    outer loop
      vertex -0.652273 1.57473 8.07859
      vertex -0.852237 1.47612 8.07859
      vertex -0.617792 1.49148 8.29612
    endloop
  endfacet
  facet normal 0.0398544 0.608265 0.792733
    outer loop
      vertex 0.154911 1.17667 8.85331
      vertex 0 1.18682 8.85331
      vertex 0.130529 0.99147 8.99664
    endloop
  endfacet
  facet normal 0.032773 0.499746 0.865552
    outer loop
      vertex 0.130529 0.99147 8.99664
      vertex 0 1.00003 8.99664
      vertex 0.103914 0.789309 9.11437
    endloop
  endfacet
  facet normal -0.160984 0.474239 0.865552
    outer loop
      vertex -0.258825 0.965951 8.99664
      vertex -0.382693 0.923903 8.99664
      vertex -0.206051 0.768992 9.11437
    endloop
  endfacet
  facet normal -0.0977079 0.491194 0.865553
    outer loop
      vertex -0.103914 0.789309 9.11437
      vertex -0.258825 0.965951 8.99664
      vertex -0.206051 0.768992 9.11437
    endloop
  endfacet
  facet normal 0.195944 0.577226 0.792727
    outer loop
      vertex 0.307172 1.14638 8.85331
      vertex 0.258825 0.965951 8.99664
      vertex 0.382693 0.923903 8.99664
    endloop
  endfacet
  facet normal 0.154872 0.778716 0.60796
    outer loop
      vertex 0.195351 1.48384 8.50003
      vertex 0.176642 1.34173 8.68682
      vertex 0.350263 1.3072 8.68682
    endloop
  endfacet
  facet normal 0.227528 0.670294 0.706354
    outer loop
      vertex 0.517889 1.2503 8.68682
      vertex 0.307172 1.14638 8.85331
      vertex 0.454177 1.09648 8.85331
    endloop
  endfacet
  facet normal 0.227529 0.670294 0.706355
    outer loop
      vertex 0.350263 1.3072 8.68682
      vertex 0.307172 1.14638 8.85331
      vertex 0.517889 1.2503 8.68682
    endloop
  endfacet
  facet normal -0.481379 0.720462 0.499209
    outer loop
      vertex -0.807185 1.39809 8.29612
      vertex -0.911099 1.18737 8.50003
      vertex -0.748322 1.29613 8.50003
    endloop
  endfacet
  facet normal -0.441097 0.660174 0.60795
    outer loop
      vertex -0.748322 1.29613 8.50003
      vertex -0.911099 1.18737 8.50003
      vertex -0.676656 1.172 8.68682
    endloop
  endfacet
  facet normal -0.438531 0.889225 0.130271
    outer loop
      vertex -0.675594 1.63103 7.85116
      vertex -0.898072 1.55551 7.61773
      vertex -0.882707 1.52889 7.85116
    endloop
  endfacet
  facet normal -0.536722 0.803255 0.258285
    outer loop
      vertex -0.882707 1.52889 7.85116
      vertex -1.03762 1.35225 8.07859
      vertex -0.852237 1.47612 8.07859
    endloop
  endfacet
  facet normal 0.608265 -0.0398544 0.792733
    outer loop
      vertex 1.18682 0 8.85331
      vertex 0.99147 -0.130529 8.99664
      vertex 1.17667 -0.154911 8.85331
    endloop
  endfacet
  facet normal 0.706349 -0.046281 0.706349
    outer loop
      vertex 1.18682 0 8.85331
      vertex 1.17667 -0.154911 8.85331
      vertex 1.35331 0 8.68682
    endloop
  endfacet
  facet normal 0.59694 0.52349 0.607964
    outer loop
      vertex 1.18737 0.911099 8.50003
      vertex 1.05829 1.05829 8.50003
      vertex 1.07365 0.823843 8.68682
    endloop
  endfacet
  facet normal 0.596943 0.523489 0.607963
    outer loop
      vertex 1.05829 1.05829 8.50003
      vertex 0.956935 0.956935 8.68682
      vertex 1.07365 0.823843 8.68682
    endloop
  endfacet
  facet normal 0.170997 0.19498 0.965786
    outer loop
      vertex 0.409125 0.409125 9.20447
      vertex 0.213774 0.278596 9.26541
      vertex 0.248309 0.248309 9.26541
    endloop
  endfacet
  facet normal 0.232596 0.1147 0.965786
    outer loop
      vertex 0.534548 0.221416 9.20447
      vertex 0.304115 0.175581 9.26541
      vertex 0.324431 0.134383 9.26541
    endloop
  endfacet
  facet normal -0.0505974 0.254356 0.965786
    outer loop
      vertex -0.0755205 0.573641 9.20447
      vertex -0.14975 0.558875 9.20447
      vertex -0.0908871 0.339196 9.26541
    endloop
  endfacet
  facet normal -0.123229 0.363026 0.923594
    outer loop
      vertex -0.206051 0.768992 9.11437
      vertex -0.221416 0.534548 9.20447
      vertex -0.14975 0.558875 9.20447
    endloop
  endfacet
  facet normal 0.0505974 0.254356 0.965786
    outer loop
      vertex 0.14975 0.558875 9.20447
      vertex 0.0755205 0.573641 9.20447
      vertex 0.0908871 0.339196 9.26541
    endloop
  endfacet
  facet normal 0.0833611 0.245577 0.965786
    outer loop
      vertex 0.14975 0.558875 9.20447
      vertex 0.0908871 0.339196 9.26541
      vertex 0.221416 0.534548 9.20447
    endloop
  endfacet
  facet normal 0.232595 0.114703 0.965786
    outer loop
      vertex 0.501074 0.289295 9.20447
      vertex 0.304115 0.175581 9.26541
      vertex 0.534548 0.221416 9.20447
    endloop
  endfacet
  facet normal -0.0578667 0.11734 0.991404
    outer loop
      vertex -0.0450516 0.108764 9.29615
      vertex -0.175581 0.304115 9.26541
      vertex -0.0588627 0.101953 9.29615
    endloop
  endfacet
  facet normal -0.0420537 -0.12389 0.991404
    outer loop
      vertex -0.0450516 -0.108764 9.29615
      vertex -0.134383 -0.324431 9.26541
      vertex -0.0304689 -0.113714 9.29615
    endloop
  endfacet
  facet normal -0.12389 -0.0420552 0.991404
    outer loop
      vertex -0.113714 -0.0304689 9.29615
      vertex -0.339196 -0.0908871 9.26541
      vertex -0.324431 -0.134383 9.26541
    endloop
  endfacet
  facet normal -0.128319 0.0255222 0.991405
    outer loop
      vertex -0.113714 0.0304689 9.29615
      vertex -0.348158 0.0458355 9.26541
      vertex -0.116718 0.0153656 9.29615
    endloop
  endfacet
  facet normal -0.252771 0.288235 0.923595
    outer loop
      vertex -0.352223 0.459026 9.20447
      vertex -0.562942 0.562942 9.11437
      vertex -0.409125 0.409125 9.20447
    endloop
  endfacet
  facet normal -0.288235 0.252771 0.923595
    outer loop
      vertex -0.409125 0.409125 9.20447
      vertex -0.562942 0.562942 9.11437
      vertex -0.459026 0.352223 9.20447
    endloop
  endfacet
  facet normal -0.0862649 0.0983643 0.991404
    outer loop
      vertex -0.213774 0.278596 9.26541
      vertex -0.248309 0.248309 9.26541
      vertex -0.0832443 0.0832443 9.29615
    endloop
  endfacet
  facet normal -0.0862613 0.0983668 0.991405
    outer loop
      vertex -0.0716667 0.0933971 9.29615
      vertex -0.213774 0.278596 9.26541
      vertex -0.0832443 0.0832443 9.29615
    endloop
  endfacet
  facet normal -0.144079 0.215635 0.965786
    outer loop
      vertex -0.175581 0.304115 9.26541
      vertex -0.289295 0.501074 9.20447
      vertex -0.213774 0.278596 9.26541
    endloop
  endfacet
  facet normal -0.114703 0.232595 0.965786
    outer loop
      vertex -0.221416 0.534548 9.20447
      vertex -0.289295 0.501074 9.20447
      vertex -0.175581 0.304115 9.26541
    endloop
  endfacet
  facet normal -0.571344 0.651456 0.499171
    outer loop
      vertex -0.982766 1.28077 8.29612
      vertex -1.14153 1.14153 8.29612
      vertex -1.05829 1.05829 8.50003
    endloop
  endfacet
  facet normal -0.651456 0.571344 0.499171
    outer loop
      vertex -1.14153 1.14153 8.29612
      vertex -1.28077 0.982766 8.29612
      vertex -1.05829 1.05829 8.50003
    endloop
  endfacet
  facet normal -0.4583 0.401919 0.792731
    outer loop
      vertex -0.707125 0.707125 8.99664
      vertex -0.83921 0.83921 8.85331
      vertex -0.793374 0.608777 8.99664
    endloop
  endfacet
  facet normal -0.401919 0.4583 0.792731
    outer loop
      vertex -0.608777 0.793374 8.99664
      vertex -0.83921 0.83921 8.85331
      vertex -0.707125 0.707125 8.99664
    endloop
  endfacet
  facet normal -0.506836 -0.338664 0.792732
    outer loop
      vertex -0.866048 -0.500012 8.99664
      vertex -1.02782 -0.59341 8.85331
      vertex -0.941569 -0.722491 8.85331
    endloop
  endfacet
  facet normal -0.506843 -0.33866 0.792729
    outer loop
      vertex -0.866048 -0.500012 8.99664
      vertex -0.941569 -0.722491 8.85331
      vertex -0.793374 -0.608777 8.99664
    endloop
  endfacet
  facet normal -0.670294 -0.227528 0.706354
    outer loop
      vertex -1.14638 -0.307172 8.85331
      vertex -1.2503 -0.517889 8.68682
      vertex -1.09648 -0.454177 8.85331
    endloop
  endfacet
  facet normal -0.634852 -0.313094 0.706353
    outer loop
      vertex -1.09648 -0.454177 8.85331
      vertex -1.2503 -0.517889 8.68682
      vertex -1.172 -0.676656 8.68682
    endloop
  endfacet
  facet normal -0.408722 -0.828879 0.381976
    outer loop
      vertex -0.807185 -1.39809 8.29612
      vertex -0.852237 -1.47612 8.07859
      vertex -0.617792 -1.49148 8.29612
    endloop
  endfacet
  facet normal -0.383208 -0.777137 0.499209
    outer loop
      vertex -0.748322 -1.29613 8.50003
      vertex -0.807185 -1.39809 8.29612
      vertex -0.617792 -1.49148 8.29612
    endloop
  endfacet
  facet normal -0.195108 -0.980782 0
    outer loop
      vertex -0.464876 -1.73494 7.5
      vertex -0.234444 -1.78078 7.61773
      vertex -0.464876 -1.73494 7.61773
    endloop
  endfacet
  facet normal -0.195108 -0.980782 -0
    outer loop
      vertex -0.234444 -1.78078 7.61773
      vertex -0.464876 -1.73494 7.5
      vertex -0.234444 -1.78078 7.5
    endloop
  endfacet
  facet normal -0.0654189 -0.997858 0
    outer loop
      vertex -0.234444 -1.78078 7.5
      vertex 0 -1.79615 7.61773
      vertex -0.234444 -1.78078 7.61773
    endloop
  endfacet
  facet normal -0.0654189 -0.997858 -0
    outer loop
      vertex 0 -1.79615 7.61773
      vertex -0.234444 -1.78078 7.5
      vertex 0 -1.79615 7.5
    endloop
  endfacet
  facet normal -0.408742 -0.828858 0.381999
    outer loop
      vertex -0.617792 -1.49148 8.29612
      vertex -0.852237 -1.47612 8.07859
      vertex -0.652273 -1.57473 8.07859
    endloop
  endfacet
  facet normal -0.427275 -0.86644 0.258299
    outer loop
      vertex -0.652273 -1.57473 8.07859
      vertex -0.852237 -1.47612 8.07859
      vertex -0.675594 -1.63103 7.85116
    endloop
  endfacet
  facet normal -0.170997 -0.19498 0.965786
    outer loop
      vertex -0.248309 -0.248309 9.26541
      vertex -0.409125 -0.409125 9.20447
      vertex -0.213774 -0.278596 9.26541
    endloop
  endfacet
  facet normal -0.212993 -0.31876 0.923594
    outer loop
      vertex -0.352223 -0.459026 9.20447
      vertex -0.398059 -0.68946 9.11437
      vertex -0.289295 -0.501074 9.20447
    endloop
  endfacet
  facet normal -0.0169604 -0.258785 0.965786
    outer loop
      vertex -0.0458355 -0.348158 9.26541
      vertex -0.0755205 -0.573641 9.20447
      vertex 0 -0.351162 9.26541
    endloop
  endfacet
  facet normal -0.00855624 -0.130552 0.991404
    outer loop
      vertex 0 -0.117725 9.29615
      vertex -0.0458355 -0.348158 9.26541
      vertex 0 -0.351162 9.26541
    endloop
  endfacet
  facet normal -0.245577 -0.0833611 0.965786
    outer loop
      vertex -0.339196 -0.0908871 9.26541
      vertex -0.558875 -0.14975 9.20447
      vertex -0.534548 -0.221416 9.20447
    endloop
  endfacet
  facet normal -0.254356 -0.0505974 0.965786
    outer loop
      vertex -0.339196 -0.0908871 9.26541
      vertex -0.573641 -0.0755205 9.20447
      vertex -0.558875 -0.14975 9.20447
    endloop
  endfacet
  facet normal -0.170994 -0.194984 0.965786
    outer loop
      vertex -0.213774 -0.278596 9.26541
      vertex -0.409125 -0.409125 9.20447
      vertex -0.352223 -0.459026 9.20447
    endloop
  endfacet
  facet normal -0.252771 -0.288235 0.923595
    outer loop
      vertex -0.409125 -0.409125 9.20447
      vertex -0.562942 -0.562942 9.11437
      vertex -0.352223 -0.459026 9.20447
    endloop
  endfacet
  facet normal 0.117341 0.0578646 0.991404
    outer loop
      vertex 0.304115 0.175581 9.26541
      vertex 0.108764 0.0450516 9.29615
      vertex 0.324431 0.134383 9.26541
    endloop
  endfacet
  facet normal -0.31876 -0.212991 0.923594
    outer loop
      vertex -0.459026 -0.352223 9.20447
      vertex -0.68946 -0.398059 9.11437
      vertex -0.631603 -0.484647 9.11437
    endloop
  endfacet
  facet normal -0.288237 -0.25277 0.923595
    outer loop
      vertex -0.459026 -0.352223 9.20447
      vertex -0.631603 -0.484647 9.11437
      vertex -0.562942 -0.562942 9.11437
    endloop
  endfacet
  facet normal 0.00855624 0.130552 0.991404
    outer loop
      vertex 0 0.351162 9.26541
      vertex 0 0.117725 9.29615
      vertex 0.0458355 0.348158 9.26541
    endloop
  endfacet
  facet normal -0.596943 -0.523489 0.607963
    outer loop
      vertex -0.956935 -0.956935 8.68682
      vertex -1.07365 -0.823843 8.68682
      vertex -1.05829 -1.05829 8.50003
    endloop
  endfacet
  facet normal -0.523489 -0.596943 0.607963
    outer loop
      vertex -0.956935 -0.956935 8.68682
      vertex -1.05829 -1.05829 8.50003
      vertex -0.823843 -1.07365 8.68682
    endloop
  endfacet
  facet normal -0.2696 -0.546712 0.79273
    outer loop
      vertex -0.382693 -0.923903 8.99664
      vertex -0.59341 -1.02782 8.85331
      vertex -0.454177 -1.09648 8.85331
    endloop
  endfacet
  facet normal -0.269604 -0.546707 0.792733
    outer loop
      vertex -0.500012 -0.866048 8.99664
      vertex -0.59341 -1.02782 8.85331
      vertex -0.382693 -0.923903 8.99664
    endloop
  endfacet
  facet normal -0.123229 -0.363026 0.923594
    outer loop
      vertex -0.14975 -0.558875 9.20447
      vertex -0.221416 -0.534548 9.20447
      vertex -0.206051 -0.768992 9.11437
    endloop
  endfacet
  facet normal -0.074796 -0.376004 0.923594
    outer loop
      vertex -0.14975 -0.558875 9.20447
      vertex -0.206051 -0.768992 9.11437
      vertex -0.0755205 -0.573641 9.20447
    endloop
  endfacet
  facet normal -0.706349 0.046281 0.706349
    outer loop
      vertex -1.17667 0.154911 8.85331
      vertex -1.35331 0 8.68682
      vertex -1.18682 0 8.85331
    endloop
  endfacet
  facet normal -0.597854 0.118934 0.792733
    outer loop
      vertex -1.14638 0.307172 8.85331
      vertex -1.17667 0.154911 8.85331
      vertex -0.99147 0.130529 8.99664
    endloop
  endfacet
  facet normal -0.343836 0.16956 0.923594
    outer loop
      vertex -0.68946 0.398059 9.11437
      vertex -0.735518 0.304662 9.11437
      vertex -0.501074 0.289295 9.20447
    endloop
  endfacet
  facet normal -0.449172 0.221505 0.865552
    outer loop
      vertex -0.68946 0.398059 9.11437
      vertex -0.866048 0.500012 8.99664
      vertex -0.735518 0.304662 9.11437
    endloop
  endfacet
  facet normal 0.0566662 -0.864629 0.499205
    outer loop
      vertex 0 -1.49664 8.50003
      vertex 0 -1.61437 8.29612
      vertex 0.210717 -1.60056 8.29612
    endloop
  endfacet
  facet normal 0.0566536 -0.864636 0.499195
    outer loop
      vertex 0.195351 -1.48384 8.50003
      vertex 0 -1.49664 8.50003
      vertex 0.210717 -1.60056 8.29612
    endloop
  endfacet
  facet normal -0.0566662 -0.864629 0.499205
    outer loop
      vertex 0 -1.49664 8.50003
      vertex -0.210717 -1.60056 8.29612
      vertex 0 -1.61437 8.29612
    endloop
  endfacet
  facet normal -0.0566536 -0.864636 0.499195
    outer loop
      vertex -0.195351 -1.48384 8.50003
      vertex -0.210717 -1.60056 8.29612
      vertex 0 -1.49664 8.50003
    endloop
  endfacet
  facet normal 0.193445 -0.972426 0.130256
    outer loop
      vertex 0.464876 -1.73494 7.61773
      vertex 0.230433 -1.75031 7.85116
      vertex 0.234444 -1.78078 7.61773
    endloop
  endfacet
  facet normal 0.193422 -0.972434 0.130232
    outer loop
      vertex 0.456923 -1.70526 7.85116
      vertex 0.230433 -1.75031 7.85116
      vertex 0.464876 -1.73494 7.61773
    endloop
  endfacet
  facet normal 0.889225 -0.438531 0.130271
    outer loop
      vertex 1.63103 -0.675594 7.85116
      vertex 1.52889 -0.882707 7.85116
      vertex 1.55551 -0.898072 7.61773
    endloop
  endfacet
  facet normal 0.866436 -0.427292 0.258283
    outer loop
      vertex 1.63103 -0.675594 7.85116
      vertex 1.47612 -0.852237 8.07859
      vertex 1.52889 -0.882707 7.85116
    endloop
  endfacet
  facet normal 0.751856 0.659327 0
    outer loop
      vertex 1.42498 1.09342 7.61773
      vertex 1.27007 1.27007 7.5
      vertex 1.27007 1.27007 7.61773
    endloop
  endfacet
  facet normal 0.751856 0.659327 0
    outer loop
      vertex 1.27007 1.27007 7.5
      vertex 1.42498 1.09342 7.61773
      vertex 1.42498 1.09342 7.5
    endloop
  endfacet
  facet normal 0.408742 -0.828858 0.381999
    outer loop
      vertex 0.852237 -1.47612 8.07859
      vertex 0.617792 -1.49148 8.29612
      vertex 0.652273 -1.57473 8.07859
    endloop
  endfacet
  facet normal 0.29707 -0.875114 0.382
    outer loop
      vertex 0.617792 -1.49148 8.29612
      vertex 0.41783 -1.55936 8.29612
      vertex 0.652273 -1.57473 8.07859
    endloop
  endfacet
  facet normal -0.227528 -0.670294 0.706354
    outer loop
      vertex -0.454177 -1.09648 8.85331
      vertex -0.517889 -1.2503 8.68682
      vertex -0.307172 -1.14638 8.85331
    endloop
  endfacet
  facet normal -0.227529 -0.670294 0.706355
    outer loop
      vertex -0.307172 -1.14638 8.85331
      vertex -0.517889 -1.2503 8.68682
      vertex -0.350263 -1.3072 8.68682
    endloop
  endfacet
  facet normal -0.046281 -0.706349 0.706349
    outer loop
      vertex 0 -1.18682 8.85331
      vertex -0.154911 -1.17667 8.85331
      vertex 0 -1.35331 8.68682
    endloop
  endfacet
  facet normal 0.046281 -0.706349 0.706349
    outer loop
      vertex 0 -1.18682 8.85331
      vertex 0 -1.35331 8.68682
      vertex 0.154911 -1.17667 8.85331
    endloop
  endfacet
  facet normal -0.128319 0.0255261 0.991404
    outer loop
      vertex -0.339196 0.0908871 9.26541
      vertex -0.348158 0.0458355 9.26541
      vertex -0.113714 0.0304689 9.29615
    endloop
  endfacet
  facet normal -0.12389 0.0420537 0.991404
    outer loop
      vertex -0.108764 0.0450516 9.29615
      vertex -0.324431 0.134383 9.26541
      vertex -0.113714 0.0304689 9.29615
    endloop
  endfacet
  facet normal -0.00855589 0.130553 0.991404
    outer loop
      vertex 0 0.117725 9.29615
      vertex -0.0458355 0.348158 9.26541
      vertex -0.0153656 0.116718 9.29615
    endloop
  endfacet
  facet normal -0.0250693 -0.382551 0.923594
    outer loop
      vertex -0.0755205 -0.573641 9.20447
      vertex -0.103914 -0.789309 9.11437
      vertex 0 -0.57859 9.20447
    endloop
  endfacet
  facet normal -0.0250704 -0.382551 0.923594
    outer loop
      vertex 0 -0.57859 9.20447
      vertex -0.103914 -0.789309 9.11437
      vertex 0 -0.796119 9.11437
    endloop
  endfacet
  facet normal 0.278239 -0.416417 0.865552
    outer loop
      vertex 0.608777 -0.793374 8.99664
      vertex 0.398059 -0.68946 9.11437
      vertex 0.500012 -0.866048 8.99664
    endloop
  endfacet
  facet normal 0.278242 -0.416412 0.865553
    outer loop
      vertex 0.484647 -0.631603 9.11437
      vertex 0.398059 -0.68946 9.11437
      vertex 0.608777 -0.793374 8.99664
    endloop
  endfacet
  facet normal 0.123231 -0.363026 0.923594
    outer loop
      vertex 0.221416 -0.534548 9.20447
      vertex 0.206051 -0.768992 9.11437
      vertex 0.304662 -0.735518 9.11437
    endloop
  endfacet
  facet normal 0.16956 -0.343836 0.923594
    outer loop
      vertex 0.289295 -0.501074 9.20447
      vertex 0.221416 -0.534548 9.20447
      vertex 0.304662 -0.735518 9.11437
    endloop
  endfacet
  facet normal 0.31876 -0.212991 0.923594
    outer loop
      vertex 0.68946 -0.398059 9.11437
      vertex 0.459026 -0.352223 9.20447
      vertex 0.631603 -0.484647 9.11437
    endloop
  endfacet
  facet normal 0.215635 -0.144079 0.965786
    outer loop
      vertex 0.304115 -0.175581 9.26541
      vertex 0.278596 -0.213774 9.26541
      vertex 0.501074 -0.289295 9.20447
    endloop
  endfacet
  facet normal 0.212993 -0.31876 0.923594
    outer loop
      vertex 0.352223 -0.459026 9.20447
      vertex 0.289295 -0.501074 9.20447
      vertex 0.398059 -0.68946 9.11437
    endloop
  endfacet
  facet normal 0.212991 -0.31876 0.923594
    outer loop
      vertex 0.484647 -0.631603 9.11437
      vertex 0.352223 -0.459026 9.20447
      vertex 0.398059 -0.68946 9.11437
    endloop
  endfacet
  facet normal 0.416417 -0.278239 0.865552
    outer loop
      vertex 0.866048 -0.500012 8.99664
      vertex 0.68946 -0.398059 9.11437
      vertex 0.793374 -0.608777 8.99664
    endloop
  endfacet
  facet normal 0.449172 -0.221505 0.865552
    outer loop
      vertex 0.735518 -0.304662 9.11437
      vertex 0.68946 -0.398059 9.11437
      vertex 0.866048 -0.500012 8.99664
    endloop
  endfacet
  facet normal 0.12389 -0.0420537 0.991404
    outer loop
      vertex 0.113714 -0.0304689 9.29615
      vertex 0.108764 -0.0450516 9.29615
      vertex 0.324431 -0.134383 9.26541
    endloop
  endfacet
  facet normal 0.117341 -0.0578646 0.991404
    outer loop
      vertex 0.324431 -0.134383 9.26541
      vertex 0.108764 -0.0450516 9.29615
      vertex 0.304115 -0.175581 9.26541
    endloop
  endfacet
  facet normal 0.128319 -0.0255222 0.991405
    outer loop
      vertex 0.116718 -0.0153656 9.29615
      vertex 0.113714 -0.0304689 9.29615
      vertex 0.348158 -0.0458355 9.26541
    endloop
  endfacet
  facet normal 0.130553 -0.00855589 0.991404
    outer loop
      vertex 0.117725 0 9.29615
      vertex 0.116718 -0.0153656 9.29615
      vertex 0.348158 -0.0458355 9.26541
    endloop
  endfacet
  facet normal 0.408742 0.828858 0.381999
    outer loop
      vertex 0.652273 1.57473 8.07859
      vertex 0.617792 1.49148 8.29612
      vertex 0.852237 1.47612 8.07859
    endloop
  endfacet
  facet normal 0.427275 0.86644 0.258299
    outer loop
      vertex 0.675594 1.63103 7.85116
      vertex 0.652273 1.57473 8.07859
      vertex 0.852237 1.47612 8.07859
    endloop
  endfacet
  facet normal 0.536688 0.803267 0.258317
    outer loop
      vertex 1.07472 1.4006 7.85116
      vertex 0.882707 1.52889 7.85116
      vertex 1.03762 1.35225 8.07859
    endloop
  endfacet
  facet normal 0.636949 0.726339 0.258318
    outer loop
      vertex 1.07472 1.4006 7.85116
      vertex 1.03762 1.35225 8.07859
      vertex 1.20525 1.20525 8.07859
    endloop
  endfacet
  facet normal -0.310536 0.914795 0.258299
    outer loop
      vertex -0.456923 1.70526 7.85116
      vertex -0.675594 1.63103 7.85116
      vertex -0.652273 1.57473 8.07859
    endloop
  endfacet
  facet normal -0.318706 0.938863 0.130243
    outer loop
      vertex -0.456923 1.70526 7.85116
      vertex -0.687355 1.65942 7.61773
      vertex -0.675594 1.63103 7.85116
    endloop
  endfacet
  facet normal -0.0398905 0.60828 0.79272
    outer loop
      vertex 0 1.18682 8.85331
      vertex -0.130529 0.99147 8.99664
      vertex 0 1.00003 8.99664
    endloop
  endfacet
  facet normal 0.0519381 0.792267 0.60796
    outer loop
      vertex 0.195351 1.48384 8.50003
      vertex 0 1.35331 8.68682
      vertex 0.176642 1.34173 8.68682
    endloop
  endfacet
  facet normal -0.195944 0.577226 0.792727
    outer loop
      vertex -0.307172 1.14638 8.85331
      vertex -0.382693 0.923903 8.99664
      vertex -0.258825 0.965951 8.99664
    endloop
  endfacet
  facet normal -0.227528 0.670294 0.706354
    outer loop
      vertex -0.307172 1.14638 8.85331
      vertex -0.517889 1.2503 8.68682
      vertex -0.454177 1.09648 8.85331
    endloop
  endfacet
  facet normal -0.227529 0.670294 0.706355
    outer loop
      vertex -0.350263 1.3072 8.68682
      vertex -0.517889 1.2503 8.68682
      vertex -0.307172 1.14638 8.85331
    endloop
  endfacet
  facet normal -0.0977027 0.491198 0.865551
    outer loop
      vertex -0.130529 0.99147 8.99664
      vertex -0.258825 0.965951 8.99664
      vertex -0.103914 0.789309 9.11437
    endloop
  endfacet
  facet normal -0.11892 0.597865 0.792727
    outer loop
      vertex -0.130529 0.99147 8.99664
      vertex -0.307172 1.14638 8.85331
      vertex -0.258825 0.965951 8.99664
    endloop
  endfacet
  facet normal -0.118934 0.597854 0.792733
    outer loop
      vertex -0.154911 1.17667 8.85331
      vertex -0.307172 1.14638 8.85331
      vertex -0.130529 0.99147 8.99664
    endloop
  endfacet
  facet normal -0.2696 0.546712 0.79273
    outer loop
      vertex -0.454177 1.09648 8.85331
      vertex -0.59341 1.02782 8.85331
      vertex -0.382693 0.923903 8.99664
    endloop
  endfacet
  facet normal -0.221506 0.449171 0.865552
    outer loop
      vertex -0.382693 0.923903 8.99664
      vertex -0.500012 0.866048 8.99664
      vertex -0.304662 0.735518 9.11437
    endloop
  endfacet
  facet normal -0.074796 0.376004 0.923594
    outer loop
      vertex -0.0755205 0.573641 9.20447
      vertex -0.206051 0.768992 9.11437
      vertex -0.14975 0.558875 9.20447
    endloop
  endfacet
  facet normal -0.0747945 0.376005 0.923594
    outer loop
      vertex -0.103914 0.789309 9.11437
      vertex -0.206051 0.768992 9.11437
      vertex -0.0755205 0.573641 9.20447
    endloop
  endfacet
  facet normal 0.046281 0.706349 0.706349
    outer loop
      vertex 0 1.35331 8.68682
      vertex 0 1.18682 8.85331
      vertex 0.154911 1.17667 8.85331
    endloop
  endfacet
  facet normal -0.169033 0.849853 0.499177
    outer loop
      vertex -0.195351 1.48384 8.50003
      vertex -0.41783 1.55936 8.29612
      vertex -0.38736 1.44565 8.50003
    endloop
  endfacet
  facet normal -0.255222 0.75184 0.607946
    outer loop
      vertex -0.38736 1.44565 8.50003
      vertex -0.572741 1.38272 8.50003
      vertex -0.517889 1.2503 8.68682
    endloop
  endfacet
  facet normal -0.383208 0.777137 0.499209
    outer loop
      vertex -0.617792 1.49148 8.29612
      vertex -0.807185 1.39809 8.29612
      vertex -0.748322 1.29613 8.50003
    endloop
  endfacet
  facet normal 0.88924 0.438507 0.130244
    outer loop
      vertex 1.65942 0.687355 7.61773
      vertex 1.55551 0.898072 7.61773
      vertex 1.63103 0.675594 7.85116
    endloop
  endfacet
  facet normal 0.938863 0.318706 0.130243
    outer loop
      vertex 1.65942 0.687355 7.61773
      vertex 1.63103 0.675594 7.85116
      vertex 1.70526 0.456923 7.85116
    endloop
  endfacet
  facet normal 0.0255261 0.128319 0.991404
    outer loop
      vertex 0.0458355 0.348158 9.26541
      vertex 0.0304689 0.113714 9.29615
      vertex 0.0908871 0.339196 9.26541
    endloop
  endfacet
  facet normal 0.0420552 0.12389 0.991404
    outer loop
      vertex 0.0908871 0.339196 9.26541
      vertex 0.0304689 0.113714 9.29615
      vertex 0.134383 0.324431 9.26541
    endloop
  endfacet
  facet normal 0.245576 0.0833626 0.965786
    outer loop
      vertex 0.534548 0.221416 9.20447
      vertex 0.324431 0.134383 9.26541
      vertex 0.339196 0.0908871 9.26541
    endloop
  endfacet
  facet normal 0.12389 0.0420552 0.991404
    outer loop
      vertex 0.324431 0.134383 9.26541
      vertex 0.113714 0.0304689 9.29615
      vertex 0.339196 0.0908871 9.26541
    endloop
  endfacet
  facet normal 0.215635 0.144079 0.965786
    outer loop
      vertex 0.501074 0.289295 9.20447
      vertex 0.278596 0.213774 9.26541
      vertex 0.304115 0.175581 9.26541
    endloop
  endfacet
  facet normal -0.0726895 0.108781 0.991405
    outer loop
      vertex -0.0588627 0.101953 9.29615
      vertex -0.213774 0.278596 9.26541
      vertex -0.0716667 0.0933971 9.29615
    endloop
  endfacet
  facet normal -0.0726853 0.108784 0.991404
    outer loop
      vertex -0.175581 0.304115 9.26541
      vertex -0.213774 0.278596 9.26541
      vertex -0.0588627 0.101953 9.29615
    endloop
  endfacet
  facet normal -0.245576 0.0833626 0.965786
    outer loop
      vertex -0.324431 0.134383 9.26541
      vertex -0.534548 0.221416 9.20447
      vertex -0.339196 0.0908871 9.26541
    endloop
  endfacet
  facet normal 0.0862613 -0.0983668 0.991405
    outer loop
      vertex 0.0832443 -0.0832443 9.29615
      vertex 0.0716667 -0.0933971 9.29615
      vertex 0.213774 -0.278596 9.26541
    endloop
  endfacet
  facet normal -0.254356 0.0505974 0.965786
    outer loop
      vertex -0.558875 0.14975 9.20447
      vertex -0.573641 0.0755205 9.20447
      vertex -0.339196 0.0908871 9.26541
    endloop
  endfacet
  facet normal -0.245577 0.0833611 0.965786
    outer loop
      vertex -0.534548 0.221416 9.20447
      vertex -0.558875 0.14975 9.20447
      vertex -0.339196 0.0908871 9.26541
    endloop
  endfacet
  facet normal -0.0578667 -0.11734 0.991404
    outer loop
      vertex -0.0588627 -0.101953 9.29615
      vertex -0.175581 -0.304115 9.26541
      vertex -0.0450516 -0.108764 9.29615
    endloop
  endfacet
  facet normal -0.0169604 0.258785 0.965786
    outer loop
      vertex 0 0.351162 9.26541
      vertex -0.0755205 0.573641 9.20447
      vertex -0.0458355 0.348158 9.26541
    endloop
  endfacet
  facet normal -0.0505984 0.254356 0.965786
    outer loop
      vertex -0.0755205 0.573641 9.20447
      vertex -0.0908871 0.339196 9.26541
      vertex -0.0458355 0.348158 9.26541
    endloop
  endfacet
  facet normal -0.0420552 0.12389 0.991404
    outer loop
      vertex -0.0908871 0.339196 9.26541
      vertex -0.134383 0.324431 9.26541
      vertex -0.0304689 0.113714 9.29615
    endloop
  endfacet
  facet normal -0.0833626 0.245576 0.965786
    outer loop
      vertex -0.0908871 0.339196 9.26541
      vertex -0.221416 0.534548 9.20447
      vertex -0.134383 0.324431 9.26541
    endloop
  endfacet
  facet normal -0.442275 0.89688 0
    outer loop
      vertex -0.687355 1.65942 7.5
      vertex -0.898072 1.55551 7.61773
      vertex -0.687355 1.65942 7.61773
    endloop
  endfacet
  facet normal -0.442275 0.89688 0
    outer loop
      vertex -0.898072 1.55551 7.61773
      vertex -0.687355 1.65942 7.5
      vertex -0.898072 1.55551 7.5
    endloop
  endfacet
  facet normal -0.278239 0.416417 0.865552
    outer loop
      vertex -0.500012 0.866048 8.99664
      vertex -0.608777 0.793374 8.99664
      vertex -0.398059 0.68946 9.11437
    endloop
  endfacet
  facet normal -0.221505 0.449172 0.865552
    outer loop
      vertex -0.304662 0.735518 9.11437
      vertex -0.500012 0.866048 8.99664
      vertex -0.398059 0.68946 9.11437
    endloop
  endfacet
  facet normal -0.523489 0.596943 0.607963
    outer loop
      vertex -0.823843 1.07365 8.68682
      vertex -1.05829 1.05829 8.50003
      vertex -0.956935 0.956935 8.68682
    endloop
  endfacet
  facet normal -0.596943 0.523489 0.607963
    outer loop
      vertex -1.05829 1.05829 8.50003
      vertex -1.07365 0.823843 8.68682
      vertex -0.956935 0.956935 8.68682
    endloop
  endfacet
  facet normal -0.0631751 -0.963996 0.258303
    outer loop
      vertex 0 -1.70447 8.07859
      vertex -0.222478 -1.68989 8.07859
      vertex 0 -1.76541 7.85116
    endloop
  endfacet
  facet normal -0.193422 -0.972434 0.130232
    outer loop
      vertex -0.456923 -1.70526 7.85116
      vertex -0.464876 -1.73494 7.61773
      vertex -0.230433 -1.75031 7.85116
    endloop
  endfacet
  facet normal 0.0983668 0.0862613 0.991405
    outer loop
      vertex 0.278596 0.213774 9.26541
      vertex 0.0832443 0.0832443 9.29615
      vertex 0.0933971 0.0716667 9.29615
    endloop
  endfacet
  facet normal -0.144079 -0.215635 0.965786
    outer loop
      vertex -0.213774 -0.278596 9.26541
      vertex -0.289295 -0.501074 9.20447
      vertex -0.175581 -0.304115 9.26541
    endloop
  endfacet
  facet normal 0.0250704 -0.382551 0.923594
    outer loop
      vertex 0 -0.57859 9.20447
      vertex 0 -0.796119 9.11437
      vertex 0.103914 -0.789309 9.11437
    endloop
  endfacet
  facet normal 0.0169604 -0.258785 0.965786
    outer loop
      vertex 0.0458355 -0.348158 9.26541
      vertex 0 -0.351162 9.26541
      vertex 0.0755205 -0.573641 9.20447
    endloop
  endfacet
  facet normal -0.0833611 -0.245577 0.965786
    outer loop
      vertex -0.0908871 -0.339196 9.26541
      vertex -0.221416 -0.534548 9.20447
      vertex -0.14975 -0.558875 9.20447
    endloop
  endfacet
  facet normal -0.0505974 -0.254356 0.965786
    outer loop
      vertex -0.0908871 -0.339196 9.26541
      vertex -0.14975 -0.558875 9.20447
      vertex -0.0755205 -0.573641 9.20447
    endloop
  endfacet
  facet normal 0.0255222 -0.128319 0.991405
    outer loop
      vertex 0.0304689 -0.113714 9.29615
      vertex 0.0153656 -0.116718 9.29615
      vertex 0.0458355 -0.348158 9.26541
    endloop
  endfacet
  facet normal -0.117341 -0.0578646 0.991404
    outer loop
      vertex -0.108764 -0.0450516 9.29615
      vertex -0.324431 -0.134383 9.26541
      vertex -0.304115 -0.175581 9.26541
    endloop
  endfacet
  facet normal -0.12389 -0.0420537 0.991404
    outer loop
      vertex -0.113714 -0.0304689 9.29615
      vertex -0.324431 -0.134383 9.26541
      vertex -0.108764 -0.0450516 9.29615
    endloop
  endfacet
  facet normal -0.194984 -0.170994 0.965786
    outer loop
      vertex -0.278596 -0.213774 9.26541
      vertex -0.459026 -0.352223 9.20447
      vertex -0.409125 -0.409125 9.20447
    endloop
  endfacet
  facet normal -0.19498 -0.170997 0.965786
    outer loop
      vertex -0.278596 -0.213774 9.26541
      vertex -0.409125 -0.409125 9.20447
      vertex -0.248309 -0.248309 9.26541
    endloop
  endfacet
  facet normal -0.0578646 -0.117341 0.991404
    outer loop
      vertex -0.0450516 -0.108764 9.29615
      vertex -0.175581 -0.304115 9.26541
      vertex -0.134383 -0.324431 9.26541
    endloop
  endfacet
  facet normal -0.60828 0.0398905 0.79272
    outer loop
      vertex -0.99147 0.130529 8.99664
      vertex -1.18682 0 8.85331
      vertex -1.00003 0 8.99664
    endloop
  endfacet
  facet normal -0.499746 0.032773 0.865552
    outer loop
      vertex -0.99147 0.130529 8.99664
      vertex -1.00003 0 8.99664
      vertex -0.789309 0.103914 9.11437
    endloop
  endfacet
  facet normal 0.726339 -0.636949 0.258318
    outer loop
      vertex 1.35225 -1.03762 8.07859
      vertex 1.20525 -1.20525 8.07859
      vertex 1.4006 -1.07472 7.85116
    endloop
  endfacet
  facet normal 0.726328 -0.63697 0.258297
    outer loop
      vertex 1.4006 -1.07472 7.85116
      vertex 1.20525 -1.20525 8.07859
      vertex 1.24834 -1.24834 7.85116
    endloop
  endfacet
  facet normal 0.427275 -0.86644 0.258299
    outer loop
      vertex 0.852237 -1.47612 8.07859
      vertex 0.652273 -1.57473 8.07859
      vertex 0.675594 -1.63103 7.85116
    endloop
  endfacet
  facet normal 0.427292 -0.866436 0.258283
    outer loop
      vertex 0.852237 -1.47612 8.07859
      vertex 0.675594 -1.63103 7.85116
      vertex 0.882707 -1.52889 7.85116
    endloop
  endfacet
  facet normal 0.0327503 -0.499738 0.865557
    outer loop
      vertex 0 -0.796119 9.11437
      vertex 0 -1.00003 8.99664
      vertex 0.103914 -0.789309 9.11437
    endloop
  endfacet
  facet normal -0.0327503 -0.499738 0.865557
    outer loop
      vertex 0 -0.796119 9.11437
      vertex -0.103914 -0.789309 9.11437
      vertex 0 -1.00003 8.99664
    endloop
  endfacet
  facet normal 0.0726895 0.108781 0.991405
    outer loop
      vertex 0.213774 0.278596 9.26541
      vertex 0.0588627 0.101953 9.29615
      vertex 0.0716667 0.0933971 9.29615
    endloop
  endfacet
  facet normal 0.0250693 -0.382551 0.923594
    outer loop
      vertex 0.0755205 -0.573641 9.20447
      vertex 0 -0.57859 9.20447
      vertex 0.103914 -0.789309 9.11437
    endloop
  endfacet
  facet normal 0.0169587 -0.258785 0.965786
    outer loop
      vertex 0 -0.351162 9.26541
      vertex 0 -0.57859 9.20447
      vertex 0.0755205 -0.573641 9.20447
    endloop
  endfacet
  facet normal 0.0505974 -0.254356 0.965786
    outer loop
      vertex 0.0908871 -0.339196 9.26541
      vertex 0.0755205 -0.573641 9.20447
      vertex 0.14975 -0.558875 9.20447
    endloop
  endfacet
  facet normal 0.074796 -0.376004 0.923594
    outer loop
      vertex 0.14975 -0.558875 9.20447
      vertex 0.0755205 -0.573641 9.20447
      vertex 0.206051 -0.768992 9.11437
    endloop
  endfacet
  facet normal 0.19498 -0.170997 0.965786
    outer loop
      vertex 0.278596 -0.213774 9.26541
      vertex 0.248309 -0.248309 9.26541
      vertex 0.409125 -0.409125 9.20447
    endloop
  endfacet
  facet normal 0.0983643 -0.0862649 0.991404
    outer loop
      vertex 0.278596 -0.213774 9.26541
      vertex 0.0832443 -0.0832443 9.29615
      vertex 0.248309 -0.248309 9.26541
    endloop
  endfacet
  facet normal 0.288235 -0.252771 0.923595
    outer loop
      vertex 0.459026 -0.352223 9.20447
      vertex 0.409125 -0.409125 9.20447
      vertex 0.562942 -0.562942 9.11437
    endloop
  endfacet
  facet normal 0.288237 -0.25277 0.923595
    outer loop
      vertex 0.631603 -0.484647 9.11437
      vertex 0.459026 -0.352223 9.20447
      vertex 0.562942 -0.562942 9.11437
    endloop
  endfacet
  facet normal 0.1147 -0.232596 0.965786
    outer loop
      vertex 0.175581 -0.304115 9.26541
      vertex 0.134383 -0.324431 9.26541
      vertex 0.221416 -0.534548 9.20447
    endloop
  endfacet
  facet normal 0.114703 -0.232595 0.965786
    outer loop
      vertex 0.289295 -0.501074 9.20447
      vertex 0.175581 -0.304115 9.26541
      vertex 0.221416 -0.534548 9.20447
    endloop
  endfacet
  facet normal 0.0255222 0.128319 0.991405
    outer loop
      vertex 0.0458355 0.348158 9.26541
      vertex 0.0153656 0.116718 9.29615
      vertex 0.0304689 0.113714 9.29615
    endloop
  endfacet
  facet normal 0.245577 -0.0833611 0.965786
    outer loop
      vertex 0.558875 -0.14975 9.20447
      vertex 0.339196 -0.0908871 9.26541
      vertex 0.534548 -0.221416 9.20447
    endloop
  endfacet
  facet normal 0.254356 -0.0505974 0.965786
    outer loop
      vertex 0.573641 -0.0755205 9.20447
      vertex 0.339196 -0.0908871 9.26541
      vertex 0.558875 -0.14975 9.20447
    endloop
  endfacet
  facet normal -0.427292 0.866436 0.258283
    outer loop
      vertex -0.675594 1.63103 7.85116
      vertex -0.882707 1.52889 7.85116
      vertex -0.852237 1.47612 8.07859
    endloop
  endfacet
  facet normal -0.427275 0.86644 0.258299
    outer loop
      vertex -0.675594 1.63103 7.85116
      vertex -0.852237 1.47612 8.07859
      vertex -0.652273 1.57473 8.07859
    endloop
  endfacet
  facet normal -0.154885 0.77872 0.607953
    outer loop
      vertex -0.195351 1.48384 8.50003
      vertex -0.38736 1.44565 8.50003
      vertex -0.350263 1.3072 8.68682
    endloop
  endfacet
  facet normal -0.046281 0.706349 0.706349
    outer loop
      vertex 0 1.35331 8.68682
      vertex -0.154911 1.17667 8.85331
      vertex 0 1.18682 8.85331
    endloop
  endfacet
  facet normal -0.278535 0.820512 0.499178
    outer loop
      vertex -0.41783 1.55936 8.29612
      vertex -0.617792 1.49148 8.29612
      vertex -0.38736 1.44565 8.50003
    endloop
  endfacet
  facet normal -0.29707 0.875114 0.382
    outer loop
      vertex -0.41783 1.55936 8.29612
      vertex -0.652273 1.57473 8.07859
      vertex -0.617792 1.49148 8.29612
    endloop
  endfacet
  facet normal 0.215633 0.144084 0.965786
    outer loop
      vertex 0.459026 0.352223 9.20447
      vertex 0.278596 0.213774 9.26541
      vertex 0.501074 0.289295 9.20447
    endloop
  endfacet
  facet normal 0.194984 0.170994 0.965786
    outer loop
      vertex 0.409125 0.409125 9.20447
      vertex 0.278596 0.213774 9.26541
      vertex 0.459026 0.352223 9.20447
    endloop
  endfacet
  facet normal 0.108781 0.0726895 0.991405
    outer loop
      vertex 0.278596 0.213774 9.26541
      vertex 0.0933971 0.0716667 9.29615
      vertex 0.101953 0.0588627 9.29615
    endloop
  endfacet
  facet normal -0.212991 0.31876 0.923594
    outer loop
      vertex -0.398059 0.68946 9.11437
      vertex -0.484647 0.631603 9.11437
      vertex -0.352223 0.459026 9.20447
    endloop
  endfacet
  facet normal -0.278242 0.416412 0.865553
    outer loop
      vertex -0.398059 0.68946 9.11437
      vertex -0.608777 0.793374 8.99664
      vertex -0.484647 0.631603 9.11437
    endloop
  endfacet
  facet normal -0.338664 0.506836 0.792732
    outer loop
      vertex -0.59341 1.02782 8.85331
      vertex -0.722491 0.941569 8.85331
      vertex -0.500012 0.866048 8.99664
    endloop
  endfacet
  facet normal -0.33866 0.506843 0.792729
    outer loop
      vertex -0.500012 0.866048 8.99664
      vertex -0.722491 0.941569 8.85331
      vertex -0.608777 0.793374 8.99664
    endloop
  endfacet
  facet normal 0.0631751 -0.963996 0.258303
    outer loop
      vertex 0 -1.70447 8.07859
      vertex 0 -1.76541 7.85116
      vertex 0.222478 -1.68989 8.07859
    endloop
  endfacet
  facet normal -0.0604358 -0.922197 0.38197
    outer loop
      vertex 0 -1.61437 8.29612
      vertex -0.222478 -1.68989 8.07859
      vertex 0 -1.70447 8.07859
    endloop
  endfacet
  facet normal -0.188483 -0.947492 0.258329
    outer loop
      vertex -0.44115 -1.64639 8.07859
      vertex -0.456923 -1.70526 7.85116
      vertex -0.222478 -1.68989 8.07859
    endloop
  endfacet
  facet normal -0.188463 -0.947501 0.258309
    outer loop
      vertex -0.222478 -1.68989 8.07859
      vertex -0.456923 -1.70526 7.85116
      vertex -0.230433 -1.75031 7.85116
    endloop
  endfacet
  facet normal 0.824384 -0.550847 0.130229
    outer loop
      vertex 1.55551 -0.898072 7.61773
      vertex 1.4006 -1.07472 7.85116
      vertex 1.42498 -1.09342 7.61773
    endloop
  endfacet
  facet normal -0.0398544 -0.608265 0.792733
    outer loop
      vertex -0.130529 -0.99147 8.99664
      vertex -0.154911 -1.17667 8.85331
      vertex 0 -1.18682 8.85331
    endloop
  endfacet
  facet normal -0.0398905 -0.60828 0.79272
    outer loop
      vertex 0 -1.00003 8.99664
      vertex -0.130529 -0.99147 8.99664
      vertex 0 -1.18682 8.85331
    endloop
  endfacet
  facet normal 0.0519127 0.792282 0.607943
    outer loop
      vertex 0 1.49664 8.50003
      vertex 0 1.35331 8.68682
      vertex 0.195351 1.48384 8.50003
    endloop
  endfacet
  facet normal -0.0519127 0.792282 0.607943
    outer loop
      vertex 0 1.49664 8.50003
      vertex -0.195351 1.48384 8.50003
      vertex 0 1.35331 8.68682
    endloop
  endfacet
  facet normal 0.0862649 0.0983643 0.991404
    outer loop
      vertex 0.213774 0.278596 9.26541
      vertex 0.0832443 0.0832443 9.29615
      vertex 0.248309 0.248309 9.26541
    endloop
  endfacet
  facet normal 0.0983643 0.0862649 0.991404
    outer loop
      vertex 0.248309 0.248309 9.26541
      vertex 0.0832443 0.0832443 9.29615
      vertex 0.278596 0.213774 9.26541
    endloop
  endfacet
  facet normal -0.0726853 -0.108784 0.991404
    outer loop
      vertex -0.0588627 -0.101953 9.29615
      vertex -0.213774 -0.278596 9.26541
      vertex -0.175581 -0.304115 9.26541
    endloop
  endfacet
  facet normal -0.0726895 -0.108781 0.991405
    outer loop
      vertex -0.0716667 -0.0933971 9.29615
      vertex -0.213774 -0.278596 9.26541
      vertex -0.0588627 -0.101953 9.29615
    endloop
  endfacet
  facet normal -0.0463063 0.70636 0.706337
    outer loop
      vertex 0 1.35331 8.68682
      vertex -0.176642 1.34173 8.68682
      vertex -0.154911 1.17667 8.85331
    endloop
  endfacet
  facet normal -0.0519381 0.792267 0.60796
    outer loop
      vertex 0 1.35331 8.68682
      vertex -0.195351 1.48384 8.50003
      vertex -0.176642 1.34173 8.68682
    endloop
  endfacet
  facet normal -0.442303 0.896865 0
    outer loop
      vertex 1.425 -2.46817 0.25
      vertex 1.09065 -2.63306 1.5
      vertex 1.425 -2.46817 1.5
    endloop
  endfacet
  facet normal -0.442303 0.896865 0
    outer loop
      vertex 1.09065 -2.63306 1.5
      vertex 1.425 -2.46817 0.25
      vertex 1.09065 -2.63306 0.25
    endloop
  endfacet
  facet normal -0.980785 -0.195092 0
    outer loop
      vertex 2.82562 0.371999 0.25
      vertex 2.75289 0.737634 1.5
      vertex 2.75289 0.737634 0.25
    endloop
  endfacet
  facet normal -0.980785 -0.195092 0
    outer loop
      vertex 2.75289 0.737634 1.5
      vertex 2.82562 0.371999 0.25
      vertex 2.82562 0.371999 1.5
    endloop
  endfacet
  facet normal -0.997859 -0.0653975 0
    outer loop
      vertex 2.85 0 0.25
      vertex 2.82562 0.371999 1.5
      vertex 2.82562 0.371999 0.25
    endloop
  endfacet
  facet normal -0.997859 -0.0653975 0
    outer loop
      vertex 2.82562 0.371999 1.5
      vertex 2.85 0 0.25
      vertex 2.85 0 1.5
    endloop
  endfacet
  facet normal -0.946932 -0.321433 0
    outer loop
      vertex 2.75289 0.737634 0.25
      vertex 2.63306 1.09065 1.5
      vertex 2.63306 1.09065 0.25
    endloop
  endfacet
  facet normal -0.946932 -0.321433 0
    outer loop
      vertex 2.63306 1.09065 1.5
      vertex 2.75289 0.737634 0.25
      vertex 2.75289 0.737634 1.5
    endloop
  endfacet
  facet normal -0.751825 0.659363 0
    outer loop
      vertex 2.01525 -2.01525 0.25
      vertex 2.26106 -1.73497 1.5
      vertex 2.26106 -1.73497 0.25
    endloop
  endfacet
  facet normal -0.751825 0.659363 0
    outer loop
      vertex 2.26106 -1.73497 1.5
      vertex 2.01525 -2.01525 0.25
      vertex 2.01525 -2.01525 1.5
    endloop
  endfacet
  facet normal 0.55556 -0.831476 0
    outer loop
      vertex -1.73497 2.26106 0.25
      vertex -1.425 2.46817 1.5
      vertex -1.73497 2.26106 1.5
    endloop
  endfacet
  facet normal 0.55556 -0.831476 0
    outer loop
      vertex -1.425 2.46817 1.5
      vertex -1.73497 2.26106 0.25
      vertex -1.425 2.46817 0.25
    endloop
  endfacet
  facet normal -0.321433 -0.946932 0
    outer loop
      vertex 0.737634 2.75289 0.25
      vertex 1.09065 2.63306 1.5
      vertex 0.737634 2.75289 1.5
    endloop
  endfacet
  facet normal -0.321433 -0.946932 -0
    outer loop
      vertex 1.09065 2.63306 1.5
      vertex 0.737634 2.75289 0.25
      vertex 1.09065 2.63306 0.25
    endloop
  endfacet
  facet normal -0.55556 -0.831476 0
    outer loop
      vertex 1.425 2.46817 0.25
      vertex 1.73497 2.26106 1.5
      vertex 1.425 2.46817 1.5
    endloop
  endfacet
  facet normal -0.55556 -0.831476 -0
    outer loop
      vertex 1.73497 2.26106 1.5
      vertex 1.425 2.46817 0.25
      vertex 1.73497 2.26106 0.25
    endloop
  endfacet
  facet normal -0.321433 0.946932 0
    outer loop
      vertex 1.09065 -2.63306 0.25
      vertex 0.737634 -2.75289 1.5
      vertex 1.09065 -2.63306 1.5
    endloop
  endfacet
  facet normal -0.321433 0.946932 0
    outer loop
      vertex 0.737634 -2.75289 1.5
      vertex 1.09065 -2.63306 0.25
      vertex 0.737634 -2.75289 0.25
    endloop
  endfacet
  facet normal -0.896865 -0.442303 0
    outer loop
      vertex 2.63306 1.09065 0.25
      vertex 2.46817 1.425 1.5
      vertex 2.46817 1.425 0.25
    endloop
  endfacet
  facet normal -0.896865 -0.442303 0
    outer loop
      vertex 2.46817 1.425 1.5
      vertex 2.63306 1.09065 0.25
      vertex 2.63306 1.09065 1.5
    endloop
  endfacet
  facet normal 0.195092 -0.980785 0
    outer loop
      vertex -0.737634 2.75289 0.25
      vertex -0.371999 2.82562 1.5
      vertex -0.737634 2.75289 1.5
    endloop
  endfacet
  facet normal 0.195092 -0.980785 0
    outer loop
      vertex -0.371999 2.82562 1.5
      vertex -0.737634 2.75289 0.25
      vertex -0.371999 2.82562 0.25
    endloop
  endfacet
  facet normal -0.946932 0.321433 0
    outer loop
      vertex 2.63306 -1.09065 0.25
      vertex 2.75289 -0.737634 1.5
      vertex 2.75289 -0.737634 0.25
    endloop
  endfacet
  facet normal -0.946932 0.321433 0
    outer loop
      vertex 2.75289 -0.737634 1.5
      vertex 2.63306 -1.09065 0.25
      vertex 2.63306 -1.09065 1.5
    endloop
  endfacet
  facet normal 0.55556 0.831476 -0
    outer loop
      vertex -1.425 -2.46817 0.25
      vertex -1.73497 -2.26106 1.5
      vertex -1.425 -2.46817 1.5
    endloop
  endfacet
  facet normal 0.55556 0.831476 0
    outer loop
      vertex -1.73497 -2.26106 1.5
      vertex -1.425 -2.46817 0.25
      vertex -1.73497 -2.26106 0.25
    endloop
  endfacet
  facet normal 0.659363 -0.751825 0
    outer loop
      vertex -2.01525 2.01525 0.25
      vertex -1.73497 2.26106 1.5
      vertex -2.01525 2.01525 1.5
    endloop
  endfacet
  facet normal 0.659363 -0.751825 0
    outer loop
      vertex -1.73497 2.26106 1.5
      vertex -2.01525 2.01525 0.25
      vertex -1.73497 2.26106 0.25
    endloop
  endfacet
  facet normal 0.980785 -0.195092 0
    outer loop
      vertex -2.82562 0.371999 1.5
      vertex -2.75289 0.737634 0.25
      vertex -2.75289 0.737634 1.5
    endloop
  endfacet
  facet normal 0.980785 -0.195092 0
    outer loop
      vertex -2.75289 0.737634 0.25
      vertex -2.82562 0.371999 1.5
      vertex -2.82562 0.371999 0.25
    endloop
  endfacet
  facet normal 0.321433 -0.946932 0
    outer loop
      vertex -1.09065 2.63306 0.25
      vertex -0.737634 2.75289 1.5
      vertex -1.09065 2.63306 1.5
    endloop
  endfacet
  facet normal 0.321433 -0.946932 0
    outer loop
      vertex -0.737634 2.75289 1.5
      vertex -1.09065 2.63306 0.25
      vertex -0.737634 2.75289 0.25
    endloop
  endfacet
  facet normal -0.659363 0.751825 0
    outer loop
      vertex 2.01525 -2.01525 0.25
      vertex 1.73497 -2.26106 1.5
      vertex 2.01525 -2.01525 1.5
    endloop
  endfacet
  facet normal -0.659363 0.751825 0
    outer loop
      vertex 1.73497 -2.26106 1.5
      vertex 2.01525 -2.01525 0.25
      vertex 1.73497 -2.26106 0.25
    endloop
  endfacet
  facet normal 0.946932 0.321433 0
    outer loop
      vertex -2.63306 -1.09065 1.5
      vertex -2.75289 -0.737634 0.25
      vertex -2.75289 -0.737634 1.5
    endloop
  endfacet
  facet normal 0.946932 0.321433 0
    outer loop
      vertex -2.75289 -0.737634 0.25
      vertex -2.63306 -1.09065 1.5
      vertex -2.63306 -1.09065 0.25
    endloop
  endfacet
  facet normal -0.831476 -0.55556 0
    outer loop
      vertex 2.46817 1.425 0.25
      vertex 2.26106 1.73497 1.5
      vertex 2.26106 1.73497 0.25
    endloop
  endfacet
  facet normal -0.831476 -0.55556 0
    outer loop
      vertex 2.26106 1.73497 1.5
      vertex 2.46817 1.425 0.25
      vertex 2.46817 1.425 1.5
    endloop
  endfacet
  facet normal -0.195092 0.980785 0
    outer loop
      vertex 0.737634 -2.75289 0.25
      vertex 0.371999 -2.82562 1.5
      vertex 0.737634 -2.75289 1.5
    endloop
  endfacet
  facet normal -0.195092 0.980785 0
    outer loop
      vertex 0.371999 -2.82562 1.5
      vertex 0.737634 -2.75289 0.25
      vertex 0.371999 -2.82562 0.25
    endloop
  endfacet
  facet normal 0.980785 0.195092 0
    outer loop
      vertex -2.75289 -0.737634 1.5
      vertex -2.82562 -0.371999 0.25
      vertex -2.82562 -0.371999 1.5
    endloop
  endfacet
  facet normal 0.980785 0.195092 0
    outer loop
      vertex -2.82562 -0.371999 0.25
      vertex -2.75289 -0.737634 1.5
      vertex -2.75289 -0.737634 0.25
    endloop
  endfacet
  facet normal -0.659363 -0.751825 0
    outer loop
      vertex 1.73497 2.26106 0.25
      vertex 2.01525 2.01525 1.5
      vertex 1.73497 2.26106 1.5
    endloop
  endfacet
  facet normal -0.659363 -0.751825 -0
    outer loop
      vertex 2.01525 2.01525 1.5
      vertex 1.73497 2.26106 0.25
      vertex 2.01525 2.01525 0.25
    endloop
  endfacet
  facet normal -0.997859 0.0653975 0
    outer loop
      vertex 2.82562 -0.371999 0.25
      vertex 2.85 0 1.5
      vertex 2.85 0 0.25
    endloop
  endfacet
  facet normal -0.997859 0.0653975 0
    outer loop
      vertex 2.85 0 1.5
      vertex 2.82562 -0.371999 0.25
      vertex 2.82562 -0.371999 1.5
    endloop
  endfacet
  facet normal -0.980785 0.195092 0
    outer loop
      vertex 2.75289 -0.737634 0.25
      vertex 2.82562 -0.371999 1.5
      vertex 2.82562 -0.371999 0.25
    endloop
  endfacet
  facet normal -0.980785 0.195092 0
    outer loop
      vertex 2.82562 -0.371999 1.5
      vertex 2.75289 -0.737634 0.25
      vertex 2.75289 -0.737634 1.5
    endloop
  endfacet
  facet normal -0.55556 0.831476 0
    outer loop
      vertex 1.73497 -2.26106 0.25
      vertex 1.425 -2.46817 1.5
      vertex 1.73497 -2.26106 1.5
    endloop
  endfacet
  facet normal -0.55556 0.831476 0
    outer loop
      vertex 1.425 -2.46817 1.5
      vertex 1.73497 -2.26106 0.25
      vertex 1.425 -2.46817 0.25
    endloop
  endfacet
  facet normal -0.195092 -0.980785 0
    outer loop
      vertex 0.371999 2.82562 0.25
      vertex 0.737634 2.75289 1.5
      vertex 0.371999 2.82562 1.5
    endloop
  endfacet
  facet normal -0.195092 -0.980785 -0
    outer loop
      vertex 0.737634 2.75289 1.5
      vertex 0.371999 2.82562 0.25
      vertex 0.737634 2.75289 0.25
    endloop
  endfacet
  facet normal -0.751825 -0.659363 0
    outer loop
      vertex 2.26106 1.73497 0.25
      vertex 2.01525 2.01525 1.5
      vertex 2.01525 2.01525 0.25
    endloop
  endfacet
  facet normal -0.751825 -0.659363 0
    outer loop
      vertex 2.01525 2.01525 1.5
      vertex 2.26106 1.73497 0.25
      vertex 2.26106 1.73497 1.5
    endloop
  endfacet
  facet normal -0.0653975 -0.997859 0
    outer loop
      vertex 0 2.85 0.25
      vertex 0.371999 2.82562 1.5
      vertex 0 2.85 1.5
    endloop
  endfacet
  facet normal -0.0653975 -0.997859 -0
    outer loop
      vertex 0.371999 2.82562 1.5
      vertex 0 2.85 0.25
      vertex 0.371999 2.82562 0.25
    endloop
  endfacet
  facet normal 0.946932 -0.321433 0
    outer loop
      vertex -2.75289 0.737634 1.5
      vertex -2.63306 1.09065 0.25
      vertex -2.63306 1.09065 1.5
    endloop
  endfacet
  facet normal 0.946932 -0.321433 0
    outer loop
      vertex -2.63306 1.09065 0.25
      vertex -2.75289 0.737634 1.5
      vertex -2.75289 0.737634 0.25
    endloop
  endfacet
  facet normal 0.0653975 0.997859 -0
    outer loop
      vertex 0 -2.85 0.25
      vertex -0.371999 -2.82562 1.5
      vertex 0 -2.85 1.5
    endloop
  endfacet
  facet normal 0.0653975 0.997859 0
    outer loop
      vertex -0.371999 -2.82562 1.5
      vertex 0 -2.85 0.25
      vertex -0.371999 -2.82562 0.25
    endloop
  endfacet
  facet normal -0.442303 -0.896865 0
    outer loop
      vertex 1.09065 2.63306 0.25
      vertex 1.425 2.46817 1.5
      vertex 1.09065 2.63306 1.5
    endloop
  endfacet
  facet normal -0.442303 -0.896865 -0
    outer loop
      vertex 1.425 2.46817 1.5
      vertex 1.09065 2.63306 0.25
      vertex 1.425 2.46817 0.25
    endloop
  endfacet
  facet normal 0.997859 0.0653975 0
    outer loop
      vertex -2.82562 -0.371999 1.5
      vertex -2.85 0 0.25
      vertex -2.85 0 1.5
    endloop
  endfacet
  facet normal 0.997859 0.0653975 0
    outer loop
      vertex -2.85 0 0.25
      vertex -2.82562 -0.371999 1.5
      vertex -2.82562 -0.371999 0.25
    endloop
  endfacet
  facet normal 0.659363 0.751825 -0
    outer loop
      vertex -1.73497 -2.26106 0.25
      vertex -2.01525 -2.01525 1.5
      vertex -1.73497 -2.26106 1.5
    endloop
  endfacet
  facet normal 0.659363 0.751825 0
    outer loop
      vertex -2.01525 -2.01525 1.5
      vertex -1.73497 -2.26106 0.25
      vertex -2.01525 -2.01525 0.25
    endloop
  endfacet
  facet normal -0.831476 0.55556 0
    outer loop
      vertex 2.26106 -1.73497 0.25
      vertex 2.46817 -1.425 1.5
      vertex 2.46817 -1.425 0.25
    endloop
  endfacet
  facet normal -0.831476 0.55556 0
    outer loop
      vertex 2.46817 -1.425 1.5
      vertex 2.26106 -1.73497 0.25
      vertex 2.26106 -1.73497 1.5
    endloop
  endfacet
  facet normal 0.751825 0.659363 0
    outer loop
      vertex -2.01525 -2.01525 1.5
      vertex -2.26106 -1.73497 0.25
      vertex -2.26106 -1.73497 1.5
    endloop
  endfacet
  facet normal 0.751825 0.659363 0
    outer loop
      vertex -2.26106 -1.73497 0.25
      vertex -2.01525 -2.01525 1.5
      vertex -2.01525 -2.01525 0.25
    endloop
  endfacet
  facet normal 0.997859 -0.0653975 0
    outer loop
      vertex -2.85 0 1.5
      vertex -2.82562 0.371999 0.25
      vertex -2.82562 0.371999 1.5
    endloop
  endfacet
  facet normal 0.997859 -0.0653975 0
    outer loop
      vertex -2.82562 0.371999 0.25
      vertex -2.85 0 1.5
      vertex -2.85 0 0.25
    endloop
  endfacet
  facet normal 0.195092 0.980785 -0
    outer loop
      vertex -0.371999 -2.82562 0.25
      vertex -0.737634 -2.75289 1.5
      vertex -0.371999 -2.82562 1.5
    endloop
  endfacet
  facet normal 0.195092 0.980785 0
    outer loop
      vertex -0.737634 -2.75289 1.5
      vertex -0.371999 -2.82562 0.25
      vertex -0.737634 -2.75289 0.25
    endloop
  endfacet
  facet normal -0.0653975 0.997859 0
    outer loop
      vertex 0.371999 -2.82562 0.25
      vertex 0 -2.85 1.5
      vertex 0.371999 -2.82562 1.5
    endloop
  endfacet
  facet normal -0.0653975 0.997859 0
    outer loop
      vertex 0 -2.85 1.5
      vertex 0.371999 -2.82562 0.25
      vertex 0 -2.85 0.25
    endloop
  endfacet
  facet normal 0.442303 -0.896865 0
    outer loop
      vertex -1.425 2.46817 0.25
      vertex -1.09065 2.63306 1.5
      vertex -1.425 2.46817 1.5
    endloop
  endfacet
  facet normal 0.442303 -0.896865 0
    outer loop
      vertex -1.09065 2.63306 1.5
      vertex -1.425 2.46817 0.25
      vertex -1.09065 2.63306 0.25
    endloop
  endfacet
  facet normal 0.321433 0.946932 -0
    outer loop
      vertex -0.737634 -2.75289 0.25
      vertex -1.09065 -2.63306 1.5
      vertex -0.737634 -2.75289 1.5
    endloop
  endfacet
  facet normal 0.321433 0.946932 0
    outer loop
      vertex -1.09065 -2.63306 1.5
      vertex -0.737634 -2.75289 0.25
      vertex -1.09065 -2.63306 0.25
    endloop
  endfacet
  facet normal 0.751825 -0.659363 0
    outer loop
      vertex -2.26106 1.73497 1.5
      vertex -2.01525 2.01525 0.25
      vertex -2.01525 2.01525 1.5
    endloop
  endfacet
  facet normal 0.751825 -0.659363 0
    outer loop
      vertex -2.01525 2.01525 0.25
      vertex -2.26106 1.73497 1.5
      vertex -2.26106 1.73497 0.25
    endloop
  endfacet
  facet normal 0.831476 0.55556 0
    outer loop
      vertex -2.26106 -1.73497 1.5
      vertex -2.46817 -1.425 0.25
      vertex -2.46817 -1.425 1.5
    endloop
  endfacet
  facet normal 0.831476 0.55556 0
    outer loop
      vertex -2.46817 -1.425 0.25
      vertex -2.26106 -1.73497 1.5
      vertex -2.26106 -1.73497 0.25
    endloop
  endfacet
  facet normal 0.0653975 -0.997859 0
    outer loop
      vertex -0.371999 2.82562 0.25
      vertex 0 2.85 1.5
      vertex -0.371999 2.82562 1.5
    endloop
  endfacet
  facet normal 0.0653975 -0.997859 0
    outer loop
      vertex 0 2.85 1.5
      vertex -0.371999 2.82562 0.25
      vertex 0 2.85 0.25
    endloop
  endfacet
  facet normal 0.442303 0.896865 -0
    outer loop
      vertex -1.09065 -2.63306 0.25
      vertex -1.425 -2.46817 1.5
      vertex -1.09065 -2.63306 1.5
    endloop
  endfacet
  facet normal 0.442303 0.896865 0
    outer loop
      vertex -1.425 -2.46817 1.5
      vertex -1.09065 -2.63306 0.25
      vertex -1.425 -2.46817 0.25
    endloop
  endfacet
  facet normal -0.896865 0.442303 0
    outer loop
      vertex 2.46817 -1.425 0.25
      vertex 2.63306 -1.09065 1.5
      vertex 2.63306 -1.09065 0.25
    endloop
  endfacet
  facet normal -0.896865 0.442303 0
    outer loop
      vertex 2.63306 -1.09065 1.5
      vertex 2.46817 -1.425 0.25
      vertex 2.46817 -1.425 1.5
    endloop
  endfacet
  facet normal 0.896865 0.442303 0
    outer loop
      vertex -2.46817 -1.425 1.5
      vertex -2.63306 -1.09065 0.25
      vertex -2.63306 -1.09065 1.5
    endloop
  endfacet
  facet normal 0.896865 0.442303 0
    outer loop
      vertex -2.63306 -1.09065 0.25
      vertex -2.46817 -1.425 1.5
      vertex -2.46817 -1.425 0.25
    endloop
  endfacet
  facet normal 0.896865 -0.442303 0
    outer loop
      vertex -2.63306 1.09065 1.5
      vertex -2.46817 1.425 0.25
      vertex -2.46817 1.425 1.5
    endloop
  endfacet
  facet normal 0.896865 -0.442303 0
    outer loop
      vertex -2.46817 1.425 0.25
      vertex -2.63306 1.09065 1.5
      vertex -2.63306 1.09065 0.25
    endloop
  endfacet
  facet normal 0.831476 -0.55556 0
    outer loop
      vertex -2.46817 1.425 1.5
      vertex -2.26106 1.73497 0.25
      vertex -2.26106 1.73497 1.5
    endloop
  endfacet
  facet normal 0.831476 -0.55556 0
    outer loop
      vertex -2.26106 1.73497 0.25
      vertex -2.46817 1.425 1.5
      vertex -2.46817 1.425 0.25
    endloop
  endfacet
  facet normal 0 0 -1
    outer loop
      vertex 2.82562 -0.371999 1.5
      vertex 2.82562 0.371999 1.5
      vertex 2.85 0 1.5
    endloop
  endfacet
  facet normal 0 0 -1
    outer loop
      vertex 2.75289 -0.737634 1.5
      vertex 2.82562 0.371999 1.5
      vertex 2.82562 -0.371999 1.5
    endloop
  endfacet
  facet normal 0 0 -1
    outer loop
      vertex 2.75289 -0.737634 1.5
      vertex 2.75289 0.737634 1.5
      vertex 2.82562 0.371999 1.5
    endloop
  endfacet
  facet normal 0 0 -1
    outer loop
      vertex 2.63306 -1.09065 1.5
      vertex 2.75289 0.737634 1.5
      vertex 2.75289 -0.737634 1.5
    endloop
  endfacet
  facet normal 0 0 -1
    outer loop
      vertex 2.63306 -1.09065 1.5
      vertex 2.63306 1.09065 1.5
      vertex 2.75289 0.737634 1.5
    endloop
  endfacet
  facet normal 0 0 -1
    outer loop
      vertex 2.46817 -1.425 1.5
      vertex 2.63306 1.09065 1.5
      vertex 2.63306 -1.09065 1.5
    endloop
  endfacet
  facet normal 0 0 -1
    outer loop
      vertex 2.46817 -1.425 1.5
      vertex 2.46817 1.425 1.5
      vertex 2.63306 1.09065 1.5
    endloop
  endfacet
  facet normal 0 0 -1
    outer loop
      vertex 2.26106 -1.73497 1.5
      vertex 2.46817 1.425 1.5
      vertex 2.46817 -1.425 1.5
    endloop
  endfacet
  facet normal 0 0 -1
    outer loop
      vertex 2.26106 -1.73497 1.5
      vertex 2.26106 1.73497 1.5
      vertex 2.46817 1.425 1.5
    endloop
  endfacet
  facet normal 0 0 -1
    outer loop
      vertex 2.01525 -2.01525 1.5
      vertex 2.26106 1.73497 1.5
      vertex 2.26106 -1.73497 1.5
    endloop
  endfacet
  facet normal 0 0 -1
    outer loop
      vertex 2.01525 -2.01525 1.5
      vertex 2.01525 2.01525 1.5
      vertex 2.26106 1.73497 1.5
    endloop
  endfacet
  facet normal 0 0 -1
    outer loop
      vertex 1.73497 -2.26106 1.5
      vertex 2.01525 2.01525 1.5
      vertex 2.01525 -2.01525 1.5
    endloop
  endfacet
  facet normal 0 0 -1
    outer loop
      vertex 1.73497 -2.26106 1.5
      vertex 1.73497 2.26106 1.5
      vertex 2.01525 2.01525 1.5
    endloop
  endfacet
  facet normal 0 0 -1
    outer loop
      vertex 1.425 -2.46817 1.5
      vertex 1.73497 2.26106 1.5
      vertex 1.73497 -2.26106 1.5
    endloop
  endfacet
  facet normal 0 0 -1
    outer loop
      vertex 1.425 -2.46817 1.5
      vertex 1.425 2.46817 1.5
      vertex 1.73497 2.26106 1.5
    endloop
  endfacet
  facet normal 0 0 -1
    outer loop
      vertex 1.09065 -2.63306 1.5
      vertex 1.425 2.46817 1.5
      vertex 1.425 -2.46817 1.5
    endloop
  endfacet
  facet normal 0 0 -1
    outer loop
      vertex 1.09065 -2.63306 1.5
      vertex 1.09065 2.63306 1.5
      vertex 1.425 2.46817 1.5
    endloop
  endfacet
  facet normal 0 0 -1
    outer loop
      vertex 0.737634 -2.75289 1.5
      vertex 1.09065 2.63306 1.5
      vertex 1.09065 -2.63306 1.5
    endloop
  endfacet
  facet normal 0 0 -1
    outer loop
      vertex 0.737634 -2.75289 1.5
      vertex 0.737634 2.75289 1.5
      vertex 1.09065 2.63306 1.5
    endloop
  endfacet
  facet normal 0 0 -1
    outer loop
      vertex 0.371999 -2.82562 1.5
      vertex 0.737634 2.75289 1.5
      vertex 0.737634 -2.75289 1.5
    endloop
  endfacet
  facet normal 0 0 -1
    outer loop
      vertex 0.371999 -2.82562 1.5
      vertex 0.371999 2.82562 1.5
      vertex 0.737634 2.75289 1.5
    endloop
  endfacet
  facet normal 0 0 -1
    outer loop
      vertex 0 -2.85 1.5
      vertex 0.371999 2.82562 1.5
      vertex 0.371999 -2.82562 1.5
    endloop
  endfacet
  facet normal 0 0 -1
    outer loop
      vertex 0 -2.85 1.5
      vertex 0 2.85 1.5
      vertex 0.371999 2.82562 1.5
    endloop
  endfacet
  facet normal 0 0 -1
    outer loop
      vertex -0.371999 -2.82562 1.5
      vertex 0 2.85 1.5
      vertex 0 -2.85 1.5
    endloop
  endfacet
  facet normal 0 0 -1
    outer loop
      vertex -0.371999 -2.82562 1.5
      vertex -0.371999 2.82562 1.5
      vertex 0 2.85 1.5
    endloop
  endfacet
  facet normal 0 0 -1
    outer loop
      vertex -0.737634 -2.75289 1.5
      vertex -0.371999 2.82562 1.5
      vertex -0.371999 -2.82562 1.5
    endloop
  endfacet
  facet normal 0 0 -1
    outer loop
      vertex -0.737634 -2.75289 1.5
      vertex -0.737634 2.75289 1.5
      vertex -0.371999 2.82562 1.5
    endloop
  endfacet
  facet normal 0 0 -1
    outer loop
      vertex -1.09065 -2.63306 1.5
      vertex -0.737634 2.75289 1.5
      vertex -0.737634 -2.75289 1.5
    endloop
  endfacet
  facet normal 0 0 -1
    outer loop
      vertex -1.09065 -2.63306 1.5
      vertex -1.09065 2.63306 1.5
      vertex -0.737634 2.75289 1.5
    endloop
  endfacet
  facet normal 0 0 -1
    outer loop
      vertex -1.425 -2.46817 1.5
      vertex -1.09065 2.63306 1.5
      vertex -1.09065 -2.63306 1.5
    endloop
  endfacet
  facet normal 0 0 -1
    outer loop
      vertex -1.425 -2.46817 1.5
      vertex -1.425 2.46817 1.5
      vertex -1.09065 2.63306 1.5
    endloop
  endfacet
  facet normal 0 0 -1
    outer loop
      vertex -1.73497 -2.26106 1.5
      vertex -1.425 2.46817 1.5
      vertex -1.425 -2.46817 1.5
    endloop
  endfacet
  facet normal 0 0 -1
    outer loop
      vertex -1.73497 -2.26106 1.5
      vertex -1.73497 2.26106 1.5
      vertex -1.425 2.46817 1.5
    endloop
  endfacet
  facet normal 0 0 -1
    outer loop
      vertex -2.01525 -2.01525 1.5
      vertex -1.73497 2.26106 1.5
      vertex -1.73497 -2.26106 1.5
    endloop
  endfacet
  facet normal 0 0 -1
    outer loop
      vertex -2.01525 -2.01525 1.5
      vertex -2.01525 2.01525 1.5
      vertex -1.73497 2.26106 1.5
    endloop
  endfacet
  facet normal 0 0 -1
    outer loop
      vertex -2.26106 -1.73497 1.5
      vertex -2.01525 2.01525 1.5
      vertex -2.01525 -2.01525 1.5
    endloop
  endfacet
  facet normal 0 0 -1
    outer loop
      vertex -2.26106 -1.73497 1.5
      vertex -2.26106 1.73497 1.5
      vertex -2.01525 2.01525 1.5
    endloop
  endfacet
  facet normal 0 0 -1
    outer loop
      vertex -2.46817 -1.425 1.5
      vertex -2.26106 1.73497 1.5
      vertex -2.26106 -1.73497 1.5
    endloop
  endfacet
  facet normal 0 0 -1
    outer loop
      vertex -2.46817 -1.425 1.5
      vertex -2.46817 1.425 1.5
      vertex -2.26106 1.73497 1.5
    endloop
  endfacet
  facet normal 0 0 -1
    outer loop
      vertex -2.63306 -1.09065 1.5
      vertex -2.46817 1.425 1.5
      vertex -2.46817 -1.425 1.5
    endloop
  endfacet
  facet normal 0 0 -1
    outer loop
      vertex -2.63306 -1.09065 1.5
      vertex -2.63306 1.09065 1.5
      vertex -2.46817 1.425 1.5
    endloop
  endfacet
  facet normal 0 0 -1
    outer loop
      vertex -2.75289 -0.737634 1.5
      vertex -2.63306 1.09065 1.5
      vertex -2.63306 -1.09065 1.5
    endloop
  endfacet
  facet normal 0 0 -1
    outer loop
      vertex -2.75289 -0.737634 1.5
      vertex -2.75289 0.737634 1.5
      vertex -2.63306 1.09065 1.5
    endloop
  endfacet
  facet normal 0 0 -1
    outer loop
      vertex -2.82562 -0.371999 1.5
      vertex -2.75289 0.737634 1.5
      vertex -2.75289 -0.737634 1.5
    endloop
  endfacet
  facet normal 0 0 -1
    outer loop
      vertex -2.82562 -0.371999 1.5
      vertex -2.82562 0.371999 1.5
      vertex -2.75289 0.737634 1.5
    endloop
  endfacet
  facet normal 0 -0 -1
    outer loop
      vertex -2.82562 0.371999 1.5
      vertex -2.82562 -0.371999 1.5
      vertex -2.85 0 1.5
    endloop
  endfacet
endsolid OpenSCAD_Model
